price,soc,soc_mwh,grid_import_mwh,grid_export_mwh,charge_mwh,discharge_mwh,revenue,cumulative_revenue
1.6,0.5,1.0,0.0,0.0,0.0,0.0,0.0,0.0
1.63,0.5,1.0,0.0,0.0,0.0,0.0,0.0,0.0
1.09,0.5,1.0,0.0,0.0,0.0,0.0,0.0,0.0
0.47,0.5256583509747431,1.0513167019494862,0.05409255338945981,0.0,0.05131670194948623,0.0,-1.0412816527471014,-1.0412816527471014
0.0,1.0,2.0,1.0,0.0,0.9486832980505138,0.0,-18.78,-19.821281652747103
0.76,1.0,2.0,0.0,0.0,0.0,0.0,0.0,-19.821281652747103
0.79,1.0,2.0,0.0,0.0,0.0,0.0,0.0,-19.821281652747103
1.89,1.0,2.0,0.0,0.0,0.0,0.0,0.0,-19.821281652747103
2.12,1.0,2.0,0.0,0.0,0.0,0.0,0.0,-19.821281652747103
3.54,1.0,2.0,0.0,0.0,0.0,0.0,0.0,-19.821281652747103
3.7,1.0,2.0,0.0,0.0,0.0,0.0,0.0,-19.821281652747103
3.75,1.0,2.0,0.0,0.0,0.0,0.0,0.0,-19.821281652747103
3.81,1.0,2.0,0.0,0.0,0.0,0.0,0.0,-19.821281652747103
5.37,1.0,2.0,0.0,0.0,0.0,0.0,0.0,-19.821281652747103
12.28,1.0,2.0,0.0,0.0,0.0,0.0,0.0,-19.821281652747103
19.72,1.0,2.0,0.0,0.0,0.0,0.0,0.0,-19.821281652747103
22.18,1.0,2.0,0.0,0.0,0.0,0.0,0.0,-19.821281652747103
17.44,1.0,2.0,0.0,0.0,0.0,0.0,0.0,-19.821281652747103
10.2,1.0,2.0,0.0,0.0,0.0,0.0,0.0,-19.821281652747103
8.0,1.0,2.0,0.0,0.0,0.0,0.0,0.0,-19.821281652747103
6.73,1.0,2.0,0.0,0.0,0.0,0.0,0.0,-19.821281652747103
10.05,1.0,2.0,0.0,0.0,0.0,0.0,0.0,-19.821281652747103
7.01,1.0,2.0,0.0,0.0,0.0,0.0,0.0,-19.821281652747103
2.83,1.0,2.0,0.0,0.0,0.0,0.0,0.0,-19.821281652747103
2.7,1.0,2.0,0.0,0.0,0.0,0.0,0.0,-19.821281652747103
3.57,1.0,2.0,0.0,0.0,0.0,0.0,0.0,-19.821281652747103
7.02,1.0,2.0,0.0,0.0,0.0,0.0,0.0,-19.821281652747103
12.75,1.0,2.0,0.0,0.0,0.0,0.0,0.0,-19.821281652747103
30.07,1.0,2.0,0.0,-0.0,0.0,-0.0,0.0,-19.821281652747103
67.13,1.0,2.0,0.0,-0.0,0.0,-0.0,0.0,-19.821281652747103
98.83,1.0,2.0,0.0,-0.0,0.0,-0.0,0.0,-19.821281652747103
121.53,1.0,2.0,0.0,-0.0,0.0,-0.0,0.0,-19.821281652747103
127.23,1.0,2.0,0.0,-0.0,0.0,-0.0,0.0,-19.821281652747103
124.53,1.0,2.0,0.0,0.0,0.0,0.0,0.0,-19.821281652747103
111.58,1.0,2.0,0.0,0.0,0.0,0.0,0.0,-19.821281652747103
100.4,1.0,2.0,0.0,0.0,0.0,0.0,0.0,-19.821281652747103
105.1,1.0,2.0,0.0,0.0,0.0,0.0,0.0,-19.821281652747103
111.21,1.0,2.0,0.0,0.0,0.0,0.0,0.0,-19.821281652747103
126.18,1.0,2.0,0.0,0.0,0.0,0.0,0.0,-19.821281652747103
135.26,1.0,2.0,0.0,-0.0,0.0,-0.0,0.0,-19.821281652747103
149.73,0.4729537233052701,0.9459074466105402,0.0,1.0,0.0,1.0540925533894598,147.22,127.3987183472529
145.27,-0.0,-0.0,0.0,0.8973665961010275,0.0,0.9459074466105402,128.1080552593827,255.5067736066356
107.37,-0.0,-0.0,0.0,0.0,0.0,0.0,0.0,255.5067736066356
102.6,0.0,0.0,0.0,0.0,0.0,0.0,0.0,255.5067736066356
77.94,0.0,0.0,-0.0,0.0,-0.0,0.0,0.0,255.5067736066356
65.66,-0.0,-0.0,0.0,-0.0,0.0,-0.0,0.0,255.5067736066356
49.77,-0.0,-0.0,0.0,0.0,0.0,0.0,0.0,255.5067736066356
42.69,-0.0,-0.0,0.0,0.0,0.0,0.0,0.0,255.5067736066356
38.13,0.0,0.0,0.0,0.0,0.0,0.0,0.0,255.5067736066356
35.21,-0.0,-0.0,0.0,0.0,0.0,0.0,0.0,255.5067736066356
33.43,0.05131670194948623,0.10263340389897246,0.10818510677891963,0.0,0.10263340389897246,0.0,-5.6483444249273935,249.8584291817082
28.73,0.5256583509747431,1.0513167019494862,1.0,0.0,0.9486832980505138,0.0,-47.510000000000005,202.34842918170818
31.28,1.0,2.0,1.0,0.0,0.9486832980505138,0.0,-50.06,152.28842918170818
38.44,1.0,2.0,0.0,0.0,0.0,0.0,0.0,152.28842918170818
52.12,1.0,2.0,0.0,0.0,0.0,0.0,0.0,152.28842918170818
80.28,1.0,2.0,0.0,-0.0,0.0,-0.0,0.0,152.28842918170818
75.01,1.0,2.0,0.0,0.0,0.0,0.0,0.0,152.28842918170818
75.43,1.0,2.0,0.0,0.0,0.0,0.0,0.0,152.28842918170818
62.36,1.0,2.0,0.0,0.0,0.0,0.0,0.0,152.28842918170818
53.89,1.0,2.0,0.0,0.0,0.0,0.0,0.0,152.28842918170818
52.39,1.0,2.0,0.0,0.0,0.0,0.0,0.0,152.28842918170818
53.65,1.0,2.0,0.0,0.0,0.0,0.0,0.0,152.28842918170818
72.38,1.0,2.0,0.0,0.0,0.0,0.0,0.0,152.28842918170818
100.31,1.0,2.0,0.0,0.0,0.0,0.0,0.0,152.28842918170818
105.43,1.0,2.0,0.0,0.0,0.0,0.0,0.0,152.28842918170818
108.09,0.5256583509747431,1.0513167019494862,0.0,0.8999999999999999,0.0,0.9486832980505138,95.02199999999999,247.31042918170817
100.36,0.5256583509747431,1.0513167019494862,0.0,0.0,0.0,0.0,0.0,247.31042918170817
81.78,0.5256583509747431,1.0513167019494862,0.0,0.0,0.0,0.0,0.0,247.31042918170817
80.49,0.5256583509747431,1.0513167019494862,0.0,0.0,0.0,0.0,0.0,247.31042918170817
67.12,1.0,2.0,1.0,0.0,0.9486832980505138,0.0,-92.43,154.88042918170817
74.95,1.0,2.0,0.0,0.0,0.0,0.0,0.0,154.88042918170817
90.43,1.0,2.0,0.0,0.0,0.0,0.0,0.0,154.88042918170817
90.29,1.0,2.0,0.0,0.0,0.0,0.0,0.0,154.88042918170817
90.2,1.0,2.0,0.0,0.0,0.0,0.0,0.0,154.88042918170817
91.52,1.0,2.0,0.0,0.0,0.0,0.0,0.0,154.88042918170817
95.95,1.0,2.0,0.0,0.0,0.0,0.0,0.0,154.88042918170817
102.11,1.0,2.0,0.0,0.0,0.0,0.0,0.0,154.88042918170817
110.66,1.0,2.0,0.0,-0.0,0.0,-0.0,0.0,154.88042918170817
119.96,1.0,2.0,0.0,-0.0,0.0,-0.0,0.0,154.88042918170817
128.39,1.0,2.0,0.0,-0.0,0.0,-0.0,0.0,154.88042918170817
130.75,1.0,2.0,0.0,-0.0,0.0,-0.0,0.0,154.88042918170817
130.34,1.0,2.0,0.0,0.0,0.0,0.0,0.0,154.88042918170817
128.29,1.0,2.0,0.0,0.0,0.0,0.0,0.0,154.88042918170817
130.03,1.0,2.0,0.0,0.0,0.0,0.0,0.0,154.88042918170817
129.85,1.0,2.0,0.0,0.0,0.0,0.0,0.0,154.88042918170817
136.4,1.0,2.0,0.0,0.0,0.0,0.0,0.0,154.88042918170817
138.72,1.0,2.0,0.0,0.0,0.0,0.0,0.0,154.88042918170817
142.0,1.0,2.0,0.0,0.0,0.0,0.0,0.0,154.88042918170817
151.24,0.4729537233052701,0.9459074466105402,0.0,1.0,0.0,1.0540925533894598,148.73000000000002,303.6104291817082
143.85,-0.0,-0.0,0.0,0.8973665961010275,0.0,0.9459074466105402,126.83379469291921,430.44422387462737
137.96,-0.0,-0.0,0.0,0.0,0.0,0.0,0.0,430.44422387462737
129.49,-0.0,-0.0,0.0,0.0,0.0,0.0,0.0,430.44422387462737
122.83,-0.0,-0.0,0.0,0.0,0.0,0.0,0.0,430.44422387462737
118.29,0.0,0.0,0.0,0.0,0.0,0.0,0.0,430.44422387462737
109.49,-0.0,-0.0,0.0,0.0,0.0,0.0,0.0,430.44422387462737
113.84,-0.0,-0.0,0.0,0.0,0.0,0.0,0.0,430.44422387462737
100.33,-0.0,-0.0,0.0,0.0,0.0,0.0,0.0,430.44422387462737
93.61,-0.0,-0.0,0.0,0.0,0.0,0.0,0.0,430.44422387462737
93.87,-0.0,-0.0,0.0,0.0,0.0,0.0,0.0,430.44422387462737
89.38,-0.0,-0.0,0.0,0.0,0.0,0.0,0.0,430.44422387462737
83.55,-0.0,-0.0,-0.0,0.0,-0.0,0.0,0.0,430.44422387462737
83.92,-0.0,-0.0,0.0,0.0,0.0,0.0,0.0,430.44422387462737
82.53,0.0,0.0,0.0,0.0,0.0,0.0,0.0,430.44422387462737
84.05,-0.0,-0.0,0.0,0.0,0.0,0.0,0.0,430.44422387462737
88.1,-0.0,-0.0,0.0,0.0,0.0,0.0,0.0,430.44422387462737
82.95,-0.0,-0.0,0.0,0.0,0.0,0.0,0.0,430.44422387462737
88.82,-0.0,-0.0,0.0,-0.0,0.0,-0.0,0.0,430.44422387462737
81.66,-0.0,-0.0,0.0,0.0,0.0,0.0,0.0,430.44422387462737
77.53,-0.0,-0.0,0.0,0.0,0.0,0.0,0.0,430.44422387462737
68.0,-0.0,-0.0,0.0,0.0,0.0,0.0,0.0,430.44422387462737
50.64,-0.0,-0.0,0.0,0.0,0.0,0.0,0.0,430.44422387462737
49.91,-0.0,-0.0,0.0,0.0,0.0,0.0,0.0,430.44422387462737
63.39,-0.0,-0.0,0.0,0.0,0.0,0.0,0.0,430.44422387462737
61.83,-0.0,-0.0,0.0,0.0,0.0,0.0,0.0,430.44422387462737
50.65,0.0,0.0,0.0,0.0,0.0,0.0,0.0,430.44422387462737
36.85,-0.0,-0.0,0.0,-0.0,0.0,-0.0,0.0,430.44422387462737
36.72,-0.0,-0.0,0.0,0.0,0.0,0.0,0.0,430.44422387462737
34.68,-0.0,-0.0,0.0,0.0,0.0,0.0,0.0,430.44422387462737
28.14,-0.0,-0.0,0.0,0.0,0.0,0.0,0.0,430.44422387462737
27.52,-0.0,-0.0,0.0,0.0,0.0,0.0,0.0,430.44422387462737
19.26,0.0,0.0,0.0,0.0,0.0,0.0,0.0,430.44422387462737
11.35,0.05131670194948623,0.10263340389897246,0.10818510677891963,0.0,0.10263340389897246,0.0,-3.2596172672488484,427.1846066073785
9.2,0.5256583509747431,1.0513167019494862,1.0,0.0,0.9486832980505138,0.0,-27.98,399.2046066073785
10.0,1.0,2.0,1.0,0.0,0.9486832980505138,0.0,-28.78,370.42460660737845
14.81,1.0,2.0,0.0,0.0,0.0,0.0,0.0,370.42460660737845
23.82,1.0,2.0,0.0,0.0,0.0,0.0,0.0,370.42460660737845
31.72,1.0,2.0,0.0,0.0,0.0,0.0,0.0,370.42460660737845
39.58,0.4729537233052701,0.9459074466105402,0.0,1.0,0.0,1.0540925533894598,37.07,407.49460660737844
36.08,-0.0,-0.0,0.0,0.8973665961010275,0.0,0.9459074466105402,30.124596631111494,437.61920323848994
34.69,-0.0,-0.0,0.0,0.0,0.0,0.0,0.0,437.61920323848994
32.83,-0.0,-0.0,0.0,0.0,0.0,0.0,0.0,437.61920323848994
31.28,-0.0,-0.0,0.0,0.0,0.0,0.0,0.0,437.61920323848994
28.6,-0.0,-0.0,0.0,0.0,0.0,0.0,0.0,437.61920323848994
25.61,0.0,0.0,0.0,0.0,0.0,0.0,0.0,437.61920323848994
26.32,-0.0,-0.0,0.0,0.0,0.0,0.0,0.0,437.61920323848994
26.87,-0.0,-0.0,0.0,0.0,0.0,0.0,0.0,437.61920323848994
31.66,-0.0,-0.0,0.0,-0.0,0.0,-0.0,0.0,437.61920323848994
31.58,0.0,0.0,0.0,0.0,0.0,0.0,0.0,437.61920323848994
28.01,-0.0,-0.0,0.0,0.0,0.0,0.0,0.0,437.61920323848994
24.86,-0.0,-0.0,0.0,0.0,0.0,0.0,0.0,437.61920323848994
13.82,-0.0,-0.0,0.0,0.0,0.0,0.0,0.0,437.61920323848994
20.42,-0.0,-0.0,0.0,0.0,0.0,0.0,0.0,437.61920323848994
10.11,-0.0,-0.0,0.0,0.0,0.0,0.0,0.0,437.61920323848994
13.6,-0.0,-0.0,0.0,0.0,0.0,0.0,0.0,437.61920323848994
8.71,-0.0,-0.0,0.0,0.0,0.0,0.0,0.0,437.61920323848994
8.9,-0.0,-0.0,0.0,0.0,0.0,0.0,0.0,437.61920323848994
5.01,0.4743416490252569,0.9486832980505138,1.0,0.0,0.9486832980505138,0.0,-23.79,413.8292032384899
5.13,0.9486832980505138,1.8973665961010275,1.0,0.0,0.9486832980505138,0.0,-23.91,389.9192032384899
5.8,1.0,2.0,0.10818510677891963,0.0,0.10263340389897246,0.0,-2.6591899246258444,387.2600133138641
44.81,1.0,2.0,0.0,-0.0,0.0,-0.0,0.0,387.2600133138641
38.03,1.0,2.0,0.0,0.0,0.0,0.0,0.0,387.2600133138641
37.2,1.0,2.0,0.0,0.0,0.0,0.0,0.0,387.2600133138641
35.01,1.0,2.0,0.0,0.0,0.0,0.0,0.0,387.2600133138641
34.27,1.0,2.0,0.0,0.0,0.0,0.0,0.0,387.2600133138641
34.65,1.0,2.0,0.0,0.0,0.0,0.0,0.0,387.2600133138641
33.33,1.0,2.0,0.0,0.0,0.0,0.0,0.0,387.2600133138641
33.27,1.0,2.0,0.0,0.0,0.0,0.0,0.0,387.2600133138641
33.28,1.0,2.0,0.0,0.0,0.0,0.0,0.0,387.2600133138641
33.25,1.0,2.0,0.0,0.0,0.0,0.0,0.0,387.2600133138641
35.05,1.0,2.0,0.0,0.0,0.0,0.0,0.0,387.2600133138641
38.45,1.0,2.0,0.0,0.0,0.0,0.0,0.0,387.2600133138641
35.01,1.0,2.0,0.0,0.0,0.0,0.0,0.0,387.2600133138641
33.18,1.0,2.0,0.0,0.0,0.0,0.0,0.0,387.2600133138641
25.2,1.0,2.0,0.0,0.0,0.0,0.0,0.0,387.2600133138641
20.02,1.0,2.0,0.0,0.0,0.0,0.0,0.0,387.2600133138641
22.6,1.0,2.0,0.0,0.0,0.0,0.0,0.0,387.2600133138641
37.18,1.0,2.0,0.0,0.0,0.0,0.0,0.0,387.2600133138641
20.5,1.0,2.0,0.0,0.0,0.0,0.0,0.0,387.2600133138641
23.34,1.0,2.0,0.0,0.0,0.0,0.0,0.0,387.2600133138641
23.93,1.0,2.0,0.0,0.0,0.0,0.0,0.0,387.2600133138641
23.07,1.0,2.0,0.0,0.0,0.0,0.0,0.0,387.2600133138641
26.38,1.0,2.0,0.0,0.0,0.0,0.0,0.0,387.2600133138641
28.46,1.0,2.0,0.0,0.0,0.0,0.0,0.0,387.2600133138641
30.99,1.0,2.0,0.0,0.0,0.0,0.0,0.0,387.2600133138641
46.5,1.0,2.0,0.0,-0.0,0.0,-0.0,0.0,387.2600133138641
58.98,1.0,2.0,0.0,-0.0,0.0,-0.0,0.0,387.2600133138641
67.11,1.0,2.0,0.0,-0.0,0.0,-0.0,0.0,387.2600133138641
71.35,1.0,2.0,0.0,-0.0,0.0,-0.0,0.0,387.2600133138641
74.06,1.0,2.0,0.0,-0.0,0.0,-0.0,0.0,387.2600133138641
72.66,1.0,2.0,0.0,0.0,0.0,0.0,0.0,387.2600133138641
77.98,1.0,2.0,0.0,-0.0,0.0,-0.0,0.0,387.2600133138641
85.0,1.0,2.0,0.0,-0.0,0.0,-0.0,0.0,387.2600133138641
105.4,1.0,2.0,0.0,0.0,0.0,0.0,0.0,387.2600133138641
125.52,1.0,2.0,0.0,0.0,0.0,0.0,0.0,387.2600133138641
152.78,0.4729537233052701,0.9459074466105402,0.0,1.0,0.0,1.0540925533894598,150.27,537.5300133138641
149.23,-0.0,-0.0,0.0,0.8973665961010275,0.0,0.9459074466105402,131.66162697994275,669.1916402938068
145.26,0.0,0.0,0.0,0.0,0.0,0.0,0.0,669.1916402938068
118.3,-0.0,-0.0,0.0,0.0,0.0,0.0,0.0,669.1916402938068
100.68,-0.0,-0.0,0.0,0.0,0.0,0.0,0.0,669.1916402938068
91.91,0.0,0.0,-0.0,0.0,-0.0,0.0,0.0,669.1916402938068
91.41,0.4743416490252569,0.9486832980505138,1.0,0.0,0.9486832980505138,0.0,-116.72,552.4716402938068
101.44,0.4743416490252569,0.9486832980505138,0.0,0.0,0.0,0.0,0.0,552.4716402938068
100.0,0.4743416490252569,0.9486832980505138,0.0,0.0,0.0,0.0,0.0,552.4716402938068
98.77,0.4743416490252569,0.9486832980505138,0.0,0.0,0.0,0.0,0.0,552.4716402938068
95.22,0.9486832980505138,1.8973665961010275,1.0,0.0,0.9486832980505138,0.0,-114.0,438.4716402938068
98.28,1.0,2.0,0.10818510677891963,0.0,0.10263340389897246,0.0,-12.664148599540331,425.80749169426645
102.65,1.0,2.0,0.0,0.0,0.0,0.0,0.0,425.80749169426645
133.54,1.0,2.0,0.0,-0.0,0.0,-0.0,0.0,425.80749169426645
148.8,1.0,2.0,0.0,0.0,0.0,0.0,0.0,425.80749169426645
164.88,0.4729537233052701,0.9459074466105402,0.0,1.0,0.0,1.0540925533894598,162.37,588.1774916942665
156.15,0.0,0.0,0.0,0.8973665961010275,0.0,0.9459074466105402,137.87140382496187,726.0488955192284
147.64,-0.0,-0.0,0.0,-0.0,0.0,-0.0,0.0,726.0488955192284
140.21,-0.0,-0.0,0.0,0.0,0.0,0.0,0.0,726.0488955192284
128.18,-0.0,-0.0,0.0,0.0,0.0,0.0,0.0,726.0488955192284
121.15,-0.0,-0.0,0.0,0.0,0.0,0.0,0.0,726.0488955192284
123.95,-0.0,-0.0,0.0,0.0,0.0,0.0,0.0,726.0488955192284
127.86,-0.0,-0.0,0.0,0.0,0.0,0.0,0.0,726.0488955192284
127.36,-0.0,-0.0,0.0,0.0,0.0,0.0,0.0,726.0488955192284
132.17,-0.0,-0.0,0.0,0.0,0.0,0.0,0.0,726.0488955192284
136.08,-0.0,-0.0,0.0,0.0,0.0,0.0,0.0,726.0488955192284
129.44,-0.0,-0.0,0.0,0.0,0.0,0.0,0.0,726.0488955192284
119.23,0.0,0.0,0.0,0.0,0.0,0.0,0.0,726.0488955192284
104.99,-0.0,-0.0,0.0,0.0,0.0,0.0,0.0,726.0488955192284
101.1,-0.0,-0.0,0.0,0.0,0.0,0.0,0.0,726.0488955192284
88.19,-0.0,-0.0,0.0,0.0,0.0,0.0,0.0,726.0488955192284
84.79,-0.0,-0.0,0.0,0.0,0.0,0.0,0.0,726.0488955192284
80.23,0.0,0.0,-0.0,0.0,-0.0,0.0,0.0,726.0488955192284
71.29,0.05131670194948623,0.10263340389897246,0.10818510677891963,0.0,0.10263340389897246,0.0,-9.744232567577292,716.304662951651
69.05,0.5256583509747431,1.0513167019494862,1.0,0.0,0.9486832980505138,0.0,-87.83,628.474662951651
69.89,1.0,2.0,1.0,0.0,0.9486832980505138,0.0,-88.67,539.804662951651
83.9,1.0,2.0,0.0,0.0,0.0,0.0,0.0,539.804662951651
99.09,1.0,2.0,0.0,0.0,0.0,0.0,0.0,539.804662951651
123.92,1.0,2.0,0.0,0.0,0.0,0.0,0.0,539.804662951651
139.47,1.0,2.0,0.0,-0.0,0.0,-0.0,0.0,539.804662951651
136.92,1.0,2.0,0.0,0.0,0.0,0.0,0.0,539.804662951651
123.57,1.0,2.0,0.0,0.0,0.0,0.0,0.0,539.804662951651
113.59,1.0,2.0,0.0,0.0,0.0,0.0,0.0,539.804662951651
107.43,1.0,2.0,0.0,0.0,0.0,0.0,0.0,539.804662951651
105.01,1.0,2.0,0.0,0.0,0.0,0.0,0.0,539.804662951651
110.01,1.0,2.0,0.0,0.0,0.0,0.0,0.0,539.804662951651
128.69,1.0,2.0,0.0,0.0,0.0,0.0,0.0,539.804662951651
134.87,1.0,2.0,0.0,0.0,0.0,0.0,0.0,539.804662951651
142.56,0.5270462766947299,1.0540925533894598,0.0,0.8973665961010275,0.0,0.9459074466105402,125.67619178394891,665.4808547355999
144.12,-0.0,-0.0,0.0,1.0,0.0,1.0540925533894598,141.61,807.0908547355999
141.05,-0.0,-0.0,0.0,0.0,0.0,0.0,0.0,807.0908547355999
128.81,-0.0,-0.0,0.0,0.0,0.0,0.0,0.0,807.0908547355999
109.7,-0.0,-0.0,0.0,0.0,0.0,0.0,0.0,807.0908547355999
116.33,0.0,0.0,0.0,0.0,0.0,0.0,0.0,807.0908547355999
109.88,-0.0,-0.0,0.0,-0.0,0.0,-0.0,0.0,807.0908547355999
99.31,-0.0,-0.0,0.0,0.0,0.0,0.0,0.0,807.0908547355999
101.64,-0.0,-0.0,0.0,0.0,0.0,0.0,0.0,807.0908547355999
94.42,-0.0,-0.0,0.0,0.0,0.0,0.0,0.0,807.0908547355999
89.45,0.0,0.0,0.0,0.0,0.0,0.0,0.0,807.0908547355999
76.26,0.4743416490252569,0.9486832980505138,1.0,0.0,0.9486832980505138,0.0,-95.04,712.0508547356
67.1,0.9486832980505138,1.8973665961010275,1.0,0.0,0.9486832980505138,0.0,-85.88,626.1708547356
77.14,1.0,2.0,0.10818510677891963,0.0,0.10263340389897246,0.0,-10.37711544223397,615.793739293366
94.68,1.0,2.0,0.0,0.0,0.0,0.0,0.0,615.793739293366
107.65,1.0,2.0,0.0,0.0,0.0,0.0,0.0,615.793739293366
103.14,1.0,2.0,0.0,0.0,0.0,0.0,0.0,615.793739293366
101.13,1.0,2.0,0.0,0.0,0.0,0.0,0.0,615.793739293366
91.06,1.0,2.0,0.0,0.0,0.0,0.0,0.0,615.793739293366
91.06,1.0,2.0,0.0,0.0,0.0,0.0,0.0,615.793739293366
91.03,1.0,2.0,0.0,0.0,0.0,0.0,0.0,615.793739293366
89.3,1.0,2.0,0.0,0.0,0.0,0.0,0.0,615.793739293366
102.56,1.0,2.0,0.0,0.0,0.0,0.0,0.0,615.793739293366
112.12,1.0,2.0,0.0,0.0,0.0,0.0,0.0,615.793739293366
119.8,0.5270462766947299,1.0540925533894598,0.0,0.8973665961010275,0.0,0.9459074466105402,105.25212805668951,721.0458673500555
122.34,-0.0,-0.0,0.0,1.0,0.0,1.0540925533894598,119.83,840.8758673500555
114.85,-0.0,-0.0,0.0,0.0,0.0,0.0,0.0,840.8758673500555
108.1,-0.0,-0.0,0.0,0.0,0.0,0.0,0.0,840.8758673500555
104.8,-0.0,-0.0,0.0,0.0,0.0,0.0,0.0,840.8758673500555
103.07,-0.0,-0.0,0.0,0.0,0.0,0.0,0.0,840.8758673500555
105.69,-0.0,-0.0,0.0,0.0,0.0,0.0,0.0,840.8758673500555
83.58,0.0,0.0,0.0,0.0,0.0,0.0,0.0,840.8758673500555
83.79,0.4743416490252569,0.9486832980505138,1.0,0.0,0.9486832980505138,0.0,-102.57000000000001,738.3058673500555
86.75,0.4743416490252569,0.9486832980505138,0.0,0.0,0.0,0.0,0.0,738.3058673500555
84.2,0.5256583509747431,1.0513167019494862,0.10818510677891963,0.0,0.10263340389897246,0.0,-11.140902296093143,727.1649650539623
85.0,0.5256583509747431,1.0513167019494862,0.0,0.0,0.0,0.0,0.0,727.1649650539623
83.75,1.0,2.0,1.0,0.0,0.9486832980505138,0.0,-102.53,624.6349650539623
85.9,1.0,2.0,0.0,0.0,0.0,0.0,0.0,624.6349650539623
101.75,1.0,2.0,0.0,0.0,0.0,0.0,0.0,624.6349650539623
114.67,1.0,2.0,0.0,0.0,0.0,0.0,0.0,624.6349650539623
120.07,1.0,2.0,0.0,-0.0,0.0,-0.0,0.0,624.6349650539623
117.77,1.0,2.0,0.0,0.0,0.0,0.0,0.0,624.6349650539623
105.61,1.0,2.0,0.0,0.0,0.0,0.0,0.0,624.6349650539623
102.99,1.0,2.0,0.0,0.0,0.0,0.0,0.0,624.6349650539623
99.61,1.0,2.0,0.0,0.0,0.0,0.0,0.0,624.6349650539623
104.74,1.0,2.0,0.0,0.0,0.0,0.0,0.0,624.6349650539623
118.7,1.0,2.0,0.0,0.0,0.0,0.0,0.0,624.6349650539623
132.92,1.0,2.0,0.0,0.0,0.0,0.0,0.0,624.6349650539623
141.0,1.0,2.0,0.0,0.0,0.0,0.0,0.0,624.6349650539623
146.66,0.4729537233052701,0.9459074466105402,0.0,1.0,0.0,1.0540925533894598,144.15,768.7849650539623
143.66,-0.0,-0.0,0.0,0.8973665961010275,0.0,0.9459074466105402,126.66329503966003,895.4482600936224
134.86,-0.0,-0.0,0.0,0.0,0.0,0.0,0.0,895.4482600936224
127.49,-0.0,-0.0,0.0,0.0,0.0,0.0,0.0,895.4482600936224
121.2,-0.0,-0.0,0.0,0.0,0.0,0.0,0.0,895.4482600936224
114.9,-0.0,-0.0,0.0,0.0,0.0,0.0,0.0,895.4482600936224
112.39,0.0,0.0,0.0,0.0,0.0,0.0,0.0,895.4482600936224
105.07,-0.0,-0.0,0.0,0.0,0.0,0.0,0.0,895.4482600936224
104.46,-0.0,-0.0,0.0,0.0,0.0,0.0,0.0,895.4482600936224
100.37,-0.0,-0.0,0.0,0.0,0.0,0.0,0.0,895.4482600936224
90.51,-0.0,-0.0,0.0,0.0,0.0,0.0,0.0,895.4482600936224
59.66,0.4743416490252569,0.9486832980505138,1.0,0.0,0.9486832980505138,0.0,-78.44,817.0082600936223
85.14,0.9486832980505138,1.8973665961010275,1.0,0.0,0.9486832980505138,0.0,-103.92,713.0882600936224
122.0,0.5270462766947299,1.0540925533894598,0.0,0.7999999999999998,0.0,0.8432740427115677,95.59199999999998,808.6802600936223
152.85,0.0,0.0,0.0,1.0,0.0,1.0540925533894598,150.34,959.0202600936224
115.15,-0.0,-0.0,0.0,0.0,0.0,0.0,0.0,959.0202600936224
92.01,-0.0,-0.0,0.0,0.0,0.0,0.0,0.0,959.0202600936224
67.44,0.0,0.0,-0.0,0.0,-0.0,0.0,0.0,959.0202600936224
57.19,0.0,0.0,-0.0,0.0,-0.0,0.0,0.0,959.0202600936224
56.22,-0.0,-0.0,-0.0,0.0,-0.0,0.0,0.0,959.0202600936224
62.57,0.0,0.0,0.0,0.0,0.0,0.0,0.0,959.0202600936224
56.71,-0.0,-0.0,0.0,0.0,0.0,0.0,0.0,959.0202600936224
64.67,-0.0,-0.0,0.0,0.0,0.0,0.0,0.0,959.0202600936224
67.1,-0.0,-0.0,0.0,-0.0,0.0,-0.0,0.0,959.0202600936224
50.15,-0.0,-0.0,0.0,0.0,0.0,0.0,0.0,959.0202600936224
40.39,-0.0,-0.0,0.0,0.0,0.0,0.0,0.0,959.0202600936224
24.72,0.0,0.0,0.0,0.0,0.0,0.0,0.0,959.0202600936224
22.88,0.05131670194948623,0.10263340389897246,0.10818510677891963,0.0,0.10263340389897246,0.0,-6.274736193177338,952.745523900445
21.09,0.5256583509747431,1.0513167019494862,1.0,0.0,0.9486832980505138,0.0,-46.4,906.3455239004451
17.77,1.0,2.0,1.0,0.0,0.9486832980505138,0.0,-43.08,863.265523900445
36.91,1.0,2.0,0.0,0.0,0.0,0.0,0.0,863.265523900445
40.0,1.0,2.0,0.0,0.0,0.0,0.0,0.0,863.265523900445
41.6,1.0,2.0,0.0,0.0,0.0,0.0,0.0,863.265523900445
42.25,1.0,2.0,0.0,0.0,0.0,0.0,0.0,863.265523900445
40.22,1.0,2.0,0.0,0.0,0.0,0.0,0.0,863.265523900445
46.21,1.0,2.0,0.0,0.0,0.0,0.0,0.0,863.265523900445
50.4,1.0,2.0,0.0,0.0,0.0,0.0,0.0,863.265523900445
60.29,1.0,2.0,0.0,0.0,0.0,0.0,0.0,863.265523900445
68.51,1.0,2.0,0.0,-0.0,0.0,-0.0,0.0,863.265523900445
63.02,1.0,2.0,0.0,0.0,0.0,0.0,0.0,863.265523900445
55.11,1.0,2.0,0.0,0.0,0.0,0.0,0.0,863.265523900445
56.13,1.0,2.0,0.0,0.0,0.0,0.0,0.0,863.265523900445
48.23,1.0,2.0,0.0,0.0,0.0,0.0,0.0,863.265523900445
52.19,1.0,2.0,0.0,0.0,0.0,0.0,0.0,863.265523900445
60.4,1.0,2.0,0.0,0.0,0.0,0.0,0.0,863.265523900445
56.99,1.0,2.0,0.0,0.0,0.0,0.0,0.0,863.265523900445
69.46,1.0,2.0,0.0,0.0,0.0,0.0,0.0,863.265523900445
73.89,1.0,2.0,0.0,-0.0,0.0,-0.0,0.0,863.265523900445
69.86,1.0,2.0,0.0,0.0,0.0,0.0,0.0,863.265523900445
62.03,1.0,2.0,0.0,0.0,0.0,0.0,0.0,863.265523900445
58.94,1.0,2.0,0.0,0.0,0.0,0.0,0.0,863.265523900445
59.42,1.0,2.0,0.0,0.0,0.0,0.0,0.0,863.265523900445
58.84,1.0,2.0,0.0,0.0,0.0,0.0,0.0,863.265523900445
68.84,1.0,2.0,0.0,0.0,0.0,0.0,0.0,863.265523900445
62.03,1.0,2.0,0.0,0.0,0.0,0.0,0.0,863.265523900445
63.3,1.0,2.0,0.0,0.0,0.0,0.0,0.0,863.265523900445
64.83,1.0,2.0,0.0,0.0,0.0,0.0,0.0,863.265523900445
77.54,1.0,2.0,0.0,-0.0,0.0,-0.0,0.0,863.265523900445
105.35,1.0,2.0,0.0,-0.0,0.0,-0.0,0.0,863.265523900445
114.92,1.0,2.0,0.0,-0.0,0.0,-0.0,0.0,863.265523900445
133.49,1.0,2.0,0.0,-0.0,0.0,-0.0,0.0,863.265523900445
191.79,1.0,2.0,0.0,-0.0,0.0,-0.0,0.0,863.265523900445
307.24,1.0,2.0,0.0,-0.0,0.0,-0.0,0.0,863.265523900445
315.02,0.4729537233052701,0.9459074466105402,0.0,1.0,0.0,1.0540925533894598,312.51,1175.775523900445
311.03,-0.0,-0.0,0.0,0.8973665961010275,0.0,0.9459074466105402,276.855542229089,1452.631066129534
304.8,-0.0,-0.0,0.0,0.0,0.0,0.0,0.0,1452.631066129534
311.02,0.0,0.0,0.0,0.0,0.0,0.0,0.0,1452.631066129534
309.34,-0.0,-0.0,0.0,-0.0,0.0,-0.0,0.0,1452.631066129534
285.83,-0.0,-0.0,0.0,0.0,0.0,0.0,0.0,1452.631066129534
262.48,-0.0,-0.0,0.0,0.0,0.0,0.0,0.0,1452.631066129534
260.47,-0.0,-0.0,0.0,0.0,0.0,0.0,0.0,1452.631066129534
295.25,-0.0,-0.0,0.0,0.0,0.0,0.0,0.0,1452.631066129534
270.02,0.0,0.0,0.0,0.0,0.0,0.0,0.0,1452.631066129534
223.25,-0.0,-0.0,0.0,0.0,0.0,0.0,0.0,1452.631066129534
171.24,0.0,0.0,-0.0,0.0,-0.0,0.0,0.0,1452.631066129534
129.3,-0.0,-0.0,0.0,0.0,0.0,0.0,0.0,1452.631066129534
133.49,0.0,0.0,0.0,-0.0,0.0,-0.0,0.0,1452.631066129534
88.55,-0.0,-0.0,-0.0,0.0,-0.0,0.0,0.0,1452.631066129534
124.82,-0.0,-0.0,0.0,0.0,0.0,0.0,0.0,1452.631066129534
110.78,-0.0,-0.0,0.0,0.0,0.0,0.0,0.0,1452.631066129534
96.07,0.0,0.0,0.0,0.0,0.0,0.0,0.0,1452.631066129534
58.61,0.4743416490252569,0.9486832980505138,1.0,0.0,0.9486832980505138,0.0,-77.39,1375.241066129534
58.25,0.9486832980505138,1.8973665961010275,1.0,0.0,0.9486832980505138,0.0,-77.03,1298.211066129534
67.1,1.0,2.0,0.10818510677891963,0.0,0.10263340389897246,0.0,-9.290936970173618,1288.9201291593604
102.66,1.0,2.0,-0.0,0.0,-0.0,0.0,0.0,1288.9201291593604
125.79,1.0,2.0,0.0,0.0,0.0,0.0,0.0,1288.9201291593604
150.1,0.4729537233052701,0.9459074466105402,0.0,1.0,0.0,1.0540925533894598,147.59,1436.5101291593603
141.92,0.0,0.0,0.0,0.8973665961010275,0.0,0.9459074466105402,125.10187716244424,1561.6120063218045
119.0,-0.0,-0.0,0.0,0.0,0.0,0.0,0.0,1561.6120063218045
74.01,-0.0,-0.0,0.0,0.0,0.0,0.0,0.0,1561.6120063218045
70.54,0.05131670194948623,0.10263340389897246,0.10818510677891963,0.0,0.10263340389897246,0.0,-11.43083838226065,1550.181167939544
67.97,0.5256583509747431,1.0513167019494862,1.0,0.0,0.9486832980505138,0.0,-103.09,1447.091167939544
70.47,1.0,2.0,1.0,0.0,0.9486832980505138,0.0,-105.59,1341.501167939544
86.85,1.0,2.0,0.0,0.0,0.0,0.0,0.0,1341.501167939544
135.08,1.0,2.0,0.0,-0.0,0.0,-0.0,0.0,1341.501167939544
161.0,0.4729537233052701,0.9459074466105402,0.0,1.0,0.0,1.0540925533894598,158.49,1499.991167939544
159.53,0.0,0.0,0.0,0.8973665961010275,0.0,0.9459074466105402,140.90450291978334,1640.8956708593273
88.52,-0.0,-0.0,0.0,0.0,0.0,0.0,0.0,1640.8956708593273
76.59,-0.0,-0.0,0.0,0.0,0.0,0.0,0.0,1640.8956708593273
69.55,-0.0,-0.0,0.0,0.0,0.0,0.0,0.0,1640.8956708593273
68.85,-0.0,-0.0,0.0,0.0,0.0,0.0,0.0,1640.8956708593273
63.49,0.0,0.0,-0.0,0.0,-0.0,0.0,0.0,1640.8956708593273
55.59,0.0,0.0,-0.0,0.0,-0.0,0.0,0.0,1640.8956708593273
57.74,0.4743416490252569,0.9486832980505138,1.0,0.0,0.9486832980505138,0.0,-76.52000000000001,1564.3756708593273
60.49,0.5256583509747431,1.0513167019494862,0.10818510677891963,0.0,0.10263340389897246,0.0,-8.57583341436496,1555.7998374449623
60.47,1.0,2.0,1.0,0.0,0.9486832980505138,0.0,-79.25,1476.5498374449623
64.06,1.0,2.0,-0.0,0.0,-0.0,0.0,0.0,1476.5498374449623
69.94,1.0,2.0,-0.0,0.0,-0.0,0.0,0.0,1476.5498374449623
94.87,1.0,2.0,0.0,0.0,0.0,0.0,0.0,1476.5498374449623
108.52,0.4729537233052701,0.9459074466105402,0.0,1.0,0.0,1.0540925533894598,106.00999999999999,1582.5598374449623
105.95,0.05131670194948623,0.10263340389897246,0.0,0.7999999999999998,0.0,0.8432740427115677,82.75199999999998,1665.3118374449623
96.6,0.05131670194948623,0.10263340389897246,0.0,0.0,0.0,0.0,0.0,1665.3118374449623
77.67,0.05131670194948623,0.10263340389897246,0.0,0.0,0.0,0.0,0.0,1665.3118374449623
69.43,0.05131670194948623,0.10263340389897246,0.0,0.0,0.0,0.0,0.0,1665.3118374449623
64.82,0.5256583509747431,1.0513167019494862,1.0,0.0,0.9486832980505138,0.0,-90.13,1575.1818374449622
63.76,1.0,2.0,1.0,0.0,0.9486832980505138,0.0,-89.07,1486.1118374449622
67.79,1.0,2.0,0.0,0.0,0.0,0.0,0.0,1486.1118374449622
74.52,1.0,2.0,0.0,0.0,0.0,0.0,0.0,1486.1118374449622
92.01,1.0,2.0,0.0,0.0,0.0,0.0,0.0,1486.1118374449622
167.5,1.0,2.0,0.0,0.0,0.0,0.0,0.0,1486.1118374449622
174.99,0.4729537233052701,0.9459074466105402,0.0,1.0,0.0,1.0540925533894598,172.48000000000002,1658.5918374449623
167.71,0.0,0.0,0.0,0.8973665961010275,0.0,0.9459074466105402,148.24496167588975,1806.836799120852
146.45,-0.0,-0.0,0.0,0.0,0.0,0.0,0.0,1806.836799120852
136.87,-0.0,-0.0,0.0,0.0,0.0,0.0,0.0,1806.836799120852
119.17,0.0,0.0,-0.0,0.0,-0.0,0.0,0.0,1806.836799120852
103.48,0.4743416490252569,0.9486832980505138,1.0,0.0,0.9486832980505138,0.0,-128.79,1678.046799120852
124.95,0.4743416490252569,0.9486832980505138,0.0,0.0,0.0,0.0,0.0,1678.046799120852
121.05,0.4743416490252569,0.9486832980505138,0.0,0.0,0.0,0.0,0.0,1678.046799120852
120.98,0.4743416490252569,0.9486832980505138,0.0,0.0,0.0,0.0,0.0,1678.046799120852
118.85,0.4743416490252569,0.9486832980505138,0.0,0.0,0.0,0.0,0.0,1678.046799120852
116.3,0.5256583509747431,1.0513167019494862,0.10818510677891963,0.0,0.10263340389897246,0.0,-14.613644223696463,1663.4331548971556
119.77,0.5256583509747431,1.0513167019494862,0.0,0.0,0.0,0.0,0.0,1663.4331548971556
119.52,0.5256583509747431,1.0513167019494862,0.0,0.0,0.0,0.0,0.0,1663.4331548971556
105.09,1.0,2.0,1.0,0.0,0.9486832980505138,0.0,-130.4,1533.0331548971556
138.59,1.0,2.0,0.0,0.0,0.0,0.0,0.0,1533.0331548971556
144.1,1.0,2.0,0.0,0.0,0.0,0.0,0.0,1533.0331548971556
131.21,1.0,2.0,0.0,0.0,0.0,0.0,0.0,1533.0331548971556
121.56,1.0,2.0,0.0,0.0,0.0,0.0,0.0,1533.0331548971556
118.87,1.0,2.0,0.0,0.0,0.0,0.0,0.0,1533.0331548971556
115.01,1.0,2.0,0.0,0.0,0.0,0.0,0.0,1533.0331548971556
119.32,1.0,2.0,0.0,0.0,0.0,0.0,0.0,1533.0331548971556
133.32,1.0,2.0,0.0,0.0,0.0,0.0,0.0,1533.0331548971556
149.71,1.0,2.0,0.0,0.0,0.0,0.0,0.0,1533.0331548971556
164.59,1.0,2.0,0.0,0.0,0.0,0.0,0.0,1533.0331548971556
167.57,0.5270462766947299,1.0540925533894598,0.0,0.8973665961010275,0.0,0.9459074466105402,148.1193303524356,1681.152485249591
167.85,0.0,0.0,0.0,1.0,0.0,1.0540925533894598,165.34,1846.492485249591
156.12,-0.0,-0.0,0.0,0.0,0.0,0.0,0.0,1846.492485249591
143.42,-0.0,-0.0,0.0,0.0,0.0,0.0,0.0,1846.492485249591
136.4,-0.0,-0.0,0.0,0.0,0.0,0.0,0.0,1846.492485249591
129.36,-0.0,-0.0,0.0,0.0,0.0,0.0,0.0,1846.492485249591
129.73,-0.0,-0.0,0.0,0.0,0.0,0.0,0.0,1846.492485249591
124.2,0.0,0.0,-0.0,0.0,-0.0,0.0,0.0,1846.492485249591
123.05,0.0,0.0,-0.0,0.0,-0.0,0.0,0.0,1846.492485249591
121.24,-0.0,-0.0,0.0,0.0,0.0,0.0,0.0,1846.492485249591
120.18,0.052704627669473036,0.10540925533894607,0.11111111111111122,0.0,0.10540925533894607,0.0,-15.440000000000015,1831.052485249591
120.0,0.5270462766947299,1.0540925533894598,1.0,0.0,0.9486832980505138,0.0,-138.78,1692.272485249591
121.57,0.5270462766947299,1.0540925533894598,0.0,0.0,0.0,0.0,0.0,1692.272485249591
123.33,0.5270462766947299,1.0540925533894598,0.0,0.0,0.0,0.0,0.0,1692.272485249591
123.6,0.5270462766947299,1.0540925533894598,0.0,0.0,0.0,0.0,0.0,1692.272485249591
125.16,0.5270462766947299,1.0540925533894598,0.0,0.0,0.0,0.0,0.0,1692.272485249591
125.19,0.5270462766947299,1.0540925533894598,0.0,0.0,0.0,0.0,0.0,1692.272485249591
121.56,0.5270462766947299,1.0540925533894598,0.0,0.0,0.0,0.0,0.0,1692.272485249591
112.25,0.5270462766947299,1.0540925533894598,0.0,0.0,0.0,0.0,0.0,1692.272485249591
107.51,0.5270462766947299,1.0540925533894598,0.0,0.0,0.0,0.0,0.0,1692.272485249591
116.81,0.5270462766947299,1.0540925533894598,0.0,0.0,0.0,0.0,0.0,1692.272485249591
126.29,0.5270462766947299,1.0540925533894598,0.0,0.0,0.0,0.0,0.0,1692.272485249591
140.15,0.5270462766947299,1.0540925533894598,0.0,0.0,0.0,0.0,0.0,1692.272485249591
149.67,0.5270462766947299,1.0540925533894598,0.0,0.0,0.0,0.0,0.0,1692.272485249591
159.04,0.0,0.0,0.0,1.0,0.0,1.0540925533894598,156.53,1848.802485249591
156.6,-0.0,-0.0,0.0,-0.0,0.0,-0.0,0.0,1848.802485249591
149.06,-0.0,-0.0,0.0,0.0,0.0,0.0,0.0,1848.802485249591
139.26,-0.0,-0.0,0.0,0.0,0.0,0.0,0.0,1848.802485249591
130.99,-0.0,-0.0,0.0,0.0,0.0,0.0,0.0,1848.802485249591
122.94,-0.0,-0.0,0.0,0.0,0.0,0.0,0.0,1848.802485249591
122.27,0.0,0.0,0.0,0.0,0.0,0.0,0.0,1848.802485249591
119.44,-0.0,-0.0,0.0,0.0,0.0,0.0,0.0,1848.802485249591
116.56,0.05131670194948623,0.10263340389897246,0.10818510677891963,0.0,0.10263340389897246,0.0,-14.641772351458982,1834.160712898132
114.41,0.5256583509747431,1.0513167019494862,1.0,0.0,0.9486832980505138,0.0,-133.19,1700.970712898132
115.45,1.0,2.0,1.0,0.0,0.9486832980505138,0.0,-134.23000000000002,1566.740712898132
127.54,1.0,2.0,0.0,0.0,0.0,0.0,0.0,1566.740712898132
161.71,1.0,2.0,0.0,-0.0,0.0,-0.0,0.0,1566.740712898132
276.48,1.0,2.0,0.0,0.0,0.0,0.0,0.0,1566.740712898132
431.99,0.4729537233052701,0.9459074466105402,0.0,1.0,0.0,1.0540925533894598,429.48,1996.220712898132
291.7,0.0,0.0,0.0,0.8973665961010275,0.0,0.9459074466105402,259.5094459264561,2255.730158824588
236.29,-0.0,-0.0,0.0,0.0,0.0,0.0,0.0,2255.730158824588
187.48,0.05131670194948623,0.10263340389897246,0.10818510677891963,0.0,0.10263340389897246,0.0,-24.08200476898751,2231.6481540556006
176.0,0.5256583509747431,1.0513167019494862,1.0,0.0,0.9486832980505138,0.0,-211.12,2020.5281540556007
171.39,1.0,2.0,1.0,0.0,0.9486832980505138,0.0,-206.51,1814.0181540556007
192.73,1.0,2.0,-0.0,0.0,-0.0,0.0,0.0,1814.0181540556007
277.17,1.0,2.0,-0.0,0.0,-0.0,0.0,0.0,1814.0181540556007
402.12,1.0,2.0,0.0,-0.0,0.0,-0.0,0.0,1814.0181540556007
583.4,0.4729537233052701,0.9459074466105402,0.0,1.0,0.0,1.0540925533894598,580.89,2394.908154055601
473.28,0.0,0.0,0.0,0.8973665961010275,0.0,0.9459074466105402,422.4532724464807,2817.3614265020815
295.57,0.0,0.0,-0.0,0.0,-0.0,0.0,0.0,2817.3614265020815
220.0,-0.0,-0.0,0.0,-0.0,0.0,-0.0,0.0,2817.3614265020815
170.0,0.0,0.0,0.0,0.0,0.0,0.0,0.0,2817.3614265020815
152.51,-0.0,-0.0,0.0,0.0,0.0,0.0,0.0,2817.3614265020815
137.98,-0.0,-0.0,0.0,0.0,0.0,0.0,0.0,2817.3614265020815
127.52,-0.0,-0.0,0.0,0.0,0.0,0.0,0.0,2817.3614265020815
121.65,0.0,0.0,-0.0,0.0,-0.0,0.0,0.0,2817.3614265020815
116.67,-0.0,-0.0,0.0,0.0,0.0,0.0,0.0,2817.3614265020815
113.86,-0.0,-0.0,0.0,0.0,0.0,0.0,0.0,2817.3614265020815
111.49,0.05131670194948623,0.10263340389897246,0.10818510677891963,0.0,0.10263340389897246,0.0,-14.093273860089859,2803.2681526419915
106.6,0.5256583509747431,1.0513167019494862,1.0,0.0,0.9486832980505138,0.0,-125.38,2677.8881526419914
106.97,1.0,2.0,1.0,0.0,0.9486832980505138,0.0,-125.75,2552.1381526419914
165.35,1.0,2.0,0.0,-0.0,0.0,-0.0,0.0,2552.1381526419914
209.5,0.5270462766947299,1.0540925533894598,0.0,0.8973665961010275,0.0,0.9459074466105402,185.7459117269517,2737.884064368943
210.33,0.0,0.0,0.0,1.0,0.0,1.0540925533894598,207.82000000000002,2945.7040643689434
198.05,-0.0,-0.0,0.0,0.0,0.0,0.0,0.0,2945.7040643689434
161.5,-0.0,-0.0,0.0,0.0,0.0,0.0,0.0,2945.7040643689434
147.44,0.4743416490252569,0.9486832980505138,1.0,0.0,0.9486832980505138,0.0,-182.56,2763.1440643689434
142.83,0.9486832980505138,1.8973665961010275,1.0,0.0,0.9486832980505138,0.0,-177.95000000000002,2585.1940643689436
150.05,1.0,2.0,0.10818510677891963,0.0,0.10263340389897246,0.0,-20.03263622225255,2565.161428146691
173.43,1.0,2.0,0.0,0.0,0.0,0.0,0.0,2565.161428146691
202.39,1.0,2.0,0.0,0.0,0.0,0.0,0.0,2565.161428146691
282.52,0.4729537233052701,0.9459074466105402,0.0,1.0,0.0,1.0540925533894598,280.01,2845.171428146691
243.96,0.0,0.0,0.0,0.8973665961010275,0.0,0.9459074466105402,216.6691646285931,3061.840592775284
199.94,-0.0,-0.0,0.0,0.0,0.0,0.0,0.0,3061.840592775284
174.84,-0.0,-0.0,0.0,0.0,0.0,0.0,0.0,3061.840592775284
155.19,0.0,0.0,-0.0,0.0,-0.0,0.0,0.0,3061.840592775284
138.6,-0.0,-0.0,0.0,0.0,0.0,0.0,0.0,3061.840592775284
109.7,-0.0,-0.0,0.0,0.0,0.0,0.0,0.0,3061.840592775284
106.89,-0.0,-0.0,0.0,0.0,0.0,0.0,0.0,3061.840592775284
101.53,0.4743416490252569,0.9486832980505138,1.0,0.0,0.9486832980505138,0.0,-120.31,2941.5305927752843
105.02,0.4743416490252569,0.9486832980505138,0.0,0.0,0.0,0.0,0.0,2941.5305927752843
103.86,0.5256583509747431,1.0513167019494862,0.10818510677891963,0.0,0.10263340389897246,0.0,-13.267821495366704,2928.2627712799176
93.75,1.0,2.0,1.0,0.0,0.9486832980505138,0.0,-112.53,2815.7327712799174
107.45,1.0,2.0,0.0,0.0,0.0,0.0,0.0,2815.7327712799174
129.03,1.0,2.0,0.0,0.0,0.0,0.0,0.0,2815.7327712799174
195.47,1.0,2.0,0.0,-0.0,0.0,-0.0,0.0,2815.7327712799174
238.6,0.4729537233052701,0.9459074466105402,0.0,1.0,0.0,1.0540925533894598,236.09,3051.8227712799176
199.41,0.4729537233052701,0.9459074466105402,0.0,0.0,0.0,0.0,0.0,3051.8227712799176
179.06,0.4729537233052701,0.9459074466105402,0.0,0.0,0.0,0.0,0.0,3051.8227712799176
172.94,0.4729537233052701,0.9459074466105402,0.0,0.0,0.0,0.0,0.0,3051.8227712799176
165.0,0.4729537233052701,0.9459074466105402,0.0,0.0,0.0,0.0,0.0,3051.8227712799176
170.0,0.4729537233052701,0.9459074466105402,0.0,0.0,0.0,0.0,0.0,3051.8227712799176
179.92,0.4729537233052701,0.9459074466105402,0.0,0.0,0.0,0.0,0.0,3051.8227712799176
195.67,0.4729537233052701,0.9459074466105402,0.0,0.0,0.0,0.0,0.0,3051.8227712799176
199.04,0.4729537233052701,0.9459074466105402,0.0,0.0,0.0,0.0,0.0,3051.8227712799176
208.99,-0.0,-0.0,0.0,0.8973665961010275,0.0,0.9459074466105402,185.28825476294017,3237.1110260428577
180.43,-0.0,-0.0,0.0,0.0,0.0,0.0,0.0,3237.1110260428577
167.08,0.0,0.0,0.0,0.0,0.0,0.0,0.0,3237.1110260428577
134.49,-0.0,-0.0,0.0,0.0,0.0,0.0,0.0,3237.1110260428577
127.78,-0.0,-0.0,0.0,0.0,0.0,0.0,0.0,3237.1110260428577
128.09,-0.0,-0.0,0.0,0.0,0.0,0.0,0.0,3237.1110260428577
113.13,-0.0,-0.0,0.0,0.0,0.0,0.0,0.0,3237.1110260428577
112.8,0.0,0.0,-0.0,0.0,-0.0,0.0,0.0,3237.1110260428577
108.88,-0.0,-0.0,0.0,0.0,0.0,0.0,0.0,3237.1110260428577
105.58,0.0,0.0,-0.0,0.0,-0.0,0.0,0.0,3237.1110260428577
100.01,0.05131670194948623,0.10263340389897246,0.10818510677891963,0.0,0.10263340389897246,0.0,-12.851308834267863,3224.25971720859
97.59,0.5256583509747431,1.0513167019494862,1.0,0.0,0.9486832980505138,0.0,-116.37,3107.88971720859
100.01,1.0,2.0,1.0,0.0,0.9486832980505138,0.0,-118.79,2989.09971720859
106.41,1.0,2.0,0.0,0.0,0.0,0.0,0.0,2989.09971720859
136.6,1.0,2.0,0.0,-0.0,0.0,-0.0,0.0,2989.09971720859
159.03,0.4729537233052701,0.9459074466105402,0.0,1.0,0.0,1.0540925533894598,156.52,3145.61971720859
155.42,0.0,0.0,0.0,0.8973665961010275,0.0,0.9459074466105402,137.2163262098081,3282.836043418398
130.94,-0.0,-0.0,0.0,-0.0,0.0,-0.0,0.0,3282.836043418398
116.1,-0.0,-0.0,0.0,0.0,0.0,0.0,0.0,3282.836043418398
94.75,-0.0,-0.0,0.0,0.0,0.0,0.0,0.0,3282.836043418398
83.46,0.0,0.0,0.0,0.0,0.0,0.0,0.0,3282.836043418398
72.35,-0.0,-0.0,0.0,0.0,0.0,0.0,0.0,3282.836043418398
67.6,-0.0,-0.0,-0.0,0.0,-0.0,0.0,0.0,3282.836043418398
83.69,-0.0,-0.0,0.0,0.0,0.0,0.0,0.0,3282.836043418398
91.19,-0.0,-0.0,0.0,0.0,0.0,0.0,0.0,3282.836043418398
85.09,0.0,0.0,0.0,0.0,0.0,0.0,0.0,3282.836043418398
77.88,-0.0,-0.0,0.0,0.0,0.0,0.0,0.0,3282.836043418398
65.17,-0.0,-0.0,0.0,0.0,0.0,0.0,0.0,3282.836043418398
57.42,-0.0,-0.0,0.0,0.0,0.0,0.0,0.0,3282.836043418398
55.95,-0.0,-0.0,0.0,0.0,0.0,0.0,0.0,3282.836043418398
44.56,0.0,0.0,-0.0,0.0,-0.0,0.0,0.0,3282.836043418398
37.28,0.0,0.0,-0.0,0.0,-0.0,0.0,0.0,3282.836043418398
40.0,-0.0,-0.0,0.0,0.0,0.0,0.0,0.0,3282.836043418398
41.54,-0.0,-0.0,0.0,0.0,0.0,0.0,0.0,3282.836043418398
37.74,0.05131670194948623,0.10263340389897246,0.10818510677891963,0.0,0.10263340389897246,0.0,-6.114622235144537,3276.7214211832534
36.11,0.5256583509747431,1.0513167019494862,1.0,0.0,0.9486832980505138,0.0,-54.89,3221.8314211832535
36.88,1.0,2.0,1.0,0.0,0.9486832980505138,0.0,-55.660000000000004,3166.1714211832536
40.71,1.0,2.0,0.0,0.0,0.0,0.0,0.0,3166.1714211832536
70.28,0.5270462766947299,1.0540925533894598,0.0,0.8973665961010275,0.0,0.9459074466105402,60.814534217766635,3226.9859554010204
80.06,-0.0,-0.0,0.0,1.0,0.0,1.0540925533894598,77.55,3304.5359554010206
59.53,-0.0,-0.0,0.0,0.0,0.0,0.0,0.0,3304.5359554010206
47.06,-0.0,-0.0,0.0,0.0,0.0,0.0,0.0,3304.5359554010206
41.83,-0.0,-0.0,0.0,0.0,0.0,0.0,0.0,3304.5359554010206
37.15,0.0,0.0,0.0,0.0,0.0,0.0,0.0,3304.5359554010206
25.12,-0.0,-0.0,0.0,0.0,0.0,0.0,0.0,3304.5359554010206
23.18,-0.0,-0.0,0.0,0.0,0.0,0.0,0.0,3304.5359554010206
23.39,-0.0,-0.0,0.0,0.0,0.0,0.0,0.0,3304.5359554010206
20.0,-0.0,-0.0,0.0,0.0,0.0,0.0,0.0,3304.5359554010206
26.9,-0.0,-0.0,0.0,0.0,0.0,0.0,0.0,3304.5359554010206
28.66,-0.0,-0.0,0.0,0.0,0.0,0.0,0.0,3304.5359554010206
20.62,-0.0,-0.0,0.0,0.0,0.0,0.0,0.0,3304.5359554010206
21.1,-0.0,-0.0,0.0,0.0,0.0,0.0,0.0,3304.5359554010206
20.0,-0.0,-0.0,0.0,0.0,0.0,0.0,0.0,3304.5359554010206
13.1,0.4743416490252569,0.9486832980505138,1.0,0.0,0.9486832980505138,0.0,-38.41,3266.1259554010207
10.12,0.9486832980505138,1.8973665961010275,1.0,0.0,0.9486832980505138,0.0,-35.43,3230.695955401021
16.92,0.9486832980505138,1.8973665961010275,0.0,0.0,0.0,0.0,0.0,3230.695955401021
21.22,0.9486832980505138,1.8973665961010275,0.0,0.0,0.0,0.0,0.0,3230.695955401021
19.89,1.0,2.0,0.10818510677891963,0.0,0.10263340389897246,0.0,-4.183518079140822,3226.51243732188
27.26,1.0,2.0,0.0,0.0,0.0,0.0,0.0,3226.51243732188
24.59,1.0,2.0,0.0,0.0,0.0,0.0,0.0,3226.51243732188
21.21,1.0,2.0,0.0,0.0,0.0,0.0,0.0,3226.51243732188
29.8,1.0,2.0,0.0,0.0,0.0,0.0,0.0,3226.51243732188
47.14,1.0,2.0,0.0,-0.0,0.0,-0.0,0.0,3226.51243732188
59.9,1.0,2.0,0.0,-0.0,0.0,-0.0,0.0,3226.51243732188
66.64,1.0,2.0,0.0,-0.0,0.0,-0.0,0.0,3226.51243732188
79.17,1.0,2.0,0.0,-0.0,0.0,-0.0,0.0,3226.51243732188
72.27,1.0,2.0,0.0,0.0,0.0,0.0,0.0,3226.51243732188
81.82,1.0,2.0,0.0,-0.0,0.0,-0.0,0.0,3226.51243732188
81.98,1.0,2.0,0.0,-0.0,0.0,-0.0,0.0,3226.51243732188
85.09,1.0,2.0,0.0,-0.0,0.0,-0.0,0.0,3226.51243732188
103.54,1.0,2.0,0.0,-0.0,0.0,-0.0,0.0,3226.51243732188
124.11,1.0,2.0,0.0,-0.0,0.0,-0.0,0.0,3226.51243732188
138.6,1.0,2.0,0.0,0.0,0.0,0.0,0.0,3226.51243732188
147.1,0.4729537233052701,0.9459074466105402,0.0,1.0,0.0,1.0540925533894598,144.59,3371.10243732188
144.35,-0.0,-0.0,0.0,0.8973665961010275,0.0,0.9459074466105402,127.28247799096974,3498.38491531285
130.75,0.0,0.0,0.0,0.0,0.0,0.0,0.0,3498.38491531285
126.75,-0.0,-0.0,0.0,0.0,0.0,0.0,0.0,3498.38491531285
124.5,-0.0,-0.0,0.0,0.0,0.0,0.0,0.0,3498.38491531285
114.99,-0.0,-0.0,0.0,0.0,0.0,0.0,0.0,3498.38491531285
126.21,-0.0,-0.0,0.0,0.0,0.0,0.0,0.0,3498.38491531285
115.79,-0.0,-0.0,0.0,0.0,0.0,0.0,0.0,3498.38491531285
111.3,-0.0,-0.0,0.0,0.0,0.0,0.0,0.0,3498.38491531285
106.85,-0.0,-0.0,0.0,0.0,0.0,0.0,0.0,3498.38491531285
105.43,-0.0,-0.0,0.0,0.0,0.0,0.0,0.0,3498.38491531285
103.06,-0.0,-0.0,0.0,0.0,0.0,0.0,0.0,3498.38491531285
99.43,-0.0,-0.0,0.0,0.0,0.0,0.0,0.0,3498.38491531285
105.82,-0.0,-0.0,0.0,0.0,0.0,0.0,0.0,3498.38491531285
108.36,-0.0,-0.0,0.0,0.0,0.0,0.0,0.0,3498.38491531285
118.51,-0.0,-0.0,0.0,0.0,0.0,0.0,0.0,3498.38491531285
105.51,-0.0,-0.0,0.0,0.0,0.0,0.0,0.0,3498.38491531285
102.57,-0.0,-0.0,0.0,0.0,0.0,0.0,0.0,3498.38491531285
96.73,-0.0,-0.0,0.0,0.0,0.0,0.0,0.0,3498.38491531285
90.02,-0.0,-0.0,0.0,0.0,0.0,0.0,0.0,3498.38491531285
92.52,-0.0,-0.0,0.0,0.0,0.0,0.0,0.0,3498.38491531285
111.63,-0.0,-0.0,0.0,0.0,0.0,0.0,0.0,3498.38491531285
125.92,-0.0,-0.0,0.0,0.0,0.0,0.0,0.0,3498.38491531285
132.77,-0.0,-0.0,0.0,-0.0,0.0,-0.0,0.0,3498.38491531285
109.65,-0.0,-0.0,0.0,0.0,0.0,0.0,0.0,3498.38491531285
82.51,0.0,0.0,0.0,0.0,0.0,0.0,0.0,3498.38491531285
69.51,0.0,0.0,-0.0,0.0,-0.0,0.0,0.0,3498.38491531285
59.34,0.0,0.0,-0.0,0.0,-0.0,0.0,0.0,3498.38491531285
43.28,-0.0,-0.0,0.0,0.0,0.0,0.0,0.0,3498.38491531285
23.89,-0.0,-0.0,0.0,0.0,0.0,0.0,0.0,3498.38491531285
39.12,-0.0,-0.0,0.0,0.0,0.0,0.0,0.0,3498.38491531285
35.26,-0.0,-0.0,0.0,0.0,0.0,0.0,0.0,3498.38491531285
26.38,0.0,0.0,-0.0,0.0,-0.0,0.0,0.0,3498.38491531285
14.07,0.4743416490252569,0.9486832980505138,1.0,0.0,0.9486832980505138,0.0,-32.85,3465.53491531285
10.1,0.9486832980505138,1.8973665961010275,1.0,0.0,0.9486832980505138,0.0,-28.880000000000003,3436.65491531285
21.52,1.0,2.0,0.10818510677891963,0.0,0.10263340389897246,0.0,-4.359859803190461,3432.2950555096595
33.4,1.0,2.0,0.0,0.0,0.0,0.0,0.0,3432.2950555096595
51.35,1.0,2.0,0.0,-0.0,0.0,-0.0,0.0,3432.2950555096595
60.49,1.0,2.0,0.0,-0.0,0.0,-0.0,0.0,3432.2950555096595
38.56,1.0,2.0,0.0,0.0,0.0,0.0,0.0,3432.2950555096595
40.76,1.0,2.0,0.0,0.0,0.0,0.0,0.0,3432.2950555096595
36.94,1.0,2.0,0.0,0.0,0.0,0.0,0.0,3432.2950555096595
34.19,1.0,2.0,0.0,0.0,0.0,0.0,0.0,3432.2950555096595
35.92,1.0,2.0,0.0,0.0,0.0,0.0,0.0,3432.2950555096595
39.97,1.0,2.0,0.0,0.0,0.0,0.0,0.0,3432.2950555096595
47.17,1.0,2.0,0.0,0.0,0.0,0.0,0.0,3432.2950555096595
50.0,1.0,2.0,0.0,0.0,0.0,0.0,0.0,3432.2950555096595
54.06,1.0,2.0,0.0,0.0,0.0,0.0,0.0,3432.2950555096595
54.31,1.0,2.0,0.0,0.0,0.0,0.0,0.0,3432.2950555096595
50.31,1.0,2.0,0.0,0.0,0.0,0.0,0.0,3432.2950555096595
45.28,1.0,2.0,0.0,0.0,0.0,0.0,0.0,3432.2950555096595
40.46,1.0,2.0,0.0,0.0,0.0,0.0,0.0,3432.2950555096595
38.53,1.0,2.0,0.0,0.0,0.0,0.0,0.0,3432.2950555096595
37.63,1.0,2.0,0.0,0.0,0.0,0.0,0.0,3432.2950555096595
38.89,1.0,2.0,0.0,0.0,0.0,0.0,0.0,3432.2950555096595
38.03,1.0,2.0,0.0,0.0,0.0,0.0,0.0,3432.2950555096595
35.7,1.0,2.0,0.0,0.0,0.0,0.0,0.0,3432.2950555096595
38.05,1.0,2.0,0.0,0.0,0.0,0.0,0.0,3432.2950555096595
40.86,1.0,2.0,0.0,0.0,0.0,0.0,0.0,3432.2950555096595
42.62,1.0,2.0,0.0,0.0,0.0,0.0,0.0,3432.2950555096595
57.45,1.0,2.0,0.0,0.0,0.0,0.0,0.0,3432.2950555096595
105.87,1.0,2.0,0.0,-0.0,0.0,-0.0,0.0,3432.2950555096595
118.86,1.0,2.0,0.0,-0.0,0.0,-0.0,0.0,3432.2950555096595
115.0,1.0,2.0,0.0,0.0,0.0,0.0,0.0,3432.2950555096595
112.87,1.0,2.0,0.0,0.0,0.0,0.0,0.0,3432.2950555096595
108.83,1.0,2.0,0.0,0.0,0.0,0.0,0.0,3432.2950555096595
107.09,1.0,2.0,0.0,0.0,0.0,0.0,0.0,3432.2950555096595
108.99,1.0,2.0,0.0,0.0,0.0,0.0,0.0,3432.2950555096595
112.71,1.0,2.0,0.0,0.0,0.0,0.0,0.0,3432.2950555096595
125.17,1.0,2.0,0.0,0.0,0.0,0.0,0.0,3432.2950555096595
130.28,0.5270462766947299,1.0540925533894598,0.0,0.8973665961010275,0.0,0.9459074466105402,114.65652998382829,3546.951585493488
139.72,0.0,0.0,0.0,1.0,0.0,1.0540925533894598,137.21,3684.161585493488
120.5,-0.0,-0.0,0.0,-0.0,0.0,-0.0,0.0,3684.161585493488
110.14,-0.0,-0.0,0.0,0.0,0.0,0.0,0.0,3684.161585493488
85.4,-0.0,-0.0,0.0,0.0,0.0,0.0,0.0,3684.161585493488
72.09,0.0,0.0,0.0,0.0,0.0,0.0,0.0,3684.161585493488
62.02,0.4743416490252569,0.9486832980505138,1.0,0.0,0.9486832980505138,0.0,-87.33,3596.831585493488
50.84,0.9486832980505138,1.8973665961010275,1.0,0.0,0.9486832980505138,0.0,-76.15,3520.681585493488
87.72,0.9486832980505138,1.8973665961010275,0.0,0.0,0.0,0.0,0.0,3520.681585493488
83.39,0.9486832980505138,1.8973665961010275,0.0,0.0,0.0,0.0,0.0,3520.681585493488
78.16,0.9486832980505138,1.8973665961010275,0.0,0.0,0.0,0.0,0.0,3520.681585493488
75.64,1.0,2.0,0.10818510677891963,0.0,0.10263340389897246,0.0,-10.214837782065592,3510.4667477114226
75.81,1.0,2.0,0.0,0.0,0.0,0.0,0.0,3510.4667477114226
80.47,1.0,2.0,0.0,0.0,0.0,0.0,0.0,3510.4667477114226
92.86,1.0,2.0,-0.0,0.0,-0.0,0.0,0.0,3510.4667477114226
141.42,0.5270462766947299,1.0540925533894598,0.0,0.8973665961010275,0.0,0.9459074466105402,124.65319386439373,3635.1199415758165
142.54,0.0,0.0,0.0,1.0,0.0,1.0540925533894598,140.03,3775.1499415758167
130.45,-0.0,-0.0,0.0,0.0,0.0,0.0,0.0,3775.1499415758167
105.05,-0.0,-0.0,0.0,0.0,0.0,0.0,0.0,3775.1499415758167
89.25,-0.0,-0.0,0.0,0.0,0.0,0.0,0.0,3775.1499415758167
85.0,0.4743416490252569,0.9486832980505138,1.0,0.0,0.9486832980505138,0.0,-120.12,3655.029941575817
85.53,0.9486832980505138,1.8973665961010275,1.0,0.0,0.9486832980505138,0.0,-120.65,3534.3799415758167
87.67,1.0,2.0,0.10818510677891963,0.0,0.10263340389897246,0.0,-13.28404926138354,3521.095892314433
102.75,1.0,2.0,0.0,0.0,0.0,0.0,0.0,3521.095892314433
132.3,1.0,2.0,0.0,0.0,0.0,0.0,0.0,3521.095892314433
149.57,0.5270462766947299,1.0540925533894598,0.0,0.8973665961010275,0.0,0.9459074466105402,131.9667316226171,3653.0626239370504
150.09,0.0,0.0,0.0,1.0,0.0,1.0540925533894598,147.58,3800.6426239370503
138.64,0.0,0.0,0.0,-0.0,0.0,-0.0,0.0,3800.6426239370503
109.16,-0.0,-0.0,0.0,0.0,0.0,0.0,0.0,3800.6426239370503
102.92,-0.0,-0.0,0.0,0.0,0.0,0.0,0.0,3800.6426239370503
107.11,-0.0,-0.0,0.0,0.0,0.0,0.0,0.0,3800.6426239370503
99.33,-0.0,-0.0,0.0,0.0,0.0,0.0,0.0,3800.6426239370503
85.15,-0.0,-0.0,0.0,0.0,0.0,0.0,0.0,3800.6426239370503
83.89,-0.0,-0.0,0.0,0.0,0.0,0.0,0.0,3800.6426239370503
80.0,0.05131670194948623,0.10263340389897246,0.10818510677891963,0.0,0.10263340389897246,0.0,-10.686524847621682,3789.956099089429
76.19,0.5256583509747431,1.0513167019494862,1.0,0.0,0.9486832980505138,0.0,-94.97,3694.986099089429
76.32,1.0,2.0,1.0,0.0,0.9486832980505138,0.0,-95.1,3599.886099089429
94.52,1.0,2.0,0.0,0.0,0.0,0.0,0.0,3599.886099089429
112.51,1.0,2.0,0.0,0.0,0.0,0.0,0.0,3599.886099089429
130.09,1.0,2.0,0.0,0.0,0.0,0.0,0.0,3599.886099089429
143.92,1.0,2.0,0.0,-0.0,0.0,-0.0,0.0,3599.886099089429
138.27,1.0,2.0,0.0,0.0,0.0,0.0,0.0,3599.886099089429
125.01,1.0,2.0,0.0,0.0,0.0,0.0,0.0,3599.886099089429
107.39,1.0,2.0,0.0,0.0,0.0,0.0,0.0,3599.886099089429
107.69,1.0,2.0,0.0,0.0,0.0,0.0,0.0,3599.886099089429
109.57,1.0,2.0,0.0,0.0,0.0,0.0,0.0,3599.886099089429
123.39,1.0,2.0,0.0,0.0,0.0,0.0,0.0,3599.886099089429
140.74,1.0,2.0,0.0,0.0,0.0,0.0,0.0,3599.886099089429
146.03,1.0,2.0,0.0,0.0,0.0,0.0,0.0,3599.886099089429
172.86,0.4729537233052701,0.9459074466105402,0.0,1.0,0.0,1.0540925533894598,170.35000000000002,3770.236099089429
166.46,-0.0,-0.0,0.0,0.8973665961010275,0.0,0.9459074466105402,147.12325343076347,3917.3593525201923
152.09,-0.0,-0.0,0.0,0.0,0.0,0.0,0.0,3917.3593525201923
140.71,-0.0,-0.0,0.0,0.0,0.0,0.0,0.0,3917.3593525201923
126.07,0.0,0.0,0.0,0.0,0.0,0.0,0.0,3917.3593525201923
119.23,-0.0,-0.0,0.0,0.0,0.0,0.0,0.0,3917.3593525201923
109.85,-0.0,-0.0,0.0,0.0,0.0,0.0,0.0,3917.3593525201923
107.88,-0.0,-0.0,0.0,0.0,0.0,0.0,0.0,3917.3593525201923
94.94,-0.0,-0.0,0.0,0.0,0.0,0.0,0.0,3917.3593525201923
94.9,-0.0,-0.0,0.0,0.0,0.0,0.0,0.0,3917.3593525201923
93.7,0.05131670194948623,0.10263340389897246,0.10818510677891963,0.0,0.10263340389897246,0.0,-12.168660810492879,3905.1906917096994
81.43,0.5256583509747431,1.0513167019494862,1.0,0.0,0.9486832980505138,0.0,-100.21000000000001,3804.9806917096994
74.38,1.0,2.0,1.0,0.0,0.9486832980505138,0.0,-93.16,3711.8206917096995
104.02,1.0,2.0,0.0,0.0,0.0,0.0,0.0,3711.8206917096995
153.98,1.0,2.0,0.0,0.0,0.0,0.0,0.0,3711.8206917096995
163.7,0.5256583509747431,1.0513167019494862,0.0,0.8999999999999999,0.0,0.9486832980505138,145.071,3856.8916917096994
154.82,0.5256583509747431,1.0513167019494862,0.0,0.0,0.0,0.0,0.0,3856.8916917096994
130.1,0.5256583509747431,1.0513167019494862,0.0,0.0,0.0,0.0,0.0,3856.8916917096994
126.2,0.5256583509747431,1.0513167019494862,0.0,0.0,0.0,0.0,0.0,3856.8916917096994
120.06,0.5256583509747431,1.0513167019494862,0.0,0.0,0.0,0.0,0.0,3856.8916917096994
121.19,0.5256583509747431,1.0513167019494862,0.0,0.0,0.0,0.0,0.0,3856.8916917096994
119.76,1.0,2.0,1.0,0.0,0.9486832980505138,0.0,-145.07,3711.8216917096993
149.87,1.0,2.0,0.0,0.0,0.0,0.0,0.0,3711.8216917096993
168.26,1.0,2.0,0.0,0.0,0.0,0.0,0.0,3711.8216917096993
185.26,0.4729537233052701,0.9459074466105402,0.0,1.0,0.0,1.0540925533894598,182.75,3894.5716917096993
184.48,-0.0,-0.0,0.0,0.8973665961010275,0.0,0.9459074466105402,163.29379949250398,4057.8654912022034
178.99,-0.0,-0.0,0.0,0.0,0.0,0.0,0.0,4057.8654912022034
162.66,-0.0,-0.0,0.0,0.0,0.0,0.0,0.0,4057.8654912022034
152.7,0.0,0.0,0.0,0.0,0.0,0.0,0.0,4057.8654912022034
144.31,-0.0,-0.0,0.0,0.0,0.0,0.0,0.0,4057.8654912022034
131.41,-0.0,-0.0,0.0,0.0,0.0,0.0,0.0,4057.8654912022034
136.93,-0.0,-0.0,0.0,0.0,0.0,0.0,0.0,4057.8654912022034
128.91,-0.0,-0.0,0.0,0.0,0.0,0.0,0.0,4057.8654912022034
124.24,-0.0,-0.0,0.0,0.0,0.0,0.0,0.0,4057.8654912022034
119.12,-0.0,-0.0,0.0,0.0,0.0,0.0,0.0,4057.8654912022034
110.46,0.4743416490252568,0.9486832980505135,1.0,0.0,0.9486832980505138,0.0,-129.24,3928.625491202203
99.41,0.9486832980505137,1.8973665961010273,1.0,0.0,0.9486832980505138,0.0,-118.19,3810.435491202203
116.4,0.9486832980505137,1.8973665961010273,0.0,0.0,0.0,0.0,0.0,3810.435491202203
125.46,0.9486832980505137,1.8973665961010273,0.0,0.0,0.0,0.0,0.0,3810.435491202203
147.65,0.5256583509747431,1.0513167019494862,0.0,0.8026334038989721,0.0,0.8460498941515411,116.49421224189682,3926.9297034441
142.44,0.5256583509747431,1.0513167019494862,0.0,0.0,0.0,0.0,0.0,3926.9297034441
128.4,0.5256583509747431,1.0513167019494862,0.0,0.0,0.0,0.0,0.0,3926.9297034441
120.08,0.5256583509747431,1.0513167019494862,0.0,0.0,0.0,0.0,0.0,3926.9297034441
110.29,0.5256583509747431,1.0513167019494862,0.0,0.0,0.0,0.0,0.0,3926.9297034441
103.4,1.0,2.0,1.0,0.0,0.9486832980505138,0.0,-128.71,3798.2197034441
113.7,1.0,2.0,0.0,0.0,0.0,0.0,0.0,3798.2197034441
128.1,1.0,2.0,0.0,0.0,0.0,0.0,0.0,3798.2197034441
152.11,1.0,2.0,0.0,0.0,0.0,0.0,0.0,3798.2197034441
166.35,0.5270462766947299,1.0540925533894598,0.0,0.8973665961010275,0.0,0.9459074466105402,147.02454310519235,3945.2442465492923
167.51,0.0,0.0,0.0,1.0,0.0,1.0540925533894598,165.0,4110.244246549292
162.98,-0.0,-0.0,0.0,-0.0,0.0,-0.0,0.0,4110.244246549292
155.95,-0.0,-0.0,0.0,0.0,0.0,0.0,0.0,4110.244246549292
145.24,-0.0,-0.0,0.0,0.0,0.0,0.0,0.0,4110.244246549292
141.73,-0.0,-0.0,0.0,0.0,0.0,0.0,0.0,4110.244246549292
131.74,-0.0,-0.0,0.0,0.0,0.0,0.0,0.0,4110.244246549292
133.26,-0.0,-0.0,0.0,0.0,0.0,0.0,0.0,4110.244246549292
126.91,0.0,0.0,0.0,0.0,0.0,0.0,0.0,4110.244246549292
122.99,0.05131670194948623,0.10263340389897246,0.10818510677891963,0.0,0.10263340389897246,0.0,-15.337402588047436,4094.9068439612447
120.66,0.5256583509747431,1.0513167019494862,1.0,0.0,0.9486832980505138,0.0,-139.44,3955.4668439612446
122.34,1.0,2.0,1.0,0.0,0.9486832980505138,0.0,-141.12,3814.3468439612448
123.41,1.0,2.0,0.0,0.0,0.0,0.0,0.0,3814.3468439612448
128.09,1.0,2.0,0.0,0.0,0.0,0.0,0.0,3814.3468439612448
135.9,1.0,2.0,0.0,0.0,0.0,0.0,0.0,3814.3468439612448
137.3,1.0,2.0,0.0,0.0,0.0,0.0,0.0,3814.3468439612448
137.7,1.0,2.0,0.0,0.0,0.0,0.0,0.0,3814.3468439612448
130.04,1.0,2.0,0.0,0.0,0.0,0.0,0.0,3814.3468439612448
129.33,1.0,2.0,0.0,0.0,0.0,0.0,0.0,3814.3468439612448
122.24,1.0,2.0,0.0,0.0,0.0,0.0,0.0,3814.3468439612448
111.88,1.0,2.0,0.0,0.0,0.0,0.0,0.0,3814.3468439612448
116.42,1.0,2.0,0.0,0.0,0.0,0.0,0.0,3814.3468439612448
127.97,1.0,2.0,0.0,0.0,0.0,0.0,0.0,3814.3468439612448
151.21,1.0,2.0,0.0,0.0,0.0,0.0,0.0,3814.3468439612448
164.03,1.0,2.0,0.0,0.0,0.0,0.0,0.0,3814.3468439612448
172.49,0.5270462766947299,1.0540925533894598,0.0,0.8973665961010275,0.0,0.9459074466105402,152.53437400525266,3966.8812179664974
173.95,-0.0,-0.0,0.0,1.0,0.0,1.0540925533894598,171.44,4138.321217966497
165.06,0.0,0.0,0.0,0.0,0.0,0.0,0.0,4138.321217966497
145.93,-0.0,-0.0,0.0,0.0,0.0,0.0,0.0,4138.321217966497
123.15,-0.0,-0.0,0.0,0.0,0.0,0.0,0.0,4138.321217966497
121.7,-0.0,-0.0,0.0,0.0,0.0,0.0,0.0,4138.321217966497
125.3,-0.0,-0.0,0.0,0.0,0.0,0.0,0.0,4138.321217966497
126.63,-0.0,-0.0,0.0,0.0,0.0,0.0,0.0,4138.321217966497
124.72,-0.0,-0.0,0.0,0.0,0.0,0.0,0.0,4138.321217966497
120.04,0.05131670194948623,0.10263340389897246,0.10818510677891963,0.0,0.10263340389897246,0.0,-15.018256523049624,4123.302961443447
110.91,0.5256583509747431,1.0513167019494862,1.0,0.0,0.9486832980505138,0.0,-129.69,3993.612961443447
116.9,1.0,2.0,1.0,0.0,0.9486832980505138,0.0,-135.68,3857.9329614434473
159.18,1.0,2.0,-0.0,0.0,-0.0,0.0,0.0,3857.9329614434473
207.88,0.5270462766947299,1.0540925533894598,0.0,0.8973665961010275,0.0,0.9459074466105402,184.29217784126803,4042.225139284715
243.23,0.0,0.0,0.0,1.0,0.0,1.0540925533894598,240.72,4282.945139284715
178.04,-0.0,-0.0,0.0,0.0,0.0,0.0,0.0,4282.945139284715
149.95,-0.0,-0.0,0.0,0.0,0.0,0.0,0.0,4282.945139284715
126.05,-0.0,-0.0,0.0,0.0,0.0,0.0,0.0,4282.945139284715
117.27,0.4743416490252569,0.9486832980505138,1.0,0.0,0.9486832980505138,0.0,-152.39,4130.555139284715
115.29,0.9486832980505138,1.8973665961010275,1.0,0.0,0.9486832980505138,0.0,-150.41,3980.145139284715
124.18,1.0,2.0,0.10818510677891968,0.0,0.10263340389897252,0.0,-17.233887509881903,3962.911251774833
144.74,1.0,2.0,0.0,0.0,0.0,0.0,0.0,3962.911251774833
170.71,1.0,2.0,0.0,0.0,0.0,0.0,0.0,3962.911251774833
216.0,0.4729537233052701,0.9459074466105402,0.0,1.0,0.0,1.0540925533894598,213.49,4176.401251774833
200.73,0.4729537233052701,0.9459074466105402,0.0,0.0,0.0,0.0,0.0,4176.401251774833
200.79,-0.0,-0.0,0.0,0.8973665961010275,0.0,0.9459074466105402,177.92984867491174,4354.3311004497455
167.15,-0.0,-0.0,0.0,0.0,0.0,0.0,0.0,4354.3311004497455
143.58,0.0,0.0,0.0,0.0,0.0,0.0,0.0,4354.3311004497455
122.16,-0.0,-0.0,0.0,0.0,0.0,0.0,0.0,4354.3311004497455
93.51,-0.0,-0.0,-0.0,0.0,-0.0,0.0,0.0,4354.3311004497455
118.67,-0.0,-0.0,0.0,0.0,0.0,0.0,0.0,4354.3311004497455
120.57,-0.0,-0.0,0.0,0.0,0.0,0.0,0.0,4354.3311004497455
110.31,0.0,0.0,0.0,0.0,0.0,0.0,0.0,4354.3311004497455
97.5,0.05131670194948623,0.10263340389897246,0.10818510677891963,0.0,0.10263340389897246,0.0,-12.579764216252775,4341.751336233493
77.69,0.5256583509747431,1.0513167019494862,1.0,0.0,0.9486832980505138,0.0,-96.47,4245.281336233493
80.53,1.0,2.0,1.0,0.0,0.9486832980505138,0.0,-99.31,4145.971336233492
106.58,1.0,2.0,-0.0,0.0,-0.0,0.0,0.0,4145.971336233492
155.2,0.5270462766947299,1.0540925533894598,0.0,0.8973665961010275,0.0,0.9459074466105402,137.0189055586659,4282.9902417921585
197.32,-0.0,-0.0,0.0,1.0,0.0,1.0540925533894598,194.81,4477.800241792159
150.6,0.0,0.0,0.0,0.0,0.0,0.0,0.0,4477.800241792159
134.72,-0.0,-0.0,0.0,0.0,0.0,0.0,0.0,4477.800241792159
112.92,-0.0,-0.0,0.0,0.0,0.0,0.0,0.0,4477.800241792159
97.34,0.0,0.0,-0.0,0.0,-0.0,0.0,0.0,4477.800241792159
86.06,-0.0,-0.0,0.0,0.0,0.0,0.0,0.0,4477.800241792159
78.27,-0.0,-0.0,0.0,0.0,0.0,0.0,0.0,4477.800241792159
80.76,-0.0,-0.0,0.0,0.0,0.0,0.0,0.0,4477.800241792159
95.41,-0.0,-0.0,0.0,0.0,0.0,0.0,0.0,4477.800241792159
99.91,-0.0,-0.0,0.0,-0.0,0.0,-0.0,0.0,4477.800241792159
98.97,-0.0,-0.0,0.0,0.0,0.0,0.0,0.0,4477.800241792159
86.07,-0.0,-0.0,0.0,0.0,0.0,0.0,0.0,4477.800241792159
75.48,-0.0,-0.0,0.0,0.0,0.0,0.0,0.0,4477.800241792159
67.93,-0.0,-0.0,0.0,0.0,0.0,0.0,0.0,4477.800241792159
65.05,0.0,0.0,0.0,0.0,0.0,0.0,0.0,4477.800241792159
52.79,0.0,0.0,-0.0,0.0,-0.0,0.0,0.0,4477.800241792159
59.46,-0.0,-0.0,0.0,0.0,0.0,0.0,0.0,4477.800241792159
58.42,0.4743416490252569,0.9486832980505138,1.0,0.0,0.9486832980505138,0.0,-77.2,4400.600241792159
58.78,0.5256583509747431,1.0513167019494862,0.10818510677891963,0.0,0.10263340389897246,0.0,-8.390836881773007,4392.209404910386
58.49,1.0,2.0,1.0,0.0,0.9486832980505138,0.0,-77.27000000000001,4314.939404910386
61.54,1.0,2.0,0.0,0.0,0.0,0.0,0.0,4314.939404910386
75.93,1.0,2.0,0.0,0.0,0.0,0.0,0.0,4314.939404910386
87.06,1.0,2.0,0.0,0.0,0.0,0.0,0.0,4314.939404910386
98.77,1.0,2.0,0.0,0.0,0.0,0.0,0.0,4314.939404910386
107.52,1.0,2.0,0.0,-0.0,0.0,-0.0,0.0,4314.939404910386
100.39,1.0,2.0,0.0,0.0,0.0,0.0,0.0,4314.939404910386
88.0,1.0,2.0,0.0,0.0,0.0,0.0,0.0,4314.939404910386
68.68,1.0,2.0,0.0,0.0,0.0,0.0,0.0,4314.939404910386
68.11,1.0,2.0,0.0,0.0,0.0,0.0,0.0,4314.939404910386
68.32,1.0,2.0,0.0,0.0,0.0,0.0,0.0,4314.939404910386
82.68,1.0,2.0,0.0,0.0,0.0,0.0,0.0,4314.939404910386
93.9,1.0,2.0,0.0,0.0,0.0,0.0,0.0,4314.939404910386
108.62,1.0,2.0,0.0,0.0,0.0,0.0,0.0,4314.939404910386
130.44,1.0,2.0,0.0,0.0,0.0,0.0,0.0,4314.939404910386
138.5,0.5256583509747431,1.0513167019494862,0.0,0.8999999999999999,0.0,0.9486832980505138,122.39099999999999,4437.330404910385
137.66,0.5256583509747431,1.0513167019494862,0.0,0.0,0.0,0.0,0.0,4437.330404910385
122.43,0.5256583509747431,1.0513167019494862,0.0,0.0,0.0,0.0,0.0,4437.330404910385
115.79,0.5256583509747431,1.0513167019494862,0.0,0.0,0.0,0.0,0.0,4437.330404910385
106.69,0.5256583509747431,1.0513167019494862,0.0,0.0,0.0,0.0,0.0,4437.330404910385
91.28,1.0,2.0,1.0,0.0,0.9486832980505138,0.0,-116.59,4320.740404910385
109.44,1.0,2.0,0.0,0.0,0.0,0.0,0.0,4320.740404910385
116.69,1.0,2.0,0.0,0.0,0.0,0.0,0.0,4320.740404910385
120.56,1.0,2.0,0.0,0.0,0.0,0.0,0.0,4320.740404910385
122.64,1.0,2.0,0.0,0.0,0.0,0.0,0.0,4320.740404910385
115.27,1.0,2.0,-0.0,0.0,-0.0,0.0,0.0,4320.740404910385
122.26,1.0,2.0,0.0,0.0,0.0,0.0,0.0,4320.740404910385
119.84,1.0,2.0,0.0,0.0,0.0,0.0,0.0,4320.740404910385
173.76,1.0,2.0,0.0,0.0,0.0,0.0,0.0,4320.740404910385
212.99,0.4729537233052701,0.9459074466105402,0.0,1.0,0.0,1.0540925533894598,210.48000000000002,4531.220404910386
177.61,0.0,0.0,0.0,0.8973665961010275,0.0,0.9459074466105402,157.12889097728993,4688.349295887676
158.26,-0.0,-0.0,0.0,0.0,0.0,0.0,0.0,4688.349295887676
135.3,-0.0,-0.0,0.0,0.0,0.0,0.0,0.0,4688.349295887676
118.36,-0.0,-0.0,0.0,0.0,0.0,0.0,0.0,4688.349295887676
117.84,0.0,0.0,-0.0,0.0,-0.0,0.0,0.0,4688.349295887676
110.96,0.4743416490252569,0.9486832980505138,1.0,0.0,0.9486832980505138,0.0,-146.07999999999998,4542.269295887676
130.04,0.4743416490252569,0.9486832980505138,0.0,0.0,0.0,0.0,0.0,4542.269295887676
139.99,0.4743416490252569,0.9486832980505138,0.0,0.0,0.0,0.0,0.0,4542.269295887676
170.17,0.4743416490252569,0.9486832980505138,0.0,0.0,0.0,0.0,0.0,4542.269295887676
170.48,-0.0,-0.0,0.0,0.8999999999999999,0.0,0.9486832980505138,151.173,4693.442295887676
162.65,-0.0,-0.0,0.0,0.0,0.0,0.0,0.0,4693.442295887676
140.78,0.0,0.0,0.0,0.0,0.0,0.0,0.0,4693.442295887676
131.1,-0.0,-0.0,0.0,0.0,0.0,0.0,0.0,4693.442295887676
121.93,-0.0,-0.0,0.0,0.0,0.0,0.0,0.0,4693.442295887676
115.03,-0.0,-0.0,0.0,0.0,0.0,0.0,0.0,4693.442295887676
113.41,-0.0,-0.0,0.0,0.0,0.0,0.0,0.0,4693.442295887676
108.55,-0.0,-0.0,0.0,0.0,0.0,0.0,0.0,4693.442295887676
108.82,-0.0,-0.0,0.0,0.0,0.0,0.0,0.0,4693.442295887676
105.0,0.05131670194948623,0.10263340389897246,0.10818510677891963,0.0,0.10263340389897246,0.0,-13.391152517094671,4680.0511433705815
87.73,0.5256583509747431,1.0513167019494862,1.0,0.0,0.9486832980505138,0.0,-106.51,4573.541143370581
89.86,1.0,2.0,1.0,0.0,0.9486832980505138,0.0,-108.64,4464.901143370581
110.43,1.0,2.0,0.0,0.0,0.0,0.0,0.0,4464.901143370581
141.41,1.0,2.0,0.0,-0.0,0.0,-0.0,0.0,4464.901143370581
163.89,0.4729537233052701,0.9459074466105402,0.0,1.0,0.0,1.0540925533894598,161.38,4626.281143370581
149.95,0.0,0.0,0.0,0.8973665961010275,0.0,0.9459074466105402,132.3077309291355,4758.588874299717
129.15,-0.0,-0.0,0.0,0.0,0.0,0.0,0.0,4758.588874299717
99.99,-0.0,-0.0,0.0,0.0,0.0,0.0,0.0,4758.588874299717
89.11,-0.0,-0.0,-0.0,0.0,-0.0,0.0,0.0,4758.588874299717
89.19,0.0,0.0,0.0,0.0,0.0,0.0,0.0,4758.588874299717
88.88,0.0,0.0,-0.0,0.0,-0.0,0.0,0.0,4758.588874299717
86.43,-0.0,-0.0,0.0,0.0,0.0,0.0,0.0,4758.588874299717
97.79,-0.0,-0.0,0.0,0.0,0.0,0.0,0.0,4758.588874299717
107.28,-0.0,-0.0,0.0,0.0,0.0,0.0,0.0,4758.588874299717
108.71,0.0,0.0,0.0,-0.0,0.0,-0.0,0.0,4758.588874299717
91.68,-0.0,-0.0,0.0,0.0,0.0,0.0,0.0,4758.588874299717
74.96,-0.0,-0.0,0.0,0.0,0.0,0.0,0.0,4758.588874299717
68.84,-0.0,-0.0,0.0,0.0,0.0,0.0,0.0,4758.588874299717
63.4,-0.0,-0.0,0.0,0.0,0.0,0.0,0.0,4758.588874299717
63.54,-0.0,-0.0,0.0,0.0,0.0,0.0,0.0,4758.588874299717
56.76,0.0,0.0,-0.0,0.0,-0.0,0.0,0.0,4758.588874299717
56.31,0.4743416490252569,0.9486832980505138,1.0,0.0,0.9486832980505138,0.0,-75.09,4683.498874299717
58.93,0.5256583509747431,1.0513167019494862,0.10818510677891963,0.0,0.10263340389897246,0.0,-8.407064647789845,4675.091809651927
58.04,1.0,2.0,1.0,0.0,0.9486832980505138,0.0,-76.82,4598.2718096519275
58.98,1.0,2.0,0.0,0.0,0.0,0.0,0.0,4598.2718096519275
58.94,1.0,2.0,0.0,0.0,0.0,0.0,0.0,4598.2718096519275
61.01,1.0,2.0,0.0,0.0,0.0,0.0,0.0,4598.2718096519275
62.95,1.0,2.0,0.0,0.0,0.0,0.0,0.0,4598.2718096519275
69.59,1.0,2.0,0.0,0.0,0.0,0.0,0.0,4598.2718096519275
66.07,1.0,2.0,0.0,0.0,0.0,0.0,0.0,4598.2718096519275
62.4,1.0,2.0,0.0,0.0,0.0,0.0,0.0,4598.2718096519275
57.93,1.0,2.0,0.0,0.0,0.0,0.0,0.0,4598.2718096519275
58.2,1.0,2.0,0.0,0.0,0.0,0.0,0.0,4598.2718096519275
61.73,1.0,2.0,0.0,0.0,0.0,0.0,0.0,4598.2718096519275
71.64,1.0,2.0,0.0,0.0,0.0,0.0,0.0,4598.2718096519275
87.36,1.0,2.0,0.0,0.0,0.0,0.0,0.0,4598.2718096519275
89.8,1.0,2.0,0.0,-0.0,0.0,-0.0,0.0,4598.2718096519275
112.25,1.0,2.0,0.0,0.0,0.0,0.0,0.0,4598.2718096519275
113.1,1.0,2.0,0.0,0.0,0.0,0.0,0.0,4598.2718096519275
107.98,1.0,2.0,0.0,0.0,0.0,0.0,0.0,4598.2718096519275
107.12,1.0,2.0,0.0,0.0,0.0,0.0,0.0,4598.2718096519275
113.07,1.0,2.0,0.0,0.0,0.0,0.0,0.0,4598.2718096519275
127.84,1.0,2.0,0.0,-0.0,0.0,-0.0,0.0,4598.2718096519275
112.64,1.0,2.0,0.0,0.0,0.0,0.0,0.0,4598.2718096519275
135.0,0.4729537233052701,0.9459074466105402,0.0,1.0,0.0,1.0540925533894598,132.49,4730.761809651927
130.04,-0.0,-0.0,0.0,0.8973665961010275,0.0,0.9459074466105402,114.44116200076404,4845.202971652691
114.63,0.0,0.0,0.0,0.0,0.0,0.0,0.0,4845.202971652691
119.3,-0.0,-0.0,0.0,0.0,0.0,0.0,0.0,4845.202971652691
116.01,-0.0,-0.0,0.0,0.0,0.0,0.0,0.0,4845.202971652691
113.13,-0.0,-0.0,0.0,0.0,0.0,0.0,0.0,4845.202971652691
115.26,-0.0,-0.0,0.0,0.0,0.0,0.0,0.0,4845.202971652691
119.58,-0.0,-0.0,0.0,0.0,0.0,0.0,0.0,4845.202971652691
121.94,-0.0,-0.0,0.0,0.0,0.0,0.0,0.0,4845.202971652691
120.09,-0.0,-0.0,0.0,0.0,0.0,0.0,0.0,4845.202971652691
111.0,-0.0,-0.0,0.0,0.0,0.0,0.0,0.0,4845.202971652691
103.92,-0.0,-0.0,0.0,0.0,0.0,0.0,0.0,4845.202971652691
90.43,-0.0,-0.0,0.0,0.0,0.0,0.0,0.0,4845.202971652691
86.95,-0.0,-0.0,0.0,0.0,0.0,0.0,0.0,4845.202971652691
91.88,-0.0,-0.0,0.0,0.0,0.0,0.0,0.0,4845.202971652691
104.95,-0.0,-0.0,0.0,0.0,0.0,0.0,0.0,4845.202971652691
116.91,-0.0,-0.0,0.0,0.0,0.0,0.0,0.0,4845.202971652691
130.0,-0.0,-0.0,0.0,-0.0,0.0,-0.0,0.0,4845.202971652691
119.91,0.0,0.0,0.0,0.0,0.0,0.0,0.0,4845.202971652691
105.5,-0.0,-0.0,0.0,-0.0,0.0,-0.0,0.0,4845.202971652691
90.85,-0.0,-0.0,0.0,0.0,0.0,0.0,0.0,4845.202971652691
86.37,-0.0,-0.0,0.0,0.0,0.0,0.0,0.0,4845.202971652691
81.38,-0.0,-0.0,0.0,0.0,0.0,0.0,0.0,4845.202971652691
71.95,-0.0,-0.0,0.0,0.0,0.0,0.0,0.0,4845.202971652691
69.07,0.0,0.0,0.0,0.0,0.0,0.0,0.0,4845.202971652691
65.1,-0.0,-0.0,0.0,0.0,0.0,0.0,0.0,4845.202971652691
62.92,0.4743416490252569,0.9486832980505138,1.0,0.0,0.9486832980505138,0.0,-81.7,4763.5029716526915
63.78,0.5256583509747431,1.0513167019494862,0.10818510677891963,0.0,0.10263340389897246,0.0,-8.931762415667604,4754.571209237024
63.6,1.0,2.0,1.0,0.0,0.9486832980505138,0.0,-82.38,4672.191209237024
67.11,1.0,2.0,0.0,0.0,0.0,0.0,0.0,4672.191209237024
85.85,1.0,2.0,-0.0,0.0,-0.0,0.0,0.0,4672.191209237024
115.42,1.0,2.0,0.0,0.0,0.0,0.0,0.0,4672.191209237024
130.73,0.4729537233052701,0.9459074466105402,0.0,1.0,0.0,1.0540925533894598,128.22,4800.411209237024
121.11,-0.0,-0.0,0.0,0.8973665961010275,0.0,0.9459074466105402,106.42767829758186,4906.838887534606
102.16,-0.0,-0.0,0.0,0.0,0.0,0.0,0.0,4906.838887534606
83.25,-0.0,-0.0,0.0,0.0,0.0,0.0,0.0,4906.838887534606
76.47,-0.0,-0.0,0.0,0.0,0.0,0.0,0.0,4906.838887534606
75.8,0.0,0.0,0.0,0.0,0.0,0.0,0.0,4906.838887534606
79.05,-0.0,-0.0,0.0,0.0,0.0,0.0,0.0,4906.838887534606
78.39,-0.0,-0.0,0.0,0.0,0.0,0.0,0.0,4906.838887534606
84.55,-0.0,-0.0,0.0,0.0,0.0,0.0,0.0,4906.838887534606
87.62,-0.0,-0.0,0.0,0.0,0.0,0.0,0.0,4906.838887534606
90.58,-0.0,-0.0,0.0,-0.0,0.0,-0.0,0.0,4906.838887534606
78.12,-0.0,-0.0,0.0,0.0,0.0,0.0,0.0,4906.838887534606
69.53,-0.0,-0.0,0.0,0.0,0.0,0.0,0.0,4906.838887534606
67.3,-0.0,-0.0,0.0,0.0,0.0,0.0,0.0,4906.838887534606
65.11,-0.0,-0.0,0.0,0.0,0.0,0.0,0.0,4906.838887534606
63.93,-0.0,-0.0,0.0,0.0,0.0,0.0,0.0,4906.838887534606
54.09,0.0,0.0,0.0,0.0,0.0,0.0,0.0,4906.838887534606
55.92,0.4743416490252569,0.9486832980505138,1.0,0.0,0.9486832980505138,0.0,-74.7,4832.1388875346065
55.72,0.9486832980505138,1.8973665961010275,1.0,0.0,0.9486832980505138,0.0,-74.5,4757.6388875346065
56.19,1.0,2.0,0.10818510677891963,0.0,0.10263340389897246,0.0,-8.110637455215604,4749.528250079391
56.24,1.0,2.0,0.0,0.0,0.0,0.0,0.0,4749.528250079391
59.92,1.0,2.0,0.0,0.0,0.0,0.0,0.0,4749.528250079391
69.8,1.0,2.0,0.0,0.0,0.0,0.0,0.0,4749.528250079391
81.69,1.0,2.0,0.0,0.0,0.0,0.0,0.0,4749.528250079391
99.41,1.0,2.0,0.0,0.0,0.0,0.0,0.0,4749.528250079391
86.03,1.0,2.0,0.0,0.0,0.0,0.0,0.0,4749.528250079391
73.04,1.0,2.0,0.0,0.0,0.0,0.0,0.0,4749.528250079391
71.16,1.0,2.0,0.0,0.0,0.0,0.0,0.0,4749.528250079391
70.69,1.0,2.0,0.0,0.0,0.0,0.0,0.0,4749.528250079391
72.52,1.0,2.0,0.0,0.0,0.0,0.0,0.0,4749.528250079391
74.51,1.0,2.0,0.0,0.0,0.0,0.0,0.0,4749.528250079391
77.89,1.0,2.0,0.0,0.0,0.0,0.0,0.0,4749.528250079391
81.7,1.0,2.0,0.0,0.0,0.0,0.0,0.0,4749.528250079391
93.89,1.0,2.0,0.0,0.0,0.0,0.0,0.0,4749.528250079391
105.91,1.0,2.0,0.0,-0.0,0.0,-0.0,0.0,4749.528250079391
89.99,1.0,2.0,0.0,0.0,0.0,0.0,0.0,4749.528250079391
80.98,1.0,2.0,0.0,0.0,0.0,0.0,0.0,4749.528250079391
79.72,1.0,2.0,0.0,0.0,0.0,0.0,0.0,4749.528250079391
80.55,1.0,2.0,0.0,0.0,0.0,0.0,0.0,4749.528250079391
76.8,1.0,2.0,0.0,0.0,0.0,0.0,0.0,4749.528250079391
79.74,1.0,2.0,0.0,0.0,0.0,0.0,0.0,4749.528250079391
78.66,1.0,2.0,0.0,0.0,0.0,0.0,0.0,4749.528250079391
78.05,1.0,2.0,0.0,0.0,0.0,0.0,0.0,4749.528250079391
77.7,1.0,2.0,0.0,0.0,0.0,0.0,0.0,4749.528250079391
79.43,1.0,2.0,0.0,0.0,0.0,0.0,0.0,4749.528250079391
81.11,1.0,2.0,0.0,0.0,0.0,0.0,0.0,4749.528250079391
108.05,1.0,2.0,0.0,-0.0,0.0,-0.0,0.0,4749.528250079391
149.08,1.0,2.0,0.0,0.0,0.0,0.0,0.0,4749.528250079391
164.36,1.0,2.0,0.0,-0.0,0.0,-0.0,0.0,4749.528250079391
158.07,1.0,2.0,0.0,0.0,0.0,0.0,0.0,4749.528250079391
131.03,1.0,2.0,0.0,0.0,0.0,0.0,0.0,4749.528250079391
113.77,1.0,2.0,0.0,0.0,0.0,0.0,0.0,4749.528250079391
111.25,1.0,2.0,0.0,0.0,0.0,0.0,0.0,4749.528250079391
117.31,1.0,2.0,0.0,0.0,0.0,0.0,0.0,4749.528250079391
129.19,1.0,2.0,0.0,0.0,0.0,0.0,0.0,4749.528250079391
137.62,1.0,2.0,0.0,0.0,0.0,0.0,0.0,4749.528250079391
168.0,1.0,2.0,0.0,0.0,0.0,0.0,0.0,4749.528250079391
183.01,1.0,2.0,0.0,-0.0,0.0,-0.0,0.0,4749.528250079391
193.81,0.4729537233052701,0.9459074466105402,0.0,1.0,0.0,1.0540925533894598,191.3,4940.828250079391
191.24,-0.0,-0.0,0.0,0.8973665961010275,0.0,0.9459074466105402,169.35999768214694,5110.188247761538
169.91,-0.0,-0.0,0.0,0.0,0.0,0.0,0.0,5110.188247761538
152.11,-0.0,-0.0,0.0,0.0,0.0,0.0,0.0,5110.188247761538
146.0,0.0,0.0,0.0,0.0,0.0,0.0,0.0,5110.188247761538
117.5,0.05131670194948623,0.10263340389897246,0.10818510677891963,0.0,0.10263340389897246,0.0,-15.449915099097511,5094.73833266244
140.33,0.05131670194948623,0.10263340389897246,0.0,0.0,0.0,0.0,0.0,5094.73833266244
137.75,0.05131670194948623,0.10263340389897246,0.0,0.0,0.0,0.0,0.0,5094.73833266244
140.79,0.05131670194948623,0.10263340389897246,0.0,0.0,0.0,0.0,0.0,5094.73833266244
136.59,0.05131670194948623,0.10263340389897246,0.0,0.0,0.0,0.0,0.0,5094.73833266244
120.01,0.5256583509747431,1.0513167019494862,1.0,0.0,0.9486832980505138,0.0,-138.79000000000002,4955.94833266244
119.42,1.0,2.0,1.0,0.0,0.9486832980505138,0.0,-138.2,4817.748332662441
141.71,1.0,2.0,0.0,0.0,0.0,0.0,0.0,4817.748332662441
189.79,1.0,2.0,0.0,0.0,0.0,0.0,0.0,4817.748332662441
219.68,0.4729537233052701,0.9459074466105402,0.0,1.0,0.0,1.0540925533894598,217.17000000000002,5034.918332662441
214.69,-0.0,-0.0,0.0,0.8973665961010275,0.0,0.9459074466105402,190.40324436071603,5225.321577023156
198.6,-0.0,-0.0,0.0,0.0,0.0,0.0,0.0,5225.321577023156
178.98,-0.0,-0.0,0.0,0.0,0.0,0.0,0.0,5225.321577023156
166.98,0.0,0.0,0.0,0.0,0.0,0.0,0.0,5225.321577023156
142.12,-0.0,-0.0,0.0,0.0,0.0,0.0,0.0,5225.321577023156
140.28,0.4743416490252569,0.9486832980505138,1.0,0.0,0.9486832980505138,0.0,-175.4,5049.921577023157
143.45,0.4743416490252569,0.9486832980505138,0.0,0.0,0.0,0.0,0.0,5049.921577023157
152.1,0.4743416490252569,0.9486832980505138,0.0,0.0,0.0,0.0,0.0,5049.921577023157
198.03,-0.0,-0.0,0.0,0.8999999999999999,0.0,0.9486832980505138,175.968,5225.889577023157
195.65,0.0,0.0,0.0,0.0,0.0,0.0,0.0,5225.889577023157
179.1,-0.0,-0.0,0.0,-0.0,0.0,-0.0,0.0,5225.889577023157
157.04,-0.0,-0.0,0.0,0.0,0.0,0.0,0.0,5225.889577023157
145.89,-0.0,-0.0,0.0,0.0,0.0,0.0,0.0,5225.889577023157
136.8,0.0,0.0,0.0,0.0,0.0,0.0,0.0,5225.889577023157
125.2,0.0,0.0,-0.0,0.0,-0.0,0.0,0.0,5225.889577023157
137.57,-0.0,-0.0,0.0,0.0,0.0,0.0,0.0,5225.889577023157
132.8,-0.0,-0.0,0.0,0.0,0.0,0.0,0.0,5225.889577023157
128.5,0.05131670194948623,0.10263340389897246,0.10818510677891963,0.0,0.10263340389897246,0.0,-15.933502526399282,5209.9560744967575
127.65,0.5256583509747431,1.0513167019494862,1.0,0.0,0.9486832980505138,0.0,-146.43,5063.526074496757
127.27,1.0,2.0,1.0,0.0,0.9486832980505138,0.0,-146.05,4917.476074496757
139.59,1.0,2.0,0.0,0.0,0.0,0.0,0.0,4917.476074496757
160.9,1.0,2.0,-0.0,0.0,-0.0,0.0,0.0,4917.476074496757
227.08,0.5270462766947299,1.0540925533894598,0.0,0.8973665961010275,0.0,0.9459074466105402,201.52161648640777,5118.997690983165
265.64,0.0,0.0,0.0,1.0,0.0,1.0540925533894598,263.13,5382.127690983165
215.11,0.0,0.0,0.0,-0.0,0.0,-0.0,0.0,5382.127690983165
181.03,-0.0,-0.0,0.0,0.0,0.0,0.0,0.0,5382.127690983165
163.01,-0.0,-0.0,0.0,0.0,0.0,0.0,0.0,5382.127690983165
149.86,0.4743416490252569,0.9486832980505138,1.0,0.0,0.9486832980505138,0.0,-175.17000000000002,5206.957690983165
148.61,0.9486832980505138,1.8973665961010275,1.0,0.0,0.9486832980505138,0.0,-173.92000000000002,5033.037690983165
155.8,1.0,2.0,0.10818510677891963,0.0,0.10263340389897246,0.0,-19.593404688730136,5013.444286294434
175.05,1.0,2.0,-0.0,0.0,-0.0,0.0,0.0,5013.444286294434
200.0,1.0,2.0,0.0,0.0,0.0,0.0,0.0,5013.444286294434
298.91,0.4729537233052701,0.9459074466105402,0.0,1.0,0.0,1.0540925533894598,296.40000000000003,5309.844286294434
293.06,0.0,0.0,0.0,0.8973665961010275,0.0,0.9459074466105402,260.7298644971536,5570.574150791587
225.7,0.0,0.0,-0.0,0.0,-0.0,0.0,0.0,5570.574150791587
183.55,-0.0,-0.0,0.0,-0.0,0.0,-0.0,0.0,5570.574150791587
163.79,-0.0,-0.0,0.0,0.0,0.0,0.0,0.0,5570.574150791587
153.0,-0.0,-0.0,0.0,0.0,0.0,0.0,0.0,5570.574150791587
140.03,0.0,0.0,0.0,0.0,0.0,0.0,0.0,5570.574150791587
135.29,-0.0,-0.0,0.0,0.0,0.0,0.0,0.0,5570.574150791587
130.34,-0.0,-0.0,0.0,0.0,0.0,0.0,0.0,5570.574150791587
120.0,0.0,0.0,-0.0,0.0,-0.0,0.0,0.0,5570.574150791587
118.24,0.4743416490252569,0.9486832980505138,1.0,0.0,0.9486832980505138,0.0,-137.01999999999998,5433.554150791588
118.45,0.5256583509747431,1.0513167019494862,0.10818510677891963,0.0,0.10263340389897246,0.0,-14.84624220327114,5418.707908588317
120.3,0.5256583509747431,1.0513167019494862,0.0,0.0,0.0,0.0,0.0,5418.707908588317
129.54,0.5256583509747431,1.0513167019494862,0.0,0.0,0.0,0.0,0.0,5418.707908588317
145.07,0.5256583509747431,1.0513167019494862,0.0,0.0,0.0,0.0,0.0,5418.707908588317
150.67,0.5256583509747431,1.0513167019494862,0.0,0.0,0.0,0.0,0.0,5418.707908588317
137.01,0.5256583509747431,1.0513167019494862,0.0,0.0,0.0,0.0,0.0,5418.707908588317
124.59,0.5256583509747431,1.0513167019494862,0.0,0.0,0.0,0.0,0.0,5418.707908588317
118.36,0.5256583509747431,1.0513167019494862,0.0,0.0,0.0,0.0,0.0,5418.707908588317
112.39,0.5256583509747431,1.0513167019494862,0.0,0.0,0.0,0.0,0.0,5418.707908588317
110.01,1.0,2.0,1.0,0.0,0.9486832980505138,0.0,-135.32,5283.387908588317
116.15,1.0,2.0,0.0,0.0,0.0,0.0,0.0,5283.387908588317
128.83,1.0,2.0,0.0,0.0,0.0,0.0,0.0,5283.387908588317
140.0,1.0,2.0,0.0,0.0,0.0,0.0,0.0,5283.387908588317
158.66,1.0,2.0,0.0,0.0,0.0,0.0,0.0,5283.387908588317
170.53,0.4729537233052701,0.9459074466105402,0.0,1.0,0.0,1.0540925533894598,168.02,5451.407908588318
163.91,0.0,0.0,0.0,0.8973665961010275,0.0,0.9459074466105402,144.83496861070583,5596.2428771990235
147.29,-0.0,-0.0,0.0,0.0,0.0,0.0,0.0,5596.2428771990235
128.06,-0.0,-0.0,0.0,0.0,0.0,0.0,0.0,5596.2428771990235
131.63,-0.0,-0.0,0.0,0.0,0.0,0.0,0.0,5596.2428771990235
124.54,-0.0,-0.0,0.0,0.0,0.0,0.0,0.0,5596.2428771990235
134.11,-0.0,-0.0,0.0,0.0,0.0,0.0,0.0,5596.2428771990235
128.9,-0.0,-0.0,0.0,0.0,0.0,0.0,0.0,5596.2428771990235
123.57,0.0,0.0,-0.0,0.0,-0.0,0.0,0.0,5596.2428771990235
119.9,0.4743416490252569,0.9486832980505138,1.0,0.0,0.9486832980505138,0.0,-138.68,5457.562877199023
119.57,0.9486832980505138,1.8973665961010275,1.0,0.0,0.9486832980505138,0.0,-138.35,5319.212877199023
120.18,0.9486832980505138,1.8973665961010275,0.0,0.0,0.0,0.0,0.0,5319.212877199023
119.92,1.0,2.0,0.10818510677891963,0.0,0.10263340389897246,0.0,-15.005274310236153,5304.207602888787
127.51,1.0,2.0,0.0,0.0,0.0,0.0,0.0,5304.207602888787
129.6,1.0,2.0,0.0,0.0,0.0,0.0,0.0,5304.207602888787
130.49,1.0,2.0,0.0,0.0,0.0,0.0,0.0,5304.207602888787
127.7,1.0,2.0,0.0,0.0,0.0,0.0,0.0,5304.207602888787
124.03,1.0,2.0,0.0,0.0,0.0,0.0,0.0,5304.207602888787
124.67,1.0,2.0,0.0,0.0,0.0,0.0,0.0,5304.207602888787
118.77,1.0,2.0,0.0,0.0,0.0,0.0,0.0,5304.207602888787
121.02,1.0,2.0,0.0,0.0,0.0,0.0,0.0,5304.207602888787
129.55,1.0,2.0,0.0,0.0,0.0,0.0,0.0,5304.207602888787
137.68,1.0,2.0,0.0,0.0,0.0,0.0,0.0,5304.207602888787
153.98,1.0,2.0,0.0,0.0,0.0,0.0,0.0,5304.207602888787
169.98,0.4729537233052701,0.9459074466105402,0.0,1.0,0.0,1.0540925533894598,167.47,5471.677602888787
160.29,0.05131670194948623,0.10263340389897246,0.0,0.7999999999999998,0.0,0.8432740427115677,126.22399999999998,5597.901602888787
153.72,0.05131670194948623,0.10263340389897246,0.0,0.0,0.0,0.0,0.0,5597.901602888787
139.34,0.05131670194948623,0.10263340389897246,0.0,0.0,0.0,0.0,0.0,5597.901602888787
137.62,0.05131670194948623,0.10263340389897246,0.0,0.0,0.0,0.0,0.0,5597.901602888787
131.51,0.05131670194948623,0.10263340389897246,0.0,0.0,0.0,0.0,0.0,5597.901602888787
128.05,0.05131670194948623,0.10263340389897246,0.0,0.0,0.0,0.0,0.0,5597.901602888787
121.06,0.5256583509747431,1.0513167019494862,1.0,0.0,0.9486832980505138,0.0,-139.84,5458.061602888787
120.34,1.0,2.0,1.0,0.0,0.9486832980505138,0.0,-139.12,5318.941602888787
125.52,1.0,2.0,-0.0,0.0,-0.0,0.0,0.0,5318.941602888787
128.94,1.0,2.0,0.0,0.0,0.0,0.0,0.0,5318.941602888787
131.54,1.0,2.0,0.0,0.0,0.0,0.0,0.0,5318.941602888787
150.67,1.0,2.0,0.0,0.0,0.0,0.0,0.0,5318.941602888787
204.74,0.5270462766947299,1.0540925533894598,0.0,0.8973665961010275,0.0,0.9459074466105402,181.47444672951082,5500.416049618298
209.79,0.0,0.0,0.0,1.0,0.0,1.0540925533894598,207.28,5707.696049618297
171.3,-0.0,-0.0,0.0,-0.0,0.0,-0.0,0.0,5707.696049618297
139.67,-0.0,-0.0,0.0,0.0,0.0,0.0,0.0,5707.696049618297
117.19,0.0,0.0,0.0,0.0,0.0,0.0,0.0,5707.696049618297
109.47,0.4743416490252569,0.9486832980505138,1.0,0.0,0.9486832980505138,0.0,-144.59,5563.106049618297
106.78,0.9486832980505138,1.8973665961010275,1.0,0.0,0.9486832980505138,0.0,-141.9,5421.206049618298
111.89,1.0,2.0,0.10818510677891963,0.0,0.10263340389897246,0.0,-15.904292547568975,5405.301757070729
127.32,1.0,2.0,0.0,0.0,0.0,0.0,0.0,5405.301757070729
155.43,1.0,2.0,-0.0,0.0,-0.0,0.0,0.0,5405.301757070729
221.61,0.5270462766947299,1.0540925533894598,0.0,0.8973665961010275,0.0,0.9459074466105402,196.61302120573515,5601.914778276464
271.0,0.0,0.0,0.0,1.0,0.0,1.0540925533894598,268.49,5870.404778276464
215.36,-0.0,-0.0,0.0,-0.0,0.0,-0.0,0.0,5870.404778276464
177.86,0.0,0.0,0.0,0.0,0.0,0.0,0.0,5870.404778276464
155.19,-0.0,-0.0,0.0,0.0,0.0,0.0,0.0,5870.404778276464
139.39,-0.0,-0.0,0.0,0.0,0.0,0.0,0.0,5870.404778276464
129.57,-0.0,-0.0,-0.0,0.0,-0.0,0.0,0.0,5870.404778276464
132.95,0.0,0.0,0.0,0.0,0.0,0.0,0.0,5870.404778276464
125.0,-0.0,-0.0,0.0,0.0,0.0,0.0,0.0,5870.404778276464
123.56,0.0,0.0,-0.0,0.0,-0.0,0.0,0.0,5870.404778276464
117.11,0.4743416490252569,0.9486832980505138,1.0,0.0,0.9486832980505138,0.0,-135.89,5734.514778276463
115.66,0.9486832980505138,1.8973665961010275,1.0,0.0,0.9486832980505138,0.0,-134.44,5600.074778276464
121.52,1.0,2.0,0.10818510677891963,0.0,0.10263340389897246,0.0,-15.178370481082423,5584.8964077953815
140.39,1.0,2.0,0.0,0.0,0.0,0.0,0.0,5584.8964077953815
190.34,0.5270462766947299,1.0540925533894598,0.0,0.8973665961010275,0.0,0.9459074466105402,168.552367745656,5753.448775541037
193.8,0.0,0.0,0.0,1.0,0.0,1.0540925533894598,191.29000000000002,5944.738775541037
143.53,-0.0,-0.0,0.0,0.0,0.0,0.0,0.0,5944.738775541037
124.24,-0.0,-0.0,0.0,0.0,0.0,0.0,0.0,5944.738775541037
109.71,0.0,0.0,-0.0,0.0,-0.0,0.0,0.0,5944.738775541037
96.41,0.4743416490252569,0.9486832980505138,1.0,0.0,0.9486832980505138,0.0,-131.53,5813.2087755410375
88.53,0.9486832980505138,1.8973665961010275,1.0,0.0,0.9486832980505138,0.0,-123.65,5689.558775541038
98.35,1.0,2.0,0.10818510677891963,0.0,0.10263340389897246,0.0,-14.439466201782402,5675.119309339256
110.0,1.0,2.0,-0.0,0.0,-0.0,0.0,0.0,5675.119309339256
128.16,1.0,2.0,0.0,0.0,0.0,0.0,0.0,5675.119309339256
176.82,0.4729537233052701,0.9459074466105402,0.0,1.0,0.0,1.0540925533894598,174.31,5849.429309339256
174.32,0.0,0.0,0.0,0.8973665961010275,0.0,0.9459074466105402,154.17655487611754,6003.605864215374
155.91,0.0,0.0,0.0,-0.0,0.0,-0.0,0.0,6003.605864215374
142.42,-0.0,-0.0,0.0,-0.0,0.0,-0.0,0.0,6003.605864215374
129.41,-0.0,-0.0,0.0,0.0,0.0,0.0,0.0,6003.605864215374
121.9,-0.0,-0.0,0.0,0.0,0.0,0.0,0.0,6003.605864215374
114.45,-0.0,-0.0,0.0,0.0,0.0,0.0,0.0,6003.605864215374
104.54,0.0,0.0,0.0,0.0,0.0,0.0,0.0,6003.605864215374
99.29,-0.0,-0.0,-0.0,0.0,-0.0,0.0,0.0,6003.605864215374
99.6,0.0,0.0,0.0,0.0,0.0,0.0,0.0,6003.605864215374
97.29,0.4743416490252569,0.9486832980505138,1.0,0.0,0.9486832980505138,0.0,-116.07000000000001,5887.535864215374
94.5,0.9486832980505138,1.8973665961010275,1.0,0.0,0.9486832980505138,0.0,-113.28,5774.2558642153745
97.48,1.0,2.0,0.10818510677891963,0.0,0.10263340389897246,0.0,-12.577600514117195,5761.6782637012575
115.0,1.0,2.0,0.0,0.0,0.0,0.0,0.0,5761.6782637012575
149.5,0.5270462766947299,1.0540925533894598,0.0,0.8973665961010275,0.0,0.9459074466105402,131.90391596089003,5893.582179662148
166.37,0.0,0.0,0.0,1.0,0.0,1.0540925533894598,163.86,6057.442179662147
128.76,-0.0,-0.0,0.0,0.0,0.0,0.0,0.0,6057.442179662147
107.91,-0.0,-0.0,0.0,0.0,0.0,0.0,0.0,6057.442179662147
89.28,-0.0,-0.0,0.0,0.0,0.0,0.0,0.0,6057.442179662147
81.52,0.4743416490252569,0.9486832980505138,1.0,0.0,0.9486832980505138,0.0,-116.63999999999999,5940.802179662147
82.74,0.9486832980505138,1.8973665961010275,1.0,0.0,0.9486832980505138,0.0,-117.85999999999999,5822.942179662147
85.2,1.0,2.0,0.10818510677891963,0.0,0.10263340389897246,0.0,-13.01683204763961,5809.925347614508
90.63,1.0,2.0,0.0,0.0,0.0,0.0,0.0,5809.925347614508
110.03,1.0,2.0,0.0,0.0,0.0,0.0,0.0,5809.925347614508
131.28,1.0,2.0,0.0,0.0,0.0,0.0,0.0,5809.925347614508
142.98,0.4729537233052701,0.9459074466105402,0.0,1.0,0.0,1.0540925533894598,140.47,5950.395347614508
136.32,0.0,0.0,0.0,0.8973665961010275,0.0,0.9459074466105402,120.07662422427849,6070.471971838787
113.53,-0.0,-0.0,0.0,-0.0,0.0,-0.0,0.0,6070.471971838787
98.68,-0.0,-0.0,0.0,0.0,0.0,0.0,0.0,6070.471971838787
87.75,-0.0,-0.0,0.0,0.0,0.0,0.0,0.0,6070.471971838787
81.16,0.0,0.0,0.0,0.0,0.0,0.0,0.0,6070.471971838787
70.9,-0.0,-0.0,0.0,0.0,0.0,0.0,0.0,6070.471971838787
69.73,0.0,0.0,-0.0,0.0,-0.0,0.0,0.0,6070.471971838787
68.88,-0.0,-0.0,0.0,0.0,0.0,0.0,0.0,6070.471971838787
67.08,0.05131670194948623,0.10263340389897246,0.10818510677891963,0.0,0.10263340389897246,0.0,-9.288773268038039,6061.183198570749
65.38,0.5256583509747431,1.0513167019494862,1.0,0.0,0.9486832980505138,0.0,-84.16,5977.023198570749
64.5,1.0,2.0,1.0,0.0,0.9486832980505138,0.0,-83.28,5893.743198570749
75.77,1.0,2.0,0.0,0.0,0.0,0.0,0.0,5893.743198570749
102.85,0.5270462766947299,1.0540925533894598,0.0,0.8973665961010275,0.0,0.9459074466105402,90.0417642527771,5983.784962823526
105.82,-0.0,-0.0,0.0,1.0,0.0,1.0540925533894598,103.30999999999999,6087.094962823527
65.11,-0.0,-0.0,0.0,0.0,0.0,0.0,0.0,6087.094962823527
61.22,-0.0,-0.0,0.0,0.0,0.0,0.0,0.0,6087.094962823527
60.32,-0.0,-0.0,0.0,0.0,0.0,0.0,0.0,6087.094962823527
57.83,0.0,0.0,0.0,0.0,0.0,0.0,0.0,6087.094962823527
58.47,-0.0,-0.0,0.0,0.0,0.0,0.0,0.0,6087.094962823527
65.13,-0.0,-0.0,0.0,0.0,0.0,0.0,0.0,6087.094962823527
65.71,-0.0,-0.0,0.0,0.0,0.0,0.0,0.0,6087.094962823527
67.74,-0.0,-0.0,0.0,0.0,0.0,0.0,0.0,6087.094962823527
71.2,-0.0,-0.0,0.0,0.0,0.0,0.0,0.0,6087.094962823527
66.42,-0.0,-0.0,0.0,0.0,0.0,0.0,0.0,6087.094962823527
60.34,-0.0,-0.0,0.0,0.0,0.0,0.0,0.0,6087.094962823527
56.83,-0.0,-0.0,0.0,0.0,0.0,0.0,0.0,6087.094962823527
50.03,-0.0,-0.0,0.0,0.0,0.0,0.0,0.0,6087.094962823527
44.81,-0.0,-0.0,0.0,0.0,0.0,0.0,0.0,6087.094962823527
43.87,-0.0,-0.0,0.0,0.0,0.0,0.0,0.0,6087.094962823527
38.99,0.05131670194948623,0.10263340389897246,0.10818510677891963,0.0,0.10263340389897246,0.0,-6.9563023658845315,6080.138660457642
41.15,0.5256583509747431,1.0513167019494862,1.0,0.0,0.9486832980505138,0.0,-59.93,6020.208660457642
46.56,0.5256583509747431,1.0513167019494862,0.0,0.0,0.0,0.0,0.0,6020.208660457642
44.41,1.0,2.0,1.0,0.0,0.9486832980505138,0.0,-63.19,5957.018660457642
47.8,1.0,2.0,0.0,0.0,0.0,0.0,0.0,5957.018660457642
54.22,1.0,2.0,0.0,0.0,0.0,0.0,0.0,5957.018660457642
67.1,1.0,2.0,0.0,0.0,0.0,0.0,0.0,5957.018660457642
111.73,1.0,2.0,0.0,0.0,0.0,0.0,0.0,5957.018660457642
135.02,0.4729537233052701,0.9459074466105402,0.0,1.0,0.0,1.0540925533894598,132.51000000000002,6089.528660457642
112.2,0.0,0.0,0.0,0.8973665961010275,0.0,0.9459074466105402,98.43214192632172,6187.960802383964
92.01,-0.0,-0.0,0.0,0.0,0.0,0.0,0.0,6187.960802383964
77.93,-0.0,-0.0,0.0,0.0,0.0,0.0,0.0,6187.960802383964
69.0,0.0,0.0,-0.0,0.0,-0.0,0.0,0.0,6187.960802383964
69.0,-0.0,-0.0,-0.0,0.0,-0.0,0.0,0.0,6187.960802383964
69.47,-0.0,-0.0,0.0,0.0,0.0,0.0,0.0,6187.960802383964
75.49,-0.0,-0.0,0.0,0.0,0.0,0.0,0.0,6187.960802383964
73.19,-0.0,-0.0,0.0,0.0,0.0,0.0,0.0,6187.960802383964
84.27,-0.0,-0.0,0.0,0.0,0.0,0.0,0.0,6187.960802383964
73.57,0.0,0.0,0.0,0.0,0.0,0.0,0.0,6187.960802383964
61.45,-0.0,-0.0,0.0,0.0,0.0,0.0,0.0,6187.960802383964
55.56,-0.0,-0.0,0.0,0.0,0.0,0.0,0.0,6187.960802383964
52.04,-0.0,-0.0,0.0,0.0,0.0,0.0,0.0,6187.960802383964
49.43,-0.0,-0.0,0.0,0.0,0.0,0.0,0.0,6187.960802383964
48.6,-0.0,-0.0,0.0,0.0,0.0,0.0,0.0,6187.960802383964
40.25,-0.0,-0.0,0.0,0.0,0.0,0.0,0.0,6187.960802383964
41.83,-0.0,-0.0,0.0,0.0,0.0,0.0,0.0,6187.960802383964
42.03,-0.0,-0.0,0.0,0.0,0.0,0.0,0.0,6187.960802383964
41.34,0.05131670194948623,0.10263340389897246,0.10818510677891963,0.0,0.10263340389897246,0.0,-6.504088619548648,6181.456713764415
39.79,0.5256583509747431,1.0513167019494862,1.0,0.0,0.9486832980505138,0.0,-58.57,6122.886713764416
40.95,1.0,2.0,1.0,0.0,0.9486832980505138,0.0,-59.730000000000004,6063.156713764416
47.4,1.0,2.0,0.0,0.0,0.0,0.0,0.0,6063.156713764416
52.12,1.0,2.0,0.0,0.0,0.0,0.0,0.0,6063.156713764416
52.79,1.0,2.0,0.0,0.0,0.0,0.0,0.0,6063.156713764416
60.39,1.0,2.0,0.0,0.0,0.0,0.0,0.0,6063.156713764416
53.21,1.0,2.0,0.0,0.0,0.0,0.0,0.0,6063.156713764416
47.13,1.0,2.0,0.0,0.0,0.0,0.0,0.0,6063.156713764416
40.4,1.0,2.0,0.0,0.0,0.0,0.0,0.0,6063.156713764416
52.69,1.0,2.0,0.0,0.0,0.0,0.0,0.0,6063.156713764416
61.67,1.0,2.0,0.0,0.0,0.0,0.0,0.0,6063.156713764416
66.11,1.0,2.0,0.0,0.0,0.0,0.0,0.0,6063.156713764416
90.38,1.0,2.0,0.0,0.0,0.0,0.0,0.0,6063.156713764416
108.08,0.4729537233052701,0.9459074466105402,0.0,1.0,0.0,1.0540925533894598,105.57,6168.726713764416
106.98,-0.0,-0.0,0.0,0.8973665961010275,0.0,0.9459074466105402,93.74788829467435,6262.47460205909
105.88,-0.0,-0.0,0.0,0.0,0.0,0.0,0.0,6262.47460205909
91.69,-0.0,-0.0,0.0,0.0,0.0,0.0,0.0,6262.47460205909
91.77,-0.0,-0.0,0.0,0.0,0.0,0.0,0.0,6262.47460205909
94.27,-0.0,-0.0,0.0,0.0,0.0,0.0,0.0,6262.47460205909
83.51,0.0,0.0,0.0,0.0,0.0,0.0,0.0,6262.47460205909
91.1,-0.0,-0.0,0.0,0.0,0.0,0.0,0.0,6262.47460205909
84.99,-0.0,-0.0,0.0,0.0,0.0,0.0,0.0,6262.47460205909
86.21,-0.0,-0.0,0.0,0.0,0.0,0.0,0.0,6262.47460205909
83.63,-0.0,-0.0,0.0,0.0,0.0,0.0,0.0,6262.47460205909
84.3,-0.0,-0.0,0.0,0.0,0.0,0.0,0.0,6262.47460205909
85.79,-0.0,-0.0,0.0,0.0,0.0,0.0,0.0,6262.47460205909
86.62,-0.0,-0.0,0.0,0.0,0.0,0.0,0.0,6262.47460205909
85.0,-0.0,-0.0,0.0,0.0,0.0,0.0,0.0,6262.47460205909
98.06,0.0,0.0,0.0,-0.0,0.0,-0.0,0.0,6262.47460205909
93.0,-0.0,-0.0,0.0,0.0,0.0,0.0,0.0,6262.47460205909
76.13,-0.0,-0.0,0.0,0.0,0.0,0.0,0.0,6262.47460205909
60.46,-0.0,-0.0,0.0,0.0,0.0,0.0,0.0,6262.47460205909
49.81,0.0,0.0,-0.0,0.0,-0.0,0.0,0.0,6262.47460205909
48.94,0.052704627669473036,0.10540925533894607,0.11111111111111122,0.0,0.10540925533894607,0.0,-9.340000000000007,6253.13460205909
47.5,0.5270462766947299,1.0540925533894598,1.0,0.0,0.9486832980505138,0.0,-82.62,6170.51460205909
52.41,0.5270462766947299,1.0540925533894598,0.0,0.0,0.0,0.0,0.0,6170.51460205909
67.1,0.5270462766947299,1.0540925533894598,0.0,0.0,0.0,0.0,0.0,6170.51460205909
92.59,0.5270462766947299,1.0540925533894598,0.0,0.0,0.0,0.0,0.0,6170.51460205909
113.34,-0.0,-0.0,0.0,1.0,0.0,1.0540925533894598,110.83,6281.34460205909
87.27,0.0,0.0,0.0,0.0,0.0,0.0,0.0,6281.34460205909
67.1,-0.0,-0.0,0.0,0.0,0.0,0.0,0.0,6281.34460205909
46.57,-0.0,-0.0,0.0,0.0,0.0,0.0,0.0,6281.34460205909
48.87,0.0,0.0,-0.0,0.0,-0.0,0.0,0.0,6281.34460205909
44.94,0.0,0.0,-0.0,0.0,-0.0,0.0,0.0,6281.34460205909
10.0,0.0,0.0,-0.0,0.0,-0.0,0.0,0.0,6281.34460205909
11.89,-0.0,-0.0,0.0,0.0,0.0,0.0,0.0,6281.34460205909
9.02,-0.0,-0.0,0.0,0.0,0.0,0.0,0.0,6281.34460205909
4.09,0.4743416490252569,0.9486832980505138,1.0,0.0,0.9486832980505138,0.0,-22.87,6258.47460205909
3.93,0.9486832980505138,1.8973665961010275,1.0,0.0,0.9486832980505138,0.0,-22.71,6235.76460205909
5.06,1.0,2.0,0.10818510677891963,0.0,0.10263340389897246,0.0,-2.579132945609444,6233.18546911348
31.91,1.0,2.0,0.0,-0.0,0.0,-0.0,0.0,6233.18546911348
48.74,1.0,2.0,0.0,0.0,0.0,0.0,0.0,6233.18546911348
52.93,1.0,2.0,0.0,-0.0,0.0,-0.0,0.0,6233.18546911348
50.91,1.0,2.0,0.0,0.0,0.0,0.0,0.0,6233.18546911348
50.33,1.0,2.0,0.0,0.0,0.0,0.0,0.0,6233.18546911348
45.0,1.0,2.0,0.0,0.0,0.0,0.0,0.0,6233.18546911348
41.88,1.0,2.0,0.0,0.0,0.0,0.0,0.0,6233.18546911348
39.99,1.0,2.0,0.0,0.0,0.0,0.0,0.0,6233.18546911348
40.02,1.0,2.0,0.0,0.0,0.0,0.0,0.0,6233.18546911348
42.63,1.0,2.0,0.0,0.0,0.0,0.0,0.0,6233.18546911348
49.99,1.0,2.0,0.0,0.0,0.0,0.0,0.0,6233.18546911348
62.67,1.0,2.0,0.0,-0.0,0.0,-0.0,0.0,6233.18546911348
77.75,1.0,2.0,0.0,0.0,0.0,0.0,0.0,6233.18546911348
87.21,1.0,2.0,0.0,-0.0,0.0,-0.0,0.0,6233.18546911348
77.2,1.0,2.0,0.0,0.0,0.0,0.0,0.0,6233.18546911348
99.91,1.0,2.0,0.0,0.0,0.0,0.0,0.0,6233.18546911348
111.96,1.0,2.0,0.0,-0.0,0.0,-0.0,0.0,6233.18546911348
106.48,1.0,2.0,0.0,0.0,0.0,0.0,0.0,6233.18546911348
86.46,1.0,2.0,0.0,0.0,0.0,0.0,0.0,6233.18546911348
89.91,1.0,2.0,0.0,0.0,0.0,0.0,0.0,6233.18546911348
92.42,1.0,2.0,0.0,0.0,0.0,0.0,0.0,6233.18546911348
92.44,1.0,2.0,0.0,0.0,0.0,0.0,0.0,6233.18546911348
94.32,1.0,2.0,0.0,0.0,0.0,0.0,0.0,6233.18546911348
103.5,1.0,2.0,0.0,0.0,0.0,0.0,0.0,6233.18546911348
140.0,1.0,2.0,0.0,0.0,0.0,0.0,0.0,6233.18546911348
162.29,1.0,2.0,0.0,0.0,0.0,0.0,0.0,6233.18546911348
169.05,1.0,2.0,0.0,-0.0,0.0,-0.0,0.0,6233.18546911348
151.16,1.0,2.0,0.0,0.0,0.0,0.0,0.0,6233.18546911348
134.88,1.0,2.0,0.0,0.0,0.0,0.0,0.0,6233.18546911348
121.83,1.0,2.0,0.0,0.0,0.0,0.0,0.0,6233.18546911348
118.5,1.0,2.0,0.0,0.0,0.0,0.0,0.0,6233.18546911348
117.56,1.0,2.0,-0.0,0.0,-0.0,0.0,0.0,6233.18546911348
124.39,1.0,2.0,0.0,0.0,0.0,0.0,0.0,6233.18546911348
134.67,1.0,2.0,0.0,0.0,0.0,0.0,0.0,6233.18546911348
157.96,1.0,2.0,0.0,0.0,0.0,0.0,0.0,6233.18546911348
194.93,0.5270462766947299,1.0540925533894598,0.0,0.8973665961010275,0.0,0.9459074466105402,172.67128042175972,6405.85674953524
215.8,0.0,0.0,0.0,1.0,0.0,1.0540925533894598,213.29000000000002,6619.14674953524
179.45,-0.0,-0.0,0.0,-0.0,0.0,-0.0,0.0,6619.14674953524
155.27,-0.0,-0.0,0.0,0.0,0.0,0.0,0.0,6619.14674953524
138.97,0.0,0.0,0.0,0.0,0.0,0.0,0.0,6619.14674953524
127.54,0.0,0.0,-0.0,0.0,-0.0,0.0,0.0,6619.14674953524
115.13,0.0,0.0,-0.0,0.0,-0.0,0.0,0.0,6619.14674953524
122.99,-0.0,-0.0,0.0,0.0,0.0,0.0,0.0,6619.14674953524
119.82,-0.0,-0.0,0.0,0.0,0.0,0.0,0.0,6619.14674953524
116.94,0.05131670194948623,0.10263340389897246,0.10818510677891963,0.0,0.10263340389897246,0.0,-14.68288269203497,6604.463866843205
115.98,0.5256583509747431,1.0513167019494862,1.0,0.0,0.9486832980505138,0.0,-134.76,6469.703866843205
116.56,1.0,2.0,1.0,0.0,0.9486832980505138,0.0,-135.34,6334.363866843205
117.27,1.0,2.0,-0.0,0.0,-0.0,0.0,0.0,6334.363866843205
130.01,1.0,2.0,0.0,0.0,0.0,0.0,0.0,6334.363866843205
159.93,1.0,2.0,0.0,0.0,0.0,0.0,0.0,6334.363866843205
175.19,0.4729537233052701,0.9459074466105402,0.0,1.0,0.0,1.0540925533894598,172.68,6507.043866843205
160.22,0.4729537233052701,0.9459074466105402,0.0,0.0,0.0,0.0,0.0,6507.043866843205
141.37,0.4729537233052701,0.9459074466105402,0.0,0.0,0.0,0.0,0.0,6507.043866843205
125.76,0.4729537233052701,0.9459074466105402,0.0,0.0,0.0,0.0,0.0,6507.043866843205
120.53,0.4729537233052701,0.9459074466105402,0.0,0.0,0.0,0.0,0.0,6507.043866843205
115.33,0.4729537233052701,0.9459074466105402,0.0,0.0,0.0,0.0,0.0,6507.043866843205
114.71,0.5270462766947299,1.0540925533894598,0.1140371154433028,0.0,0.10818510677891968,0.0,-17.086181006870056,6489.957685836335
132.9,0.5270462766947299,1.0540925533894598,0.0,0.0,0.0,0.0,0.0,6489.957685836335
149.75,0.5270462766947299,1.0540925533894598,0.0,0.0,0.0,0.0,0.0,6489.957685836335
153.16,0.5270462766947299,1.0540925533894598,0.0,0.0,0.0,0.0,0.0,6489.957685836335
172.57,0.0,0.0,0.0,1.0,0.0,1.0540925533894598,170.06,6660.017685836336
162.82,-0.0,-0.0,0.0,-0.0,0.0,-0.0,0.0,6660.017685836336
147.38,0.0,0.0,0.0,0.0,0.0,0.0,0.0,6660.017685836336
118.44,-0.0,-0.0,0.0,0.0,0.0,0.0,0.0,6660.017685836336
120.94,-0.0,-0.0,0.0,0.0,0.0,0.0,0.0,6660.017685836336
112.46,-0.0,-0.0,0.0,0.0,0.0,0.0,0.0,6660.017685836336
101.48,-0.0,-0.0,0.0,0.0,0.0,0.0,0.0,6660.017685836336
103.81,0.0,0.0,-0.0,0.0,-0.0,0.0,0.0,6660.017685836336
101.24,0.05131670194948623,0.10263340389897246,0.10818510677891963,0.0,0.10263340389897246,0.0,-12.984376515605932,6647.03330932073
99.6,0.5256583509747431,1.0513167019494862,1.0,0.0,0.9486832980505138,0.0,-118.38,6528.65330932073
100.43,1.0,2.0,1.0,0.0,0.9486832980505138,0.0,-119.21000000000001,6409.44330932073
105.62,1.0,2.0,0.0,0.0,0.0,0.0,0.0,6409.44330932073
115.15,1.0,2.0,0.0,0.0,0.0,0.0,0.0,6409.44330932073
151.24,1.0,2.0,0.0,-0.0,0.0,-0.0,0.0,6409.44330932073
159.05,0.4729537233052701,0.9459074466105402,0.0,1.0,0.0,1.0540925533894598,156.54000000000002,6565.98330932073
142.58,0.4729537233052701,0.9459074466105402,0.0,0.0,0.0,0.0,0.0,6565.98330932073
126.01,0.4729537233052701,0.9459074466105402,0.0,0.0,0.0,0.0,0.0,6565.98330932073
110.0,0.4729537233052701,0.9459074466105402,0.0,0.0,0.0,0.0,0.0,6565.98330932073
101.1,0.5256583509747431,1.0513167019494862,0.11111111111111122,0.0,0.10540925533894607,0.0,-15.13555555555557,6550.847753765174
100.8,1.0,2.0,1.0,0.0,0.9486832980505138,0.0,-135.92,6414.927753765174
110.0,1.0,2.0,0.0,0.0,0.0,0.0,0.0,6414.927753765174
118.76,1.0,2.0,0.0,0.0,0.0,0.0,0.0,6414.927753765174
142.62,1.0,2.0,0.0,0.0,0.0,0.0,0.0,6414.927753765174
158.69,1.0,2.0,0.0,0.0,0.0,0.0,0.0,6414.927753765174
174.71,0.4729537233052701,0.9459074466105402,0.0,1.0,0.0,1.0540925533894598,172.20000000000002,6587.127753765174
163.17,0.0,0.0,0.0,0.8973665961010275,0.0,0.9459074466105402,144.17091732959108,6731.298671094765
144.61,-0.0,-0.0,0.0,0.0,0.0,0.0,0.0,6731.298671094765
136.54,-0.0,-0.0,0.0,0.0,0.0,0.0,0.0,6731.298671094765
124.69,-0.0,-0.0,0.0,0.0,0.0,0.0,0.0,6731.298671094765
114.89,-0.0,-0.0,0.0,0.0,0.0,0.0,0.0,6731.298671094765
115.47,-0.0,-0.0,0.0,0.0,0.0,0.0,0.0,6731.298671094765
110.54,0.05131670194948623,0.10263340389897246,0.10818510677891963,0.0,0.10263340389897246,0.0,-13.990498008649887,6717.308173086115
109.38,0.5256583509747431,1.0513167019494862,1.0,0.0,0.9486832980505138,0.0,-128.16,6589.148173086115
106.93,1.0,2.0,1.0,0.0,0.9486832980505138,0.0,-125.71000000000001,6463.438173086115
112.03,1.0,2.0,0.0,0.0,0.0,0.0,0.0,6463.438173086115
112.63,1.0,2.0,0.0,0.0,0.0,0.0,0.0,6463.438173086115
123.97,1.0,2.0,0.0,0.0,0.0,0.0,0.0,6463.438173086115
148.83,0.5270462766947299,1.0540925533894598,0.0,0.8973665961010275,0.0,0.9459074466105402,131.30268034150237,6594.740853427617
161.82,-0.0,-0.0,0.0,1.0,0.0,1.0540925533894598,159.31,6754.050853427618
145.5,0.0,0.0,0.0,0.0,0.0,0.0,0.0,6754.050853427618
127.44,-0.0,-0.0,0.0,0.0,0.0,0.0,0.0,6754.050853427618
110.0,-0.0,-0.0,0.0,0.0,0.0,0.0,0.0,6754.050853427618
98.34,0.05131670194948623,0.10263340389897246,0.10818510677891963,0.0,0.10263340389897246,0.0,-13.377088453213412,6740.673764974405
91.5,0.5256583509747431,1.0513167019494862,1.0,0.0,0.9486832980505138,0.0,-116.81,6623.863764974404
92.0,1.0,2.0,1.0,0.0,0.9486832980505138,0.0,-117.31,6506.553764974404
101.15,1.0,2.0,0.0,0.0,0.0,0.0,0.0,6506.553764974404
124.1,1.0,2.0,0.0,0.0,0.0,0.0,0.0,6506.553764974404
147.72,1.0,2.0,0.0,0.0,0.0,0.0,0.0,6506.553764974404
156.63,0.5270462766947299,1.0540925533894598,0.0,0.8973665961010275,0.0,0.9459074466105402,138.30213979109035,6644.855904765494
158.0,0.0,0.0,0.0,1.0,0.0,1.0540925533894598,155.49,6800.345904765494
143.96,-0.0,-0.0,0.0,0.0,0.0,0.0,0.0,6800.345904765494
131.31,-0.0,-0.0,0.0,0.0,0.0,0.0,0.0,6800.345904765494
125.54,-0.0,-0.0,0.0,0.0,0.0,0.0,0.0,6800.345904765494
117.21,-0.0,-0.0,0.0,0.0,0.0,0.0,0.0,6800.345904765494
128.19,-0.0,-0.0,0.0,0.0,0.0,0.0,0.0,6800.345904765494
120.38,-0.0,-0.0,0.0,0.0,0.0,0.0,0.0,6800.345904765494
117.09,-0.0,-0.0,0.0,0.0,0.0,0.0,0.0,6800.345904765494
112.15,0.0,0.0,-0.0,0.0,-0.0,0.0,0.0,6800.345904765494
109.75,-0.0,-0.0,0.0,0.0,0.0,0.0,0.0,6800.345904765494
111.88,-0.0,-0.0,0.0,0.0,0.0,0.0,0.0,6800.345904765494
117.1,-0.0,-0.0,0.0,0.0,0.0,0.0,0.0,6800.345904765494
133.82,-0.0,-0.0,0.0,0.0,0.0,0.0,0.0,6800.345904765494
138.3,-0.0,-0.0,0.0,0.0,0.0,0.0,0.0,6800.345904765494
137.74,-0.0,-0.0,0.0,0.0,0.0,0.0,0.0,6800.345904765494
125.08,-0.0,-0.0,0.0,0.0,0.0,0.0,0.0,6800.345904765494
112.11,-0.0,-0.0,0.0,0.0,0.0,0.0,0.0,6800.345904765494
98.63,-0.0,-0.0,0.0,0.0,0.0,0.0,0.0,6800.345904765494
91.45,0.4743416490252569,0.9486832980505138,1.0,0.0,0.9486832980505138,0.0,-116.76,6683.585904765494
89.1,0.9486832980505138,1.8973665961010275,1.0,0.0,0.9486832980505138,0.0,-114.41,6569.175904765494
97.5,1.0,2.0,0.10818510677891963,0.0,0.10263340389897246,0.0,-13.28621296351912,6555.889691801975
120.18,1.0,2.0,0.0,0.0,0.0,0.0,0.0,6555.889691801975
133.86,1.0,2.0,0.0,0.0,0.0,0.0,0.0,6555.889691801975
152.0,0.4729537233052701,0.9459074466105402,0.0,1.0,0.0,1.0540925533894598,149.49,6705.379691801974
146.76,0.0,0.0,0.0,0.8973665961010275,0.0,0.9459074466105402,129.4451314875732,6834.824823289548
133.41,-0.0,-0.0,0.0,0.0,0.0,0.0,0.0,6834.824823289548
125.43,-0.0,-0.0,0.0,0.0,0.0,0.0,0.0,6834.824823289548
122.03,-0.0,-0.0,0.0,0.0,0.0,0.0,0.0,6834.824823289548
119.92,-0.0,-0.0,0.0,0.0,0.0,0.0,0.0,6834.824823289548
108.67,-0.0,-0.0,0.0,0.0,0.0,0.0,0.0,6834.824823289548
107.54,-0.0,-0.0,0.0,0.0,0.0,0.0,0.0,6834.824823289548
99.32,-0.0,-0.0,-0.0,0.0,-0.0,0.0,0.0,6834.824823289548
104.84,0.0,0.0,0.0,0.0,0.0,0.0,0.0,6834.824823289548
94.23,0.0,0.0,-0.0,0.0,-0.0,0.0,0.0,6834.824823289548
93.98,-0.0,-0.0,0.0,0.0,0.0,0.0,0.0,6834.824823289548
95.89,-0.0,-0.0,0.0,0.0,0.0,0.0,0.0,6834.824823289548
102.6,-0.0,-0.0,0.0,0.0,0.0,0.0,0.0,6834.824823289548
103.11,0.0,0.0,0.0,-0.0,0.0,-0.0,0.0,6834.824823289548
89.0,-0.0,-0.0,0.0,-0.0,0.0,-0.0,0.0,6834.824823289548
68.3,-0.0,-0.0,0.0,0.0,0.0,0.0,0.0,6834.824823289548
49.0,0.0,0.0,0.0,0.0,0.0,0.0,0.0,6834.824823289548
21.37,0.05131670194948623,0.10263340389897246,0.10818510677891963,0.0,0.10263340389897246,0.0,-6.11137668194117,6828.713446607607
3.13,0.5256583509747431,1.0513167019494862,1.0,0.0,0.9486832980505138,0.0,-38.25,6790.463446607607
2.85,1.0,2.0,1.0,0.0,0.9486832980505138,0.0,-37.97,6752.4934466076065
44.0,1.0,2.0,0.0,0.0,0.0,0.0,0.0,6752.4934466076065
74.25,1.0,2.0,0.0,0.0,0.0,0.0,0.0,6752.4934466076065
99.7,1.0,2.0,0.0,-0.0,0.0,-0.0,0.0,6752.4934466076065
136.58,0.4729537233052701,0.9459074466105402,0.0,1.0,0.0,1.0540925533894598,134.07000000000002,6886.563446607606
117.23,0.0,0.0,0.0,0.8973665961010275,0.0,0.9459074466105402,102.94589590470989,6989.509342512316
89.1,-0.0,-0.0,0.0,0.0,0.0,0.0,0.0,6989.509342512316
65.17,0.0,0.0,-0.0,0.0,-0.0,0.0,0.0,6989.509342512316
52.0,-0.0,-0.0,0.0,0.0,0.0,0.0,0.0,6989.509342512316
41.87,0.0,0.0,-0.0,0.0,-0.0,0.0,0.0,6989.509342512316
45.04,-0.0,-0.0,0.0,0.0,0.0,0.0,0.0,6989.509342512316
45.55,-0.0,-0.0,0.0,0.0,0.0,0.0,0.0,6989.509342512316
45.54,-0.0,-0.0,0.0,0.0,0.0,0.0,0.0,6989.509342512316
45.58,-0.0,-0.0,0.0,0.0,0.0,0.0,0.0,6989.509342512316
31.31,0.4743416490252569,0.9486832980505138,1.0,0.0,0.9486832980505138,0.0,-50.09,6939.419342512316
35.21,0.5270462766947299,1.0540925533894598,0.11111111111111122,0.0,0.10540925533894607,0.0,-5.998888888888894,6933.4204536234265
41.81,0.5270462766947299,1.0540925533894598,0.0,0.0,0.0,0.0,0.0,6933.4204536234265
58.7,0.5270462766947299,1.0540925533894598,0.0,0.0,0.0,0.0,0.0,6933.4204536234265
70.1,-0.0,-0.0,0.0,1.0,0.0,1.0540925533894598,67.58999999999999,7001.010453623427
44.6,-0.0,-0.0,0.0,0.0,0.0,0.0,0.0,7001.010453623427
23.35,0.0,0.0,0.0,0.0,0.0,0.0,0.0,7001.010453623427
6.4,0.05131670194948623,0.10263340389897246,0.10818510677891963,0.0,0.10263340389897246,0.0,-4.491845633460743,6996.518607989966
0.33,0.5256583509747431,1.0513167019494862,1.0,0.0,0.9486832980505138,0.0,-35.449999999999996,6961.068607989966
0.01,1.0,2.0,1.0,0.0,0.9486832980505138,0.0,-35.129999999999995,6925.938607989966
12.47,1.0,2.0,0.0,0.0,0.0,0.0,0.0,6925.938607989966
36.06,1.0,2.0,0.0,0.0,0.0,0.0,0.0,6925.938607989966
70.65,1.0,2.0,-0.0,0.0,-0.0,0.0,0.0,6925.938607989966
121.72,0.5270462766947299,1.0540925533894598,0.0,0.8973665961010275,0.0,0.9459074466105402,106.9750719212035,7032.913679911169
145.56,-0.0,-0.0,0.0,1.0,0.0,1.0540925533894598,143.05,7175.9636799111695
108.5,0.0,0.0,0.0,0.0,0.0,0.0,0.0,7175.9636799111695
95.84,-0.0,-0.0,0.0,0.0,0.0,0.0,0.0,7175.9636799111695
83.91,-0.0,-0.0,0.0,0.0,0.0,0.0,0.0,7175.9636799111695
82.75,-0.0,-0.0,0.0,0.0,0.0,0.0,0.0,7175.9636799111695
70.62,-0.0,-0.0,0.0,0.0,0.0,0.0,0.0,7175.9636799111695
65.06,-0.0,-0.0,0.0,0.0,0.0,0.0,0.0,7175.9636799111695
65.39,-0.0,-0.0,-0.0,0.0,-0.0,0.0,0.0,7175.9636799111695
65.95,0.0,0.0,0.0,0.0,0.0,0.0,0.0,7175.9636799111695
60.95,-0.0,-0.0,0.0,0.0,0.0,0.0,0.0,7175.9636799111695
52.01,-0.0,-0.0,0.0,0.0,0.0,0.0,0.0,7175.9636799111695
50.79,-0.0,-0.0,0.0,0.0,0.0,0.0,0.0,7175.9636799111695
51.39,-0.0,-0.0,0.0,0.0,0.0,0.0,0.0,7175.9636799111695
65.9,-0.0,-0.0,0.0,-0.0,0.0,-0.0,0.0,7175.9636799111695
62.85,0.0,0.0,0.0,0.0,0.0,0.0,0.0,7175.9636799111695
61.23,-0.0,-0.0,0.0,-0.0,0.0,-0.0,0.0,7175.9636799111695
25.3,0.0,0.0,0.0,0.0,0.0,0.0,0.0,7175.9636799111695
13.26,-0.0,-0.0,0.0,0.0,0.0,0.0,0.0,7175.9636799111695
4.0,0.4743416490252569,0.9486832980505138,1.0,0.0,0.9486832980505138,0.0,-39.12,7136.84367991117
4.04,0.9486832980505138,1.8973665961010275,1.0,0.0,0.9486832980505138,0.0,-39.16,7097.68367991117
10.11,1.0,2.0,0.10818510677891963,0.0,0.10263340389897246,0.0,-4.893212379610534,7092.790467531559
30.07,1.0,2.0,0.0,0.0,0.0,0.0,0.0,7092.790467531559
50.0,1.0,2.0,0.0,0.0,0.0,0.0,0.0,7092.790467531559
74.91,0.4729537233052701,0.9459074466105402,0.0,1.0,0.0,1.0540925533894598,72.39999999999999,7165.190467531559
64.54,-0.0,-0.0,0.0,0.8973665961010275,0.0,0.9459074466105402,55.66364995614674,7220.8541174877055
42.31,0.0,0.0,0.0,0.0,0.0,0.0,0.0,7220.8541174877055
29.85,-0.0,-0.0,0.0,0.0,0.0,0.0,0.0,7220.8541174877055
25.33,-0.0,-0.0,0.0,0.0,0.0,0.0,0.0,7220.8541174877055
25.52,-0.0,-0.0,0.0,0.0,0.0,0.0,0.0,7220.8541174877055
20.69,-0.0,-0.0,0.0,0.0,0.0,0.0,0.0,7220.8541174877055
23.21,-0.0,-0.0,0.0,0.0,0.0,0.0,0.0,7220.8541174877055
22.87,-0.0,-0.0,0.0,0.0,0.0,0.0,0.0,7220.8541174877055
21.31,-0.0,-0.0,0.0,0.0,0.0,0.0,0.0,7220.8541174877055
18.56,0.052704627669473036,0.10540925533894607,0.11111111111111122,0.0,0.10540925533894607,0.0,-4.148888888888893,7216.705228598817
19.24,0.052704627669473036,0.10540925533894607,0.0,0.0,0.0,0.0,0.0,7216.705228598817
17.88,0.5270462766947299,1.0540925533894598,1.0,0.0,0.9486832980505138,0.0,-36.66,7180.045228598817
31.29,0.5270462766947299,1.0540925533894598,0.0,0.0,0.0,0.0,0.0,7180.045228598817
43.93,0.5270462766947299,1.0540925533894598,0.0,0.0,0.0,0.0,0.0,7180.045228598817
47.71,0.0,0.0,0.0,1.0,0.0,1.0540925533894598,45.2,7225.2452285988165
22.0,-0.0,-0.0,0.0,0.0,0.0,0.0,0.0,7225.2452285988165
0.02,-0.0,-0.0,0.0,0.0,0.0,0.0,0.0,7225.2452285988165
-0.07,0.05131670194948623,0.10263340389897246,0.10818510677891963,0.0,0.10263340389897246,0.0,-3.791887992601133,7221.4533406062155
-4.28,0.5256583509747431,1.0513167019494862,1.0,0.0,0.9486832980505138,0.0,-30.839999999999996,7190.613340606215
-3.7,1.0,2.0,1.0,0.0,0.9486832980505138,0.0,-31.419999999999998,7159.193340606215
0.05,1.0,2.0,0.0,0.0,0.0,0.0,0.0,7159.193340606215
3.97,1.0,2.0,0.0,0.0,0.0,0.0,0.0,7159.193340606215
13.23,1.0,2.0,0.0,0.0,0.0,0.0,0.0,7159.193340606215
60.4,1.0,2.0,0.0,-0.0,0.0,-0.0,0.0,7159.193340606215
60.41,0.5256583509747431,1.0513167019494862,0.0,0.9000000000000001,0.0,0.948683298050514,52.11000000000001,7211.303340606215
55.87,0.5256583509747431,1.0513167019494862,0.0,0.0,0.0,0.0,0.0,7211.303340606215
35.08,0.5256583509747431,1.0513167019494862,0.0,0.0,0.0,0.0,0.0,7211.303340606215
33.55,0.5256583509747431,1.0513167019494862,0.0,0.0,0.0,0.0,0.0,7211.303340606215
31.31,0.5256583509747431,1.0513167019494862,0.0,0.0,0.0,0.0,0.0,7211.303340606215
31.16,0.5256583509747431,1.0513167019494862,0.0,0.0,0.0,0.0,0.0,7211.303340606215
30.3,0.5256583509747431,1.0513167019494862,0.0,0.0,0.0,0.0,0.0,7211.303340606215
29.53,1.0,2.0,1.0,0.0,0.9486832980505138,0.0,-48.31,7162.993340606215
35.47,1.0,2.0,0.0,0.0,0.0,0.0,0.0,7162.993340606215
39.25,1.0,2.0,0.0,0.0,0.0,0.0,0.0,7162.993340606215
47.4,1.0,2.0,0.0,0.0,0.0,0.0,0.0,7162.993340606215
65.97,1.0,2.0,-0.0,0.0,-0.0,0.0,0.0,7162.993340606215
93.15,1.0,2.0,0.0,0.0,0.0,0.0,0.0,7162.993340606215
129.79,0.4729537233052701,0.9459074466105402,0.0,1.0,0.0,1.0540925533894598,127.27999999999999,7290.273340606214
108.5,0.0,0.0,0.0,0.8973665961010275,0.0,0.9459074466105402,95.1118855207479,7385.385226126962
78.7,-0.0,-0.0,0.0,0.0,0.0,0.0,0.0,7385.385226126962
50.47,0.0,0.0,-0.0,0.0,-0.0,0.0,0.0,7385.385226126962
4.02,0.05131670194948623,0.10263340389897246,0.10818510677891963,0.0,0.10263340389897246,0.0,-4.234365079326914,7381.150861047635
0.08,0.5256583509747431,1.0513167019494862,1.0,0.0,0.9486832980505138,0.0,-35.199999999999996,7345.950861047635
0.02,1.0,2.0,1.0,0.0,0.9486832980505138,0.0,-35.14,7310.810861047635
13.16,1.0,2.0,0.0,0.0,0.0,0.0,0.0,7310.810861047635
63.61,1.0,2.0,0.0,-0.0,0.0,-0.0,0.0,7310.810861047635
99.19,1.0,2.0,0.0,0.0,0.0,0.0,0.0,7310.810861047635
129.69,1.0,2.0,0.0,0.0,0.0,0.0,0.0,7310.810861047635
155.73,0.4729537233052701,0.9459074466105402,0.0,1.0,0.0,1.0540925533894598,153.22,7464.030861047635
132.33,0.0,0.0,0.0,0.8973665961010275,0.0,0.9459074466105402,116.49613150583541,7580.52699255347
112.63,-0.0,-0.0,0.0,0.0,0.0,0.0,0.0,7580.52699255347
103.37,-0.0,-0.0,0.0,0.0,0.0,0.0,0.0,7580.52699255347
96.4,-0.0,-0.0,0.0,0.0,0.0,0.0,0.0,7580.52699255347
86.0,0.0,0.0,-0.0,0.0,-0.0,0.0,0.0,7580.52699255347
84.58,0.0,0.0,-0.0,0.0,-0.0,0.0,0.0,7580.52699255347
86.0,0.4743416490252569,0.9486832980505138,1.0,0.0,0.9486832980505138,0.0,-104.78,7475.746992553471
87.0,0.5256583509747431,1.0513167019494862,0.10818510677891963,0.0,0.10263340389897246,0.0,-11.443820595074119,7464.303171958397
85.88,1.0,2.0,1.0,0.0,0.9486832980505138,0.0,-104.66,7359.643171958397
90.0,1.0,2.0,0.0,0.0,0.0,0.0,0.0,7359.643171958397
101.3,1.0,2.0,0.0,0.0,0.0,0.0,0.0,7359.643171958397
107.2,1.0,2.0,0.0,0.0,0.0,0.0,0.0,7359.643171958397
131.37,0.4729537233052701,0.9459074466105402,0.0,1.0,0.0,1.0540925533894598,128.86,7488.503171958397
122.23,-0.0,-0.0,0.0,0.8973665961010275,0.0,0.9459074466105402,107.43272888521501,7595.935900843611
83.0,0.0,0.0,0.0,0.0,0.0,0.0,0.0,7595.935900843611
65.3,0.0,0.0,-0.0,0.0,-0.0,0.0,0.0,7595.935900843611
31.81,0.05131670194948623,0.10263340389897246,0.10818510677891963,0.0,0.10263340389897246,0.0,-6.179533299211888,7589.7563675444
12.79,0.5256583509747431,1.0513167019494862,1.0,0.0,0.9486832980505138,0.0,-38.099999999999994,7551.6563675443995
8.08,1.0,2.0,1.0,0.0,0.9486832980505138,0.0,-33.39,7518.266367544399
37.06,1.0,2.0,0.0,0.0,0.0,0.0,0.0,7518.266367544399
90.15,1.0,2.0,0.0,-0.0,0.0,-0.0,0.0,7518.266367544399
110.0,1.0,2.0,0.0,-0.0,0.0,-0.0,0.0,7518.266367544399
134.83,1.0,2.0,0.0,0.0,0.0,0.0,0.0,7518.266367544399
195.47,0.4729537233052701,0.9459074466105402,0.0,1.0,0.0,1.0540925533894598,192.96,7711.226367544399
165.8,0.0,0.0,0.0,0.8973665961010275,0.0,0.9459074466105402,146.53099147733678,7857.757359021736
136.11,-0.0,-0.0,0.0,0.0,0.0,0.0,0.0,7857.757359021736
118.55,-0.0,-0.0,-0.0,0.0,-0.0,0.0,0.0,7857.757359021736
119.11,0.0,0.0,0.0,0.0,0.0,0.0,0.0,7857.757359021736
102.42,-0.0,-0.0,0.0,0.0,0.0,0.0,0.0,7857.757359021736
124.97,-0.0,-0.0,0.0,-0.0,0.0,-0.0,0.0,7857.757359021736
113.94,-0.0,-0.0,0.0,0.0,0.0,0.0,0.0,7857.757359021736
117.22,0.0,0.0,0.0,0.0,0.0,0.0,0.0,7857.757359021736
116.76,-0.0,-0.0,0.0,0.0,0.0,0.0,0.0,7857.757359021736
118.42,-0.0,-0.0,0.0,0.0,0.0,0.0,0.0,7857.757359021736
121.3,0.0,0.0,0.0,-0.0,0.0,-0.0,0.0,7857.757359021736
114.9,-0.0,-0.0,0.0,0.0,0.0,0.0,0.0,7857.757359021736
120.59,0.0,0.0,0.0,-0.0,0.0,-0.0,0.0,7857.757359021736
98.04,0.0,0.0,0.0,-0.0,0.0,-0.0,0.0,7857.757359021736
72.54,0.0,0.0,0.0,-0.0,0.0,-0.0,0.0,7857.757359021736
18.05,-0.0,-0.0,0.0,0.0,0.0,0.0,0.0,7857.757359021736
2.07,-0.0,-0.0,0.0,0.0,0.0,0.0,0.0,7857.757359021736
-0.34,0.4743416490252569,0.9486832980505138,1.0,0.0,0.9486832980505138,0.0,-24.97,7832.787359021736
-0.1,0.9486832980505138,1.8973665961010275,1.0,0.0,0.9486832980505138,0.0,-25.209999999999997,7807.577359021736
0.07,1.0,2.0,0.10818510677891963,0.0,0.10263340389897246,0.0,-2.7457380100489797,7804.831621011687
56.2,1.0,2.0,0.0,-0.0,0.0,-0.0,0.0,7804.831621011687
100.86,1.0,2.0,0.0,-0.0,0.0,-0.0,0.0,7804.831621011687
145.58,0.5270462766947299,1.0540925533894598,0.0,0.8973665961010275,0.0,0.9459074466105402,128.386238904174,7933.2178599158615
174.05,0.0,0.0,0.0,1.0,0.0,1.0540925533894598,171.54000000000002,8104.757859915861
140.03,0.0,0.0,0.0,-0.0,0.0,-0.0,0.0,8104.757859915861
111.21,0.0,0.0,0.0,-0.0,0.0,-0.0,0.0,8104.757859915861
100.0,-0.0,-0.0,0.0,0.0,0.0,0.0,0.0,8104.757859915861
99.24,-0.0,-0.0,0.0,0.0,0.0,0.0,0.0,8104.757859915861
97.94,-0.0,-0.0,0.0,0.0,0.0,0.0,0.0,8104.757859915861
95.19,-0.0,-0.0,0.0,0.0,0.0,0.0,0.0,8104.757859915861
94.81,-0.0,-0.0,0.0,0.0,0.0,0.0,0.0,8104.757859915861
94.44,-0.0,-0.0,0.0,0.0,0.0,0.0,0.0,8104.757859915861
96.51,-0.0,-0.0,0.0,0.0,0.0,0.0,0.0,8104.757859915861
98.67,-0.0,-0.0,0.0,0.0,0.0,0.0,0.0,8104.757859915861
101.51,0.0,0.0,0.0,-0.0,0.0,-0.0,0.0,8104.757859915861
100.0,-0.0,-0.0,0.0,-0.0,0.0,-0.0,0.0,8104.757859915861
93.01,-0.0,-0.0,0.0,0.0,0.0,0.0,0.0,8104.757859915861
65.4,0.0,0.0,0.0,0.0,0.0,0.0,0.0,8104.757859915861
29.27,-0.0,-0.0,0.0,0.0,0.0,0.0,0.0,8104.757859915861
10.1,-0.0,-0.0,0.0,0.0,0.0,0.0,0.0,8104.757859915861
0.03,0.05131670194948623,0.10263340389897246,0.10818510677891963,0.0,0.10263340389897246,0.0,-3.802706503279025,8100.955153412582
-2.26,0.5256583509747431,1.0513167019494862,1.0,0.0,0.9486832980505138,0.0,-32.86,8068.0951534125825
-2.04,1.0,2.0,1.0,0.0,0.9486832980505138,0.0,-33.08,8035.015153412583
0.09,1.0,2.0,0.0,0.0,0.0,0.0,0.0,8035.015153412583
17.39,1.0,2.0,0.0,0.0,0.0,0.0,0.0,8035.015153412583
90.56,1.0,2.0,0.0,-0.0,0.0,-0.0,0.0,8035.015153412583
112.06,1.0,2.0,0.0,0.0,0.0,0.0,0.0,8035.015153412583
134.16,0.5270462766947299,1.0540925533894598,0.0,0.8973665961010275,0.0,0.9459074466105402,118.13831237670027,8153.153465789283
136.7,0.0,0.0,0.0,1.0,0.0,1.0540925533894598,134.19,8287.343465789283
130.2,-0.0,-0.0,0.0,0.0,0.0,0.0,0.0,8287.343465789283
121.44,-0.0,-0.0,0.0,0.0,0.0,0.0,0.0,8287.343465789283
110.01,-0.0,-0.0,0.0,0.0,0.0,0.0,0.0,8287.343465789283
103.64,-0.0,-0.0,0.0,0.0,0.0,0.0,0.0,8287.343465789283
95.84,-0.0,-0.0,0.0,0.0,0.0,0.0,0.0,8287.343465789283
94.92,0.4743416490252569,0.9486832980505138,1.0,0.0,0.9486832980505138,0.0,-113.7,8173.643465789283
96.7,0.5256583509747431,1.0513167019494862,0.10818510677891963,0.0,0.10263340389897246,0.0,-12.493216130829639,8161.1502496584535
96.87,0.5256583509747431,1.0513167019494862,0.0,0.0,0.0,0.0,0.0,8161.1502496584535
89.98,1.0,2.0,1.0,0.0,0.9486832980505138,0.0,-108.76,8052.390249658453
101.14,1.0,2.0,0.0,0.0,0.0,0.0,0.0,8052.390249658453
144.25,0.5270462766947299,1.0540925533894598,0.0,0.8973665961010275,0.0,0.9459074466105402,127.19274133135966,8179.582990989813
153.42,0.0,0.0,0.0,1.0,0.0,1.0540925533894598,150.91,8330.492990989813
133.96,-0.0,-0.0,0.0,0.0,0.0,0.0,0.0,8330.492990989813
98.88,-0.0,-0.0,0.0,0.0,0.0,0.0,0.0,8330.492990989813
84.38,0.0,0.0,-0.0,0.0,-0.0,0.0,0.0,8330.492990989813
77.88,0.05131670194948623,0.10263340389897246,0.10818510677891963,0.0,0.10263340389897246,0.0,-12.224917066017918,8318.268073923795
76.02,0.5256583509747431,1.0513167019494862,1.0,0.0,0.9486832980505138,0.0,-111.13999999999999,8207.128073923795
77.32,1.0,2.0,1.0,0.0,0.9486832980505138,0.0,-112.44,8094.688073923796
83.91,1.0,2.0,0.0,0.0,0.0,0.0,0.0,8094.688073923796
96.51,1.0,2.0,0.0,0.0,0.0,0.0,0.0,8094.688073923796
103.42,1.0,2.0,0.0,0.0,0.0,0.0,0.0,8094.688073923796
140.95,1.0,2.0,0.0,-0.0,0.0,-0.0,0.0,8094.688073923796
165.35,0.4729537233052701,0.9459074466105402,0.0,1.0,0.0,1.0540925533894598,162.84,8257.528073923795
156.89,0.0,0.0,0.0,0.8973665961010275,0.0,0.9459074466105402,138.53545510607663,8396.063529029872
123.2,-0.0,-0.0,0.0,0.0,0.0,0.0,0.0,8396.063529029872
115.82,-0.0,-0.0,0.0,0.0,0.0,0.0,0.0,8396.063529029872
105.82,0.0,0.0,-0.0,0.0,-0.0,0.0,0.0,8396.063529029872
97.95,0.0,0.0,-0.0,0.0,-0.0,0.0,0.0,8396.063529029872
104.39,-0.0,-0.0,0.0,0.0,0.0,0.0,0.0,8396.063529029872
101.8,0.05131670194948623,0.10263340389897246,0.10818510677891963,0.0,0.10263340389897246,0.0,-13.044960175402128,8383.01856885447
99.73,0.5256583509747431,1.0513167019494862,1.0,0.0,0.9486832980505138,0.0,-118.51,8264.50856885447
100.5,1.0,2.0,1.0,0.0,0.9486832980505138,0.0,-119.28,8145.22856885447
102.51,1.0,2.0,0.0,0.0,0.0,0.0,0.0,8145.22856885447
103.49,1.0,2.0,-0.0,0.0,-0.0,0.0,0.0,8145.22856885447
113.55,1.0,2.0,0.0,0.0,0.0,0.0,0.0,8145.22856885447
152.98,0.4729537233052701,0.9459074466105402,0.0,1.0,0.0,1.0540925533894598,150.47,8295.69856885447
146.49,0.4729537233052701,0.9459074466105402,0.0,0.0,0.0,0.0,0.0,8295.69856885447
128.53,0.4729537233052701,0.9459074466105402,0.0,0.0,0.0,0.0,0.0,8295.69856885447
102.0,0.4729537233052701,0.9459074466105402,0.0,0.0,0.0,0.0,0.0,8295.69856885447
97.48,0.5256583509747431,1.0513167019494862,0.11111111111111122,0.0,0.10540925533894607,0.0,-14.733333333333348,8280.965235521136
96.44,1.0,2.0,1.0,0.0,0.9486832980505138,0.0,-131.56,8149.405235521136
98.38,1.0,2.0,0.0,0.0,0.0,0.0,0.0,8149.405235521136
102.35,1.0,2.0,0.0,0.0,0.0,0.0,0.0,8149.405235521136
112.84,1.0,2.0,0.0,0.0,0.0,0.0,0.0,8149.405235521136
124.68,1.0,2.0,0.0,0.0,0.0,0.0,0.0,8149.405235521136
152.34,1.0,2.0,0.0,0.0,0.0,0.0,0.0,8149.405235521136
183.93,0.4729537233052701,0.9459074466105402,0.0,1.0,0.0,1.0540925533894598,181.42000000000002,8330.825235521135
169.67,-0.0,-0.0,0.0,0.8973665961010275,0.0,0.9459074466105402,150.00380020424774,8480.829035725383
144.93,0.0,0.0,0.0,0.0,0.0,0.0,0.0,8480.829035725383
130.84,-0.0,-0.0,0.0,0.0,0.0,0.0,0.0,8480.829035725383
121.25,-0.0,-0.0,0.0,0.0,0.0,0.0,0.0,8480.829035725383
107.34,-0.0,-0.0,0.0,0.0,0.0,0.0,0.0,8480.829035725383
101.73,-0.0,-0.0,0.0,0.0,0.0,0.0,0.0,8480.829035725383
100.09,0.05131670194948623,0.10263340389897246,0.10818510677891963,0.0,0.10263340389897246,0.0,-12.859963642810177,8467.969072082573
97.79,0.5256583509747431,1.0513167019494862,1.0,0.0,0.9486832980505138,0.0,-116.57000000000001,8351.399072082573
97.38,1.0,2.0,1.0,0.0,0.9486832980505138,0.0,-116.16,8235.239072082573
101.8,1.0,2.0,-0.0,0.0,-0.0,0.0,0.0,8235.239072082573
106.59,1.0,2.0,0.0,0.0,0.0,0.0,0.0,8235.239072082573
135.95,1.0,2.0,0.0,0.0,0.0,0.0,0.0,8235.239072082573
149.72,1.0,2.0,0.0,-0.0,0.0,-0.0,0.0,8235.239072082573
148.41,1.0,2.0,0.0,0.0,0.0,0.0,0.0,8235.239072082573
125.0,1.0,2.0,0.0,0.0,0.0,0.0,0.0,8235.239072082573
102.62,1.0,2.0,0.0,0.0,0.0,0.0,0.0,8235.239072082573
99.69,1.0,2.0,0.0,0.0,0.0,0.0,0.0,8235.239072082573
98.07,1.0,2.0,0.0,0.0,0.0,0.0,0.0,8235.239072082573
99.91,1.0,2.0,0.0,0.0,0.0,0.0,0.0,8235.239072082573
101.65,1.0,2.0,0.0,0.0,0.0,0.0,0.0,8235.239072082573
117.74,1.0,2.0,0.0,0.0,0.0,0.0,0.0,8235.239072082573
124.65,1.0,2.0,0.0,0.0,0.0,0.0,0.0,8235.239072082573
145.61,1.0,2.0,0.0,0.0,0.0,0.0,0.0,8235.239072082573
193.51,0.4729537233052701,0.9459074466105402,0.0,1.0,0.0,1.0540925533894598,191.0,8426.239072082573
179.49,-0.0,-0.0,0.0,0.8973665961010275,0.0,0.9459074466105402,158.81594017795987,8585.055012260533
148.05,0.0,0.0,0.0,0.0,0.0,0.0,0.0,8585.055012260533
132.2,-0.0,-0.0,0.0,0.0,0.0,0.0,0.0,8585.055012260533
120.0,-0.0,-0.0,0.0,0.0,0.0,0.0,0.0,8585.055012260533
109.91,-0.0,-0.0,0.0,0.0,0.0,0.0,0.0,8585.055012260533
108.52,-0.0,-0.0,0.0,0.0,0.0,0.0,0.0,8585.055012260533
102.25,0.0,0.0,-0.0,0.0,-0.0,0.0,0.0,8585.055012260533
98.98,0.05131670194948623,0.10263340389897246,0.10818510677891963,0.0,0.10263340389897246,0.0,-12.739878174285575,8572.315134086248
96.71,0.5256583509747431,1.0513167019494862,1.0,0.0,0.9486832980505138,0.0,-115.49,8456.825134086248
98.35,1.0,2.0,1.0,0.0,0.9486832980505138,0.0,-117.13,8339.695134086249
105.88,1.0,2.0,0.0,0.0,0.0,0.0,0.0,8339.695134086249
132.99,1.0,2.0,0.0,0.0,0.0,0.0,0.0,8339.695134086249
159.87,1.0,2.0,0.0,0.0,0.0,0.0,0.0,8339.695134086249
158.03,1.0,2.0,0.0,0.0,0.0,0.0,0.0,8339.695134086249
148.13,1.0,2.0,0.0,0.0,0.0,0.0,0.0,8339.695134086249
123.77,1.0,2.0,0.0,0.0,0.0,0.0,0.0,8339.695134086249
110.7,1.0,2.0,0.0,0.0,0.0,0.0,0.0,8339.695134086249
110.01,1.0,2.0,0.0,0.0,0.0,0.0,0.0,8339.695134086249
108.22,1.0,2.0,0.0,0.0,0.0,0.0,0.0,8339.695134086249
107.54,1.0,2.0,-0.0,0.0,-0.0,0.0,0.0,8339.695134086249
109.99,1.0,2.0,0.0,0.0,0.0,0.0,0.0,8339.695134086249
121.47,1.0,2.0,0.0,0.0,0.0,0.0,0.0,8339.695134086249
142.65,1.0,2.0,0.0,0.0,0.0,0.0,0.0,8339.695134086249
166.05,0.5270462766947299,1.0540925533894598,0.0,0.8973665961010275,0.0,0.9459074466105402,146.75533312636205,8486.450467212611
173.47,-0.0,-0.0,0.0,1.0,0.0,1.0540925533894598,170.96,8657.41046721261
149.0,-0.0,-0.0,0.0,0.0,0.0,0.0,0.0,8657.41046721261
135.69,-0.0,-0.0,0.0,0.0,0.0,0.0,0.0,8657.41046721261
123.48,0.0,0.0,0.0,0.0,0.0,0.0,0.0,8657.41046721261
111.63,-0.0,-0.0,0.0,0.0,0.0,0.0,0.0,8657.41046721261
109.09,0.0,0.0,-0.0,0.0,-0.0,0.0,0.0,8657.41046721261
106.0,-0.0,-0.0,0.0,0.0,0.0,0.0,0.0,8657.41046721261
105.9,0.05131670194948623,0.10263340389897246,0.10818510677891963,0.0,0.10263340389897246,0.0,-13.4885191131957,8643.921948099414
103.83,0.5256583509747431,1.0513167019494862,1.0,0.0,0.9486832980505138,0.0,-122.61,8521.311948099414
105.3,1.0,2.0,1.0,0.0,0.9486832980505138,0.0,-124.08,8397.231948099414
113.99,1.0,2.0,0.0,0.0,0.0,0.0,0.0,8397.231948099414
142.99,1.0,2.0,0.0,0.0,0.0,0.0,0.0,8397.231948099414
155.11,0.4729537233052701,0.9459074466105402,0.0,1.0,0.0,1.0540925533894598,152.60000000000002,8549.831948099414
155.0,0.0,0.0,0.0,0.8973665961010275,0.0,0.9459074466105402,136.8394322394457,8686.67138033886
132.09,-0.0,-0.0,0.0,0.0,0.0,0.0,0.0,8686.67138033886
112.0,-0.0,-0.0,0.0,0.0,0.0,0.0,0.0,8686.67138033886
106.35,-0.0,-0.0,0.0,0.0,0.0,0.0,0.0,8686.67138033886
104.5,0.4743416490252569,0.9486832980505138,1.0,0.0,0.9486832980505138,0.0,-129.81,8556.86138033886
104.58,0.9486832980505138,1.8973665961010275,1.0,0.0,0.9486832980505138,0.0,-129.89,8426.97138033886
105.38,1.0,2.0,0.10818510677891963,0.0,0.10263340389897246,0.0,-14.138711604937004,8412.832668733923
106.5,1.0,2.0,0.0,0.0,0.0,0.0,0.0,8412.832668733923
122.22,1.0,2.0,0.0,0.0,0.0,0.0,0.0,8412.832668733923
141.18,1.0,2.0,0.0,0.0,0.0,0.0,0.0,8412.832668733923
155.33,0.4729537233052701,0.9459074466105402,0.0,1.0,0.0,1.0540925533894598,152.82000000000002,8565.652668733923
150.91,-0.0,-0.0,0.0,0.8973665961010275,0.0,0.9459074466105402,133.16920286139248,8698.821871595315
130.01,0.0,0.0,0.0,0.0,0.0,0.0,0.0,8698.821871595315
111.39,-0.0,-0.0,0.0,0.0,0.0,0.0,0.0,8698.821871595315
114.0,-0.0,-0.0,0.0,0.0,0.0,0.0,0.0,8698.821871595315
105.17,-0.0,-0.0,0.0,0.0,0.0,0.0,0.0,8698.821871595315
112.15,-0.0,-0.0,0.0,0.0,0.0,0.0,0.0,8698.821871595315
103.14,-0.0,-0.0,0.0,0.0,0.0,0.0,0.0,8698.821871595315
96.0,-0.0,-0.0,0.0,0.0,0.0,0.0,0.0,8698.821871595315
89.9,-0.0,-0.0,0.0,0.0,0.0,0.0,0.0,8698.821871595315
86.9,-0.0,-0.0,-0.0,0.0,-0.0,0.0,0.0,8698.821871595315
90.55,-0.0,-0.0,0.0,0.0,0.0,0.0,0.0,8698.821871595315
97.01,-0.0,-0.0,0.0,0.0,0.0,0.0,0.0,8698.821871595315
99.42,-0.0,-0.0,0.0,0.0,0.0,0.0,0.0,8698.821871595315
98.77,0.0,0.0,0.0,0.0,0.0,0.0,0.0,8698.821871595315
86.4,-0.0,-0.0,0.0,0.0,0.0,0.0,0.0,8698.821871595315
72.39,-0.0,-0.0,0.0,0.0,0.0,0.0,0.0,8698.821871595315
67.12,-0.0,-0.0,0.0,0.0,0.0,0.0,0.0,8698.821871595315
57.28,0.05131670194948623,0.10263340389897246,0.10818510677891963,0.0,0.10263340389897246,0.0,-8.935007968870972,8689.886863626445
48.0,0.5256583509747431,1.0513167019494862,1.0,0.0,0.9486832980505138,0.0,-73.31,8616.576863626446
54.51,1.0,2.0,1.0,0.0,0.9486832980505138,0.0,-79.82,8536.756863626446
70.78,1.0,2.0,0.0,0.0,0.0,0.0,0.0,8536.756863626446
84.24,1.0,2.0,0.0,0.0,0.0,0.0,0.0,8536.756863626446
117.6,1.0,2.0,0.0,-0.0,0.0,-0.0,0.0,8536.756863626446
130.3,0.5270462766947299,1.0540925533894598,0.0,0.8973665961010275,0.0,0.9459074466105402,114.67447731575032,8651.431340942196
132.96,0.0,0.0,0.0,1.0,0.0,1.0540925533894598,130.45000000000002,8781.881340942196
121.46,-0.0,-0.0,0.0,-0.0,0.0,-0.0,0.0,8781.881340942196
108.5,-0.0,-0.0,0.0,0.0,0.0,0.0,0.0,8781.881340942196
105.02,-0.0,-0.0,0.0,0.0,0.0,0.0,0.0,8781.881340942196
95.25,-0.0,-0.0,0.0,0.0,0.0,0.0,0.0,8781.881340942196
90.01,0.0,0.0,0.0,0.0,0.0,0.0,0.0,8781.881340942196
85.79,0.0,0.0,-0.0,0.0,-0.0,0.0,0.0,8781.881340942196
79.62,-0.0,-0.0,0.0,0.0,0.0,0.0,0.0,8781.881340942196
78.18,0.0,0.0,-0.0,0.0,-0.0,0.0,0.0,8781.881340942196
78.6,-0.0,-0.0,0.0,0.0,0.0,0.0,0.0,8781.881340942196
80.51,-0.0,-0.0,0.0,-0.0,0.0,-0.0,0.0,8781.881340942196
80.12,0.0,0.0,0.0,0.0,0.0,0.0,0.0,8781.881340942196
78.06,0.0,0.0,0.0,-0.0,0.0,-0.0,0.0,8781.881340942196
77.95,-0.0,-0.0,0.0,-0.0,0.0,-0.0,0.0,8781.881340942196
56.9,0.0,0.0,0.0,0.0,0.0,0.0,0.0,8781.881340942196
24.09,-0.0,-0.0,0.0,0.0,0.0,0.0,0.0,8781.881340942196
2.9,-0.0,-0.0,0.0,0.0,0.0,0.0,0.0,8781.881340942196
1.01,0.4743416490252569,0.9486832980505138,1.0,0.0,0.9486832980505138,0.0,-36.129999999999995,8745.751340942197
0.19,0.9486832980505138,1.8973665961010275,1.0,0.0,0.9486832980505138,0.0,-35.309999999999995,8710.441340942198
2.53,1.0,2.0,0.10818510677891963,0.0,0.10263340389897246,0.0,-4.073169270226324,8706.368171671971
31.0,1.0,2.0,0.0,0.0,0.0,0.0,0.0,8706.368171671971
60.0,1.0,2.0,0.0,-0.0,0.0,-0.0,0.0,8706.368171671971
94.68,1.0,2.0,0.0,-0.0,0.0,-0.0,0.0,8706.368171671971
94.98,1.0,2.0,0.0,-0.0,0.0,-0.0,0.0,8706.368171671971
92.5,1.0,2.0,0.0,0.0,0.0,0.0,0.0,8706.368171671971
80.21,1.0,2.0,0.0,0.0,0.0,0.0,0.0,8706.368171671971
80.0,1.0,2.0,0.0,0.0,0.0,0.0,0.0,8706.368171671971
78.3,1.0,2.0,0.0,0.0,0.0,0.0,0.0,8706.368171671971
79.71,1.0,2.0,0.0,0.0,0.0,0.0,0.0,8706.368171671971
78.1,1.0,2.0,0.0,0.0,0.0,0.0,0.0,8706.368171671971
79.01,1.0,2.0,0.0,0.0,0.0,0.0,0.0,8706.368171671971
78.79,1.0,2.0,0.0,0.0,0.0,0.0,0.0,8706.368171671971
80.91,1.0,2.0,-0.0,0.0,-0.0,0.0,0.0,8706.368171671971
85.85,1.0,2.0,-0.0,0.0,-0.0,0.0,0.0,8706.368171671971
103.3,1.0,2.0,0.0,0.0,0.0,0.0,0.0,8706.368171671971
135.18,1.0,2.0,0.0,0.0,0.0,0.0,0.0,8706.368171671971
152.87,0.4729537233052701,0.9459074466105402,0.0,1.0,0.0,1.0540925533894598,150.36,8856.728171671972
135.24,0.0,0.0,0.0,0.8973665961010275,0.0,0.9459074466105402,119.10746830048939,8975.835639972462
100.73,-0.0,-0.0,0.0,-0.0,0.0,-0.0,0.0,8975.835639972462
68.21,0.0,0.0,0.0,0.0,0.0,0.0,0.0,8975.835639972462
50.56,-0.0,-0.0,0.0,0.0,0.0,0.0,0.0,8975.835639972462
31.17,0.4743416490252569,0.9486832980505138,1.0,0.0,0.9486832980505138,0.0,-66.28999999999999,8909.54563997246
27.95,0.9486832980505138,1.8973665961010275,1.0,0.0,0.9486832980505138,0.0,-63.06999999999999,8846.475639972461
50.14,1.0,2.0,0.10818510677891963,0.0,0.10263340389897246,0.0,-9.223862203970686,8837.25177776849
70.01,1.0,2.0,0.0,0.0,0.0,0.0,0.0,8837.25177776849
93.92,1.0,2.0,-0.0,0.0,-0.0,0.0,0.0,8837.25177776849
127.87,1.0,2.0,0.0,0.0,0.0,0.0,0.0,8837.25177776849
156.65,0.5270462766947299,1.0540925533894598,0.0,0.8973665961010275,0.0,0.9459074466105402,138.3200871230124,8975.571864891503
170.0,-0.0,-0.0,0.0,1.0,0.0,1.0540925533894598,167.49,9143.061864891502
141.5,0.0,0.0,0.0,0.0,0.0,0.0,0.0,9143.061864891502
113.53,-0.0,-0.0,0.0,0.0,0.0,0.0,0.0,9143.061864891502
106.45,-0.0,-0.0,0.0,0.0,0.0,0.0,0.0,9143.061864891502
93.5,0.0,0.0,-0.0,0.0,-0.0,0.0,0.0,9143.061864891502
92.2,0.0,0.0,-0.0,0.0,-0.0,0.0,0.0,9143.061864891502
89.99,0.4743416490252569,0.9486832980505138,1.0,0.0,0.9486832980505138,0.0,-108.77,9034.291864891502
91.4,0.4743416490252569,0.9486832980505138,0.0,0.0,0.0,0.0,0.0,9034.291864891502
87.23,0.9486832980505138,1.8973665961010275,1.0,0.0,0.9486832980505138,0.0,-106.01,8928.281864891502
91.24,1.0,2.0,0.10818510677891963,0.0,0.10263340389897246,0.0,-11.902525447816737,8916.379339443685
103.73,1.0,2.0,0.0,0.0,0.0,0.0,0.0,8916.379339443685
126.51,0.5270462766947299,1.0540925533894598,0.0,0.8973665961010275,0.0,0.9459074466105402,111.27345791652742,9027.652797360213
136.68,-0.0,-0.0,0.0,1.0,0.0,1.0540925533894598,134.17000000000002,9161.822797360213
106.52,0.0,0.0,0.0,0.0,0.0,0.0,0.0,9161.822797360213
71.53,0.0,0.0,-0.0,0.0,-0.0,0.0,0.0,9161.822797360213
25.27,-0.0,-0.0,0.0,0.0,0.0,0.0,0.0,9161.822797360213
0.68,0.05131670194948623,0.10263340389897246,0.10818510677891963,0.0,0.10263340389897246,0.0,-3.8730268226853224,9157.949770537529
-0.14,0.5256583509747431,1.0513167019494862,1.0,0.0,0.9486832980505138,0.0,-34.98,9122.96977053753
-0.28,1.0,2.0,1.0,0.0,0.9486832980505138,0.0,-34.839999999999996,9088.12977053753
5.72,1.0,2.0,0.0,0.0,0.0,0.0,0.0,9088.12977053753
50.28,1.0,2.0,0.0,-0.0,0.0,-0.0,0.0,9088.12977053753
95.94,1.0,2.0,0.0,-0.0,0.0,-0.0,0.0,9088.12977053753
124.28,1.0,2.0,0.0,-0.0,0.0,-0.0,0.0,9088.12977053753
149.97,0.5270462766947299,1.0540925533894598,0.0,0.8973665961010275,0.0,0.9459074466105402,132.32567826105753,9220.455448798586
159.73,0.0,0.0,0.0,1.0,0.0,1.0540925533894598,157.22,9377.675448798585
142.39,0.0,0.0,0.0,-0.0,0.0,-0.0,0.0,9377.675448798585
117.67,-0.0,-0.0,0.0,0.0,0.0,0.0,0.0,9377.675448798585
107.37,-0.0,-0.0,0.0,0.0,0.0,0.0,0.0,9377.675448798585
100.42,-0.0,-0.0,0.0,0.0,0.0,0.0,0.0,9377.675448798585
98.68,-0.0,-0.0,0.0,0.0,0.0,0.0,0.0,9377.675448798585
95.08,0.4743416490252569,0.9486832980505138,1.0,0.0,0.9486832980505138,0.0,-113.86,9263.815448798585
94.9,0.9486832980505138,1.8973665961010275,1.0,0.0,0.9486832980505138,0.0,-113.68,9150.135448798585
97.61,1.0,2.0,0.10818510677891963,0.0,0.10263340389897246,0.0,-12.591664577998456,9137.543784220587
99.68,1.0,2.0,0.0,0.0,0.0,0.0,0.0,9137.543784220587
109.87,1.0,2.0,0.0,0.0,0.0,0.0,0.0,9137.543784220587
143.84,0.5270462766947299,1.0540925533894598,0.0,0.8973665961010275,0.0,0.9459074466105402,126.82482102695823,9264.368605247544
147.74,0.0,0.0,0.0,1.0,0.0,1.0540925533894598,145.23000000000002,9409.598605247544
108.23,0.0,0.0,0.0,-0.0,0.0,-0.0,0.0,9409.598605247544
79.5,0.0,0.0,0.0,-0.0,0.0,-0.0,0.0,9409.598605247544
26.52,-0.0,-0.0,0.0,0.0,0.0,0.0,0.0,9409.598605247544
-0.04,0.05131670194948623,0.10263340389897246,0.10818510677891963,0.0,0.10263340389897246,0.0,-3.7951335458045,9405.80347170174
-0.56,0.5256583509747431,1.0513167019494862,1.0,0.0,0.9486832980505138,0.0,-34.559999999999995,9371.24347170174
-0.25,1.0,2.0,1.0,0.0,0.9486832980505138,0.0,-34.87,9336.37347170174
0.99,1.0,2.0,0.0,0.0,0.0,0.0,0.0,9336.37347170174
66.73,1.0,2.0,0.0,-0.0,0.0,-0.0,0.0,9336.37347170174
109.85,1.0,2.0,-0.0,0.0,-0.0,0.0,0.0,9336.37347170174
136.97,1.0,2.0,-0.0,0.0,-0.0,0.0,0.0,9336.37347170174
225.81,0.4729537233052701,0.9459074466105402,0.0,1.0,0.0,1.0540925533894598,223.3,9559.673471701739
220.3,0.0,0.0,0.0,0.8973665961010275,0.0,0.9459074466105402,195.4374709648428,9755.110942666583
176.68,0.0,0.0,0.0,-0.0,0.0,-0.0,0.0,9755.110942666583
138.24,-0.0,-0.0,0.0,0.0,0.0,0.0,0.0,9755.110942666583
124.45,-0.0,-0.0,0.0,0.0,0.0,0.0,0.0,9755.110942666583
111.14,-0.0,-0.0,-0.0,0.0,-0.0,0.0,0.0,9755.110942666583
117.17,0.0,0.0,0.0,0.0,0.0,0.0,0.0,9755.110942666583
102.86,0.0,0.0,-0.0,0.0,-0.0,0.0,0.0,9755.110942666583
99.56,0.4743416490252569,0.9486832980505138,1.0,0.0,0.9486832980505138,0.0,-118.34,9636.770942666582
100.08,0.5270462766947299,1.0540925533894598,0.11111111111111122,0.0,0.10540925533894607,0.0,-13.206666666666678,9623.564275999915
102.83,0.5270462766947299,1.0540925533894598,0.0,0.0,0.0,0.0,0.0,9623.564275999915
110.69,0.5270462766947299,1.0540925533894598,0.0,0.0,0.0,0.0,0.0,9623.564275999915
132.24,0.5270462766947299,1.0540925533894598,0.0,0.0,0.0,0.0,0.0,9623.564275999915
141.21,-0.0,-0.0,0.0,1.0,0.0,1.0540925533894598,138.70000000000002,9762.264275999916
99.87,0.0,0.0,0.0,0.0,0.0,0.0,0.0,9762.264275999916
79.45,0.0,0.0,-0.0,0.0,-0.0,0.0,0.0,9762.264275999916
37.51,-0.0,-0.0,0.0,0.0,0.0,0.0,0.0,9762.264275999916
3.42,0.05131670194948623,0.10263340389897246,0.10818510677891963,0.0,0.10263340389897246,0.0,-4.1694540152595625,9758.094821984656
0.43,0.5256583509747431,1.0513167019494862,1.0,0.0,0.9486832980505138,0.0,-35.55,9722.544821984657
0.65,1.0,2.0,1.0,0.0,0.9486832980505138,0.0,-35.769999999999996,9686.774821984656
16.6,1.0,2.0,-0.0,0.0,-0.0,0.0,0.0,9686.774821984656
79.42,1.0,2.0,0.0,-0.0,0.0,-0.0,0.0,9686.774821984656
105.9,1.0,2.0,0.0,-0.0,0.0,-0.0,0.0,9686.774821984656
138.13,1.0,2.0,-0.0,0.0,-0.0,0.0,0.0,9686.774821984656
259.53,0.4729537233052701,0.9459074466105402,0.0,1.0,0.0,1.0540925533894598,257.02,9943.794821984657
239.41,0.0,0.0,0.0,0.8973665961010275,0.0,0.9459074466105402,212.58614661633342,10156.38096860099
157.5,-0.0,-0.0,0.0,0.0,0.0,0.0,0.0,10156.38096860099
136.82,0.0,0.0,-0.0,0.0,-0.0,0.0,0.0,10156.38096860099
121.2,-0.0,-0.0,0.0,0.0,0.0,0.0,0.0,10156.38096860099
106.95,-0.0,-0.0,0.0,0.0,0.0,0.0,0.0,10156.38096860099
114.56,-0.0,-0.0,0.0,0.0,0.0,0.0,0.0,10156.38096860099
116.41,-0.0,-0.0,0.0,0.0,0.0,0.0,0.0,10156.38096860099
112.74,-0.0,-0.0,0.0,0.0,0.0,0.0,0.0,10156.38096860099
98.15,0.4743416490252569,0.9486832980505138,1.0,0.0,0.9486832980505138,0.0,-116.93,10039.45096860099
97.45,0.9486832980505138,1.8973665961010275,1.0,0.0,0.9486832980505138,0.0,-116.23,9923.22096860099
113.25,0.9486832980505138,1.8973665961010275,0.0,0.0,0.0,0.0,0.0,9923.22096860099
137.3,0.5270462766947299,1.0540925533894598,0.0,0.7999999999999998,0.0,0.8432740427115677,107.832,10031.05296860099
138.33,0.0,0.0,0.0,1.0,0.0,1.0540925533894598,135.82000000000002,10166.87296860099
110.73,-0.0,-0.0,0.0,-0.0,0.0,-0.0,0.0,10166.87296860099
73.31,0.0,0.0,0.0,0.0,0.0,0.0,0.0,10166.87296860099
43.25,0.0,0.0,0.0,-0.0,0.0,-0.0,0.0,10166.87296860099
7.35,-0.0,-0.0,0.0,0.0,0.0,0.0,0.0,10166.87296860099
0.81,0.4743416490252569,0.9486832980505138,1.0,0.0,0.9486832980505138,0.0,-26.119999999999997,10140.75296860099
0.0,0.9486832980505138,1.8973665961010275,1.0,0.0,0.9486832980505138,0.0,-25.31,10115.44296860099
2.49,1.0,2.0,0.10818510677891963,0.0,0.10263340389897246,0.0,-3.0075459684539654,10112.435422632536
12.36,1.0,2.0,0.0,0.0,0.0,0.0,0.0,10112.435422632536
45.9,1.0,2.0,-0.0,0.0,-0.0,0.0,0.0,10112.435422632536
83.39,0.5270462766947299,1.0540925533894598,0.0,0.8973665961010275,0.0,0.9459074466105402,72.5790102926511,10185.014432925187
96.26,-0.0,-0.0,0.0,1.0,0.0,1.0540925533894598,93.75,10278.764432925187
71.33,0.0,0.0,0.0,0.0,0.0,0.0,0.0,10278.764432925187
45.75,-0.0,-0.0,0.0,0.0,0.0,0.0,0.0,10278.764432925187
43.73,-0.0,-0.0,0.0,0.0,0.0,0.0,0.0,10278.764432925187
27.13,-0.0,-0.0,0.0,0.0,0.0,0.0,0.0,10278.764432925187
18.45,-0.0,-0.0,-0.0,0.0,-0.0,0.0,0.0,10278.764432925187
26.93,0.0,0.0,0.0,0.0,0.0,0.0,0.0,10278.764432925187
12.57,-0.0,-0.0,0.0,0.0,0.0,0.0,0.0,10278.764432925187
9.07,-0.0,-0.0,0.0,0.0,0.0,0.0,0.0,10278.764432925187
6.88,-0.0,-0.0,0.0,0.0,0.0,0.0,0.0,10278.764432925187
10.12,-0.0,-0.0,0.0,0.0,0.0,0.0,0.0,10278.764432925187
12.95,-0.0,-0.0,0.0,0.0,0.0,0.0,0.0,10278.764432925187
13.01,-0.0,-0.0,0.0,0.0,0.0,0.0,0.0,10278.764432925187
13.04,-0.0,-0.0,0.0,0.0,0.0,0.0,0.0,10278.764432925187
3.11,-0.0,-0.0,0.0,0.0,0.0,0.0,0.0,10278.764432925187
0.0,-0.0,-0.0,0.0,0.0,0.0,0.0,0.0,10278.764432925187
-1.86,-0.0,-0.0,0.0,0.0,0.0,0.0,-0.0,10278.764432925187
-6.0,-0.0,-0.0,0.0,0.0,0.0,0.0,-0.0,10278.764432925187
-12.98,0.4743416490252569,0.9486832980505138,1.0,0.0,0.9486832980505138,0.0,-12.329999999999998,10266.434432925187
-11.7,0.9486832980505138,1.8973665961010275,1.0,0.0,0.9486832980505138,0.0,-13.61,10252.824432925187
-6.39,1.0,2.0,0.10818510677891963,0.0,0.10263340389897246,0.0,-2.046862220257159,10250.77757070493
-1.51,1.0,2.0,0.0,0.0,0.0,0.0,-0.0,10250.77757070493
1.01,1.0,2.0,0.0,0.0,0.0,0.0,0.0,10250.77757070493
32.47,1.0,2.0,0.0,0.0,0.0,0.0,0.0,10250.77757070493
45.56,0.5256583509747431,1.0513167019494862,0.0,0.8999999999999999,0.0,0.9486832980505138,38.745,10289.52257070493
32.14,0.5256583509747431,1.0513167019494862,0.0,0.0,0.0,0.0,0.0,10289.52257070493
25.59,0.5256583509747431,1.0513167019494862,0.0,0.0,0.0,0.0,0.0,10289.52257070493
29.2,0.5256583509747431,1.0513167019494862,0.0,0.0,0.0,0.0,0.0,10289.52257070493
29.73,0.5256583509747431,1.0513167019494862,0.0,0.0,0.0,0.0,0.0,10289.52257070493
35.69,0.5256583509747431,1.0513167019494862,0.0,0.0,0.0,0.0,0.0,10289.52257070493
13.69,0.5256583509747431,1.0513167019494862,0.0,0.0,0.0,0.0,0.0,10289.52257070493
19.01,1.0,2.0,1.0,0.0,0.9486832980505138,0.0,-37.790000000000006,10251.73257070493
23.65,1.0,2.0,0.0,0.0,0.0,0.0,0.0,10251.73257070493
23.49,1.0,2.0,0.0,0.0,0.0,0.0,0.0,10251.73257070493
24.82,1.0,2.0,0.0,0.0,0.0,0.0,0.0,10251.73257070493
25.01,1.0,2.0,0.0,0.0,0.0,0.0,0.0,10251.73257070493
24.84,1.0,2.0,0.0,0.0,0.0,0.0,0.0,10251.73257070493
24.26,1.0,2.0,0.0,0.0,0.0,0.0,0.0,10251.73257070493
18.99,1.0,2.0,0.0,0.0,0.0,0.0,0.0,10251.73257070493
6.89,1.0,2.0,0.0,0.0,0.0,0.0,0.0,10251.73257070493
4.28,1.0,2.0,0.0,0.0,0.0,0.0,0.0,10251.73257070493
4.02,1.0,2.0,0.0,0.0,0.0,0.0,0.0,10251.73257070493
4.06,1.0,2.0,0.0,0.0,0.0,0.0,0.0,10251.73257070493
4.08,1.0,2.0,0.0,0.0,0.0,0.0,0.0,10251.73257070493
4.02,1.0,2.0,0.0,0.0,0.0,0.0,0.0,10251.73257070493
6.7,1.0,2.0,0.0,0.0,0.0,0.0,0.0,10251.73257070493
53.65,1.0,2.0,0.0,-0.0,0.0,-0.0,0.0,10251.73257070493
117.08,1.0,2.0,0.0,0.0,0.0,0.0,0.0,10251.73257070493
140.0,0.5270462766947299,1.0540925533894598,0.0,0.8973665961010275,0.0,0.9459074466105402,123.37893329793027,10375.11150400286
140.96,-0.0,-0.0,0.0,1.0,0.0,1.0540925533894598,138.45000000000002,10513.56150400286
139.7,0.0,0.0,0.0,0.0,0.0,0.0,0.0,10513.56150400286
128.12,-0.0,-0.0,0.0,0.0,0.0,0.0,0.0,10513.56150400286
123.52,-0.0,-0.0,0.0,0.0,0.0,0.0,0.0,10513.56150400286
114.24,-0.0,-0.0,0.0,0.0,0.0,0.0,0.0,10513.56150400286
110.45,-0.0,-0.0,0.0,0.0,0.0,0.0,0.0,10513.56150400286
107.29,-0.0,-0.0,0.0,0.0,0.0,0.0,0.0,10513.56150400286
101.91,0.4743416490252569,0.9486832980505138,1.0,0.0,0.9486832980505138,0.0,-120.69,10392.87150400286
98.94,0.9486832980505138,1.8973665961010275,1.0,0.0,0.9486832980505138,0.0,-117.72,10275.15150400286
101.99,1.0,2.0,0.10818510677891963,0.0,0.10263340389897246,0.0,-13.065515345690123,10262.08598865717
119.82,1.0,2.0,-0.0,0.0,-0.0,0.0,0.0,10262.08598865717
141.5,1.0,2.0,0.0,0.0,0.0,0.0,0.0,10262.08598865717
164.28,0.4729537233052701,0.9459074466105402,0.0,1.0,0.0,1.0540925533894598,161.77,10423.855988657171
161.86,0.0,0.0,0.0,0.8973665961010275,0.0,0.9459074466105402,142.99536708869874,10566.85135574587
135.38,-0.0,-0.0,0.0,0.0,0.0,0.0,0.0,10566.85135574587
111.16,-0.0,-0.0,0.0,0.0,0.0,0.0,0.0,10566.85135574587
107.36,0.0,0.0,-0.0,0.0,-0.0,0.0,0.0,10566.85135574587
100.75,0.4743416490252569,0.9486832980505138,1.0,0.0,0.9486832980505138,0.0,-135.87,10430.98135574587
100.87,0.5256583509747431,1.0513167019494862,0.10818510677891963,0.0,0.10263340389897246,0.0,-14.71209267086528,10416.269263075004
106.57,0.5256583509747431,1.0513167019494862,0.0,0.0,0.0,0.0,0.0,10416.269263075004
99.59,1.0,2.0,1.0,0.0,0.9486832980505138,0.0,-134.71,10281.559263075005
119.91,1.0,2.0,0.0,0.0,0.0,0.0,0.0,10281.559263075005
149.44,1.0,2.0,0.0,0.0,0.0,0.0,0.0,10281.559263075005
205.05,0.4729537233052701,0.9459074466105402,0.0,1.0,0.0,1.0540925533894598,202.54000000000002,10484.099263075006
191.67,0.0,0.0,0.0,0.8973665961010275,0.0,0.9459074466105402,169.74586531847035,10653.845128393477
161.84,-0.0,-0.0,0.0,-0.0,0.0,-0.0,0.0,10653.845128393477
136.85,-0.0,-0.0,0.0,0.0,0.0,0.0,0.0,10653.845128393477
125.56,0.0,0.0,0.0,0.0,0.0,0.0,0.0,10653.845128393477
115.14,0.0,0.0,-0.0,0.0,-0.0,0.0,0.0,10653.845128393477
100.62,-0.0,-0.0,0.0,0.0,0.0,0.0,0.0,10653.845128393477
100.0,0.0,0.0,-0.0,0.0,-0.0,0.0,0.0,10653.845128393477
99.28,-0.0,-0.0,0.0,0.0,0.0,0.0,0.0,10653.845128393477
96.4,0.052704627669473036,0.10540925533894607,0.11111111111111122,0.0,0.10540925533894607,0.0,-12.797777777777789,10641.0473506157
95.64,0.5270462766947299,1.0540925533894598,1.0,0.0,0.9486832980505138,0.0,-114.42,10526.6273506157
99.93,0.5270462766947299,1.0540925533894598,0.0,0.0,0.0,0.0,0.0,10526.6273506157
100.37,0.5270462766947299,1.0540925533894598,0.0,0.0,0.0,0.0,0.0,10526.6273506157
139.1,-0.0,-0.0,0.0,1.0,0.0,1.0540925533894598,136.59,10663.2173506157
130.06,0.0,0.0,0.0,0.0,0.0,0.0,0.0,10663.2173506157
106.41,-0.0,-0.0,0.0,0.0,0.0,0.0,0.0,10663.2173506157
92.03,-0.0,-0.0,0.0,0.0,0.0,0.0,0.0,10663.2173506157
78.35,-0.0,-0.0,0.0,0.0,0.0,0.0,0.0,10663.2173506157
68.45,0.4743416490252569,0.9486832980505138,1.0,0.0,0.9486832980505138,0.0,-103.57,10559.6473506157
68.29,0.9486832980505138,1.8973665961010275,1.0,0.0,0.9486832980505138,0.0,-103.41,10456.2373506157
77.43,1.0,2.0,0.10818510677891968,0.0,0.10263340389897252,0.0,-12.17623376796741,10444.061116847734
88.82,1.0,2.0,0.0,0.0,0.0,0.0,0.0,10444.061116847734
101.89,1.0,2.0,0.0,0.0,0.0,0.0,0.0,10444.061116847734
127.85,0.5270462766947299,1.0540925533894598,0.0,0.8973665961010275,0.0,0.9459074466105402,112.47592915530278,10556.537046003037
137.27,-0.0,-0.0,0.0,1.0,0.0,1.0540925533894598,134.76000000000002,10691.297046003037
112.79,-0.0,-0.0,0.0,0.0,0.0,0.0,0.0,10691.297046003037
88.48,-0.0,-0.0,0.0,0.0,0.0,0.0,0.0,10691.297046003037
80.85,0.0,0.0,0.0,0.0,0.0,0.0,0.0,10691.297046003037
63.37,-0.0,-0.0,0.0,0.0,0.0,0.0,0.0,10691.297046003037
56.6,0.4743416490252569,0.9486832980505138,1.0,0.0,0.9486832980505138,0.0,-81.91,10609.387046003038
67.1,0.4743416490252569,0.9486832980505138,0.0,0.0,0.0,0.0,0.0,10609.387046003038
63.75,0.9486832980505138,1.8973665961010275,1.0,0.0,0.9486832980505138,0.0,-82.53,10526.857046003037
64.36,1.0,2.0,0.10818510677891963,0.0,0.10263340389897246,0.0,-8.994509777599378,10517.862536225437
65.95,1.0,2.0,0.0,0.0,0.0,0.0,0.0,10517.862536225437
70.0,1.0,2.0,0.0,0.0,0.0,0.0,0.0,10517.862536225437
91.36,1.0,2.0,0.0,0.0,0.0,0.0,0.0,10517.862536225437
117.28,1.0,2.0,0.0,-0.0,0.0,-0.0,0.0,10517.862536225437
112.71,1.0,2.0,0.0,0.0,0.0,0.0,0.0,10517.862536225437
107.93,1.0,2.0,0.0,0.0,0.0,0.0,0.0,10517.862536225437
103.72,1.0,2.0,0.0,0.0,0.0,0.0,0.0,10517.862536225437
72.83,1.0,2.0,0.0,0.0,0.0,0.0,0.0,10517.862536225437
81.45,1.0,2.0,0.0,0.0,0.0,0.0,0.0,10517.862536225437
81.01,1.0,2.0,0.0,0.0,0.0,0.0,0.0,10517.862536225437
72.34,1.0,2.0,0.0,0.0,0.0,0.0,0.0,10517.862536225437
72.8,1.0,2.0,0.0,0.0,0.0,0.0,0.0,10517.862536225437
91.17,1.0,2.0,0.0,0.0,0.0,0.0,0.0,10517.862536225437
99.05,1.0,2.0,0.0,0.0,0.0,0.0,0.0,10517.862536225437
129.63,1.0,2.0,0.0,0.0,0.0,0.0,0.0,10517.862536225437
157.32,0.5270462766947299,1.0540925533894598,0.0,0.8973665961010275,0.0,0.9459074466105402,138.92132274240006,10656.783858967838
167.56,0.0,0.0,0.0,1.0,0.0,1.0540925533894598,165.05,10821.833858967837
150.0,-0.0,-0.0,0.0,-0.0,0.0,-0.0,0.0,10821.833858967837
126.33,-0.0,-0.0,0.0,0.0,0.0,0.0,0.0,10821.833858967837
117.48,0.0,0.0,0.0,0.0,0.0,0.0,0.0,10821.833858967837
106.89,0.0,0.0,-0.0,0.0,-0.0,0.0,0.0,10821.833858967837
103.91,-0.0,-0.0,0.0,0.0,0.0,0.0,0.0,10821.833858967837
98.98,-0.0,-0.0,0.0,0.0,0.0,0.0,0.0,10821.833858967837
96.61,-0.0,-0.0,0.0,0.0,0.0,0.0,0.0,10821.833858967837
95.84,0.052704627669473036,0.10540925533894607,0.11111111111111122,0.0,0.10540925533894607,0.0,-12.735555555555568,10809.098303412282
92.16,0.5270462766947299,1.0540925533894598,1.0,0.0,0.9486832980505138,0.0,-110.94,10698.158303412281
100.56,0.5270462766947299,1.0540925533894598,0.0,0.0,0.0,0.0,0.0,10698.158303412281
120.42,0.5270462766947299,1.0540925533894598,0.0,0.0,0.0,0.0,0.0,10698.158303412281
140.0,-0.0,-0.0,0.0,1.0,0.0,1.0540925533894598,137.49,10835.648303412281
123.5,0.0,0.0,0.0,0.0,0.0,0.0,0.0,10835.648303412281
89.92,-0.0,-0.0,0.0,0.0,0.0,0.0,0.0,10835.648303412281
70.78,0.0,0.0,-0.0,0.0,-0.0,0.0,0.0,10835.648303412281
45.48,0.0,0.0,-0.0,0.0,-0.0,0.0,0.0,10835.648303412281
24.81,0.4743416490252569,0.9486832980505138,1.0,0.0,0.9486832980505138,0.0,-59.92999999999999,10775.71830341228
6.67,0.9486832980505138,1.8973665961010275,1.0,0.0,0.9486832980505138,0.0,-41.79,10733.92830341228
30.34,1.0,2.0,0.10818510677891963,0.0,0.10263340389897246,0.0,-7.081797089748079,10726.846506322532
68.8,1.0,2.0,0.0,0.0,0.0,0.0,0.0,10726.846506322532
87.08,1.0,2.0,0.0,-0.0,0.0,-0.0,0.0,10726.846506322532
114.0,1.0,2.0,0.0,0.0,0.0,0.0,0.0,10726.846506322532
125.65,1.0,2.0,0.0,0.0,0.0,0.0,0.0,10726.846506322532
140.52,0.5270462766947299,1.0540925533894598,0.0,0.8973665961010275,0.0,0.9459074466105402,123.84556392790282,10850.692070250436
140.71,-0.0,-0.0,0.0,1.0,0.0,1.0540925533894598,138.20000000000002,10988.892070250437
99.99,0.0,0.0,0.0,0.0,0.0,0.0,0.0,10988.892070250437
90.43,-0.0,-0.0,0.0,0.0,0.0,0.0,0.0,10988.892070250437
81.14,-0.0,-0.0,0.0,0.0,0.0,0.0,0.0,10988.892070250437
85.21,-0.0,-0.0,0.0,0.0,0.0,0.0,0.0,10988.892070250437
78.31,-0.0,-0.0,0.0,0.0,0.0,0.0,0.0,10988.892070250437
68.8,0.0,0.0,-0.0,0.0,-0.0,0.0,0.0,10988.892070250437
64.89,-0.0,-0.0,0.0,0.0,0.0,0.0,0.0,10988.892070250437
53.61,0.4743416490252569,0.9486832980505138,1.0,0.0,0.9486832980505138,0.0,-72.39,10916.502070250437
59.84,0.4743416490252569,0.9486832980505138,0.0,0.0,0.0,0.0,0.0,10916.502070250437
85.29,0.0,0.0,0.0,0.8999999999999999,0.0,0.9486832980505138,74.502,10991.004070250438
84.12,0.0,0.0,0.0,-0.0,0.0,-0.0,0.0,10991.004070250438
64.71,0.0,0.0,0.0,-0.0,0.0,-0.0,0.0,10991.004070250438
35.0,-0.0,-0.0,0.0,-0.0,0.0,-0.0,0.0,10991.004070250438
20.47,0.0,0.0,0.0,0.0,0.0,0.0,0.0,10991.004070250438
1.68,0.05131670194948623,0.10263340389897246,0.10818510677891963,0.0,0.10263340389897246,0.0,-2.9199160319630404,10988.084154218475
-0.01,0.5256583509747431,1.0513167019494862,1.0,0.0,0.9486832980505138,0.0,-25.299999999999997,10962.784154218476
-0.03,1.0,2.0,1.0,0.0,0.9486832980505138,0.0,-25.279999999999998,10937.504154218475
14.48,1.0,2.0,-0.0,0.0,-0.0,0.0,0.0,10937.504154218475
60.4,1.0,2.0,0.0,-0.0,0.0,-0.0,0.0,10937.504154218475
78.89,1.0,2.0,0.0,-0.0,0.0,-0.0,0.0,10937.504154218475
114.45,1.0,2.0,0.0,-0.0,0.0,-0.0,0.0,10937.504154218475
153.59,0.5270462766947299,1.0540925533894598,0.0,0.8973665961010275,0.0,0.9459074466105402,135.57414533894325,11073.078299557419
157.04,0.0,0.0,0.0,1.0,0.0,1.0540925533894598,154.53,11227.60829955742
144.42,0.0,0.0,0.0,-0.0,0.0,-0.0,0.0,11227.60829955742
124.56,-0.0,-0.0,0.0,-0.0,0.0,-0.0,0.0,11227.60829955742
117.94,-0.0,-0.0,0.0,0.0,0.0,0.0,0.0,11227.60829955742
110.12,-0.0,-0.0,0.0,0.0,0.0,0.0,0.0,11227.60829955742
108.26,-0.0,-0.0,0.0,0.0,0.0,0.0,0.0,11227.60829955742
103.91,-0.0,-0.0,0.0,0.0,0.0,0.0,0.0,11227.60829955742
96.54,0.0,0.0,0.0,0.0,0.0,0.0,0.0,11227.60829955742
96.22,-0.0,-0.0,0.0,0.0,0.0,0.0,0.0,11227.60829955742
96.5,-0.0,-0.0,0.0,0.0,0.0,0.0,0.0,11227.60829955742
92.74,-0.0,-0.0,0.0,0.0,0.0,0.0,0.0,11227.60829955742
96.73,-0.0,-0.0,0.0,0.0,0.0,0.0,0.0,11227.60829955742
98.44,-0.0,-0.0,0.0,-0.0,0.0,-0.0,0.0,11227.60829955742
91.86,-0.0,-0.0,0.0,0.0,0.0,0.0,0.0,11227.60829955742
76.14,-0.0,-0.0,0.0,0.0,0.0,0.0,0.0,11227.60829955742
65.67,-0.0,-0.0,0.0,0.0,0.0,0.0,0.0,11227.60829955742
65.34,-0.0,-0.0,0.0,0.0,0.0,0.0,0.0,11227.60829955742
65.33,0.0,0.0,0.0,0.0,0.0,0.0,0.0,11227.60829955742
2.06,0.4743416490252569,0.9486832980505138,1.0,0.0,0.9486832980505138,0.0,-27.369999999999997,11200.238299557419
3.94,0.9486832980505138,1.8973665961010275,1.0,0.0,0.9486832980505138,0.0,-29.25,11170.988299557419
25.27,1.0,2.0,0.10818510677891963,0.0,0.10263340389897246,0.0,-5.472002700877754,11165.516296856542
56.37,1.0,2.0,0.0,0.0,0.0,0.0,0.0,11165.516296856542
90.49,1.0,2.0,-0.0,0.0,-0.0,0.0,0.0,11165.516296856542
136.7,0.5270462766947299,1.0540925533894598,0.0,0.8973665961010275,0.0,0.9459074466105402,120.41762353079687,11285.933920387339
143.96,0.0,0.0,0.0,1.0,0.0,1.0540925533894598,141.45000000000002,11427.38392038734
114.77,-0.0,-0.0,0.0,0.0,0.0,0.0,0.0,11427.38392038734
93.81,0.0,0.0,-0.0,0.0,-0.0,0.0,0.0,11427.38392038734
76.65,0.0,0.0,0.0,-0.0,0.0,-0.0,0.0,11427.38392038734
43.26,0.0,0.0,0.0,-0.0,0.0,-0.0,0.0,11427.38392038734
2.95,-0.0,-0.0,0.0,0.0,0.0,0.0,0.0,11427.38392038734
2.34,-0.0,-0.0,0.0,0.0,0.0,0.0,0.0,11427.38392038734
2.31,-0.0,-0.0,0.0,0.0,0.0,0.0,0.0,11427.38392038734
1.2,-0.0,-0.0,0.0,0.0,0.0,0.0,0.0,11427.38392038734
0.09,0.05131670194948623,0.10263340389897246,0.10818510677891963,0.0,0.10263340389897246,0.0,-2.0414529649182134,11425.34246742242
0.03,0.5256583509747431,1.0513167019494862,1.0,0.0,0.9486832980505138,0.0,-18.810000000000002,11406.532467422421
0.0,1.0,2.0,1.0,0.0,0.9486832980505138,0.0,-18.78,11387.75246742242
-0.01,1.0,2.0,0.0,0.0,0.0,0.0,-0.0,11387.75246742242
-0.04,1.0,2.0,0.0,0.0,0.0,0.0,-0.0,11387.75246742242
-3.47,1.0,2.0,0.0,0.0,0.0,0.0,-0.0,11387.75246742242
-11.34,1.0,2.0,0.0,0.0,0.0,0.0,-0.0,11387.75246742242
-13.39,1.0,2.0,0.0,0.0,0.0,0.0,-0.0,11387.75246742242
-7.91,1.0,2.0,0.0,0.0,0.0,0.0,-0.0,11387.75246742242
-5.83,1.0,2.0,0.0,0.0,0.0,0.0,-0.0,11387.75246742242
-5.31,1.0,2.0,0.0,0.0,0.0,0.0,-0.0,11387.75246742242
-3.2,1.0,2.0,0.0,0.0,0.0,0.0,-0.0,11387.75246742242
0.07,1.0,2.0,0.0,0.0,0.0,0.0,0.0,11387.75246742242
14.41,1.0,2.0,0.0,0.0,0.0,0.0,0.0,11387.75246742242
60.83,1.0,2.0,0.0,-0.0,0.0,-0.0,0.0,11387.75246742242
58.86,1.0,2.0,0.0,0.0,0.0,0.0,0.0,11387.75246742242
50.01,1.0,2.0,0.0,0.0,0.0,0.0,0.0,11387.75246742242
61.71,1.0,2.0,0.0,-0.0,0.0,-0.0,0.0,11387.75246742242
56.44,1.0,2.0,0.0,0.0,0.0,0.0,0.0,11387.75246742242
65.57,1.0,2.0,0.0,-0.0,0.0,-0.0,0.0,11387.75246742242
63.25,1.0,2.0,0.0,0.0,0.0,0.0,0.0,11387.75246742242
64.41,1.0,2.0,0.0,0.0,0.0,0.0,0.0,11387.75246742242
67.22,1.0,2.0,0.0,-0.0,0.0,-0.0,0.0,11387.75246742242
68.97,1.0,2.0,0.0,-0.0,0.0,-0.0,0.0,11387.75246742242
88.0,1.0,2.0,-0.0,0.0,-0.0,0.0,0.0,11387.75246742242
109.27,1.0,2.0,0.0,0.0,0.0,0.0,0.0,11387.75246742242
143.54,0.5270462766947299,1.0540925533894598,0.0,0.8973665961010275,0.0,0.9459074466105402,126.5556110481279,11514.308078470549
174.23,-0.0,-0.0,0.0,1.0,0.0,1.0540925533894598,171.72,11686.028078470548
133.17,0.0,0.0,0.0,0.0,0.0,0.0,0.0,11686.028078470548
110.27,-0.0,-0.0,0.0,0.0,0.0,0.0,0.0,11686.028078470548
99.04,-0.0,-0.0,0.0,0.0,0.0,0.0,0.0,11686.028078470548
83.54,-0.0,-0.0,0.0,0.0,0.0,0.0,0.0,11686.028078470548
74.1,0.05131670194948623,0.10263340389897246,0.10818510677891963,0.0,0.10263340389897246,0.0,-11.815977362393602,11674.212101108154
73.58,0.5256583509747431,1.0513167019494862,1.0,0.0,0.9486832980505138,0.0,-108.69999999999999,11565.512101108154
69.55,1.0,2.0,1.0,0.0,0.9486832980505138,0.0,-104.66999999999999,11460.842101108154
76.24,1.0,2.0,-0.0,0.0,-0.0,0.0,0.0,11460.842101108154
100.83,1.0,2.0,0.0,0.0,0.0,0.0,0.0,11460.842101108154
131.57,1.0,2.0,0.0,-0.0,0.0,-0.0,0.0,11460.842101108154
183.96,0.4729537233052701,0.9459074466105402,0.0,1.0,0.0,1.0540925533894598,181.45000000000002,11642.292101108154
172.73,0.0,0.0,0.0,0.8973665961010275,0.0,0.9459074466105402,152.74974198831688,11795.041843096471
135.03,-0.0,-0.0,0.0,0.0,0.0,0.0,0.0,11795.041843096471
115.25,-0.0,-0.0,0.0,0.0,0.0,0.0,0.0,11795.041843096471
102.34,-0.0,-0.0,0.0,0.0,0.0,0.0,0.0,11795.041843096471
101.56,-0.0,-0.0,0.0,0.0,0.0,0.0,0.0,11795.041843096471
95.02,0.0,0.0,-0.0,0.0,-0.0,0.0,0.0,11795.041843096471
92.91,0.4743416490252569,0.9486832980505138,1.0,0.0,0.9486832980505138,0.0,-111.69,11683.35184309647
93.5,0.5256583509747431,1.0513167019494862,0.10818510677891963,0.0,0.10263340389897246,0.0,-12.147023789137096,11671.204819307333
91.43,1.0,2.0,1.0,0.0,0.9486832980505138,0.0,-110.21000000000001,11560.994819307334
100.71,1.0,2.0,0.0,0.0,0.0,0.0,0.0,11560.994819307334
129.46,1.0,2.0,0.0,0.0,0.0,0.0,0.0,11560.994819307334
179.96,0.4729537233052701,0.9459074466105402,0.0,1.0,0.0,1.0540925533894598,177.45000000000002,11738.444819307335
159.37,0.0,0.0,0.0,0.8973665961010275,0.0,0.9459074466105402,140.76092426440718,11879.205743571742
108.47,0.0,0.0,-0.0,0.0,-0.0,0.0,0.0,11879.205743571742
86.17,-0.0,-0.0,0.0,0.0,0.0,0.0,0.0,11879.205743571742
70.26,0.0,0.0,-0.0,0.0,-0.0,0.0,0.0,11879.205743571742
53.15,-0.0,-0.0,0.0,0.0,0.0,0.0,0.0,11879.205743571742
11.57,0.4743416490252569,0.9486832980505138,1.0,0.0,0.9486832980505138,0.0,-36.879999999999995,11842.325743571742
10.89,0.9486832980505138,1.8973665961010275,1.0,0.0,0.9486832980505138,0.0,-36.2,11806.125743571742
26.7,1.0,2.0,0.10818510677891963,0.0,0.10263340389897246,0.0,-5.62670740357161,11800.49903616817
65.23,1.0,2.0,0.0,-0.0,0.0,-0.0,0.0,11800.49903616817
82.8,1.0,2.0,0.0,-0.0,0.0,-0.0,0.0,11800.49903616817
122.39,1.0,2.0,0.0,0.0,0.0,0.0,0.0,11800.49903616817
155.72,0.4729537233052701,0.9459074466105402,0.0,1.0,0.0,1.0540925533894598,153.21,11953.70903616817
138.0,0.0,0.0,0.0,0.8973665961010275,0.0,0.9459074466105402,121.58420010572821,12075.293236273897
110.9,0.0,0.0,0.0,-0.0,0.0,-0.0,0.0,12075.293236273897
95.64,-0.0,-0.0,0.0,0.0,0.0,0.0,0.0,12075.293236273897
79.45,-0.0,-0.0,0.0,0.0,0.0,0.0,0.0,12075.293236273897
68.06,-0.0,-0.0,0.0,0.0,0.0,0.0,0.0,12075.293236273897
66.93,-0.0,-0.0,0.0,0.0,0.0,0.0,0.0,12075.293236273897
66.8,0.4743416490252569,0.9486832980505138,1.0,0.0,0.9486832980505138,0.0,-85.58,11989.713236273898
67.97,0.9486832980505138,1.8973665961010275,1.0,0.0,0.9486832980505138,0.0,-86.75,11902.963236273898
68.9,1.0,2.0,0.10818510677891963,0.0,0.10263340389897246,0.0,-9.485670162375673,11893.477566111522
82.18,1.0,2.0,0.0,0.0,0.0,0.0,0.0,11893.477566111522
113.84,1.0,2.0,0.0,-0.0,0.0,-0.0,0.0,11893.477566111522
150.31,0.4729537233052701,0.9459074466105402,0.0,1.0,0.0,1.0540925533894598,147.8,12041.277566111521
124.7,0.0,0.0,0.0,0.8973665961010275,0.0,0.9459074466105402,109.64922437758456,12150.926790489106
84.74,0.0,0.0,0.0,-0.0,0.0,-0.0,0.0,12150.926790489106
48.38,0.0,0.0,0.0,-0.0,0.0,-0.0,0.0,12150.926790489106
0.0,-0.0,-0.0,0.0,0.0,0.0,0.0,0.0,12150.926790489106
-2.47,0.4743416490252569,0.9486832980505138,1.0,0.0,0.9486832980505138,0.0,-22.84,12128.086790489106
-2.18,0.5256583509747431,1.0513167019494862,0.10818510677891963,0.0,0.10263340389897246,0.0,-2.5023215197964106,12125.58446896931
-2.19,1.0,2.0,1.0,0.0,0.9486832980505138,0.0,-23.119999999999997,12102.464468969309
-1.61,1.0,2.0,0.0,0.0,0.0,0.0,-0.0,12102.464468969309
-0.45,1.0,2.0,0.0,0.0,0.0,0.0,-0.0,12102.464468969309
15.37,1.0,2.0,0.0,0.0,0.0,0.0,0.0,12102.464468969309
88.84,1.0,2.0,0.0,0.0,0.0,0.0,0.0,12102.464468969309
125.35,0.4729537233052701,0.9459074466105402,0.0,1.0,0.0,1.0540925533894598,122.83999999999999,12225.304468969309
114.0,0.0,0.0,0.0,0.8973665961010275,0.0,0.9459074466105402,100.04740179930356,12325.351870768613
96.07,-0.0,-0.0,0.0,0.0,0.0,0.0,0.0,12325.351870768613
82.63,-0.0,-0.0,0.0,0.0,0.0,0.0,0.0,12325.351870768613
71.43,-0.0,-0.0,0.0,0.0,0.0,0.0,0.0,12325.351870768613
67.0,0.0,0.0,-0.0,0.0,-0.0,0.0,0.0,12325.351870768613
67.0,0.0,0.0,-0.0,0.0,-0.0,0.0,0.0,12325.351870768613
67.0,0.4743416490252569,0.9486832980505138,1.0,0.0,0.9486832980505138,0.0,-85.78,12239.571870768612
68.95,0.9486832980505138,1.8973665961010275,1.0,0.0,0.9486832980505138,0.0,-87.73,12151.841870768612
71.0,1.0,2.0,0.10818510677891963,0.0,0.10263340389897246,0.0,-9.712858886611404,12142.129011882002
86.22,1.0,2.0,0.0,0.0,0.0,0.0,0.0,12142.129011882002
129.71,1.0,2.0,0.0,0.0,0.0,0.0,0.0,12142.129011882002
162.77,0.4729537233052701,0.9459074466105402,0.0,1.0,0.0,1.0540925533894598,160.26000000000002,12302.389011882002
133.3,0.0,0.0,0.0,0.8973665961010275,0.0,0.9459074466105402,117.3665771040534,12419.755588986056
79.11,0.0,0.0,0.0,-0.0,0.0,-0.0,0.0,12419.755588986056
40.47,0.0,0.0,0.0,-0.0,0.0,-0.0,0.0,12419.755588986056
-0.16,-0.0,-0.0,0.0,0.0,0.0,0.0,-0.0,12419.755588986056
-1.19,0.05131670194948623,0.10263340389897246,0.10818510677891963,0.0,0.10263340389897246,0.0,-2.609424775507541,12417.146164210548
-8.4,0.5256583509747431,1.0513167019494862,1.0,0.0,0.9486832980505138,0.0,-16.909999999999997,12400.236164210548
-5.85,1.0,2.0,1.0,0.0,0.9486832980505138,0.0,-19.46,12380.776164210549
-0.27,1.0,2.0,0.0,0.0,0.0,0.0,-0.0,12380.776164210549
16.09,1.0,2.0,0.0,0.0,0.0,0.0,0.0,12380.776164210549
75.0,1.0,2.0,0.0,-0.0,0.0,-0.0,0.0,12380.776164210549
130.36,1.0,2.0,0.0,-0.0,0.0,-0.0,0.0,12380.776164210549
160.91,0.4729537233052701,0.9459074466105402,0.0,1.0,0.0,1.0540925533894598,158.4,12539.176164210548
153.31,0.0,0.0,0.0,0.8973665961010275,0.0,0.9459074466105402,135.32288269203497,12674.499046902583
137.03,-0.0,-0.0,0.0,0.0,0.0,0.0,0.0,12674.499046902583
113.21,-0.0,-0.0,0.0,0.0,0.0,0.0,0.0,12674.499046902583
102.68,-0.0,-0.0,0.0,0.0,0.0,0.0,0.0,12674.499046902583
104.97,-0.0,-0.0,0.0,0.0,0.0,0.0,0.0,12674.499046902583
99.9,-0.0,-0.0,0.0,0.0,0.0,0.0,0.0,12674.499046902583
101.57,0.4743416490252569,0.9486832980505138,1.0,0.0,0.9486832980505138,0.0,-120.35,12554.149046902583
103.61,0.5256583509747431,1.0513167019494862,0.10818510677891963,0.0,0.10263340389897246,0.0,-13.240775218671972,12540.908271683911
100.3,1.0,2.0,1.0,0.0,0.9486832980505138,0.0,-119.08,12421.828271683911
105.37,1.0,2.0,0.0,0.0,0.0,0.0,0.0,12421.828271683911
135.16,1.0,2.0,0.0,0.0,0.0,0.0,0.0,12421.828271683911
164.16,0.4729537233052701,0.9459074466105402,0.0,1.0,0.0,1.0540925533894598,161.65,12583.47827168391
139.4,0.0,0.0,0.0,0.8973665961010275,0.0,0.9459074466105402,122.84051334026967,12706.318785024181
95.68,0.0,0.0,-0.0,0.0,-0.0,0.0,0.0,12706.318785024181
65.0,0.0,0.0,0.0,-0.0,0.0,-0.0,0.0,12706.318785024181
7.82,-0.0,-0.0,0.0,0.0,0.0,0.0,0.0,12706.318785024181
0.0,-0.0,-0.0,0.0,0.0,0.0,0.0,0.0,12706.318785024181
-1.31,0.4743416490252569,0.9486832980505138,1.0,0.0,0.9486832980505138,0.0,-17.470000000000002,12688.848785024182
-1.21,0.9486832980505138,1.8973665961010275,1.0,0.0,0.9486832980505138,0.0,-17.57,12671.278785024182
-0.13,1.0,2.0,0.10818510677891963,0.0,0.10263340389897246,0.0,-2.017652241426851,12669.261132782754
25.01,1.0,2.0,0.0,-0.0,0.0,-0.0,0.0,12669.261132782754
70.5,1.0,2.0,0.0,-0.0,0.0,-0.0,0.0,12669.261132782754
111.03,1.0,2.0,0.0,0.0,0.0,0.0,0.0,12669.261132782754
132.99,0.5270462766947299,1.0540925533894598,0.0,0.8973665961010275,0.0,0.9459074466105402,117.08839345926208,12786.349526242017
137.92,0.0,0.0,0.0,1.0,0.0,1.0540925533894598,135.41,12921.759526242016
111.14,-0.0,-0.0,0.0,0.0,0.0,0.0,0.0,12921.759526242016
98.1,-0.0,-0.0,0.0,0.0,0.0,0.0,0.0,12921.759526242016
91.06,-0.0,-0.0,0.0,0.0,0.0,0.0,0.0,12921.759526242016
99.21,-0.0,-0.0,0.0,0.0,0.0,0.0,0.0,12921.759526242016
94.27,-0.0,-0.0,0.0,0.0,0.0,0.0,0.0,12921.759526242016
92.43,-0.0,-0.0,0.0,0.0,0.0,0.0,0.0,12921.759526242016
92.15,-0.0,-0.0,0.0,0.0,0.0,0.0,0.0,12921.759526242016
90.38,0.0,0.0,-0.0,0.0,-0.0,0.0,0.0,12921.759526242016
89.31,-0.0,-0.0,0.0,0.0,0.0,0.0,0.0,12921.759526242016
92.49,-0.0,-0.0,0.0,0.0,0.0,0.0,0.0,12921.759526242016
98.6,0.0,0.0,0.0,-0.0,0.0,-0.0,0.0,12921.759526242016
98.3,0.0,0.0,0.0,-0.0,0.0,-0.0,0.0,12921.759526242016
57.16,0.0,0.0,0.0,-0.0,0.0,-0.0,0.0,12921.759526242016
0.66,-0.0,-0.0,0.0,0.0,0.0,0.0,0.0,12921.759526242016
-0.94,-0.0,-0.0,0.0,0.0,0.0,0.0,-0.0,12921.759526242016
-24.09,0.4743416490252569,0.9486832980505138,1.0,0.0,0.9486832980505138,0.0,5.309999999999999,12927.069526242016
-10.74,0.4743416490252569,0.9486832980505138,0.0,0.0,0.0,0.0,-0.0,12927.069526242016
-10.75,0.5256583509747431,1.0513167019494862,0.10818510677891963,0.0,0.10263340389897246,0.0,-0.8687264074347247,12926.200799834582
-20.83,1.0,2.0,1.0,0.0,0.9486832980505138,0.0,2.049999999999997,12928.25079983458
-4.3,1.0,2.0,0.0,0.0,0.0,0.0,-0.0,12928.25079983458
0.0,1.0,2.0,0.0,0.0,0.0,0.0,0.0,12928.25079983458
70.0,1.0,2.0,0.0,-0.0,0.0,-0.0,0.0,12928.25079983458
99.4,0.4729537233052701,0.9459074466105402,0.0,1.0,0.0,1.0540925533894598,96.89,13025.14079983458
98.9,0.0,0.0,0.0,0.8973665961010275,0.0,0.9459074466105402,86.49716619817805,13111.637966032758
84.25,0.0,0.0,0.0,-0.0,0.0,-0.0,0.0,13111.637966032758
78.99,0.0,0.0,0.0,-0.0,0.0,-0.0,0.0,13111.637966032758
68.75,-0.0,-0.0,0.0,0.0,0.0,0.0,0.0,13111.637966032758
70.45,-0.0,-0.0,0.0,0.0,0.0,0.0,0.0,13111.637966032758
61.0,-0.0,-0.0,0.0,0.0,0.0,0.0,0.0,13111.637966032758
62.72,-0.0,-0.0,0.0,0.0,0.0,0.0,0.0,13111.637966032758
68.28,-0.0,-0.0,0.0,0.0,0.0,0.0,0.0,13111.637966032758
69.95,-0.0,-0.0,0.0,0.0,0.0,0.0,0.0,13111.637966032758
77.43,-0.0,-0.0,0.0,0.0,0.0,0.0,0.0,13111.637966032758
76.54,-0.0,-0.0,0.0,0.0,0.0,0.0,0.0,13111.637966032758
78.11,0.0,0.0,0.0,-0.0,0.0,-0.0,0.0,13111.637966032758
41.79,0.0,0.0,0.0,-0.0,0.0,-0.0,0.0,13111.637966032758
0.1,-0.0,-0.0,0.0,0.0,0.0,0.0,0.0,13111.637966032758
-0.09,-0.0,-0.0,0.0,0.0,0.0,0.0,-0.0,13111.637966032758
-5.09,-0.0,-0.0,0.0,0.0,0.0,0.0,-0.0,13111.637966032758
-4.0,-0.0,-0.0,0.0,0.0,0.0,0.0,-0.0,13111.637966032758
-4.01,-0.0,-0.0,0.0,0.0,0.0,0.0,-0.0,13111.637966032758
-17.51,0.4743416490252569,0.9486832980505138,1.0,0.0,0.9486832980505138,0.0,-7.799999999999997,13103.83796603276
-30.1,0.9486832980505138,1.8973665961010275,1.0,0.0,0.9486832980505138,0.0,4.790000000000003,13108.62796603276
-14.96,1.0,2.0,0.10818510677891963,0.0,0.10263340389897246,0.0,-1.1197158551618178,13107.508250177598
1.76,1.0,2.0,0.0,0.0,0.0,0.0,0.0,13107.508250177598
112.41,1.0,2.0,0.0,0.0,0.0,0.0,0.0,13107.508250177598
131.56,0.4729537233052701,0.9459074466105402,0.0,1.0,0.0,1.0540925533894598,129.05,13236.558250177597
128.01,0.0,0.0,0.0,0.8973665961010275,0.0,0.9459074466105402,112.61950781067895,13349.177757988276
119.67,-0.0,-0.0,0.0,0.0,0.0,0.0,0.0,13349.177757988276
108.19,-0.0,-0.0,0.0,0.0,0.0,0.0,0.0,13349.177757988276
97.38,-0.0,-0.0,0.0,0.0,0.0,0.0,0.0,13349.177757988276
83.64,-0.0,-0.0,0.0,0.0,0.0,0.0,0.0,13349.177757988276
81.66,0.0,0.0,-0.0,0.0,-0.0,0.0,0.0,13349.177757988276
78.69,0.4743416490252569,0.9486832980505138,1.0,0.0,0.9486832980505138,0.0,-97.47,13251.707757988277
79.97,0.9486832980505138,1.8973665961010275,1.0,0.0,0.9486832980505138,0.0,-98.75,13152.957757988277
82.8,1.0,2.0,0.10818510677891963,0.0,0.10263340389897246,0.0,-10.989443146602655,13141.968314841675
93.45,1.0,2.0,0.0,0.0,0.0,0.0,0.0,13141.968314841675
124.04,1.0,2.0,0.0,-0.0,0.0,-0.0,0.0,13141.968314841675
175.97,0.4729537233052701,0.9459074466105402,0.0,1.0,0.0,1.0540925533894598,173.46,13315.428314841674
144.61,-0.0,-0.0,0.0,0.8973665961010275,0.0,0.9459074466105402,127.51579330595604,13442.94410814763
107.1,0.0,0.0,0.0,0.0,0.0,0.0,0.0,13442.94410814763
83.37,0.0,0.0,-0.0,0.0,-0.0,0.0,0.0,13442.94410814763
65.0,0.0,0.0,-0.0,0.0,-0.0,0.0,0.0,13442.94410814763
11.8,0.05131670194948623,0.10263340389897246,0.10818510677891963,0.0,0.10263340389897246,0.0,-4.014749312565707,13438.929358835065
2.19,0.5256583509747431,1.0513167019494862,1.0,0.0,0.9486832980505138,0.0,-27.5,13411.429358835065
3.94,1.0,2.0,1.0,0.0,0.9486832980505138,0.0,-29.25,13382.179358835065
60.98,1.0,2.0,0.0,0.0,0.0,0.0,0.0,13382.179358835065
72.0,1.0,2.0,0.0,-0.0,0.0,-0.0,0.0,13382.179358835065
102.43,1.0,2.0,-0.0,0.0,-0.0,0.0,0.0,13382.179358835065
127.6,1.0,2.0,0.0,0.0,0.0,0.0,0.0,13382.179358835065
168.45,0.4729537233052701,0.9459074466105402,0.0,1.0,0.0,1.0540925533894598,165.94,13548.119358835065
165.05,-0.0,-0.0,0.0,0.8973665961010275,0.0,0.9459074466105402,145.85796653026102,13693.977325365326
138.2,0.0,0.0,0.0,0.0,0.0,0.0,0.0,13693.977325365326
121.02,-0.0,-0.0,0.0,0.0,0.0,0.0,0.0,13693.977325365326
105.21,-0.0,-0.0,0.0,0.0,0.0,0.0,0.0,13693.977325365326
94.93,0.0,0.0,-0.0,0.0,-0.0,0.0,0.0,13693.977325365326
87.83,-0.0,-0.0,0.0,0.0,0.0,0.0,0.0,13693.977325365326
89.06,0.4743416490252569,0.9486832980505138,1.0,0.0,0.9486832980505138,0.0,-107.84,13586.137325365326
89.9,0.9486832980505138,1.8973665961010275,1.0,0.0,0.9486832980505138,0.0,-108.68,13477.457325365325
91.62,1.0,2.0,0.10818510677891963,0.0,0.10263340389897246,0.0,-11.943635788392728,13465.513689576932
105.73,1.0,2.0,-0.0,0.0,-0.0,0.0,0.0,13465.513689576932
142.97,0.5270462766947299,1.0540925533894598,0.0,0.8973665961010275,0.0,0.9459074466105402,126.04411208835032,13591.557801665282
180.55,0.0,0.0,0.0,1.0,0.0,1.0540925533894598,178.04000000000002,13769.597801665283
136.77,0.0,0.0,0.0,-0.0,0.0,-0.0,0.0,13769.597801665283
91.3,0.0,0.0,0.0,-0.0,0.0,-0.0,0.0,13769.597801665283
76.47,0.0,0.0,0.0,-0.0,0.0,-0.0,0.0,13769.597801665283
61.09,-0.0,-0.0,0.0,0.0,0.0,0.0,0.0,13769.597801665283
19.57,0.4743416490252569,0.9486832980505138,1.0,0.0,0.9486832980505138,0.0,-44.879999999999995,13724.717801665283
16.83,0.9486832980505138,1.8973665961010275,1.0,0.0,0.9486832980505138,0.0,-42.14,13682.577801665284
28.59,1.0,2.0,0.10818510677891963,0.0,0.10263340389897246,0.0,-5.831177255383768,13676.7466244099
57.47,1.0,2.0,0.0,0.0,0.0,0.0,0.0,13676.7466244099
73.33,1.0,2.0,0.0,-0.0,0.0,-0.0,0.0,13676.7466244099
90.34,1.0,2.0,0.0,-0.0,0.0,-0.0,0.0,13676.7466244099
118.26,1.0,2.0,-0.0,0.0,-0.0,0.0,0.0,13676.7466244099
180.4,0.4729537233052701,0.9459074466105402,0.0,1.0,0.0,1.0540925533894598,177.89000000000001,13854.636624409899
171.31,-0.0,-0.0,0.0,0.8973665961010275,0.0,0.9459074466105402,151.47548142185346,14006.112105831753
140.0,0.0,0.0,0.0,0.0,0.0,0.0,0.0,14006.112105831753
120.47,-0.0,-0.0,0.0,0.0,0.0,0.0,0.0,14006.112105831753
105.12,-0.0,-0.0,0.0,0.0,0.0,0.0,0.0,14006.112105831753
104.99,-0.0,-0.0,0.0,0.0,0.0,0.0,0.0,14006.112105831753
95.99,0.0,0.0,-0.0,0.0,-0.0,0.0,0.0,14006.112105831753
94.67,0.4743416490252569,0.9486832980505138,1.0,0.0,0.9486832980505138,0.0,-113.45,13892.662105831752
94.45,0.9486832980505138,1.8973665961010275,1.0,0.0,0.9486832980505138,0.0,-113.23,13779.432105831753
95.79,1.0,2.0,0.10818510677891963,0.0,0.10263340389897246,0.0,-12.394767683660822,13767.037338148091
109.41,1.0,2.0,-0.0,0.0,-0.0,0.0,0.0,13767.037338148091
152.68,0.5270462766947299,1.0540925533894598,0.0,0.8973665961010275,0.0,0.9459074466105402,134.7575417364913,13901.794879884583
175.56,0.0,0.0,0.0,1.0,0.0,1.0540925533894598,173.05,14074.844879884582
131.56,0.0,0.0,0.0,-0.0,0.0,-0.0,0.0,14074.844879884582
99.51,-0.0,-0.0,0.0,-0.0,0.0,-0.0,0.0,14074.844879884582
82.71,0.0,0.0,0.0,0.0,0.0,0.0,0.0,14074.844879884582
59.69,0.0,0.0,0.0,-0.0,0.0,-0.0,0.0,14074.844879884582
13.61,0.05131670194948623,0.10263340389897246,0.10818510677891963,0.0,0.10263340389897246,0.0,-4.210564355835551,14070.634315528747
6.72,0.5256583509747431,1.0513167019494862,1.0,0.0,0.9486832980505138,0.0,-32.03,14038.604315528746
13.27,1.0,2.0,1.0,0.0,0.9486832980505138,0.0,-38.58,14000.024315528746
34.87,1.0,2.0,0.0,0.0,0.0,0.0,0.0,14000.024315528746
62.98,1.0,2.0,0.0,-0.0,0.0,-0.0,0.0,14000.024315528746
83.5,1.0,2.0,0.0,-0.0,0.0,-0.0,0.0,14000.024315528746
99.53,1.0,2.0,0.0,0.0,0.0,0.0,0.0,14000.024315528746
125.9,0.5270462766947299,1.0540925533894598,0.0,0.8973665961010275,0.0,0.9459074466105402,110.72606429290579,14110.750379821651
138.73,-0.0,-0.0,0.0,1.0,0.0,1.0540925533894598,136.22,14246.97037982165
111.23,-0.0,-0.0,0.0,0.0,0.0,0.0,0.0,14246.97037982165
101.94,-0.0,-0.0,0.0,0.0,0.0,0.0,0.0,14246.97037982165
98.51,0.0,0.0,0.0,0.0,0.0,0.0,0.0,14246.97037982165
92.9,-0.0,-0.0,0.0,0.0,0.0,0.0,0.0,14246.97037982165
89.55,-0.0,-0.0,0.0,0.0,0.0,0.0,0.0,14246.97037982165
88.9,0.4743416490252569,0.9486832980505138,1.0,0.0,0.9486832980505138,0.0,-107.68,14139.29037982165
87.92,0.9486832980505138,1.8973665961010275,1.0,0.0,0.9486832980505138,0.0,-106.7,14032.59037982165
90.0,1.0,2.0,0.10818510677891963,0.0,0.10263340389897246,0.0,-11.768375915410877,14020.822003906238
97.54,1.0,2.0,-0.0,0.0,-0.0,0.0,0.0,14020.822003906238
132.44,1.0,2.0,0.0,-0.0,0.0,-0.0,0.0,14020.822003906238
170.59,0.4729537233052701,0.9459074466105402,0.0,1.0,0.0,1.0540925533894598,168.08,14188.902003906238
135.44,0.0,0.0,0.0,0.8973665961010275,0.0,0.9459074466105402,119.2869416197096,14308.188945525948
102.4,-0.0,-0.0,0.0,0.0,0.0,0.0,0.0,14308.188945525948
85.71,0.0,0.0,-0.0,0.0,-0.0,0.0,0.0,14308.188945525948
66.34,0.0,0.0,-0.0,0.0,-0.0,0.0,0.0,14308.188945525948
34.95,0.0,0.0,0.0,-0.0,0.0,-0.0,0.0,14308.188945525948
2.18,-0.0,-0.0,0.0,0.0,0.0,0.0,0.0,14308.188945525948
0.08,0.4743416490252569,0.9486832980505138,1.0,0.0,0.9486832980505138,0.0,-25.389999999999997,14282.798945525949
1.18,0.9486832980505138,1.8973665961010275,1.0,0.0,0.9486832980505138,0.0,-26.49,14256.308945525949
4.29,0.9486832980505138,1.8973665961010275,0.0,0.0,0.0,0.0,0.0,14256.308945525949
16.11,0.9486832980505138,1.8973665961010275,0.0,0.0,0.0,0.0,0.0,14256.308945525949
33.01,0.5270462766947299,1.0540925533894598,0.0,0.7999999999999998,0.0,0.8432740427115677,24.399999999999995,14280.708945525948
47.98,0.0,0.0,0.0,1.0,0.0,1.0540925533894598,45.47,14326.178945525948
22.71,-0.0,-0.0,0.0,0.0,0.0,0.0,0.0,14326.178945525948
20.01,-0.0,-0.0,0.0,0.0,0.0,0.0,0.0,14326.178945525948
20.37,-0.0,-0.0,0.0,0.0,0.0,0.0,0.0,14326.178945525948
21.79,-0.0,-0.0,0.0,0.0,0.0,0.0,0.0,14326.178945525948
4.69,-0.0,-0.0,0.0,0.0,0.0,0.0,0.0,14326.178945525948
5.9,-0.0,-0.0,0.0,0.0,0.0,0.0,0.0,14326.178945525948
4.27,0.052704627669473036,0.10540925533894607,0.11111111111111122,0.0,0.10540925533894607,0.0,-2.5611111111111136,14323.617834414837
4.28,0.052704627669473036,0.10540925533894607,0.0,0.0,0.0,0.0,0.0,14323.617834414837
4.08,0.5270462766947299,1.0540925533894598,1.0,0.0,0.9486832980505138,0.0,-22.86,14300.757834414837
5.93,0.5270462766947299,1.0540925533894598,0.0,0.0,0.0,0.0,0.0,14300.757834414837
9.06,0.5270462766947299,1.0540925533894598,0.0,0.0,0.0,0.0,0.0,14300.757834414837
20.01,0.5270462766947299,1.0540925533894598,0.0,0.0,0.0,0.0,0.0,14300.757834414837
36.61,0.0,0.0,0.0,1.0,0.0,1.0540925533894598,34.1,14334.857834414837
26.92,0.0,0.0,0.0,-0.0,0.0,-0.0,0.0,14334.857834414837
11.31,-0.0,-0.0,0.0,0.0,0.0,0.0,0.0,14334.857834414837
0.0,-0.0,-0.0,0.0,0.0,0.0,0.0,0.0,14334.857834414837
-0.21,0.05131670194948623,0.10263340389897246,0.10818510677891963,0.0,0.10263340389897246,0.0,-2.0089974328845375,14332.848836981953
-2.7,0.5256583509747431,1.0513167019494862,1.0,0.0,0.9486832980505138,0.0,-16.080000000000002,14316.768836981953
-3.61,1.0,2.0,1.0,0.0,0.9486832980505138,0.0,-15.170000000000002,14301.598836981953
-0.1,1.0,2.0,0.0,0.0,0.0,0.0,-0.0,14301.598836981953
0.0,1.0,2.0,0.0,0.0,0.0,0.0,0.0,14301.598836981953
62.96,1.0,2.0,0.0,-0.0,0.0,-0.0,0.0,14301.598836981953
96.71,1.0,2.0,0.0,0.0,0.0,0.0,0.0,14301.598836981953
119.88,1.0,2.0,0.0,0.0,0.0,0.0,0.0,14301.598836981953
130.5,0.4729537233052701,0.9459074466105402,0.0,1.0,0.0,1.0540925533894598,127.99,14429.588836981953
125.0,0.0,0.0,0.0,0.8973665961010275,0.0,0.9459074466105402,109.91843435641486,14539.507271338369
106.75,-0.0,-0.0,0.0,0.0,0.0,0.0,0.0,14539.507271338369
99.34,-0.0,-0.0,0.0,0.0,0.0,0.0,0.0,14539.507271338369
101.1,-0.0,-0.0,0.0,0.0,0.0,0.0,0.0,14539.507271338369
98.43,-0.0,-0.0,0.0,0.0,0.0,0.0,0.0,14539.507271338369
95.38,-0.0,-0.0,0.0,0.0,0.0,0.0,0.0,14539.507271338369
89.09,0.0,0.0,-0.0,0.0,-0.0,0.0,0.0,14539.507271338369
89.13,-0.0,-0.0,0.0,0.0,0.0,0.0,0.0,14539.507271338369
89.11,-0.0,-0.0,0.0,0.0,0.0,0.0,0.0,14539.507271338369
93.51,-0.0,-0.0,0.0,0.0,0.0,0.0,0.0,14539.507271338369
94.7,-0.0,-0.0,0.0,0.0,0.0,0.0,0.0,14539.507271338369
95.49,0.0,0.0,0.0,-0.0,0.0,-0.0,0.0,14539.507271338369
67.26,0.0,0.0,0.0,-0.0,0.0,-0.0,0.0,14539.507271338369
20.19,0.0,0.0,-0.0,0.0,-0.0,0.0,0.0,14539.507271338369
0.0,-0.0,-0.0,0.0,0.0,0.0,0.0,0.0,14539.507271338369
-9.23,-0.0,-0.0,0.0,0.0,0.0,0.0,-0.0,14539.507271338369
-16.89,0.05131670194948623,0.10263340389897246,0.10818510677891963,0.0,0.10263340389897246,0.0,-0.20446985181215815,14539.302801486556
-20.53,0.5256583509747431,1.0513167019494862,1.0,0.0,0.9486832980505138,0.0,1.75,14541.052801486556
-18.68,1.0,2.0,1.0,0.0,0.9486832980505138,0.0,-0.10000000000000142,14540.952801486555
-0.08,1.0,2.0,0.0,0.0,0.0,0.0,-0.0,14540.952801486555
59.47,1.0,2.0,-0.0,0.0,-0.0,0.0,0.0,14540.952801486555
111.31,1.0,2.0,0.0,-0.0,0.0,-0.0,0.0,14540.952801486555
150.06,0.4729537233052701,0.9459074466105402,0.0,1.0,0.0,1.0540925533894598,147.55,14688.502801486555
120.89,0.0,0.0,0.0,0.8973665961010275,0.0,0.9459074466105402,106.23025764643964,14794.733059132994
91.0,-0.0,-0.0,0.0,0.0,0.0,0.0,0.0,14794.733059132994
86.27,0.0,0.0,-0.0,0.0,-0.0,0.0,0.0,14794.733059132994
64.27,-0.0,-0.0,0.0,0.0,0.0,0.0,0.0,14794.733059132994
63.99,-0.0,-0.0,0.0,0.0,0.0,0.0,0.0,14794.733059132994
56.0,0.0,0.0,-0.0,0.0,-0.0,0.0,0.0,14794.733059132994
42.36,-0.0,-0.0,0.0,0.0,0.0,0.0,0.0,14794.733059132994
29.5,-0.0,-0.0,-0.0,0.0,-0.0,0.0,0.0,14794.733059132994
32.06,0.0,0.0,0.0,0.0,0.0,0.0,0.0,14794.733059132994
34.48,0.0,0.0,0.0,-0.0,0.0,-0.0,0.0,14794.733059132994
29.41,-0.0,-0.0,0.0,-0.0,0.0,-0.0,0.0,14794.733059132994
27.75,-0.0,-0.0,0.0,0.0,0.0,0.0,0.0,14794.733059132994
12.87,0.0,0.0,0.0,0.0,0.0,0.0,0.0,14794.733059132994
8.43,-0.0,-0.0,0.0,0.0,0.0,0.0,0.0,14794.733059132994
0.0,-0.0,-0.0,0.0,0.0,0.0,0.0,0.0,14794.733059132994
-0.02,-0.0,-0.0,0.0,0.0,0.0,0.0,-0.0,14794.733059132994
-2.0,-0.0,-0.0,0.0,0.0,0.0,0.0,-0.0,14794.733059132994
-3.36,0.05131670194948623,0.10263340389897246,0.10818510677891963,0.0,0.10263340389897246,0.0,-2.3746630937972855,14792.358396039197
-5.35,0.5256583509747431,1.0513167019494862,1.0,0.0,0.9486832980505138,0.0,-19.96,14772.398396039198
-9.93,1.0,2.0,1.0,0.0,0.9486832980505138,0.0,-15.379999999999999,14757.018396039199
-0.01,1.0,2.0,0.0,0.0,0.0,0.0,-0.0,14757.018396039199
17.56,1.0,2.0,0.0,0.0,0.0,0.0,0.0,14757.018396039199
90.02,1.0,2.0,0.0,-0.0,0.0,-0.0,0.0,14757.018396039199
109.57,1.0,2.0,0.0,-0.0,0.0,-0.0,0.0,14757.018396039199
112.74,0.5256583509747431,1.0513167019494862,0.0,0.8999999999999999,0.0,0.9486832980505138,99.20699999999998,14856.225396039199
106.96,0.5256583509747431,1.0513167019494862,0.0,0.0,0.0,0.0,0.0,14856.225396039199
97.65,0.5256583509747431,1.0513167019494862,0.0,0.0,0.0,0.0,0.0,14856.225396039199
90.0,0.5256583509747431,1.0513167019494862,0.0,0.0,0.0,0.0,0.0,14856.225396039199
81.61,0.5256583509747431,1.0513167019494862,0.0,0.0,0.0,0.0,0.0,14856.225396039199
77.99,0.5256583509747431,1.0513167019494862,0.0,0.0,0.0,0.0,0.0,14856.225396039199
77.51,1.0,2.0,1.0,0.0,0.9486832980505138,0.0,-96.29,14759.935396039198
82.29,1.0,2.0,-0.0,0.0,-0.0,0.0,0.0,14759.935396039198
84.52,1.0,2.0,0.0,0.0,0.0,0.0,0.0,14759.935396039198
88.68,1.0,2.0,0.0,0.0,0.0,0.0,0.0,14759.935396039198
118.17,1.0,2.0,0.0,0.0,0.0,0.0,0.0,14759.935396039198
152.03,0.4729537233052701,0.9459074466105402,0.0,1.0,0.0,1.0540925533894598,149.52,14909.455396039199
143.7,0.0,0.0,0.0,0.8973665961010275,0.0,0.9459074466105402,126.69918970350406,15036.154585742703
104.7,-0.0,-0.0,0.0,-0.0,0.0,-0.0,0.0,15036.154585742703
91.02,-0.0,-0.0,0.0,0.0,0.0,0.0,0.0,15036.154585742703
77.07,0.0,0.0,0.0,0.0,0.0,0.0,0.0,15036.154585742703
62.35,0.4743416490252569,0.9486832980505138,1.0,0.0,0.9486832980505138,0.0,-87.66,14948.494585742703
61.64,0.9486832980505138,1.8973665961010275,1.0,0.0,0.9486832980505138,0.0,-86.95,14861.544585742702
64.36,1.0,2.0,0.10818510677891963,0.0,0.10263340389897246,0.0,-9.700958524865722,14851.843627217837
75.29,1.0,2.0,0.0,0.0,0.0,0.0,0.0,14851.843627217837
84.6,1.0,2.0,0.0,0.0,0.0,0.0,0.0,14851.843627217837
91.9,1.0,2.0,0.0,0.0,0.0,0.0,0.0,14851.843627217837
112.4,1.0,2.0,0.0,-0.0,0.0,-0.0,0.0,14851.843627217837
180.0,0.4729537233052701,0.9459074466105402,0.0,1.0,0.0,1.0540925533894598,177.49,15029.333627217837
140.61,0.0,0.0,0.0,0.8973665961010275,0.0,0.9459074466105402,123.92632692155192,15153.259954139388
102.83,0.0,0.0,0.0,-0.0,0.0,-0.0,0.0,15153.259954139388
82.59,0.0,0.0,0.0,-0.0,0.0,-0.0,0.0,15153.259954139388
76.0,-0.0,-0.0,0.0,0.0,0.0,0.0,0.0,15153.259954139388
72.93,-0.0,-0.0,0.0,0.0,0.0,0.0,0.0,15153.259954139388
73.2,-0.0,-0.0,0.0,0.0,0.0,0.0,0.0,15153.259954139388
67.38,-0.0,-0.0,0.0,0.0,0.0,0.0,0.0,15153.259954139388
64.29,-0.0,-0.0,0.0,0.0,0.0,0.0,0.0,15153.259954139388
52.55,0.4743416490252569,0.9486832980505138,1.0,0.0,0.9486832980505138,0.0,-71.33,15081.929954139388
53.01,0.5270462766947299,1.0540925533894598,0.11111111111111122,0.0,0.10540925533894607,0.0,-7.976666666666674,15073.953287472721
71.65,0.5270462766947299,1.0540925533894598,0.0,0.0,0.0,0.0,0.0,15073.953287472721
83.47,0.0,0.0,0.0,1.0,0.0,1.0540925533894598,80.96,15154.91328747272
73.28,-0.0,-0.0,0.0,-0.0,0.0,-0.0,0.0,15154.91328747272
45.16,0.0,0.0,0.0,0.0,0.0,0.0,0.0,15154.91328747272
34.66,0.0,0.0,-0.0,0.0,-0.0,0.0,0.0,15154.91328747272
2.92,-0.0,-0.0,0.0,0.0,0.0,0.0,0.0,15154.91328747272
0.08,0.4743416490252569,0.9486832980505138,1.0,0.0,0.9486832980505138,0.0,-25.389999999999997,15129.52328747272
0.0,0.9486832980505138,1.8973665961010275,1.0,0.0,0.9486832980505138,0.0,-25.31,15104.213287472721
0.1,1.0,2.0,0.10818510677891963,0.0,0.10263340389897246,0.0,-2.7489835632523474,15101.464303909468
2.4,1.0,2.0,0.0,0.0,0.0,0.0,0.0,15101.464303909468
2.99,1.0,2.0,0.0,0.0,0.0,0.0,0.0,15101.464303909468
4.03,1.0,2.0,0.0,0.0,0.0,0.0,0.0,15101.464303909468
20.01,1.0,2.0,0.0,0.0,0.0,0.0,0.0,15101.464303909468
38.74,1.0,2.0,0.0,-0.0,0.0,-0.0,0.0,15101.464303909468
44.79,1.0,2.0,0.0,-0.0,0.0,-0.0,0.0,15101.464303909468
40.44,1.0,2.0,0.0,0.0,0.0,0.0,0.0,15101.464303909468
43.18,1.0,2.0,0.0,0.0,0.0,0.0,0.0,15101.464303909468
47.99,1.0,2.0,0.0,-0.0,0.0,-0.0,0.0,15101.464303909468
40.49,1.0,2.0,0.0,0.0,0.0,0.0,0.0,15101.464303909468
50.92,1.0,2.0,0.0,0.0,0.0,0.0,0.0,15101.464303909468
76.36,0.5256583509747431,1.0513167019494862,0.0,0.8999999999999999,0.0,0.9486832980505138,66.46499999999999,15167.929303909468
52.69,0.5256583509747431,1.0513167019494862,0.0,0.0,0.0,0.0,0.0,15167.929303909468
47.11,1.0,2.0,1.0,0.0,0.9486832980505138,0.0,-65.89,15102.039303909469
56.85,1.0,2.0,0.0,0.0,0.0,0.0,0.0,15102.039303909469
101.5,1.0,2.0,0.0,-0.0,0.0,-0.0,0.0,15102.039303909469
124.47,0.4729537233052701,0.9459074466105402,0.0,1.0,0.0,1.0540925533894598,121.96,15223.999303909468
109.94,0.0,0.0,0.0,0.8973665961010275,0.0,0.9459074466105402,96.40409341913339,15320.4033973286
94.82,0.0,0.0,0.0,-0.0,0.0,-0.0,0.0,15320.4033973286
79.75,-0.0,-0.0,0.0,-0.0,0.0,-0.0,0.0,15320.4033973286
64.08,0.0,0.0,0.0,0.0,0.0,0.0,0.0,15320.4033973286
35.3,0.05131670194948623,0.10263340389897246,0.10818510677891963,0.0,0.10263340389897246,0.0,-6.557099321870318,15313.84629800673
22.4,0.5256583509747431,1.0513167019494862,1.0,0.0,0.9486832980505138,0.0,-47.709999999999994,15266.136298006732
24.94,1.0,2.0,1.0,0.0,0.9486832980505138,0.0,-50.25,15215.886298006732
54.18,1.0,2.0,0.0,0.0,0.0,0.0,0.0,15215.886298006732
68.0,1.0,2.0,0.0,0.0,0.0,0.0,0.0,15215.886298006732
89.0,1.0,2.0,0.0,0.0,0.0,0.0,0.0,15215.886298006732
114.87,1.0,2.0,0.0,-0.0,0.0,-0.0,0.0,15215.886298006732
146.19,0.4729537233052701,0.9459074466105402,0.0,1.0,0.0,1.0540925533894598,143.68,15359.566298006732
136.48,0.0,0.0,0.0,0.8973665961010275,0.0,0.9459074466105402,120.22020287965465,15479.786500886386
120.99,-0.0,-0.0,0.0,0.0,0.0,0.0,0.0,15479.786500886386
109.69,-0.0,-0.0,0.0,0.0,0.0,0.0,0.0,15479.786500886386
98.59,-0.0,-0.0,0.0,0.0,0.0,0.0,0.0,15479.786500886386
88.99,-0.0,-0.0,0.0,0.0,0.0,0.0,0.0,15479.786500886386
83.99,0.0,0.0,-0.0,0.0,-0.0,0.0,0.0,15479.786500886386
81.67,0.05131670194948623,0.10263340389897246,0.10818510677891963,0.0,0.10263340389897246,0.0,-10.867193975942477,15468.919306910444
80.07,0.5256583509747431,1.0513167019494862,1.0,0.0,0.9486832980505138,0.0,-98.85,15370.069306910444
81.28,1.0,2.0,1.0,0.0,0.9486832980505138,0.0,-100.06,15270.009306910444
87.43,1.0,2.0,-0.0,0.0,-0.0,0.0,0.0,15270.009306910444
105.06,1.0,2.0,0.0,0.0,0.0,0.0,0.0,15270.009306910444
122.33,0.5270462766947299,1.0540925533894598,0.0,0.8973665961010275,0.0,0.9459074466105402,107.52246554482512,15377.53177245527
130.0,0.0,0.0,0.0,1.0,0.0,1.0540925533894598,127.49,15505.02177245527
121.0,0.0,0.0,0.0,-0.0,0.0,-0.0,0.0,15505.02177245527
110.0,-0.0,-0.0,0.0,0.0,0.0,0.0,0.0,15505.02177245527
95.03,-0.0,-0.0,0.0,0.0,0.0,0.0,0.0,15505.02177245527
80.84,-0.0,-0.0,0.0,0.0,0.0,0.0,0.0,15505.02177245527
81.04,-0.0,-0.0,0.0,0.0,0.0,0.0,0.0,15505.02177245527
77.75,0.4743416490252569,0.9486832980505138,1.0,0.0,0.9486832980505138,0.0,-103.06,15401.96177245527
77.65,0.9486832980505138,1.8973665961010275,1.0,0.0,0.9486832980505138,0.0,-102.96000000000001,15299.00177245527
83.45,0.9486832980505138,1.8973665961010275,0.0,0.0,0.0,0.0,0.0,15299.00177245527
91.21,0.9486832980505138,1.8973665961010275,0.0,0.0,0.0,0.0,0.0,15299.00177245527
109.09,0.9486832980505138,1.8973665961010275,0.0,0.0,0.0,0.0,0.0,15299.00177245527
119.51,0.42163702135578385,0.8432740427115677,0.0,1.0,0.0,1.0540925533894598,117.0,15416.00177245527
118.17,-0.0,-0.0,0.0,0.7999999999999998,0.0,0.8432740427115677,92.52799999999999,15508.529772455271
105.34,-0.0,-0.0,0.0,0.0,0.0,0.0,0.0,15508.529772455271
84.7,-0.0,-0.0,0.0,0.0,0.0,0.0,0.0,15508.529772455271
82.63,-0.0,-0.0,0.0,0.0,0.0,0.0,0.0,15508.529772455271
80.75,0.0,0.0,0.0,0.0,0.0,0.0,0.0,15508.529772455271
73.7,0.0,0.0,-0.0,0.0,-0.0,0.0,0.0,15508.529772455271
71.51,0.0,0.0,-0.0,0.0,-0.0,0.0,0.0,15508.529772455271
71.64,-0.0,-0.0,0.0,0.0,0.0,0.0,0.0,15508.529772455271
67.7,-0.0,-0.0,0.0,0.0,0.0,0.0,0.0,15508.529772455271
70.0,-0.0,-0.0,0.0,0.0,0.0,0.0,0.0,15508.529772455271
70.66,-0.0,-0.0,0.0,0.0,0.0,0.0,0.0,15508.529772455271
78.1,-0.0,-0.0,0.0,0.0,0.0,0.0,0.0,15508.529772455271
80.76,-0.0,-0.0,0.0,0.0,0.0,0.0,0.0,15508.529772455271
79.91,-0.0,-0.0,0.0,0.0,0.0,0.0,0.0,15508.529772455271
76.73,-0.0,-0.0,0.0,0.0,0.0,0.0,0.0,15508.529772455271
70.2,-0.0,-0.0,0.0,0.0,0.0,0.0,0.0,15508.529772455271
75.03,-0.0,-0.0,0.0,0.0,0.0,0.0,0.0,15508.529772455271
58.0,0.05131670194948623,0.10263340389897246,0.10818510677891963,0.0,0.10263340389897246,0.0,-8.306452498485449,15500.223319956785
53.11,0.5256583509747431,1.0513167019494862,1.0,0.0,0.9486832980505138,0.0,-71.89,15428.333319956786
55.02,1.0,2.0,1.0,0.0,0.9486832980505138,0.0,-73.80000000000001,15354.533319956787
65.81,1.0,2.0,0.0,0.0,0.0,0.0,0.0,15354.533319956787
83.35,1.0,2.0,0.0,0.0,0.0,0.0,0.0,15354.533319956787
99.24,1.0,2.0,0.0,0.0,0.0,0.0,0.0,15354.533319956787
118.93,0.5270462766947299,1.0540925533894598,0.0,0.8973665961010275,0.0,0.9459074466105402,104.47141911808163,15459.004739074868
121.59,-0.0,-0.0,0.0,1.0,0.0,1.0540925533894598,119.08,15578.084739074868
111.76,-0.0,-0.0,0.0,0.0,0.0,0.0,0.0,15578.084739074868
99.55,-0.0,-0.0,0.0,0.0,0.0,0.0,0.0,15578.084739074868
90.0,0.0,0.0,0.0,0.0,0.0,0.0,0.0,15578.084739074868
81.45,-0.0,-0.0,0.0,0.0,0.0,0.0,0.0,15578.084739074868
74.38,-0.0,-0.0,0.0,0.0,0.0,0.0,0.0,15578.084739074868
78.6,-0.0,-0.0,0.0,0.0,0.0,0.0,0.0,15578.084739074868
76.21,-0.0,-0.0,0.0,0.0,0.0,0.0,0.0,15578.084739074868
78.92,-0.0,-0.0,0.0,0.0,0.0,0.0,0.0,15578.084739074868
83.05,-0.0,-0.0,0.0,0.0,0.0,0.0,0.0,15578.084739074868
84.36,-0.0,-0.0,0.0,0.0,0.0,0.0,0.0,15578.084739074868
88.92,-0.0,-0.0,0.0,-0.0,0.0,-0.0,0.0,15578.084739074868
83.89,-0.0,-0.0,0.0,0.0,0.0,0.0,0.0,15578.084739074868
76.43,0.0,0.0,0.0,0.0,0.0,0.0,0.0,15578.084739074868
29.99,0.0,0.0,-0.0,0.0,-0.0,0.0,0.0,15578.084739074868
4.54,-0.0,-0.0,0.0,0.0,0.0,0.0,0.0,15578.084739074868
0.0,-0.0,-0.0,0.0,0.0,0.0,0.0,0.0,15578.084739074868
-0.83,0.4743416490252569,0.9486832980505138,1.0,0.0,0.9486832980505138,0.0,-17.950000000000003,15560.134739074867
-0.37,0.5256583509747431,1.0513167019494862,0.10818510677891963,0.0,0.10263340389897246,0.0,-1.9916878157999105,15558.143051259067
-0.86,1.0,2.0,1.0,0.0,0.9486832980505138,0.0,-17.92,15540.223051259067
0.2,1.0,2.0,0.0,0.0,0.0,0.0,0.0,15540.223051259067
64.01,1.0,2.0,0.0,-0.0,0.0,-0.0,0.0,15540.223051259067
102.77,1.0,2.0,0.0,-0.0,0.0,-0.0,0.0,15540.223051259067
108.01,1.0,2.0,0.0,0.0,0.0,0.0,0.0,15540.223051259067
126.68,0.4729537233052701,0.9459074466105402,0.0,1.0,0.0,1.0540925533894598,124.17,15664.393051259067
119.9,-0.0,-0.0,0.0,0.8973665961010275,0.0,0.9459074466105402,105.34186471629963,15769.734915975367
103.9,-0.0,-0.0,0.0,0.0,0.0,0.0,0.0,15769.734915975367
94.41,-0.0,-0.0,0.0,0.0,0.0,0.0,0.0,15769.734915975367
98.0,-0.0,-0.0,0.0,0.0,0.0,0.0,0.0,15769.734915975367
94.9,-0.0,-0.0,0.0,0.0,0.0,0.0,0.0,15769.734915975367
98.98,-0.0,-0.0,0.0,0.0,0.0,0.0,0.0,15769.734915975367
97.41,-0.0,-0.0,0.0,0.0,0.0,0.0,0.0,15769.734915975367
98.83,-0.0,-0.0,0.0,0.0,0.0,0.0,0.0,15769.734915975367
108.64,-0.0,-0.0,0.0,0.0,0.0,0.0,0.0,15769.734915975367
109.38,0.0,0.0,0.0,0.0,0.0,0.0,0.0,15769.734915975367
94.32,0.0,0.0,0.0,-0.0,0.0,-0.0,0.0,15769.734915975367
68.6,0.0,0.0,0.0,-0.0,0.0,-0.0,0.0,15769.734915975367
18.63,0.0,0.0,-0.0,0.0,-0.0,0.0,0.0,15769.734915975367
0.0,-0.0,-0.0,0.0,0.0,0.0,0.0,0.0,15769.734915975367
-0.08,0.05131670194948623,0.10263340389897246,0.10818510677891963,0.0,0.10263340389897246,0.0,-2.729510244032142,15767.005405731334
-0.72,0.5256583509747431,1.0513167019494862,1.0,0.0,0.9486832980505138,0.0,-24.59,15742.415405731334
-0.01,0.5256583509747431,1.0513167019494862,0.0,0.0,0.0,0.0,-0.0,15742.415405731334
0.0,0.5256583509747431,1.0513167019494862,0.0,0.0,0.0,0.0,0.0,15742.415405731334
-0.77,1.0,2.0,1.0,0.0,0.9486832980505138,0.0,-24.54,15717.875405731333
0.0,1.0,2.0,0.0,0.0,0.0,0.0,0.0,15717.875405731333
72.42,1.0,2.0,0.0,-0.0,0.0,-0.0,0.0,15717.875405731333
106.81,1.0,2.0,0.0,-0.0,0.0,-0.0,0.0,15717.875405731333
119.94,1.0,2.0,0.0,-0.0,0.0,-0.0,0.0,15717.875405731333
144.95,0.4729537233052701,0.9459074466105402,0.0,1.0,0.0,1.0540925533894598,142.44,15860.315405731333
137.56,0.0,0.0,0.0,0.8973665961010275,0.0,0.9459074466105402,121.18935880344377,15981.504764534777
121.82,-0.0,-0.0,0.0,-0.0,0.0,-0.0,0.0,15981.504764534777
110.68,-0.0,-0.0,0.0,0.0,0.0,0.0,0.0,15981.504764534777
108.58,-0.0,-0.0,0.0,0.0,0.0,0.0,0.0,15981.504764534777
97.59,-0.0,-0.0,0.0,0.0,0.0,0.0,0.0,15981.504764534777
96.47,-0.0,-0.0,0.0,0.0,0.0,0.0,0.0,15981.504764534777
96.84,-0.0,-0.0,0.0,0.0,0.0,0.0,0.0,15981.504764534777
97.98,-0.0,-0.0,0.0,0.0,0.0,0.0,0.0,15981.504764534777
98.54,-0.0,-0.0,0.0,0.0,0.0,0.0,0.0,15981.504764534777
97.07,-0.0,-0.0,0.0,0.0,0.0,0.0,0.0,15981.504764534777
91.31,-0.0,-0.0,0.0,0.0,0.0,0.0,0.0,15981.504764534777
88.5,0.0,0.0,0.0,0.0,0.0,0.0,0.0,15981.504764534777
87.99,-0.0,-0.0,0.0,-0.0,0.0,-0.0,0.0,15981.504764534777
65.24,0.0,0.0,0.0,0.0,0.0,0.0,0.0,15981.504764534777
33.88,-0.0,-0.0,0.0,0.0,0.0,0.0,0.0,15981.504764534777
17.19,0.0,0.0,-0.0,0.0,-0.0,0.0,0.0,15981.504764534777
8.91,0.4743416490252569,0.9486832980505138,1.0,0.0,0.9486832980505138,0.0,-34.22,15947.284764534777
8.44,0.9486832980505138,1.8973665961010275,1.0,0.0,0.9486832980505138,0.0,-33.75,15913.534764534777
10.29,1.0,2.0,0.10818510677891963,0.0,0.10263340389897246,0.0,-3.851389801329538,15909.683374733448
50.05,1.0,2.0,0.0,-0.0,0.0,-0.0,0.0,15909.683374733448
88.77,1.0,2.0,0.0,-0.0,0.0,-0.0,0.0,15909.683374733448
101.95,1.0,2.0,0.0,0.0,0.0,0.0,0.0,15909.683374733448
121.95,1.0,2.0,0.0,-0.0,0.0,-0.0,0.0,15909.683374733448
139.14,0.4729537233052701,0.9459074466105402,0.0,1.0,0.0,1.0540925533894598,136.63,16046.313374733447
132.1,0.0,0.0,0.0,0.8973665961010275,0.0,0.9459074466105402,116.28973718873215,16162.603111922179
122.77,-0.0,-0.0,0.0,-0.0,0.0,-0.0,0.0,16162.603111922179
106.54,-0.0,-0.0,0.0,0.0,0.0,0.0,0.0,16162.603111922179
96.21,-0.0,-0.0,0.0,0.0,0.0,0.0,0.0,16162.603111922179
88.8,0.0,0.0,0.0,0.0,0.0,0.0,0.0,16162.603111922179
87.4,0.05131670194948623,0.10263340389897246,0.10818510677891963,0.0,0.10263340389897246,0.0,-11.487094637785686,16151.116017284394
85.01,0.5256583509747431,1.0513167019494862,1.0,0.0,0.9486832980505138,0.0,-103.79,16047.326017284393
84.58,1.0,2.0,1.0,0.0,0.9486832980505138,0.0,-103.36,15943.966017284392
97.39,1.0,2.0,0.0,0.0,0.0,0.0,0.0,15943.966017284392
120.76,1.0,2.0,0.0,0.0,0.0,0.0,0.0,15943.966017284392
151.54,0.4729537233052701,0.9459074466105402,0.0,1.0,0.0,1.0540925533894598,149.03,16092.996017284393
147.0,0.0,0.0,0.0,0.8973665961010275,0.0,0.9459074466105402,129.66049947063746,16222.65651675503
111.88,-0.0,-0.0,0.0,0.0,0.0,0.0,0.0,16222.65651675503
95.2,-0.0,-0.0,0.0,0.0,0.0,0.0,0.0,16222.65651675503
89.97,-0.0,-0.0,0.0,0.0,0.0,0.0,0.0,16222.65651675503
79.92,0.0,0.0,-0.0,0.0,-0.0,0.0,0.0,16222.65651675503
67.66,0.4743416490252569,0.9486832980505138,1.0,0.0,0.9486832980505138,0.0,-92.97,16129.686516755031
71.47,0.9486832980505138,1.8973665961010275,1.0,0.0,0.9486832980505138,0.0,-96.78,16032.90651675503
78.45,1.0,2.0,0.10818510677891963,0.0,0.10263340389897246,0.0,-11.2252866793807,16021.68123007565
83.07,1.0,2.0,0.0,0.0,0.0,0.0,0.0,16021.68123007565
100.04,1.0,2.0,-0.0,0.0,-0.0,0.0,0.0,16021.68123007565
122.38,1.0,2.0,-0.0,0.0,-0.0,0.0,0.0,16021.68123007565
190.41,0.5270462766947299,1.0540925533894598,0.0,0.8973665961010275,0.0,0.9459074466105402,168.61518340738306,16190.296413483033
263.2,0.0,0.0,0.0,1.0,0.0,1.0540925533894598,260.69,16450.98641348303
157.28,0.0,0.0,0.0,-0.0,0.0,-0.0,0.0,16450.98641348303
121.0,-0.0,-0.0,0.0,0.0,0.0,0.0,0.0,16450.98641348303
107.49,-0.0,-0.0,0.0,0.0,0.0,0.0,0.0,16450.98641348303
106.72,-0.0,-0.0,0.0,0.0,0.0,0.0,0.0,16450.98641348303
99.4,0.0,0.0,-0.0,0.0,-0.0,0.0,0.0,16450.98641348303
96.84,0.4743416490252569,0.9486832980505138,1.0,0.0,0.9486832980505138,0.0,-115.62,16335.36641348303
96.7,0.9486832980505138,1.8973665961010275,1.0,0.0,0.9486832980505138,0.0,-115.48,16219.886413483031
99.68,1.0,2.0,0.10818510677891963,0.0,0.10263340389897246,0.0,-12.81560774903082,16207.070805734
108.23,1.0,2.0,0.0,0.0,0.0,0.0,0.0,16207.070805734
137.09,0.5270462766947299,1.0540925533894598,0.0,0.8973665961010275,0.0,0.9459074466105402,120.7675965032763,16327.838402237276
152.0,-0.0,-0.0,0.0,1.0,0.0,1.0540925533894598,149.49,16477.328402237275
128.84,0.0,0.0,0.0,0.0,0.0,0.0,0.0,16477.328402237275
100.0,-0.0,-0.0,0.0,0.0,0.0,0.0,0.0,16477.328402237275
92.0,-0.0,-0.0,0.0,0.0,0.0,0.0,0.0,16477.328402237275
94.39,-0.0,-0.0,0.0,0.0,0.0,0.0,0.0,16477.328402237275
81.04,0.4743416490252569,0.9486832980505138,1.0,0.0,0.9486832980505138,0.0,-106.35000000000001,16370.978402237275
80.29,0.9486832980505138,1.8973665961010275,1.0,0.0,0.9486832980505138,0.0,-105.60000000000001,16265.378402237275
88.0,1.0,2.0,0.10818510677891963,0.0,0.10263340389897246,0.0,-12.258454449119382,16253.119947788155
92.35,1.0,2.0,0.0,0.0,0.0,0.0,0.0,16253.119947788155
99.05,1.0,2.0,0.0,0.0,0.0,0.0,0.0,16253.119947788155
108.28,1.0,2.0,0.0,0.0,0.0,0.0,0.0,16253.119947788155
128.9,1.0,2.0,0.0,0.0,0.0,0.0,0.0,16253.119947788155
155.97,0.4729537233052701,0.9459074466105402,0.0,1.0,0.0,1.0540925533894598,153.46,16406.579947788156
148.67,0.0,0.0,0.0,0.8973665961010275,0.0,0.9459074466105402,131.15910168612618,16537.739049474283
126.11,-0.0,-0.0,0.0,-0.0,0.0,-0.0,0.0,16537.739049474283
108.2,-0.0,-0.0,0.0,0.0,0.0,0.0,0.0,16537.739049474283
97.15,-0.0,-0.0,0.0,0.0,0.0,0.0,0.0,16537.739049474283
94.17,-0.0,-0.0,0.0,0.0,0.0,0.0,0.0,16537.739049474283
88.3,0.0,0.0,0.0,0.0,0.0,0.0,0.0,16537.739049474283
86.7,-0.0,-0.0,0.0,0.0,0.0,0.0,0.0,16537.739049474283
85.65,0.0,0.0,-0.0,0.0,-0.0,0.0,0.0,16537.739049474283
84.35,0.4743416490252569,0.9486832980505138,1.0,0.0,0.9486832980505138,0.0,-103.13,16434.609049474282
90.93,0.4743416490252569,0.9486832980505138,0.0,0.0,0.0,0.0,0.0,16434.609049474282
110.34,0.4743416490252569,0.9486832980505138,0.0,0.0,0.0,0.0,0.0,16434.609049474282
118.51,0.0,0.0,0.0,0.8999999999999999,0.0,0.9486832980505138,104.39999999999999,16539.009049474284
117.65,-0.0,-0.0,0.0,0.0,0.0,0.0,0.0,16539.009049474284
108.91,-0.0,-0.0,0.0,0.0,0.0,0.0,0.0,16539.009049474284
96.67,-0.0,-0.0,0.0,0.0,0.0,0.0,0.0,16539.009049474284
93.55,-0.0,-0.0,0.0,0.0,0.0,0.0,0.0,16539.009049474284
81.56,-0.0,-0.0,0.0,0.0,0.0,0.0,0.0,16539.009049474284
78.95,-0.0,-0.0,0.0,0.0,0.0,0.0,0.0,16539.009049474284
78.04,0.4743416490252569,0.9486832980505138,1.0,0.0,0.9486832980505138,0.0,-103.35000000000001,16435.659049474285
78.72,0.5270462766947299,1.0540925533894598,0.11111111111111122,0.0,0.10540925533894607,0.0,-11.5588888888889,16424.100160585396
83.37,0.5270462766947299,1.0540925533894598,0.0,0.0,0.0,0.0,0.0,16424.100160585396
95.36,0.5270462766947299,1.0540925533894598,0.0,0.0,0.0,0.0,0.0,16424.100160585396
101.02,0.5270462766947299,1.0540925533894598,0.0,0.0,0.0,0.0,0.0,16424.100160585396
114.64,0.5270462766947299,1.0540925533894598,0.0,0.0,0.0,0.0,0.0,16424.100160585396
121.61,-0.0,-0.0,0.0,1.0,0.0,1.0540925533894598,119.1,16543.200160585395
114.48,-0.0,-0.0,0.0,0.0,0.0,0.0,0.0,16543.200160585395
106.53,-0.0,-0.0,0.0,0.0,0.0,0.0,0.0,16543.200160585395
93.1,-0.0,-0.0,0.0,0.0,0.0,0.0,0.0,16543.200160585395
91.03,-0.0,-0.0,0.0,0.0,0.0,0.0,0.0,16543.200160585395
82.92,0.0,0.0,0.0,0.0,0.0,0.0,0.0,16543.200160585395
82.23,0.0,0.0,-0.0,0.0,-0.0,0.0,0.0,16543.200160585395
83.4,-0.0,-0.0,0.0,0.0,0.0,0.0,0.0,16543.200160585395
84.95,-0.0,-0.0,0.0,0.0,0.0,0.0,0.0,16543.200160585395
94.64,-0.0,-0.0,0.0,0.0,0.0,0.0,0.0,16543.200160585395
104.41,-0.0,-0.0,0.0,0.0,0.0,0.0,0.0,16543.200160585395
113.39,0.0,0.0,0.0,-0.0,0.0,-0.0,0.0,16543.200160585395
111.0,-0.0,-0.0,0.0,-0.0,0.0,-0.0,0.0,16543.200160585395
99.41,0.0,0.0,0.0,0.0,0.0,0.0,0.0,16543.200160585395
88.17,-0.0,-0.0,0.0,0.0,0.0,0.0,0.0,16543.200160585395
75.45,-0.0,-0.0,0.0,0.0,0.0,0.0,0.0,16543.200160585395
66.61,-0.0,-0.0,0.0,0.0,0.0,0.0,0.0,16543.200160585395
48.03,0.4743416490252569,0.9486832980505138,1.0,0.0,0.9486832980505138,0.0,-66.81,16476.390160585393
40.99,0.9486832980505138,1.8973665961010275,1.0,0.0,0.9486832980505138,0.0,-59.77,16416.620160585393
59.47,1.0,2.0,0.10818510677891963,0.0,0.10263340389897246,0.0,-8.46548460545046,16408.154675979942
73.04,1.0,2.0,0.0,0.0,0.0,0.0,0.0,16408.154675979942
84.19,1.0,2.0,0.0,0.0,0.0,0.0,0.0,16408.154675979942
99.43,1.0,2.0,0.0,0.0,0.0,0.0,0.0,16408.154675979942
115.99,0.5270462766947299,1.0540925533894598,0.0,0.8973665961010275,0.0,0.9459074466105402,101.8331613255446,16509.987837305485
123.78,-0.0,-0.0,0.0,1.0,0.0,1.0540925533894598,121.27,16631.257837305486
109.63,-0.0,-0.0,0.0,0.0,0.0,0.0,0.0,16631.257837305486
100.37,-0.0,-0.0,0.0,0.0,0.0,0.0,0.0,16631.257837305486
92.09,-0.0,-0.0,0.0,0.0,0.0,0.0,0.0,16631.257837305486
100.0,0.0,0.0,0.0,0.0,0.0,0.0,0.0,16631.257837305486
92.19,-0.0,-0.0,0.0,0.0,0.0,0.0,0.0,16631.257837305486
91.02,-0.0,-0.0,0.0,0.0,0.0,0.0,0.0,16631.257837305486
89.66,-0.0,-0.0,0.0,0.0,0.0,0.0,0.0,16631.257837305486
89.01,-0.0,-0.0,0.0,0.0,0.0,0.0,0.0,16631.257837305486
90.86,-0.0,-0.0,0.0,0.0,0.0,0.0,0.0,16631.257837305486
93.01,-0.0,-0.0,0.0,-0.0,0.0,-0.0,0.0,16631.257837305486
86.33,-0.0,-0.0,0.0,0.0,0.0,0.0,0.0,16631.257837305486
72.19,0.0,0.0,0.0,0.0,0.0,0.0,0.0,16631.257837305486
34.45,0.0,0.0,-0.0,0.0,-0.0,0.0,0.0,16631.257837305486
2.55,-0.0,-0.0,0.0,0.0,0.0,0.0,0.0,16631.257837305486
-0.01,-0.0,-0.0,0.0,0.0,0.0,0.0,-0.0,16631.257837305486
-2.82,0.4743416490252569,0.9486832980505138,1.0,0.0,0.9486832980505138,0.0,-15.96,16615.297837305487
-2.41,0.5256583509747431,1.0513167019494862,0.10818510677891963,0.0,0.10263340389897246,0.0,-1.7709901979709144,16613.526847107514
-3.4,1.0,2.0,1.0,0.0,0.9486832980505138,0.0,-15.38,16598.146847107513
-2.16,1.0,2.0,0.0,0.0,0.0,0.0,-0.0,16598.146847107513
-0.02,1.0,2.0,0.0,0.0,0.0,0.0,-0.0,16598.146847107513
30.99,1.0,2.0,0.0,-0.0,0.0,-0.0,0.0,16598.146847107513
79.0,1.0,2.0,0.0,0.0,0.0,0.0,0.0,16598.146847107513
99.81,0.5270462766947299,1.0540925533894598,0.0,0.8973665961010275,0.0,0.9459074466105402,87.31376980062998,16685.46061690814
107.4,-0.0,-0.0,0.0,1.0,0.0,1.0540925533894598,104.89,16790.35061690814
96.85,0.0,0.0,0.0,0.0,0.0,0.0,0.0,16790.35061690814
85.26,-0.0,-0.0,0.0,0.0,0.0,0.0,0.0,16790.35061690814
72.31,-0.0,-0.0,0.0,0.0,0.0,0.0,0.0,16790.35061690814
67.71,-0.0,-0.0,0.0,0.0,0.0,0.0,0.0,16790.35061690814
62.91,0.0,0.0,-0.0,0.0,-0.0,0.0,0.0,16790.35061690814
57.96,0.0,0.0,-0.0,0.0,-0.0,0.0,0.0,16790.35061690814
59.12,-0.0,-0.0,0.0,0.0,0.0,0.0,0.0,16790.35061690814
61.94,-0.0,-0.0,0.0,0.0,0.0,0.0,0.0,16790.35061690814
69.05,-0.0,-0.0,0.0,0.0,0.0,0.0,0.0,16790.35061690814
69.14,0.0,0.0,0.0,-0.0,0.0,-0.0,0.0,16790.35061690814
63.72,0.0,0.0,0.0,-0.0,0.0,-0.0,0.0,16790.35061690814
34.95,0.0,0.0,0.0,-0.0,0.0,-0.0,0.0,16790.35061690814
0.04,-0.0,-0.0,0.0,0.0,0.0,0.0,0.0,16790.35061690814
-3.0,-0.0,-0.0,0.0,0.0,0.0,0.0,-0.0,16790.35061690814
-5.3,-0.0,-0.0,0.0,0.0,0.0,0.0,-0.0,16790.35061690814
-11.92,-0.0,-0.0,0.0,0.0,0.0,0.0,-0.0,16790.35061690814
-17.77,0.05131670194948623,0.10263340389897246,0.10818510677891963,0.0,0.10263340389897246,0.0,-0.8157157051130537,16789.534901203027
-20.1,0.5256583509747431,1.0513167019494862,1.0,0.0,0.9486832980505138,0.0,-5.209999999999997,16784.32490120303
-22.96,1.0,2.0,1.0,0.0,0.9486832980505138,0.0,-2.349999999999998,16781.97490120303
-5.17,1.0,2.0,0.0,0.0,0.0,0.0,-0.0,16781.97490120303
18.35,1.0,2.0,0.0,-0.0,0.0,-0.0,0.0,16781.97490120303
90.29,1.0,2.0,0.0,-0.0,0.0,-0.0,0.0,16781.97490120303
110.83,1.0,2.0,0.0,0.0,0.0,0.0,0.0,16781.97490120303
124.23,0.4729537233052701,0.9459074466105402,0.0,1.0,0.0,1.0540925533894598,121.72,16903.69490120303
109.24,0.4729537233052701,0.9459074466105402,0.0,0.0,0.0,0.0,0.0,16903.69490120303
99.0,0.4729537233052701,0.9459074466105402,0.0,0.0,0.0,0.0,0.0,16903.69490120303
93.56,0.4729537233052701,0.9459074466105402,0.0,0.0,0.0,0.0,0.0,16903.69490120303
92.24,0.4729537233052701,0.9459074466105402,0.0,0.0,0.0,0.0,0.0,16903.69490120303
86.49,0.4729537233052701,0.9459074466105402,0.0,0.0,0.0,0.0,0.0,16903.69490120303
83.1,0.947295372330527,1.894590744661054,1.0,0.0,0.9486832980505138,0.0,-101.88,16801.81490120303
85.41,1.0,2.0,0.11111111111111122,0.0,0.10540925533894607,0.0,-11.576666666666679,16790.238234536362
91.19,1.0,2.0,0.0,0.0,0.0,0.0,0.0,16790.238234536362
99.49,1.0,2.0,0.0,0.0,0.0,0.0,0.0,16790.238234536362
140.0,0.4729537233052701,0.9459074466105402,0.0,1.0,0.0,1.0540925533894598,137.49,16927.728234536364
131.09,0.0,0.0,0.0,0.8973665961010275,0.0,0.9459074466105402,115.38339692667013,17043.111631463034
96.85,0.0,0.0,0.0,-0.0,0.0,-0.0,0.0,17043.111631463034
67.37,0.0,0.0,0.0,-0.0,0.0,-0.0,0.0,17043.111631463034
10.03,0.0,0.0,-0.0,0.0,-0.0,0.0,0.0,17043.111631463034
-0.01,-0.0,-0.0,0.0,0.0,0.0,0.0,-0.0,17043.111631463034
-4.02,0.05131670194948623,0.10263340389897246,0.10818510677891963,0.0,0.10263340389897246,0.0,-2.3032609233231987,17040.80837053971
-5.9,0.5256583509747431,1.0513167019494862,1.0,0.0,0.9486832980505138,0.0,-19.409999999999997,17021.39837053971
-6.18,1.0,2.0,1.0,0.0,0.9486832980505138,0.0,-19.13,17002.26837053971
-1.54,1.0,2.0,0.0,0.0,0.0,0.0,-0.0,17002.26837053971
2.01,1.0,2.0,0.0,0.0,0.0,0.0,0.0,17002.26837053971
68.67,1.0,2.0,0.0,-0.0,0.0,-0.0,0.0,17002.26837053971
101.92,1.0,2.0,-0.0,0.0,-0.0,0.0,0.0,17002.26837053971
149.9,0.5270462766947299,1.0540925533894598,0.0,0.8973665961010275,0.0,0.9459074466105402,132.26286259933045,17134.53123313904
194.81,-0.0,-0.0,0.0,1.0,0.0,1.0540925533894598,192.3,17326.83123313904
128.83,0.0,0.0,0.0,0.0,0.0,0.0,0.0,17326.83123313904
106.24,-0.0,-0.0,0.0,0.0,0.0,0.0,0.0,17326.83123313904
96.16,-0.0,-0.0,0.0,0.0,0.0,0.0,0.0,17326.83123313904
89.47,-0.0,-0.0,0.0,0.0,0.0,0.0,0.0,17326.83123313904
85.08,0.0,0.0,-0.0,0.0,-0.0,0.0,0.0,17326.83123313904
80.31,0.0,0.0,-0.0,0.0,-0.0,0.0,0.0,17326.83123313904
77.64,0.052704627669473036,0.10540925533894607,0.11111111111111122,0.0,0.10540925533894607,0.0,-10.713333333333342,17316.117899805708
76.77,0.5270462766947299,1.0540925533894598,1.0,0.0,0.9486832980505138,0.0,-95.55,17220.56789980571
85.18,0.5270462766947299,1.0540925533894598,0.0,0.0,0.0,0.0,0.0,17220.56789980571
106.9,0.5270462766947299,1.0540925533894598,0.0,0.0,0.0,0.0,0.0,17220.56789980571
113.13,0.0,0.0,0.0,1.0,0.0,1.0540925533894598,110.61999999999999,17331.187899805707
99.98,0.0,0.0,0.0,-0.0,0.0,-0.0,0.0,17331.187899805707
78.0,0.0,0.0,0.0,-0.0,0.0,-0.0,0.0,17331.187899805707
9.31,-0.0,-0.0,0.0,0.0,0.0,0.0,0.0,17331.187899805707
0.0,-0.0,-0.0,0.0,0.0,0.0,0.0,0.0,17331.187899805707
-0.76,0.05131670194948623,0.10263340389897246,0.10818510677891963,0.0,0.10263340389897246,0.0,-2.6559443714224766,17328.531955434286
-1.9,0.5256583509747431,1.0513167019494862,1.0,0.0,0.9486832980505138,0.0,-23.41,17305.121955434286
-1.67,1.0,2.0,1.0,0.0,0.9486832980505138,0.0,-23.64,17281.481955434287
-0.01,1.0,2.0,0.0,0.0,0.0,0.0,-0.0,17281.481955434287
14.82,1.0,2.0,0.0,0.0,0.0,0.0,0.0,17281.481955434287
77.6,1.0,2.0,0.0,-0.0,0.0,-0.0,0.0,17281.481955434287
102.0,1.0,2.0,0.0,-0.0,0.0,-0.0,0.0,17281.481955434287
139.83,0.5270462766947299,1.0540925533894598,0.0,0.8973665961010275,0.0,0.9459074466105402,123.2263809765931,17404.70833641088
174.75,0.0,0.0,0.0,1.0,0.0,1.0540925533894598,172.24,17576.948336410882
129.11,0.0,0.0,0.0,-0.0,0.0,-0.0,0.0,17576.948336410882
108.83,-0.0,-0.0,0.0,0.0,0.0,0.0,0.0,17576.948336410882
97.82,-0.0,-0.0,0.0,0.0,0.0,0.0,0.0,17576.948336410882
95.0,-0.0,-0.0,0.0,0.0,0.0,0.0,0.0,17576.948336410882
90.0,-0.0,-0.0,0.0,0.0,0.0,0.0,0.0,17576.948336410882
87.59,-0.0,-0.0,0.0,0.0,0.0,0.0,0.0,17576.948336410882
88.25,-0.0,-0.0,0.0,0.0,0.0,0.0,0.0,17576.948336410882
91.4,-0.0,-0.0,0.0,0.0,0.0,0.0,0.0,17576.948336410882
95.83,-0.0,-0.0,0.0,0.0,0.0,0.0,0.0,17576.948336410882
115.27,-0.0,-0.0,0.0,0.0,0.0,0.0,0.0,17576.948336410882
120.3,0.0,0.0,0.0,-0.0,0.0,-0.0,0.0,17576.948336410882
99.9,0.0,0.0,0.0,-0.0,0.0,-0.0,0.0,17576.948336410882
76.7,0.0,0.0,0.0,-0.0,0.0,-0.0,0.0,17576.948336410882
7.08,-0.0,-0.0,0.0,0.0,0.0,0.0,0.0,17576.948336410882
0.0,-0.0,-0.0,0.0,0.0,0.0,0.0,0.0,17576.948336410882
-1.0,0.05131670194948623,0.10263340389897246,0.10818510677891963,0.0,0.10263340389897246,0.0,-2.6299799457955357,17574.318356465086
-2.7,0.5256583509747431,1.0513167019494862,1.0,0.0,0.9486832980505138,0.0,-22.61,17551.708356465086
-3.0,1.0,2.0,1.0,0.0,0.9486832980505138,0.0,-22.31,17529.398356465084
-0.02,1.0,2.0,0.0,0.0,0.0,0.0,-0.0,17529.398356465084
19.91,1.0,2.0,0.0,0.0,0.0,0.0,0.0,17529.398356465084
78.39,1.0,2.0,0.0,-0.0,0.0,-0.0,0.0,17529.398356465084
101.8,1.0,2.0,0.0,-0.0,0.0,-0.0,0.0,17529.398356465084
130.37,0.5270462766947299,1.0540925533894598,0.0,0.8973665961010275,0.0,0.9459074466105402,114.73729297747738,17644.13564944256
176.43,-0.0,-0.0,0.0,1.0,0.0,1.0540925533894598,173.92000000000002,17818.05564944256
128.0,0.0,0.0,0.0,0.0,0.0,0.0,0.0,17818.05564944256
108.33,-0.0,-0.0,0.0,0.0,0.0,0.0,0.0,17818.05564944256
98.68,-0.0,-0.0,0.0,0.0,0.0,0.0,0.0,17818.05564944256
97.51,-0.0,-0.0,0.0,0.0,0.0,0.0,0.0,17818.05564944256
91.78,-0.0,-0.0,0.0,0.0,0.0,0.0,0.0,17818.05564944256
90.46,-0.0,-0.0,0.0,0.0,0.0,0.0,0.0,17818.05564944256
90.63,-0.0,-0.0,0.0,0.0,0.0,0.0,0.0,17818.05564944256
90.5,-0.0,-0.0,0.0,0.0,0.0,0.0,0.0,17818.05564944256
84.16,-0.0,-0.0,0.0,0.0,0.0,0.0,0.0,17818.05564944256
83.94,-0.0,-0.0,0.0,0.0,0.0,0.0,0.0,17818.05564944256
78.04,0.0,0.0,-0.0,0.0,-0.0,0.0,0.0,17818.05564944256
62.1,0.0,0.0,0.0,-0.0,0.0,-0.0,0.0,17818.05564944256
0.0,-0.0,-0.0,0.0,0.0,0.0,0.0,0.0,17818.05564944256
-0.8,-0.0,-0.0,0.0,0.0,0.0,0.0,-0.0,17818.05564944256
-4.19,-0.0,-0.0,0.0,0.0,0.0,0.0,-0.0,17818.05564944256
-4.48,-0.0,-0.0,0.0,0.0,0.0,0.0,-0.0,17818.05564944256
-5.09,-0.0,-0.0,0.0,0.0,0.0,0.0,-0.0,17818.05564944256
-10.24,0.4743416490252569,0.9486832980505138,1.0,0.0,0.9486832980505138,0.0,-15.069999999999999,17802.98564944256
-22.78,0.9486832980505138,1.8973665961010275,1.0,0.0,0.9486832980505138,0.0,-2.5299999999999976,17800.45564944256
-5.17,1.0,2.0,0.10818510677891963,0.0,0.10263340389897246,0.0,-2.178848050527441,17798.276801392032
40.77,1.0,2.0,0.0,-0.0,0.0,-0.0,0.0,17798.276801392032
96.14,1.0,2.0,0.0,0.0,0.0,0.0,0.0,17798.276801392032
129.87,0.5270462766947299,1.0540925533894598,0.0,0.8973665961010275,0.0,0.9459074466105402,114.28860967942687,17912.56541107146
164.38,-0.0,-0.0,0.0,1.0,0.0,1.0540925533894598,161.87,18074.43541107146
122.45,0.0,0.0,0.0,0.0,0.0,0.0,0.0,18074.43541107146
100.73,-0.0,-0.0,0.0,-0.0,0.0,-0.0,0.0,18074.43541107146
87.1,-0.0,-0.0,0.0,0.0,0.0,0.0,0.0,18074.43541107146
89.92,-0.0,-0.0,0.0,0.0,0.0,0.0,0.0,18074.43541107146
77.12,0.0,0.0,0.0,0.0,0.0,0.0,0.0,18074.43541107146
66.9,-0.0,-0.0,0.0,0.0,0.0,0.0,0.0,18074.43541107146
63.91,0.0,0.0,-0.0,0.0,-0.0,0.0,0.0,18074.43541107146
66.0,-0.0,-0.0,0.0,0.0,0.0,0.0,0.0,18074.43541107146
74.01,-0.0,-0.0,0.0,0.0,0.0,0.0,0.0,18074.43541107146
86.83,-0.0,-0.0,0.0,0.0,0.0,0.0,0.0,18074.43541107146
88.55,0.0,0.0,0.0,-0.0,0.0,-0.0,0.0,18074.43541107146
84.9,0.0,0.0,0.0,-0.0,0.0,-0.0,0.0,18074.43541107146
55.0,0.0,0.0,0.0,-0.0,0.0,-0.0,0.0,18074.43541107146
0.85,-0.0,-0.0,0.0,0.0,0.0,0.0,0.0,18074.43541107146
-0.01,-0.0,-0.0,0.0,0.0,0.0,0.0,-0.0,18074.43541107146
-0.8,0.05131670194948623,0.10263340389897246,0.10818510677891963,0.0,0.10263340389897246,0.0,-1.945168219884975,18072.490242851574
-3.0,0.5256583509747431,1.0513167019494862,1.0,0.0,0.9486832980505138,0.0,-15.780000000000001,18056.710242851575
-4.0,1.0,2.0,1.0,0.0,0.9486832980505138,0.0,-14.780000000000001,18041.930242851577
-0.08,1.0,2.0,0.0,0.0,0.0,0.0,-0.0,18041.930242851577
0.3,1.0,2.0,0.0,0.0,0.0,0.0,0.0,18041.930242851577
55.64,1.0,2.0,0.0,-0.0,0.0,-0.0,0.0,18041.930242851577
77.95,1.0,2.0,0.0,-0.0,0.0,-0.0,0.0,18041.930242851577
105.15,1.0,2.0,0.0,0.0,0.0,0.0,0.0,18041.930242851577
116.28,0.5270462766947299,1.0540925533894598,0.0,0.8973665961010275,0.0,0.9459074466105402,102.0933976384139,18144.02364048999
117.73,-0.0,-0.0,0.0,1.0,0.0,1.0540925533894598,115.22,18259.243640489993
103.26,-0.0,-0.0,0.0,0.0,0.0,0.0,0.0,18259.243640489993
92.8,-0.0,-0.0,0.0,0.0,0.0,0.0,0.0,18259.243640489993
93.74,-0.0,-0.0,0.0,0.0,0.0,0.0,0.0,18259.243640489993
89.0,-0.0,-0.0,0.0,0.0,0.0,0.0,0.0,18259.243640489993
88.72,-0.0,-0.0,0.0,0.0,0.0,0.0,0.0,18259.243640489993
92.0,0.0,0.0,0.0,0.0,0.0,0.0,0.0,18259.243640489993
91.23,-0.0,-0.0,0.0,0.0,0.0,0.0,0.0,18259.243640489993
91.84,-0.0,-0.0,0.0,0.0,0.0,0.0,0.0,18259.243640489993
92.86,0.0,0.0,0.0,-0.0,0.0,-0.0,0.0,18259.243640489993
87.73,0.0,0.0,0.0,-0.0,0.0,-0.0,0.0,18259.243640489993
79.9,0.0,0.0,0.0,-0.0,0.0,-0.0,0.0,18259.243640489993
13.53,-0.0,-0.0,0.0,0.0,0.0,0.0,0.0,18259.243640489993
0.01,-0.0,-0.0,0.0,0.0,0.0,0.0,0.0,18259.243640489993
-0.01,-0.0,-0.0,0.0,0.0,0.0,0.0,-0.0,18259.243640489993
-1.16,0.05131670194948623,0.10263340389897246,0.10818510677891963,0.0,0.10263340389897246,0.0,-1.906221581444564,18257.337418908548
-3.04,0.5256583509747431,1.0513167019494862,1.0,0.0,0.9486832980505138,0.0,-15.740000000000002,18241.597418908546
-2.69,1.0,2.0,1.0,0.0,0.9486832980505138,0.0,-16.09,18225.507418908546
-0.03,1.0,2.0,0.0,0.0,0.0,0.0,-0.0,18225.507418908546
0.06,1.0,2.0,0.0,0.0,0.0,0.0,0.0,18225.507418908546
28.87,1.0,2.0,0.0,-0.0,0.0,-0.0,0.0,18225.507418908546
60.1,1.0,2.0,0.0,-0.0,0.0,-0.0,0.0,18225.507418908546
76.68,0.5270462766947299,1.0540925533894598,0.0,0.8973665961010275,0.0,0.9459074466105402,66.55768043281321,18292.06509934136
83.83,0.0,0.0,0.0,1.0,0.0,1.0540925533894598,81.32,18373.385099341358
75.2,-0.0,-0.0,0.0,-0.0,0.0,-0.0,0.0,18373.385099341358
66.89,0.0,0.0,0.0,0.0,0.0,0.0,0.0,18373.385099341358
63.44,0.0,0.0,0.0,-0.0,0.0,-0.0,0.0,18373.385099341358
59.95,0.0,0.0,0.0,-0.0,0.0,-0.0,0.0,18373.385099341358
44.9,-0.0,-0.0,0.0,0.0,0.0,0.0,0.0,18373.385099341358
31.47,0.0,0.0,-0.0,0.0,-0.0,0.0,0.0,18373.385099341358
20.39,0.0,0.0,-0.0,0.0,-0.0,0.0,0.0,18373.385099341358
20.02,-0.0,-0.0,0.0,0.0,0.0,0.0,0.0,18373.385099341358
15.58,-0.0,-0.0,0.0,0.0,0.0,0.0,0.0,18373.385099341358
13.62,-0.0,-0.0,0.0,0.0,0.0,0.0,0.0,18373.385099341358
7.83,-0.0,-0.0,0.0,0.0,0.0,0.0,0.0,18373.385099341358
2.93,-0.0,-0.0,0.0,0.0,0.0,0.0,0.0,18373.385099341358
0.0,-0.0,-0.0,0.0,0.0,0.0,0.0,0.0,18373.385099341358
-0.01,-0.0,-0.0,0.0,0.0,0.0,0.0,-0.0,18373.385099341358
-0.01,-0.0,-0.0,0.0,0.0,0.0,0.0,-0.0,18373.385099341358
-0.02,-0.0,-0.0,0.0,0.0,0.0,0.0,-0.0,18373.385099341358
-2.0,0.4743416490252569,0.9486832980505138,1.0,0.0,0.9486832980505138,0.0,-23.31,18350.075099341357
-5.01,0.9486832980505138,1.8973665961010275,1.0,0.0,0.9486832980505138,0.0,-20.299999999999997,18329.775099341357
-1.59,1.0,2.0,0.10818510677891963,0.0,0.10263340389897246,0.0,-2.566150732795973,18327.20894860856
-0.01,1.0,2.0,0.0,0.0,0.0,0.0,-0.0,18327.20894860856
10.07,1.0,2.0,0.0,0.0,0.0,0.0,0.0,18327.20894860856
80.08,1.0,2.0,0.0,-0.0,0.0,-0.0,0.0,18327.20894860856
95.95,1.0,2.0,0.0,0.0,0.0,0.0,0.0,18327.20894860856
109.0,0.5270462766947299,1.0540925533894598,0.0,0.8973665961010275,0.0,0.9459074466105402,95.56056881879842,18422.769517427358
112.38,0.0,0.0,0.0,1.0,0.0,1.0540925533894598,109.86999999999999,18532.639517427357
101.79,-0.0,-0.0,0.0,0.0,0.0,0.0,0.0,18532.639517427357
87.35,-0.0,-0.0,0.0,0.0,0.0,0.0,0.0,18532.639517427357
75.18,-0.0,-0.0,0.0,0.0,0.0,0.0,0.0,18532.639517427357
70.51,0.0,0.0,-0.0,0.0,-0.0,0.0,0.0,18532.639517427357
72.25,0.4743416490252569,0.9486832980505138,1.0,0.0,0.9486832980505138,0.0,-91.03,18441.609517427358
75.15,0.5256583509747431,1.0513167019494862,0.10818510677891963,0.0,0.10263340389897246,0.0,-10.16182707974392,18431.447690347613
74.98,1.0,2.0,1.0,0.0,0.9486832980505138,0.0,-93.76,18337.687690347615
89.49,1.0,2.0,0.0,0.0,0.0,0.0,0.0,18337.687690347615
110.92,0.5270462766947299,1.0540925533894598,0.0,0.8973665961010275,0.0,0.9459074466105402,97.2835126833124,18434.971203030927
122.57,-0.0,-0.0,0.0,1.0,0.0,1.0540925533894598,120.05999999999999,18555.03120303093
106.69,0.0,0.0,0.0,0.0,0.0,0.0,0.0,18555.03120303093
90.82,-0.0,-0.0,0.0,0.0,0.0,0.0,0.0,18555.03120303093
80.0,-0.0,-0.0,0.0,0.0,0.0,0.0,0.0,18555.03120303093
61.65,-0.0,-0.0,0.0,0.0,0.0,0.0,0.0,18555.03120303093
53.83,0.4743416490252569,0.9486832980505138,1.0,0.0,0.9486832980505138,0.0,-79.14,18475.89120303093
49.66,0.9486832980505138,1.8973665961010275,1.0,0.0,0.9486832980505138,0.0,-74.97,18400.921203030928
59.3,1.0,2.0,0.10818510677891963,0.0,0.10263340389897246,0.0,-9.153541884564389,18391.767661146365
68.67,1.0,2.0,0.0,0.0,0.0,0.0,0.0,18391.767661146365
59.96,1.0,2.0,0.0,0.0,0.0,0.0,0.0,18391.767661146365
83.52,1.0,2.0,0.0,0.0,0.0,0.0,0.0,18391.767661146365
84.4,1.0,2.0,0.0,0.0,0.0,0.0,0.0,18391.767661146365
106.99,1.0,2.0,0.0,0.0,0.0,0.0,0.0,18391.767661146365
101.4,1.0,2.0,0.0,0.0,0.0,0.0,0.0,18391.767661146365
103.8,1.0,2.0,0.0,0.0,0.0,0.0,0.0,18391.767661146365
99.12,1.0,2.0,0.0,0.0,0.0,0.0,0.0,18391.767661146365
80.99,1.0,2.0,0.0,0.0,0.0,0.0,0.0,18391.767661146365
82.46,1.0,2.0,0.0,0.0,0.0,0.0,0.0,18391.767661146365
81.41,1.0,2.0,0.0,0.0,0.0,0.0,0.0,18391.767661146365
80.5,1.0,2.0,0.0,0.0,0.0,0.0,0.0,18391.767661146365
79.78,1.0,2.0,0.0,0.0,0.0,0.0,0.0,18391.767661146365
82.19,1.0,2.0,0.0,0.0,0.0,0.0,0.0,18391.767661146365
91.66,1.0,2.0,0.0,0.0,0.0,0.0,0.0,18391.767661146365
106.62,1.0,2.0,0.0,0.0,0.0,0.0,0.0,18391.767661146365
121.86,0.4729537233052701,0.9459074466105402,0.0,1.0,0.0,1.0540925533894598,119.35,18511.117661146363
108.37,-0.0,-0.0,0.0,0.8973665961010275,0.0,0.9459074466105402,94.99522786325478,18606.11288900962
83.08,-0.0,-0.0,0.0,0.0,0.0,0.0,0.0,18606.11288900962
72.27,0.0,0.0,0.0,0.0,0.0,0.0,0.0,18606.11288900962
59.89,0.0,0.0,-0.0,0.0,-0.0,0.0,0.0,18606.11288900962
42.81,0.4743416490252569,0.9486832980505138,1.0,0.0,0.9486832980505138,0.0,-68.12,18537.99288900962
38.17,0.9486832980505138,1.8973665961010275,1.0,0.0,0.9486832980505138,0.0,-63.480000000000004,18474.51288900962
45.44,1.0,2.0,0.10818510677891963,0.0,0.10263340389897246,0.0,-7.654096304608563,18466.85879270501
65.0,1.0,2.0,0.0,0.0,0.0,0.0,0.0,18466.85879270501
73.73,1.0,2.0,0.0,0.0,0.0,0.0,0.0,18466.85879270501
89.99,1.0,2.0,-0.0,0.0,-0.0,0.0,0.0,18466.85879270501
106.89,1.0,2.0,0.0,0.0,0.0,0.0,0.0,18466.85879270501
134.09,1.0,2.0,0.0,-0.0,0.0,-0.0,0.0,18466.85879270501
161.18,0.4729537233052701,0.9459074466105402,0.0,1.0,0.0,1.0540925533894598,158.67000000000002,18625.52879270501
136.6,0.0,0.0,0.0,0.8973665961010275,0.0,0.9459074466105402,120.32788687118678,18745.856679576194
118.28,-0.0,-0.0,0.0,0.0,0.0,0.0,0.0,18745.856679576194
101.27,-0.0,-0.0,0.0,0.0,0.0,0.0,0.0,18745.856679576194
92.67,-0.0,-0.0,0.0,0.0,0.0,0.0,0.0,18745.856679576194
87.05,0.05131670194948623,0.10263340389897246,0.10818510677891963,0.0,0.10263340389897246,0.0,-12.155678597679408,18733.701000978515
85.63,0.5256583509747431,1.0513167019494862,1.0,0.0,0.9486832980505138,0.0,-104.41,18629.291000978516
88.6,1.0,2.0,1.0,0.0,0.9486832980505138,0.0,-107.38,18521.911000978514
95.16,1.0,2.0,0.0,0.0,0.0,0.0,0.0,18521.911000978514
108.57,1.0,2.0,0.0,0.0,0.0,0.0,0.0,18521.911000978514
131.68,0.5270462766947299,1.0540925533894598,0.0,0.8973665961010275,0.0,0.9459074466105402,115.91284321836973,18637.823844196882
143.95,0.0,0.0,0.0,1.0,0.0,1.0540925533894598,141.44,18779.26384419688
125.0,-0.0,-0.0,0.0,-0.0,0.0,-0.0,0.0,18779.26384419688
96.43,0.0,0.0,0.0,0.0,0.0,0.0,0.0,18779.26384419688
82.41,-0.0,-0.0,0.0,0.0,0.0,0.0,0.0,18779.26384419688
73.3,0.0,0.0,-0.0,0.0,-0.0,0.0,0.0,18779.26384419688
64.43,0.4743416490252569,0.9486832980505138,1.0,0.0,0.9486832980505138,0.0,-89.74000000000001,18689.52384419688
63.92,0.9486832980505138,1.8973665961010275,1.0,0.0,0.9486832980505138,0.0,-89.23,18600.29384419688
68.04,1.0,2.0,0.10818510677891963,0.0,0.10263340389897246,0.0,-10.099079717812147,18590.194764479067
75.0,1.0,2.0,0.0,0.0,0.0,0.0,0.0,18590.194764479067
81.8,1.0,2.0,0.0,0.0,0.0,0.0,0.0,18590.194764479067
95.85,1.0,2.0,0.0,0.0,0.0,0.0,0.0,18590.194764479067
108.49,1.0,2.0,0.0,0.0,0.0,0.0,0.0,18590.194764479067
128.93,0.5270462766947299,1.0540925533894598,0.0,0.8973665961010275,0.0,0.9459074466105402,113.44508507909191,18703.63984955816
147.15,0.0,0.0,0.0,1.0,0.0,1.0540925533894598,144.64000000000001,18848.27984955816
125.18,-0.0,-0.0,0.0,0.0,0.0,0.0,0.0,18848.27984955816
108.49,-0.0,-0.0,0.0,0.0,0.0,0.0,0.0,18848.27984955816
96.59,-0.0,-0.0,0.0,0.0,0.0,0.0,0.0,18848.27984955816
95.86,-0.0,-0.0,0.0,0.0,0.0,0.0,0.0,18848.27984955816
91.66,-0.0,-0.0,0.0,0.0,0.0,0.0,0.0,18848.27984955816
91.51,0.4743416490252569,0.9486832980505138,1.0,0.0,0.9486832980505138,0.0,-110.29,18737.98984955816
93.18,0.5270462766947299,1.0540925533894598,0.11111111111111122,0.0,0.10540925533894607,0.0,-12.440000000000012,18725.54984955816
96.09,0.5270462766947299,1.0540925533894598,0.0,0.0,0.0,0.0,0.0,18725.54984955816
109.25,0.5270462766947299,1.0540925533894598,0.0,0.0,0.0,0.0,0.0,18725.54984955816
124.27,0.5270462766947299,1.0540925533894598,0.0,0.0,0.0,0.0,0.0,18725.54984955816
138.73,0.0,0.0,0.0,1.0,0.0,1.0540925533894598,136.22,18861.76984955816
124.11,0.0,0.0,0.0,-0.0,0.0,-0.0,0.0,18861.76984955816
101.13,-0.0,-0.0,0.0,0.0,0.0,0.0,0.0,18861.76984955816
87.81,-0.0,-0.0,0.0,0.0,0.0,0.0,0.0,18861.76984955816
75.34,-0.0,-0.0,0.0,0.0,0.0,0.0,0.0,18861.76984955816
64.25,0.4743416490252569,0.9486832980505138,1.0,0.0,0.9486832980505138,0.0,-89.56,18772.20984955816
63.75,0.9486832980505138,1.8973665961010275,1.0,0.0,0.9486832980505138,0.0,-89.06,18683.149849558158
70.05,1.0,2.0,0.10818510677891963,0.0,0.10263340389897246,0.0,-10.316531782437774,18672.83331777572
78.77,1.0,2.0,0.0,0.0,0.0,0.0,0.0,18672.83331777572
85.3,1.0,2.0,0.0,0.0,0.0,0.0,0.0,18672.83331777572
91.63,1.0,2.0,0.0,0.0,0.0,0.0,0.0,18672.83331777572
109.09,1.0,2.0,0.0,0.0,0.0,0.0,0.0,18672.83331777572
134.96,1.0,2.0,0.0,-0.0,0.0,-0.0,0.0,18672.83331777572
185.08,0.4729537233052701,0.9459074466105402,0.0,1.0,0.0,1.0540925533894598,182.57000000000002,18855.40331777572
143.18,0.0,0.0,0.0,0.8973665961010275,0.0,0.9459074466105402,126.23255907353155,18981.63587684925
114.77,-0.0,-0.0,0.0,0.0,0.0,0.0,0.0,18981.63587684925
106.48,-0.0,-0.0,0.0,0.0,0.0,0.0,0.0,18981.63587684925
102.27,-0.0,-0.0,0.0,0.0,0.0,0.0,0.0,18981.63587684925
96.55,0.0,0.0,-0.0,0.0,-0.0,0.0,0.0,18981.63587684925
93.76,0.4743416490252569,0.9486832980505138,1.0,0.0,0.9486832980505138,0.0,-112.54,18869.09587684925
95.09,0.9486832980505138,1.8973665961010275,1.0,0.0,0.9486832980505138,0.0,-113.87,18755.22587684925
99.0,1.0,2.0,0.10818510677891963,0.0,0.10263340389897246,0.0,-12.742041876421153,18742.48383497283
109.07,1.0,2.0,0.0,0.0,0.0,0.0,0.0,18742.48383497283
141.0,0.4729537233052701,0.9459074466105402,0.0,1.0,0.0,1.0540925533894598,138.49,18880.973834972832
136.03,0.0,0.0,0.0,0.8973665961010275,0.0,0.9459074466105402,119.8163879114092,19000.790222884243
100.61,0.0,0.0,-0.0,0.0,-0.0,0.0,0.0,19000.790222884243
82.0,0.0,0.0,0.0,-0.0,0.0,-0.0,0.0,19000.790222884243
51.6,0.0,0.0,0.0,-0.0,0.0,-0.0,0.0,19000.790222884243
0.1,-0.0,-0.0,0.0,0.0,0.0,0.0,0.0,19000.790222884243
-0.01,0.05131670194948623,0.10263340389897246,0.10818510677891963,0.0,0.10263340389897246,0.0,-2.0306344542403214,18998.759588430003
-0.02,0.5256583509747431,1.0513167019494862,1.0,0.0,0.9486832980505138,0.0,-18.76,18979.999588430004
-0.01,1.0,2.0,1.0,0.0,0.9486832980505138,0.0,-18.77,18961.229588430004
0.09,1.0,2.0,0.0,0.0,0.0,0.0,0.0,18961.229588430004
52.66,1.0,2.0,0.0,-0.0,0.0,-0.0,0.0,18961.229588430004
79.06,1.0,2.0,0.0,-0.0,0.0,-0.0,0.0,18961.229588430004
98.81,1.0,2.0,0.0,-0.0,0.0,-0.0,0.0,18961.229588430004
118.2,1.0,2.0,0.0,-0.0,0.0,-0.0,0.0,18961.229588430004
149.13,0.4729537233052701,0.9459074466105402,0.0,1.0,0.0,1.0540925533894598,146.62,19107.849588430003
130.35,0.0,0.0,0.0,0.8973665961010275,0.0,0.9459074466105402,114.71934564555535,19222.56893407556
107.32,0.0,0.0,0.0,-0.0,0.0,-0.0,0.0,19222.56893407556
98.32,-0.0,-0.0,0.0,0.0,0.0,0.0,0.0,19222.56893407556
105.22,-0.0,-0.0,0.0,-0.0,0.0,-0.0,0.0,19222.56893407556
102.91,-0.0,-0.0,0.0,0.0,0.0,0.0,0.0,19222.56893407556
98.78,-0.0,-0.0,0.0,0.0,0.0,0.0,0.0,19222.56893407556
96.28,-0.0,-0.0,0.0,0.0,0.0,0.0,0.0,19222.56893407556
100.9,-0.0,-0.0,0.0,0.0,0.0,0.0,0.0,19222.56893407556
100.47,-0.0,-0.0,0.0,0.0,0.0,0.0,0.0,19222.56893407556
97.73,0.0,0.0,0.0,0.0,0.0,0.0,0.0,19222.56893407556
93.91,0.0,0.0,0.0,-0.0,0.0,-0.0,0.0,19222.56893407556
73.72,0.0,0.0,0.0,-0.0,0.0,-0.0,0.0,19222.56893407556
9.55,-0.0,-0.0,0.0,0.0,0.0,0.0,0.0,19222.56893407556
8.31,-0.0,-0.0,0.0,0.0,0.0,0.0,0.0,19222.56893407556
4.84,-0.0,-0.0,0.0,0.0,0.0,0.0,0.0,19222.56893407556
2.1,-0.0,-0.0,0.0,0.0,0.0,0.0,0.0,19222.56893407556
1.87,-0.0,-0.0,0.0,0.0,0.0,0.0,0.0,19222.56893407556
-0.01,0.05131670194948623,0.10263340389897246,0.10818510677891963,0.0,0.10263340389897246,0.0,-2.0306344542403214,19220.53829962132
-1.74,0.5256583509747431,1.0513167019494862,1.0,0.0,0.9486832980505138,0.0,-17.040000000000003,19203.49829962132
-2.7,1.0,2.0,1.0,0.0,0.9486832980505138,0.0,-16.080000000000002,19187.418299621317
23.99,1.0,2.0,0.0,-0.0,0.0,-0.0,0.0,19187.418299621317
95.27,1.0,2.0,0.0,-0.0,0.0,-0.0,0.0,19187.418299621317
124.04,1.0,2.0,0.0,0.0,0.0,0.0,0.0,19187.418299621317
163.2,0.4729537233052701,0.9459074466105402,0.0,1.0,0.0,1.0540925533894598,160.69,19348.108299621315
129.49,0.0,0.0,0.0,0.8973665961010275,0.0,0.9459074466105402,113.94761037290849,19462.055909994226
107.72,-0.0,-0.0,0.0,0.0,0.0,0.0,0.0,19462.055909994226
94.49,-0.0,-0.0,-0.0,0.0,-0.0,0.0,0.0,19462.055909994226
97.8,0.0,0.0,0.0,0.0,0.0,0.0,0.0,19462.055909994226
95.1,-0.0,-0.0,0.0,0.0,0.0,0.0,0.0,19462.055909994226
94.51,-0.0,-0.0,0.0,0.0,0.0,0.0,0.0,19462.055909994226
95.42,-0.0,-0.0,0.0,0.0,0.0,0.0,0.0,19462.055909994226
95.39,-0.0,-0.0,0.0,0.0,0.0,0.0,0.0,19462.055909994226
95.45,-0.0,-0.0,0.0,0.0,0.0,0.0,0.0,19462.055909994226
87.61,-0.0,-0.0,0.0,0.0,0.0,0.0,0.0,19462.055909994226
65.76,0.0,0.0,-0.0,0.0,-0.0,0.0,0.0,19462.055909994226
4.97,-0.0,-0.0,-0.0,0.0,-0.0,0.0,0.0,19462.055909994226
7.81,0.0,0.0,0.0,0.0,0.0,0.0,0.0,19462.055909994226
3.92,-0.0,-0.0,0.0,0.0,0.0,0.0,0.0,19462.055909994226
2.06,-0.0,-0.0,0.0,0.0,0.0,0.0,0.0,19462.055909994226
1.71,-0.0,-0.0,0.0,0.0,0.0,0.0,0.0,19462.055909994226
-0.01,-0.0,-0.0,0.0,0.0,0.0,0.0,-0.0,19462.055909994226
-0.27,0.4743416490252569,0.9486832980505138,1.0,0.0,0.9486832980505138,0.0,-25.04,19437.015909994225
-1.01,0.9486832980505138,1.8973665961010275,1.0,0.0,0.9486832980505138,0.0,-24.299999999999997,19412.715909994226
-0.13,1.0,2.0,0.10818510677891963,0.0,0.10263340389897246,0.0,-2.7241009886931957,19409.991809005533
0.58,1.0,2.0,0.0,0.0,0.0,0.0,0.0,19409.991809005533
85.96,1.0,2.0,0.0,0.0,0.0,0.0,0.0,19409.991809005533
117.11,0.5783629786442162,1.1567259572884323,0.0,0.7999999999999998,0.0,0.8432740427115677,91.67999999999998,19501.671809005533
124.86,0.05131670194948623,0.10263340389897246,0.0,1.0,0.0,1.0540925533894598,122.35,19624.02180900553
109.55,0.05131670194948623,0.10263340389897246,0.0,0.0,0.0,0.0,0.0,19624.02180900553
98.45,0.05131670194948623,0.10263340389897246,0.0,0.0,0.0,0.0,0.0,19624.02180900553
84.68,0.05131670194948623,0.10263340389897246,0.0,0.0,0.0,0.0,0.0,19624.02180900553
86.0,0.05131670194948623,0.10263340389897246,0.0,0.0,0.0,0.0,0.0,19624.02180900553
81.28,0.05131670194948623,0.10263340389897246,0.0,0.0,0.0,0.0,0.0,19624.02180900553
80.95,0.5256583509747431,1.0513167019494862,1.0,0.0,0.9486832980505138,0.0,-99.73,19524.291809005532
81.48,1.0,2.0,1.0,0.0,0.9486832980505138,0.0,-100.26,19424.031809005533
84.65,1.0,2.0,0.0,0.0,0.0,0.0,0.0,19424.031809005533
97.71,1.0,2.0,0.0,0.0,0.0,0.0,0.0,19424.031809005533
137.05,0.5270462766947299,1.0540925533894598,0.0,0.8973665961010275,0.0,0.9459074466105402,120.73170183943226,19544.763510844965
141.15,-0.0,-0.0,0.0,1.0,0.0,1.0540925533894598,138.64000000000001,19683.403510844964
108.49,0.0,0.0,0.0,0.0,0.0,0.0,0.0,19683.403510844964
69.74,0.0,0.0,-0.0,0.0,-0.0,0.0,0.0,19683.403510844964
15.37,-0.0,-0.0,0.0,0.0,0.0,0.0,0.0,19683.403510844964
11.35,-0.0,-0.0,0.0,0.0,0.0,0.0,0.0,19683.403510844964
2.09,0.4743416490252569,0.9486832980505138,1.0,0.0,0.9486832980505138,0.0,-27.4,19656.003510844963
4.17,0.5256583509747431,1.0513167019494862,0.10818510677891963,0.0,0.10263340389897246,0.0,-3.1892969478425504,19652.81421389712
2.08,1.0,2.0,1.0,0.0,0.9486832980505138,0.0,-27.39,19625.42421389712
6.96,1.0,2.0,0.0,0.0,0.0,0.0,0.0,19625.42421389712
7.78,1.0,2.0,0.0,0.0,0.0,0.0,0.0,19625.42421389712
72.58,1.0,2.0,0.0,-0.0,0.0,-0.0,0.0,19625.42421389712
107.12,1.0,2.0,0.0,0.0,0.0,0.0,0.0,19625.42421389712
141.41,0.5270462766947299,1.0540925533894598,0.0,0.8973665961010275,0.0,0.9459074466105402,124.64422019843272,19750.068434095552
172.7,0.0,0.0,0.0,1.0,0.0,1.0540925533894598,170.19,19920.25843409555
117.25,-0.0,-0.0,0.0,0.0,0.0,0.0,0.0,19920.25843409555
100.11,-0.0,-0.0,0.0,0.0,0.0,0.0,0.0,19920.25843409555
92.97,-0.0,-0.0,0.0,0.0,0.0,0.0,0.0,19920.25843409555
89.87,-0.0,-0.0,0.0,0.0,0.0,0.0,0.0,19920.25843409555
88.55,0.0,0.0,-0.0,0.0,-0.0,0.0,0.0,19920.25843409555
89.2,0.4743416490252569,0.9486832980505138,1.0,0.0,0.9486832980505138,0.0,-107.98,19812.27843409555
93.94,0.9486832980505138,1.8973665961010275,1.0,0.0,0.9486832980505138,0.0,-112.72,19699.55843409555
96.71,0.9486832980505138,1.8973665961010275,0.0,0.0,0.0,0.0,0.0,19699.55843409555
104.0,0.9486832980505138,1.8973665961010275,0.0,0.0,0.0,0.0,0.0,19699.55843409555
136.77,0.42163702135578385,0.8432740427115677,0.0,1.0,0.0,1.0540925533894598,134.26000000000002,19833.81843409555
128.33,0.0,0.0,0.0,0.7999999999999998,0.0,0.8432740427115677,100.65599999999999,19934.474434095548
100.42,0.0,0.0,0.0,-0.0,0.0,-0.0,0.0,19934.474434095548
79.36,0.0,0.0,0.0,-0.0,0.0,-0.0,0.0,19934.474434095548
16.09,-0.0,-0.0,0.0,0.0,0.0,0.0,0.0,19934.474434095548
-0.75,-0.0,-0.0,0.0,0.0,0.0,0.0,-0.0,19934.474434095548
-2.56,0.05131670194948623,0.10263340389897246,0.10818510677891963,0.0,0.10263340389897246,0.0,-2.461211179220421,19932.01322291633
-1.74,0.05131670194948623,0.10263340389897246,0.0,0.0,0.0,0.0,-0.0,19932.01322291633
-3.2,0.5256583509747431,1.0513167019494862,1.0,0.0,0.9486832980505138,0.0,-22.11,19909.903222916328
-3.64,1.0,2.0,1.0,0.0,0.9486832980505138,0.0,-21.669999999999998,19888.23322291633
0.54,1.0,2.0,0.0,0.0,0.0,0.0,0.0,19888.23322291633
73.95,1.0,2.0,0.0,-0.0,0.0,-0.0,0.0,19888.23322291633
99.71,1.0,2.0,-0.0,0.0,-0.0,0.0,0.0,19888.23322291633
135.91,1.0,2.0,0.0,0.0,0.0,0.0,0.0,19888.23322291633
212.92,0.4729537233052701,0.9459074466105402,0.0,1.0,0.0,1.0540925533894598,210.41,20098.64322291633
148.37,0.0,0.0,0.0,0.8973665961010275,0.0,0.9459074466105402,130.88989170729587,20229.533114623624
111.97,-0.0,-0.0,0.0,0.0,0.0,0.0,0.0,20229.533114623624
99.21,-0.0,-0.0,0.0,0.0,0.0,0.0,0.0,20229.533114623624
97.07,-0.0,-0.0,0.0,0.0,0.0,0.0,0.0,20229.533114623624
89.86,-0.0,-0.0,0.0,0.0,0.0,0.0,0.0,20229.533114623624
87.78,0.4743416490252569,0.9486832980505138,1.0,0.0,0.9486832980505138,0.0,-106.56,20122.973114623623
89.09,0.9486832980505138,1.8973665961010275,1.0,0.0,0.9486832980505138,0.0,-107.87,20015.103114623624
98.51,0.9486832980505138,1.8973665961010275,0.0,0.0,0.0,0.0,0.0,20015.103114623624
103.92,0.9486832980505138,1.8973665961010275,0.0,0.0,0.0,0.0,0.0,20015.103114623624
128.58,0.42163702135578385,0.8432740427115677,0.0,1.0,0.0,1.0540925533894598,126.07000000000001,20141.173114623623
122.5,-0.0,-0.0,0.0,0.7999999999999998,0.0,0.8432740427115677,95.99199999999998,20237.16511462362
99.56,0.0,0.0,0.0,0.0,0.0,0.0,0.0,20237.16511462362
70.91,0.0,0.0,0.0,-0.0,0.0,-0.0,0.0,20237.16511462362
0.2,-0.0,-0.0,0.0,0.0,0.0,0.0,0.0,20237.16511462362
-1.68,-0.0,-0.0,0.0,0.0,0.0,0.0,-0.0,20237.16511462362
-5.09,0.4743416490252569,0.9486832980505138,1.0,0.0,0.9486832980505138,0.0,-20.22,20216.94511462362
-5.01,0.5256583509747431,1.0513167019494862,0.10818510677891963,0.0,0.10263340389897246,0.0,-2.196157667612068,20214.74895695601
-5.31,1.0,2.0,1.0,0.0,0.9486832980505138,0.0,-20.0,20194.74895695601
-3.36,1.0,2.0,0.0,0.0,0.0,0.0,-0.0,20194.74895695601
-1.34,1.0,2.0,0.0,0.0,0.0,0.0,-0.0,20194.74895695601
30.94,1.0,2.0,0.0,-0.0,0.0,-0.0,0.0,20194.74895695601
91.6,1.0,2.0,0.0,-0.0,0.0,-0.0,0.0,20194.74895695601
114.0,1.0,2.0,0.0,0.0,0.0,0.0,0.0,20194.74895695601
158.45,0.4729537233052701,0.9459074466105402,0.0,1.0,0.0,1.0540925533894598,155.94,20350.688956956008
132.59,0.0,0.0,0.0,0.8973665961010275,0.0,0.9459074466105402,116.72944682082166,20467.41840377683
109.08,-0.0,-0.0,0.0,0.0,0.0,0.0,0.0,20467.41840377683
95.3,-0.0,-0.0,0.0,0.0,0.0,0.0,0.0,20467.41840377683
97.02,-0.0,-0.0,0.0,0.0,0.0,0.0,0.0,20467.41840377683
88.0,-0.0,-0.0,0.0,0.0,0.0,0.0,0.0,20467.41840377683
82.24,0.052704627669473036,0.10540925533894607,0.11111111111111127,0.0,0.10540925533894613,0.0,-11.22444444444446,20456.193959332384
81.67,0.5270462766947299,1.0540925533894598,1.0,0.0,0.9486832980505138,0.0,-100.45,20355.743959332383
85.01,0.5270462766947299,1.0540925533894598,0.0,0.0,0.0,0.0,0.0,20355.743959332383
94.83,0.5270462766947299,1.0540925533894598,0.0,0.0,0.0,0.0,0.0,20355.743959332383
119.9,-0.0,-0.0,0.0,1.0,0.0,1.0540925533894598,117.39,20473.133959332383
114.62,-0.0,-0.0,0.0,0.0,0.0,0.0,0.0,20473.133959332383
89.0,0.0,0.0,0.0,0.0,0.0,0.0,0.0,20473.133959332383
69.89,0.0,0.0,0.0,-0.0,0.0,-0.0,0.0,20473.133959332383
4.58,-0.0,-0.0,0.0,0.0,0.0,0.0,0.0,20473.133959332383
-0.08,-0.0,-0.0,0.0,0.0,0.0,0.0,-0.0,20473.133959332383
-4.91,-0.0,-0.0,0.0,0.0,0.0,0.0,-0.0,20473.133959332383
-6.71,0.4743416490252569,0.9486832980505138,1.0,0.0,0.9486832980505138,0.0,-18.599999999999998,20454.533959332384
-5.3,0.9486832980505138,1.8973665961010275,1.0,0.0,0.9486832980505138,0.0,-20.009999999999998,20434.523959332386
-5.09,1.0,2.0,0.10818510677891963,0.0,0.10263340389897246,0.0,-2.1875028590697543,20432.336456473317
-0.6,1.0,2.0,0.0,0.0,0.0,0.0,-0.0,20432.336456473317
3.83,1.0,2.0,0.0,0.0,0.0,0.0,0.0,20432.336456473317
68.91,1.0,2.0,0.0,-0.0,0.0,-0.0,0.0,20432.336456473317
99.27,1.0,2.0,0.0,-0.0,0.0,-0.0,0.0,20432.336456473317
130.74,0.4729537233052701,0.9459074466105402,0.0,1.0,0.0,1.0540925533894598,128.23000000000002,20560.566456473316
125.13,0.0,0.0,0.0,0.8973665961010275,0.0,0.9459074466105402,110.035092013908,20670.601548487222
110.49,-0.0,-0.0,0.0,0.0,0.0,0.0,0.0,20670.601548487222
101.0,-0.0,-0.0,0.0,0.0,0.0,0.0,0.0,20670.601548487222
94.5,-0.0,-0.0,0.0,0.0,0.0,0.0,0.0,20670.601548487222
88.47,-0.0,-0.0,0.0,0.0,0.0,0.0,0.0,20670.601548487222
84.91,-0.0,-0.0,-0.0,0.0,-0.0,0.0,0.0,20670.601548487222
85.0,-0.0,-0.0,0.0,0.0,0.0,0.0,0.0,20670.601548487222
88.76,-0.0,-0.0,0.0,0.0,0.0,0.0,0.0,20670.601548487222
98.26,-0.0,-0.0,0.0,0.0,0.0,0.0,0.0,20670.601548487222
113.18,-0.0,-0.0,0.0,0.0,0.0,0.0,0.0,20670.601548487222
117.6,0.0,0.0,0.0,0.0,0.0,0.0,0.0,20670.601548487222
106.66,-0.0,-0.0,0.0,0.0,0.0,0.0,0.0,20670.601548487222
78.99,0.0,0.0,-0.0,0.0,-0.0,0.0,0.0,20670.601548487222
11.11,-0.0,-0.0,0.0,0.0,0.0,0.0,0.0,20670.601548487222
-0.01,-0.0,-0.0,0.0,0.0,0.0,0.0,-0.0,20670.601548487222
-2.54,0.4743416490252569,0.9486832980505138,1.0,0.0,0.9486832980505138,0.0,-16.240000000000002,20654.36154848722
-1.72,0.9486832980505138,1.8973665961010275,1.0,0.0,0.9486832980505138,0.0,-17.060000000000002,20637.30154848722
-1.55,1.0,2.0,0.10818510677891963,0.0,0.10263340389897246,0.0,-1.8640293898007851,20635.437519097417
-0.01,1.0,2.0,0.0,0.0,0.0,0.0,-0.0,20635.437519097417
2.98,1.0,2.0,0.0,0.0,0.0,0.0,0.0,20635.437519097417
54.27,1.0,2.0,0.0,-0.0,0.0,-0.0,0.0,20635.437519097417
88.51,1.0,2.0,0.0,-0.0,0.0,-0.0,0.0,20635.437519097417
111.77,1.0,2.0,0.0,0.0,0.0,0.0,0.0,20635.437519097417
154.91,0.4729537233052701,0.9459074466105402,0.0,1.0,0.0,1.0540925533894598,152.4,20787.83751909742
143.23,0.0,0.0,0.0,0.8973665961010275,0.0,0.9459074466105402,126.27742740333659,20914.114946500755
116.08,-0.0,-0.0,0.0,0.0,0.0,0.0,0.0,20914.114946500755
102.08,-0.0,-0.0,0.0,0.0,0.0,0.0,0.0,20914.114946500755
92.5,-0.0,-0.0,0.0,0.0,0.0,0.0,0.0,20914.114946500755
93.48,-0.0,-0.0,0.0,0.0,0.0,0.0,0.0,20914.114946500755
88.93,0.0,0.0,-0.0,0.0,-0.0,0.0,0.0,20914.114946500755
88.9,-0.0,-0.0,0.0,0.0,0.0,0.0,0.0,20914.114946500755
89.89,-0.0,-0.0,0.0,0.0,0.0,0.0,0.0,20914.114946500755
90.01,-0.0,-0.0,0.0,0.0,0.0,0.0,0.0,20914.114946500755
91.56,0.0,0.0,0.0,-0.0,0.0,-0.0,0.0,20914.114946500755
89.85,0.0,0.0,0.0,-0.0,0.0,-0.0,0.0,20914.114946500755
59.11,0.0,0.0,0.0,-0.0,0.0,-0.0,0.0,20914.114946500755
0.86,-0.0,-0.0,0.0,0.0,0.0,0.0,0.0,20914.114946500755
-0.06,-0.0,-0.0,0.0,0.0,0.0,0.0,-0.0,20914.114946500755
-3.91,0.05131670194948623,0.10263340389897246,0.10818510677891963,0.0,0.10263340389897246,0.0,-1.6087125378025349,20912.50623396295
-3.55,0.05131670194948623,0.10263340389897246,0.0,0.0,0.0,0.0,-0.0,20912.50623396295
-3.13,0.05131670194948623,0.10263340389897246,0.0,0.0,0.0,0.0,-0.0,20912.50623396295
-5.26,0.5256583509747431,1.0513167019494862,1.0,0.0,0.9486832980505138,0.0,-13.520000000000001,20898.98623396295
-5.09,1.0,2.0,1.0,0.0,0.9486832980505138,0.0,-13.690000000000001,20885.296233962952
-0.8,1.0,2.0,0.0,0.0,0.0,0.0,-0.0,20885.296233962952
5.01,1.0,2.0,0.0,0.0,0.0,0.0,0.0,20885.296233962952
73.99,1.0,2.0,0.0,-0.0,0.0,-0.0,0.0,20885.296233962952
99.64,1.0,2.0,0.0,-0.0,0.0,-0.0,0.0,20885.296233962952
121.38,1.0,2.0,0.0,0.0,0.0,0.0,0.0,20885.296233962952
130.21,0.4729537233052701,0.9459074466105402,0.0,1.0,0.0,1.0540925533894598,127.7,21012.996233962953
129.9,0.0,0.0,0.0,0.8973665961010275,0.0,0.9459074466105402,114.31553067730991,21127.311764640264
111.6,-0.0,-0.0,0.0,-0.0,0.0,-0.0,0.0,21127.311764640264
106.73,-0.0,-0.0,0.0,0.0,0.0,0.0,0.0,21127.311764640264
101.49,-0.0,-0.0,0.0,0.0,0.0,0.0,0.0,21127.311764640264
98.57,-0.0,-0.0,0.0,0.0,0.0,0.0,0.0,21127.311764640264
97.4,-0.0,-0.0,0.0,0.0,0.0,0.0,0.0,21127.311764640264
98.41,-0.0,-0.0,0.0,0.0,0.0,0.0,0.0,21127.311764640264
97.98,-0.0,-0.0,0.0,0.0,0.0,0.0,0.0,21127.311764640264
91.3,-0.0,-0.0,0.0,0.0,0.0,0.0,0.0,21127.311764640264
87.16,0.0,0.0,0.0,0.0,0.0,0.0,0.0,21127.311764640264
67.86,0.0,0.0,-0.0,0.0,-0.0,0.0,0.0,21127.311764640264
10.1,-0.0,-0.0,0.0,0.0,0.0,0.0,0.0,21127.311764640264
0.0,-0.0,-0.0,0.0,0.0,0.0,0.0,0.0,21127.311764640264
-0.2,-0.0,-0.0,0.0,0.0,0.0,0.0,-0.0,21127.311764640264
-2.0,-0.0,-0.0,0.0,0.0,0.0,0.0,-0.0,21127.311764640264
-7.09,0.4743416490252569,0.9486832980505138,1.0,0.0,0.9486832980505138,0.0,-18.22,21109.091764640263
-12.04,0.9486832980505138,1.8973665961010275,1.0,0.0,0.9486832980505138,0.0,-13.27,21095.821764640263
-6.77,1.0,2.0,0.10818510677891963,0.0,0.10263340389897246,0.0,-2.0057518796811697,21093.81601276058
-0.2,1.0,2.0,0.0,0.0,0.0,0.0,-0.0,21093.81601276058
9.67,1.0,2.0,0.0,0.0,0.0,0.0,0.0,21093.81601276058
85.65,1.0,2.0,0.0,-0.0,0.0,-0.0,0.0,21093.81601276058
108.4,1.0,2.0,0.0,0.0,0.0,0.0,0.0,21093.81601276058
125.17,0.5783629786442162,1.1567259572884323,0.0,0.7999999999999998,0.0,0.8432740427115677,98.12799999999999,21191.94401276058
130.47,0.05131670194948623,0.10263340389897246,0.0,1.0,0.0,1.0540925533894598,127.96,21319.90401276058
118.41,0.05131670194948623,0.10263340389897246,0.0,0.0,0.0,0.0,0.0,21319.90401276058
103.62,0.05131670194948623,0.10263340389897246,0.0,0.0,0.0,0.0,0.0,21319.90401276058
110.48,0.05131670194948623,0.10263340389897246,0.0,0.0,0.0,0.0,0.0,21319.90401276058
99.03,0.05131670194948623,0.10263340389897246,0.0,0.0,0.0,0.0,0.0,21319.90401276058
93.37,0.05131670194948623,0.10263340389897246,0.0,0.0,0.0,0.0,0.0,21319.90401276058
90.1,0.5256583509747431,1.0513167019494862,1.0,0.0,0.9486832980505138,0.0,-108.88,21211.02401276058
90.75,1.0,2.0,1.0,0.0,0.9486832980505138,0.0,-109.53,21101.49401276058
102.4,1.0,2.0,0.0,0.0,0.0,0.0,0.0,21101.49401276058
128.0,0.5270462766947299,1.0540925533894598,0.0,0.8973665961010275,0.0,0.9459074466105402,112.61053414471795,21214.1045469053
137.22,-0.0,-0.0,0.0,1.0,0.0,1.0540925533894598,134.71,21348.814546905298
113.41,0.0,0.0,0.0,0.0,0.0,0.0,0.0,21348.814546905298
93.66,-0.0,-0.0,0.0,-0.0,0.0,-0.0,0.0,21348.814546905298
69.59,0.0,0.0,0.0,0.0,0.0,0.0,0.0,21348.814546905298
28.56,-0.0,-0.0,0.0,0.0,0.0,0.0,0.0,21348.814546905298
12.77,0.05131670194948623,0.10263340389897246,0.10818510677891963,0.0,0.10263340389897246,0.0,-4.119688866141259,21344.694858039158
5.0,0.5256583509747431,1.0513167019494862,1.0,0.0,0.9486832980505138,0.0,-30.31,21314.384858039157
8.0,1.0,2.0,1.0,0.0,0.9486832980505138,0.0,-33.31,21281.074858039156
28.15,1.0,2.0,0.0,0.0,0.0,0.0,0.0,21281.074858039156
72.93,1.0,2.0,0.0,-0.0,0.0,-0.0,0.0,21281.074858039156
89.67,1.0,2.0,0.0,-0.0,0.0,-0.0,0.0,21281.074858039156
106.16,1.0,2.0,0.0,0.0,0.0,0.0,0.0,21281.074858039156
138.45,1.0,2.0,0.0,-0.0,0.0,-0.0,0.0,21281.074858039156
196.18,0.4729537233052701,0.9459074466105402,0.0,1.0,0.0,1.0540925533894598,193.67000000000002,21474.744858039154
154.86,0.0,0.0,0.0,0.8973665961010275,0.0,0.9459074466105402,136.71380091599156,21611.458658955144
124.79,-0.0,-0.0,0.0,0.0,0.0,0.0,0.0,21611.458658955144
111.85,-0.0,-0.0,0.0,0.0,0.0,0.0,0.0,21611.458658955144
109.03,-0.0,-0.0,0.0,0.0,0.0,0.0,0.0,21611.458658955144
102.12,0.0,0.0,-0.0,0.0,-0.0,0.0,0.0,21611.458658955144
97.41,0.0,0.0,-0.0,0.0,-0.0,0.0,0.0,21611.458658955144
97.1,0.052704627669473036,0.10540925533894607,0.11111111111111122,0.0,0.10540925533894607,0.0,-12.875555555555568,21598.58310339959
96.62,0.5270462766947299,1.0540925533894598,1.0,0.0,0.9486832980505138,0.0,-115.4,21483.183103399588
107.9,0.5270462766947299,1.0540925533894598,0.0,0.0,0.0,0.0,0.0,21483.183103399588
139.27,-0.0,-0.0,0.0,1.0,0.0,1.0540925533894598,136.76000000000002,21619.943103399586
126.0,-0.0,-0.0,0.0,0.0,0.0,0.0,0.0,21619.943103399586
100.0,0.0,0.0,0.0,0.0,0.0,0.0,0.0,21619.943103399586
85.2,0.0,0.0,-0.0,0.0,-0.0,0.0,0.0,21619.943103399586
57.06,0.0,0.0,0.0,-0.0,0.0,-0.0,0.0,21619.943103399586
15.95,-0.0,-0.0,0.0,0.0,0.0,0.0,0.0,21619.943103399586
0.17,0.05131670194948623,0.10263340389897246,0.10818510677891963,0.0,0.10263340389897246,0.0,-2.7565565207268716,21617.18654687886
0.01,0.5256583509747431,1.0513167019494862,1.0,0.0,0.9486832980505138,0.0,-25.32,21591.86654687886
0.09,1.0,2.0,1.0,0.0,0.9486832980505138,0.0,-25.4,21566.46654687886
7.09,1.0,2.0,-0.0,0.0,-0.0,0.0,0.0,21566.46654687886
48.36,1.0,2.0,0.0,-0.0,0.0,-0.0,0.0,21566.46654687886
74.96,1.0,2.0,0.0,-0.0,0.0,-0.0,0.0,21566.46654687886
101.19,1.0,2.0,0.0,-0.0,0.0,-0.0,0.0,21566.46654687886
128.48,1.0,2.0,0.0,0.0,0.0,0.0,0.0,21566.46654687886
171.83,0.4729537233052701,0.9459074466105402,0.0,1.0,0.0,1.0540925533894598,169.32000000000002,21735.78654687886
137.05,0.0,0.0,0.0,0.8973665961010275,0.0,0.9459074466105402,120.73170183943226,21856.51824871829
111.76,-0.0,-0.0,0.0,0.0,0.0,0.0,0.0,21856.51824871829
84.75,-0.0,-0.0,-0.0,0.0,-0.0,0.0,0.0,21856.51824871829
84.76,0.0,0.0,0.0,0.0,0.0,0.0,0.0,21856.51824871829
75.18,0.0,0.0,0.0,-0.0,0.0,-0.0,0.0,21856.51824871829
64.34,0.0,0.0,0.0,-0.0,0.0,-0.0,0.0,21856.51824871829
40.55,-0.0,-0.0,0.0,0.0,0.0,0.0,0.0,21856.51824871829
37.16,-0.0,-0.0,0.0,0.0,0.0,0.0,0.0,21856.51824871829
54.21,-0.0,-0.0,0.0,0.0,0.0,0.0,0.0,21856.51824871829
58.7,-0.0,-0.0,0.0,-0.0,0.0,-0.0,0.0,21856.51824871829
54.26,0.0,0.0,0.0,0.0,0.0,0.0,0.0,21856.51824871829
34.79,-0.0,-0.0,0.0,0.0,0.0,0.0,0.0,21856.51824871829
36.11,-0.0,-0.0,0.0,0.0,0.0,0.0,0.0,21856.51824871829
42.22,0.0,0.0,0.0,-0.0,0.0,-0.0,0.0,21856.51824871829
0.15,-0.0,-0.0,0.0,0.0,0.0,0.0,0.0,21856.51824871829
1.5,-0.0,-0.0,0.0,0.0,0.0,0.0,0.0,21856.51824871829
-0.01,0.4743416490252569,0.9486832980505138,1.0,0.0,0.9486832980505138,0.0,-25.299999999999997,21831.21824871829
0.14,0.5256583509747431,1.0513167019494862,0.10818510677891963,0.0,0.10263340389897246,0.0,-2.7533109675235043,21828.464937750767
0.0,1.0,2.0,1.0,0.0,0.9486832980505138,0.0,-25.31,21803.154937750765
2.06,1.0,2.0,0.0,0.0,0.0,0.0,0.0,21803.154937750765
49.08,0.5270462766947299,1.0540925533894598,0.0,0.8973665961010275,0.0,0.9459074466105402,41.79036238042485,21844.94530013119
50.32,0.0,0.0,0.0,1.0,0.0,1.0540925533894598,47.81,21892.75530013119
40.01,-0.0,-0.0,0.0,0.0,0.0,0.0,0.0,21892.75530013119
42.15,-0.0,-0.0,0.0,-0.0,0.0,-0.0,0.0,21892.75530013119
40.01,-0.0,-0.0,0.0,0.0,0.0,0.0,0.0,21892.75530013119
34.0,-0.0,-0.0,0.0,0.0,0.0,0.0,0.0,21892.75530013119
30.69,0.0,0.0,0.0,0.0,0.0,0.0,0.0,21892.75530013119
5.0,0.0,0.0,-0.0,0.0,-0.0,0.0,0.0,21892.75530013119
5.04,-0.0,-0.0,0.0,0.0,0.0,0.0,0.0,21892.75530013119
7.38,-0.0,-0.0,0.0,0.0,0.0,0.0,0.0,21892.75530013119
7.5,-0.0,-0.0,0.0,0.0,0.0,0.0,0.0,21892.75530013119
5.02,0.4743416490252569,0.9486832980505138,1.0,0.0,0.9486832980505138,0.0,-23.8,21868.95530013119
10.01,0.4743416490252569,0.9486832980505138,0.0,0.0,0.0,0.0,0.0,21868.95530013119
14.24,0.4743416490252569,0.9486832980505138,0.0,0.0,0.0,0.0,0.0,21868.95530013119
19.99,0.4743416490252569,0.9486832980505138,0.0,0.0,0.0,0.0,0.0,21868.95530013119
31.0,0.0,0.0,0.0,0.8999999999999999,0.0,0.9486832980505138,25.641,21894.59630013119
12.64,-0.0,-0.0,0.0,0.0,0.0,0.0,0.0,21894.59630013119
1.66,-0.0,-0.0,0.0,0.0,0.0,0.0,0.0,21894.59630013119
0.01,-0.0,-0.0,0.0,0.0,0.0,0.0,0.0,21894.59630013119
-0.01,-0.0,-0.0,0.0,0.0,0.0,0.0,-0.0,21894.59630013119
-0.01,-0.0,-0.0,0.0,0.0,0.0,0.0,-0.0,21894.59630013119
-0.01,-0.0,-0.0,0.0,0.0,0.0,0.0,-0.0,21894.59630013119
-0.02,0.4743416490252569,0.9486832980505138,1.0,0.0,0.9486832980505138,0.0,-25.29,21869.30630013119
-0.3,0.9486832980505137,1.8973665961010273,1.0,0.0,0.9486832980505138,0.0,-25.009999999999998,21844.29630013119
-0.01,1.0,2.0,0.10818510677891986,0.0,0.10263340389897269,0.0,-2.7370832015066724,21841.559216929683
50.0,1.0,2.0,0.0,-0.0,0.0,-0.0,0.0,21841.559216929683
82.99,1.0,2.0,0.0,-0.0,0.0,-0.0,0.0,21841.559216929683
105.0,1.0,2.0,0.0,0.0,0.0,0.0,0.0,21841.559216929683
127.25,0.4729537233052701,0.9459074466105402,0.0,1.0,0.0,1.0540925533894598,124.74,21966.299216929685
117.48,0.4729537233052701,0.9459074466105402,0.0,0.0,0.0,0.0,0.0,21966.299216929685
103.23,0.4729537233052701,0.9459074466105402,0.0,0.0,0.0,0.0,0.0,21966.299216929685
93.13,0.4729537233052701,0.9459074466105402,0.0,0.0,0.0,0.0,0.0,21966.299216929685
93.16,0.4729537233052701,0.9459074466105402,0.0,0.0,0.0,0.0,0.0,21966.299216929685
87.12,0.4729537233052701,0.9459074466105402,0.0,0.0,0.0,0.0,0.0,21966.299216929685
86.53,0.5256583509747431,1.0513167019494862,0.11111111111111122,0.0,0.10540925533894607,0.0,-11.701111111111121,21954.598105818575
86.51,1.0,2.0,1.0,0.0,0.9486832980505138,0.0,-105.29,21849.308105818574
95.89,1.0,2.0,0.0,0.0,0.0,0.0,0.0,21849.308105818574
128.49,0.5270462766947299,1.0540925533894598,0.0,0.8973665961010275,0.0,0.9459074466105402,113.05024377680746,21962.358349595383
132.8,-0.0,-0.0,0.0,1.0,0.0,1.0540925533894598,130.29000000000002,22092.648349595383
114.67,0.0,0.0,0.0,0.0,0.0,0.0,0.0,22092.648349595383
85.9,0.0,0.0,-0.0,0.0,-0.0,0.0,0.0,22092.648349595383
70.0,0.0,0.0,-0.0,0.0,-0.0,0.0,0.0,22092.648349595383
54.05,0.0,0.0,0.0,-0.0,0.0,-0.0,0.0,22092.648349595383
13.44,0.0,0.0,-0.0,0.0,-0.0,0.0,0.0,22092.648349595383
2.81,0.4743416490252569,0.9486832980505138,1.0,0.0,0.9486832980505138,0.0,-21.59,22071.058349595383
3.13,0.9486832980505138,1.8973665961010275,1.0,0.0,0.9486832980505138,0.0,-21.91,22049.148349595383
4.13,1.0,2.0,0.10818510677891963,0.0,0.10263340389897246,0.0,-2.4785207963050486,22046.669828799077
25.33,1.0,2.0,0.0,0.0,0.0,0.0,0.0,22046.669828799077
71.91,1.0,2.0,0.0,-0.0,0.0,-0.0,0.0,22046.669828799077
72.37,1.0,2.0,0.0,-0.0,0.0,-0.0,0.0,22046.669828799077
86.56,1.0,2.0,0.0,-0.0,0.0,-0.0,0.0,22046.669828799077
100.0,1.0,2.0,0.0,-0.0,0.0,-0.0,0.0,22046.669828799077
115.18,0.4729537233052701,0.9459074466105402,0.0,1.0,0.0,1.0540925533894598,112.67,22159.339828799075
101.95,0.4729537233052701,0.9459074466105402,0.0,0.0,0.0,0.0,0.0,22159.339828799075
102.87,0.0,0.0,0.0,0.8973665961010275,0.0,0.9459074466105402,90.05971158469913,22249.399540383773
97.6,0.0,0.0,0.0,-0.0,0.0,-0.0,0.0,22249.399540383773
94.76,-0.0,-0.0,0.0,-0.0,0.0,-0.0,0.0,22249.399540383773
88.74,-0.0,-0.0,0.0,0.0,0.0,0.0,0.0,22249.399540383773
84.22,-0.0,-0.0,0.0,0.0,0.0,0.0,0.0,22249.399540383773
82.93,-0.0,-0.0,0.0,0.0,0.0,0.0,0.0,22249.399540383773
80.71,-0.0,-0.0,0.0,0.0,0.0,0.0,0.0,22249.399540383773
82.07,-0.0,-0.0,0.0,0.0,0.0,0.0,0.0,22249.399540383773
76.9,0.0,0.0,0.0,0.0,0.0,0.0,0.0,22249.399540383773
62.09,0.0,0.0,-0.0,0.0,-0.0,0.0,0.0,22249.399540383773
12.26,-0.0,-0.0,0.0,0.0,0.0,0.0,0.0,22249.399540383773
-0.01,-0.0,-0.0,0.0,0.0,0.0,0.0,-0.0,22249.399540383773
-0.09,0.05131670194948623,0.10263340389897246,0.10818510677891963,0.0,0.10263340389897246,0.0,-2.021979645698008,22247.377560738074
-0.12,0.5256583509747431,1.0513167019494862,1.0,0.0,0.9486832980505138,0.0,-18.66,22228.717560738074
-0.16,1.0,2.0,1.0,0.0,0.9486832980505138,0.0,-18.62,22210.097560738075
-0.05,1.0,2.0,0.0,0.0,0.0,0.0,-0.0,22210.097560738075
-0.03,1.0,2.0,0.0,0.0,0.0,0.0,-0.0,22210.097560738075
0.01,1.0,2.0,0.0,0.0,0.0,0.0,0.0,22210.097560738075
48.67,1.0,2.0,0.0,-0.0,0.0,-0.0,0.0,22210.097560738075
85.34,1.0,2.0,0.0,-0.0,0.0,-0.0,0.0,22210.097560738075
109.08,0.5270462766947299,1.0540925533894598,0.0,0.8973665961010275,0.0,0.9459074466105402,95.63235814648651,22305.72991888456
111.0,-0.0,-0.0,0.0,1.0,0.0,1.0540925533894598,108.49,22414.219918884563
107.91,0.0,0.0,0.0,0.0,0.0,0.0,0.0,22414.219918884563
89.12,0.0,0.0,0.0,-0.0,0.0,-0.0,0.0,22414.219918884563
73.97,0.0,0.0,0.0,-0.0,0.0,-0.0,0.0,22414.219918884563
20.21,0.0,0.0,-0.0,0.0,-0.0,0.0,0.0,22414.219918884563
22.9,-0.0,-0.0,0.0,0.0,0.0,0.0,0.0,22414.219918884563
14.39,-0.0,-0.0,0.0,0.0,0.0,0.0,0.0,22414.219918884563
8.38,-0.0,-0.0,0.0,0.0,0.0,0.0,0.0,22414.219918884563
3.9,-0.0,-0.0,0.0,0.0,0.0,0.0,0.0,22414.219918884563
2.11,0.05131670194948623,0.10263340389897246,0.10818510677891963,0.0,0.10263340389897246,0.0,-2.259986880611631,22411.959932003952
1.17,0.5256583509747431,1.0513167019494862,1.0,0.0,0.9486832980505138,0.0,-19.950000000000003,22392.00993200395
1.21,1.0,2.0,1.0,0.0,0.9486832980505138,0.0,-19.990000000000002,22372.01993200395
0.03,1.0,2.0,0.0,0.0,0.0,0.0,0.0,22372.01993200395
0.0,1.0,2.0,0.0,0.0,0.0,0.0,0.0,22372.01993200395
-0.07,1.0,2.0,0.0,0.0,0.0,0.0,-0.0,22372.01993200395
-0.54,1.0,2.0,0.0,0.0,0.0,0.0,-0.0,22372.01993200395
-0.25,1.0,2.0,0.0,0.0,0.0,0.0,-0.0,22372.01993200395
-1.21,1.0,2.0,0.0,0.0,0.0,0.0,-0.0,22372.01993200395
-2.7,1.0,2.0,0.0,0.0,0.0,0.0,-0.0,22372.01993200395
-2.9,1.0,2.0,0.0,0.0,0.0,0.0,-0.0,22372.01993200395
-0.84,1.0,2.0,0.0,0.0,0.0,0.0,-0.0,22372.01993200395
0.0,1.0,2.0,0.0,0.0,0.0,0.0,0.0,22372.01993200395
5.47,1.0,2.0,0.0,0.0,0.0,0.0,0.0,22372.01993200395
20.01,1.0,2.0,0.0,0.0,0.0,0.0,0.0,22372.01993200395
52.76,1.0,2.0,0.0,-0.0,0.0,-0.0,0.0,22372.01993200395
64.36,1.0,2.0,0.0,-0.0,0.0,-0.0,0.0,22372.01993200395
64.62,1.0,2.0,0.0,-0.0,0.0,-0.0,0.0,22372.01993200395
50.25,1.0,2.0,0.0,0.0,0.0,0.0,0.0,22372.01993200395
45.78,1.0,2.0,0.0,0.0,0.0,0.0,0.0,22372.01993200395
44.03,1.0,2.0,0.0,0.0,0.0,0.0,0.0,22372.01993200395
58.04,1.0,2.0,0.0,0.0,0.0,0.0,0.0,22372.01993200395
42.82,1.0,2.0,0.0,0.0,0.0,0.0,0.0,22372.01993200395
37.35,1.0,2.0,-0.0,0.0,-0.0,0.0,0.0,22372.01993200395
76.0,0.5270462766947299,1.0540925533894598,0.0,0.8973665961010275,0.0,0.9459074466105402,65.94747114746451,22437.967403151415
98.87,-0.0,-0.0,0.0,1.0,0.0,1.0540925533894598,96.36,22534.327403151416
59.94,0.0,0.0,0.0,0.0,0.0,0.0,0.0,22534.327403151416
34.88,0.0,0.0,0.0,-0.0,0.0,-0.0,0.0,22534.327403151416
13.3,-0.0,-0.0,0.0,0.0,0.0,0.0,0.0,22534.327403151416
5.0,-0.0,-0.0,0.0,0.0,0.0,0.0,0.0,22534.327403151416
0.05,-0.0,-0.0,0.0,0.0,0.0,0.0,0.0,22534.327403151416
-0.4,-0.0,-0.0,0.0,0.0,0.0,0.0,-0.0,22534.327403151416
-1.45,0.4743416490252569,0.9486832980505138,1.0,0.0,0.9486832980505138,0.0,-23.86,22510.467403151415
-1.18,0.9486832980505138,1.8973665961010275,1.0,0.0,0.9486832980505138,0.0,-24.13,22486.337403151414
-0.82,1.0,2.0,0.10818510677891963,0.0,0.10263340389897246,0.0,-2.649453265015741,22483.6879498864
0.0,1.0,2.0,0.0,0.0,0.0,0.0,0.0,22483.6879498864
10.67,1.0,2.0,0.0,0.0,0.0,0.0,0.0,22483.6879498864
39.75,1.0,2.0,-0.0,0.0,-0.0,0.0,0.0,22483.6879498864
106.05,1.0,2.0,0.0,-0.0,0.0,-0.0,0.0,22483.6879498864
131.91,0.5270462766947299,1.0540925533894598,0.0,0.8973665961010275,0.0,0.9459074466105402,116.11923753547296,22599.807187421873
146.76,0.0,0.0,0.0,1.0,0.0,1.0540925533894598,144.25,22744.057187421873
112.0,-0.0,-0.0,0.0,0.0,0.0,0.0,0.0,22744.057187421873
88.96,0.0,0.0,-0.0,0.0,-0.0,0.0,0.0,22744.057187421873
40.5,0.0,0.0,-0.0,0.0,-0.0,0.0,0.0,22744.057187421873
20.5,-0.0,-0.0,0.0,0.0,0.0,0.0,0.0,22744.057187421873
19.4,-0.0,-0.0,0.0,0.0,0.0,0.0,0.0,22744.057187421873
14.99,-0.0,-0.0,0.0,0.0,0.0,0.0,0.0,22744.057187421873
10.59,-0.0,-0.0,0.0,0.0,0.0,0.0,0.0,22744.057187421873
4.24,0.4743416490252569,0.9486832980505138,1.0,0.0,0.9486832980505138,0.0,-23.020000000000003,22721.037187421873
16.09,0.4743416490252569,0.9486832980505138,0.0,0.0,0.0,0.0,0.0,22721.037187421873
20.01,0.4743416490252569,0.9486832980505138,0.0,0.0,0.0,0.0,0.0,22721.037187421873
27.6,0.4743416490252569,0.9486832980505138,0.0,0.0,0.0,0.0,0.0,22721.037187421873
20.0,0.4743416490252569,0.9486832980505138,0.0,0.0,0.0,0.0,0.0,22721.037187421873
4.26,0.4743416490252569,0.9486832980505138,0.0,0.0,0.0,0.0,0.0,22721.037187421873
3.19,0.4743416490252569,0.9486832980505138,0.0,0.0,0.0,0.0,0.0,22721.037187421873
0.03,0.5256583509747431,1.0513167019494862,0.10818510677891963,0.0,0.10263340389897246,0.0,-2.741410605777823,22718.295776816096
0.02,1.0,2.0,1.0,0.0,0.9486832980505138,0.0,-25.33,22692.965776816094
0.09,1.0,2.0,0.0,0.0,0.0,0.0,0.0,22692.965776816094
3.14,1.0,2.0,0.0,0.0,0.0,0.0,0.0,22692.965776816094
6.72,1.0,2.0,0.0,0.0,0.0,0.0,0.0,22692.965776816094
43.0,1.0,2.0,0.0,-0.0,0.0,-0.0,0.0,22692.965776816094
85.3,1.0,2.0,0.0,0.0,0.0,0.0,0.0,22692.965776816094
122.64,0.5270462766947299,1.0540925533894598,0.0,0.8973665961010275,0.0,0.9459074466105402,107.80064918961644,22800.76642600571
137.6,-0.0,-0.0,0.0,1.0,0.0,1.0540925533894598,135.09,22935.85642600571
111.16,0.0,0.0,0.0,0.0,0.0,0.0,0.0,22935.85642600571
100.34,-0.0,-0.0,0.0,-0.0,0.0,-0.0,0.0,22935.85642600571
82.41,-0.0,-0.0,0.0,0.0,0.0,0.0,0.0,22935.85642600571
76.43,-0.0,-0.0,0.0,0.0,0.0,0.0,0.0,22935.85642600571
69.01,0.0,0.0,0.0,0.0,0.0,0.0,0.0,22935.85642600571
67.39,-0.0,-0.0,0.0,0.0,0.0,0.0,0.0,22935.85642600571
61.01,0.4743416490252569,0.9486832980505138,1.0,0.0,0.9486832980505138,0.0,-79.78999999999999,22856.06642600571
65.19,0.5270462766947299,1.0540925533894598,0.11111111111111122,0.0,0.10540925533894607,0.0,-9.330000000000009,22846.736426005707
72.52,0.5270462766947299,1.0540925533894598,0.0,0.0,0.0,0.0,0.0,22846.736426005707
92.85,0.5270462766947299,1.0540925533894598,0.0,0.0,0.0,0.0,0.0,22846.736426005707
100.09,-0.0,-0.0,0.0,1.0,0.0,1.0540925533894598,97.58,22944.31642600571
95.0,0.0,0.0,0.0,0.0,0.0,0.0,0.0,22944.31642600571
90.0,-0.0,-0.0,0.0,0.0,0.0,0.0,0.0,22944.31642600571
76.48,-0.0,-0.0,0.0,0.0,0.0,0.0,0.0,22944.31642600571
71.46,-0.0,-0.0,0.0,0.0,0.0,0.0,0.0,22944.31642600571
65.67,-0.0,-0.0,0.0,0.0,0.0,0.0,0.0,22944.31642600571
58.03,0.05131670194948623,0.10263340389897246,0.10818510677891963,0.0,0.10263340389897246,0.0,-9.016146798955162,22935.300279206753
53.21,0.5256583509747431,1.0513167019494862,1.0,0.0,0.9486832980505138,0.0,-78.52,22856.780279206752
42.1,1.0,2.0,1.0,0.0,0.9486832980505138,0.0,-67.41,22789.370279206752
67.28,1.0,2.0,0.0,0.0,0.0,0.0,0.0,22789.370279206752
83.7,1.0,2.0,0.0,0.0,0.0,0.0,0.0,22789.370279206752
94.99,1.0,2.0,0.0,0.0,0.0,0.0,0.0,22789.370279206752
110.0,1.0,2.0,0.0,-0.0,0.0,-0.0,0.0,22789.370279206752
134.83,0.4729537233052701,0.9459074466105402,0.0,1.0,0.0,1.0540925533894598,132.32000000000002,22921.690279206752
133.16,0.0,0.0,0.0,0.8973665961010275,0.0,0.9459074466105402,117.24094578059925,23038.93122498735
124.29,-0.0,-0.0,0.0,-0.0,0.0,-0.0,0.0,23038.93122498735
103.11,-0.0,-0.0,0.0,0.0,0.0,0.0,0.0,23038.93122498735
99.13,-0.0,-0.0,0.0,0.0,0.0,0.0,0.0,23038.93122498735
94.8,-0.0,-0.0,0.0,0.0,0.0,0.0,0.0,23038.93122498735
92.06,-0.0,-0.0,0.0,0.0,0.0,0.0,0.0,23038.93122498735
91.55,-0.0,-0.0,0.0,0.0,0.0,0.0,0.0,23038.93122498735
91.54,-0.0,-0.0,0.0,0.0,0.0,0.0,0.0,23038.93122498735
91.36,0.0,0.0,0.0,0.0,0.0,0.0,0.0,23038.93122498735
89.46,0.0,0.0,-0.0,0.0,-0.0,0.0,0.0,23038.93122498735
86.49,0.0,0.0,0.0,-0.0,0.0,-0.0,0.0,23038.93122498735
82.95,0.0,0.0,0.0,-0.0,0.0,-0.0,0.0,23038.93122498735
62.83,0.0,0.0,0.0,-0.0,0.0,-0.0,0.0,23038.93122498735
19.93,-0.0,-0.0,0.0,0.0,0.0,0.0,0.0,23038.93122498735
2.04,-0.0,-0.0,0.0,0.0,0.0,0.0,0.0,23038.93122498735
0.29,-0.0,-0.0,0.0,0.0,0.0,0.0,0.0,23038.93122498735
0.0,-0.0,-0.0,0.0,0.0,0.0,0.0,0.0,23038.93122498735
-0.2,0.4743416490252569,0.9486832980505138,1.0,0.0,0.9486832980505138,0.0,-25.11,23013.82122498735
-0.13,0.5256583509747431,1.0513167019494862,0.10818510677891963,0.0,0.10263340389897246,0.0,-2.7241009886931957,23011.097123998657
-1.09,1.0,2.0,1.0,0.0,0.9486832980505138,0.0,-24.22,22986.877123998656
23.13,1.0,2.0,0.0,0.0,0.0,0.0,0.0,22986.877123998656
59.62,1.0,2.0,0.0,-0.0,0.0,-0.0,0.0,22986.877123998656
64.6,0.5270462766947299,1.0540925533894598,0.0,0.8973665961010275,0.0,0.9459074466105402,55.71749195191279,23042.59461595057
70.11,0.0,0.0,0.0,1.0,0.0,1.0540925533894598,67.6,23110.194615950568
60.0,0.0,0.0,0.0,-0.0,0.0,-0.0,0.0,23110.194615950568
49.23,-0.0,-0.0,0.0,0.0,0.0,0.0,0.0,23110.194615950568
52.96,-0.0,-0.0,0.0,-0.0,0.0,-0.0,0.0,23110.194615950568
24.3,-0.0,-0.0,0.0,0.0,0.0,0.0,0.0,23110.194615950568
22.34,0.0,0.0,0.0,0.0,0.0,0.0,0.0,23110.194615950568
20.2,0.0,0.0,-0.0,0.0,-0.0,0.0,0.0,23110.194615950568
18.7,0.4743416490252569,0.9486832980505138,1.0,0.0,0.9486832980505138,0.0,-37.480000000000004,23072.71461595057
14.79,0.9486832980505138,1.8973665961010275,1.0,0.0,0.9486832980505138,0.0,-33.57,23039.14461595057
19.67,0.9486832980505138,1.8973665961010275,0.0,0.0,0.0,0.0,0.0,23039.14461595057
36.0,0.9486832980505138,1.8973665961010275,0.0,0.0,0.0,0.0,0.0,23039.14461595057
44.3,0.5270462766947299,1.0540925533894598,0.0,0.7999999999999998,0.0,0.8432740427115677,33.43199999999999,23072.57661595057
53.01,0.0,0.0,0.0,1.0,0.0,1.0540925533894598,50.5,23123.07661595057
29.13,0.0,0.0,0.0,-0.0,0.0,-0.0,0.0,23123.07661595057
2.31,-0.0,-0.0,0.0,0.0,0.0,0.0,0.0,23123.07661595057
0.83,-0.0,-0.0,0.0,0.0,0.0,0.0,0.0,23123.07661595057
0.4,-0.0,-0.0,0.0,0.0,0.0,0.0,0.0,23123.07661595057
-0.28,0.05131670194948623,0.10263340389897246,0.10818510677891963,0.0,0.10263340389897246,0.0,-2.0014244754100132,23121.07519147516
-1.83,0.5256583509747431,1.0513167019494862,1.0,0.0,0.9486832980505138,0.0,-16.950000000000003,23104.12519147516
-1.08,1.0,2.0,1.0,0.0,0.9486832980505138,0.0,-17.700000000000003,23086.42519147516
-0.01,1.0,2.0,0.0,0.0,0.0,0.0,-0.0,23086.42519147516
5.88,1.0,2.0,0.0,0.0,0.0,0.0,0.0,23086.42519147516
55.67,1.0,2.0,0.0,-0.0,0.0,-0.0,0.0,23086.42519147516
94.87,1.0,2.0,0.0,-0.0,0.0,-0.0,0.0,23086.42519147516
130.92,0.5270462766947299,1.0540925533894598,0.0,0.8973665961010275,0.0,0.9459074466105402,115.23084460533293,23201.65603608049
139.69,0.0,0.0,0.0,1.0,0.0,1.0540925533894598,137.18,23338.83603608049
130.19,0.0,0.0,0.0,-0.0,0.0,-0.0,0.0,23338.83603608049
108.15,-0.0,-0.0,0.0,-0.0,0.0,-0.0,0.0,23338.83603608049
107.0,-0.0,-0.0,0.0,0.0,0.0,0.0,0.0,23338.83603608049
97.7,-0.0,-0.0,0.0,0.0,0.0,0.0,0.0,23338.83603608049
94.81,0.0,0.0,0.0,0.0,0.0,0.0,0.0,23338.83603608049
93.63,-0.0,-0.0,0.0,0.0,0.0,0.0,0.0,23338.83603608049
94.13,-0.0,-0.0,0.0,0.0,0.0,0.0,0.0,23338.83603608049
92.58,-0.0,-0.0,0.0,0.0,0.0,0.0,0.0,23338.83603608049
94.79,0.0,0.0,0.0,-0.0,0.0,-0.0,0.0,23338.83603608049
84.61,0.0,0.0,0.0,-0.0,0.0,-0.0,0.0,23338.83603608049
55.0,0.0,0.0,0.0,-0.0,0.0,-0.0,0.0,23338.83603608049
1.0,-0.0,-0.0,0.0,0.0,0.0,0.0,0.0,23338.83603608049
-0.02,-0.0,-0.0,0.0,0.0,0.0,0.0,-0.0,23338.83603608049
-1.0,-0.0,-0.0,0.0,0.0,0.0,0.0,-0.0,23338.83603608049
-3.07,0.05131670194948623,0.10263340389897246,0.10818510677891963,0.0,0.10263340389897246,0.0,-1.6995880274968274,23337.136448052996
-13.17,0.5256583509747431,1.0513167019494862,1.0,0.0,0.9486832980505138,0.0,-5.610000000000001,23331.526448052995
-7.75,1.0,2.0,1.0,0.0,0.9486832980505138,0.0,-11.030000000000001,23320.496448052996
-3.0,1.0,2.0,0.0,0.0,0.0,0.0,-0.0,23320.496448052996
-0.05,1.0,2.0,0.0,0.0,0.0,0.0,-0.0,23320.496448052996
41.4,1.0,2.0,0.0,-0.0,0.0,-0.0,0.0,23320.496448052996
88.85,1.0,2.0,-0.0,0.0,-0.0,0.0,0.0,23320.496448052996
131.41,1.0,2.0,-0.0,0.0,-0.0,0.0,0.0,23320.496448052996
192.35,0.5270462766947299,1.0540925533894598,0.0,0.8973665961010275,0.0,0.9459074466105402,170.35607460381905,23490.852522656816
192.37,0.0,0.0,0.0,1.0,0.0,1.0540925533894598,189.86,23680.712522656817
133.49,0.0,0.0,0.0,-0.0,0.0,-0.0,0.0,23680.712522656817
102.06,-0.0,-0.0,0.0,0.0,0.0,0.0,0.0,23680.712522656817
92.53,-0.0,-0.0,0.0,0.0,0.0,0.0,0.0,23680.712522656817
85.22,-0.0,-0.0,0.0,0.0,0.0,0.0,0.0,23680.712522656817
77.13,-0.0,-0.0,0.0,0.0,0.0,0.0,0.0,23680.712522656817
74.09,0.0,0.0,-0.0,0.0,-0.0,0.0,0.0,23680.712522656817
72.66,-0.0,-0.0,0.0,0.0,0.0,0.0,0.0,23680.712522656817
66.11,0.0,0.0,-0.0,0.0,-0.0,0.0,0.0,23680.712522656817
35.84,0.0,0.0,0.0,-0.0,0.0,-0.0,0.0,23680.712522656817
13.0,-0.0,-0.0,0.0,0.0,0.0,0.0,0.0,23680.712522656817
2.4,-0.0,-0.0,0.0,0.0,0.0,0.0,0.0,23680.712522656817
-0.01,-0.0,-0.0,0.0,0.0,0.0,0.0,-0.0,23680.712522656817
-0.6,-0.0,-0.0,0.0,0.0,0.0,0.0,-0.0,23680.712522656817
-2.11,-0.0,-0.0,0.0,0.0,0.0,0.0,-0.0,23680.712522656817
-5.48,-0.0,-0.0,0.0,0.0,0.0,0.0,-0.0,23680.712522656817
-10.87,0.05131670194948623,0.10263340389897246,0.10818510677891963,0.0,0.10263340389897246,0.0,-1.562192941887599,23679.15032971493
-16.09,0.5256583509747431,1.0513167019494862,1.0,0.0,0.9486832980505138,0.0,-9.219999999999999,23669.930329714927
-15.61,1.0,2.0,1.0,0.0,0.9486832980505138,0.0,-9.7,23660.230329714926
-6.0,1.0,2.0,0.0,0.0,0.0,0.0,-0.0,23660.230329714926
-0.99,1.0,2.0,0.0,0.0,0.0,0.0,-0.0,23660.230329714926
17.0,1.0,2.0,0.0,0.0,0.0,0.0,0.0,23660.230329714926
60.1,1.0,2.0,0.0,0.0,0.0,0.0,0.0,23660.230329714926
83.1,1.0,2.0,0.0,-0.0,0.0,-0.0,0.0,23660.230329714926
86.7,0.5783629786442162,1.1567259572884323,0.0,0.7999999999999998,0.0,0.8432740427115677,67.35199999999999,23727.582329714925
92.0,0.05131670194948623,0.10263340389897246,0.0,1.0,0.0,1.0540925533894598,89.49,23817.072329714927
66.89,0.05131670194948623,0.10263340389897246,0.0,0.0,0.0,0.0,0.0,23817.072329714927
63.4,0.05131670194948623,0.10263340389897246,0.0,0.0,0.0,0.0,0.0,23817.072329714927
54.82,0.05131670194948623,0.10263340389897246,0.0,0.0,0.0,0.0,0.0,23817.072329714927
51.63,0.5256583509747431,1.0513167019494862,1.0,0.0,0.9486832980505138,0.0,-70.41,23746.662329714927
55.29,1.0,2.0,1.0,0.0,0.9486832980505138,0.0,-74.07,23672.592329714927
58.83,1.0,2.0,-0.0,0.0,-0.0,0.0,0.0,23672.592329714927
78.3,1.0,2.0,0.0,0.0,0.0,0.0,0.0,23672.592329714927
96.5,1.0,2.0,0.0,0.0,0.0,0.0,0.0,23672.592329714927
117.9,0.4729537233052701,0.9459074466105402,0.0,1.0,0.0,1.0540925533894598,115.39,23787.982329714927
102.36,-0.0,-0.0,0.0,0.8973665961010275,0.0,0.9459074466105402,89.6020546206876,23877.584384335616
85.6,0.0,0.0,0.0,0.0,0.0,0.0,0.0,23877.584384335616
57.47,-0.0,-0.0,0.0,0.0,0.0,0.0,0.0,23877.584384335616
33.21,0.0,0.0,-0.0,0.0,-0.0,0.0,0.0,23877.584384335616
20.0,-0.0,-0.0,0.0,0.0,0.0,0.0,0.0,23877.584384335616
12.78,0.4743416490252569,0.9486832980505138,1.0,0.0,0.9486832980505138,0.0,-38.089999999999996,23839.494384335616
11.0,0.9486832980505138,1.8973665961010275,1.0,0.0,0.9486832980505138,0.0,-36.31,23803.184384335615
19.75,1.0,2.0,0.10818510677891963,0.0,0.10263340389897246,0.0,-4.874820911458118,23798.309563424158
48.31,1.0,2.0,0.0,0.0,0.0,0.0,0.0,23798.309563424158
59.6,1.0,2.0,0.0,-0.0,0.0,-0.0,0.0,23798.309563424158
83.3,1.0,2.0,0.0,-0.0,0.0,-0.0,0.0,23798.309563424158
109.32,1.0,2.0,-0.0,0.0,-0.0,0.0,0.0,23798.309563424158
164.69,0.5270462766947299,1.0540925533894598,0.0,0.8973665961010275,0.0,0.9459074466105402,145.53491455566464,23943.844477979823
231.25,0.0,0.0,0.0,1.0,0.0,1.0540925533894598,228.74,24172.584477979824
141.66,-0.0,-0.0,0.0,0.0,0.0,0.0,0.0,24172.584477979824
106.36,-0.0,-0.0,0.0,0.0,0.0,0.0,0.0,24172.584477979824
100.73,-0.0,-0.0,-0.0,0.0,-0.0,0.0,0.0,24172.584477979824
101.64,0.0,0.0,0.0,0.0,0.0,0.0,0.0,24172.584477979824
94.03,-0.0,-0.0,0.0,0.0,0.0,0.0,0.0,24172.584477979824
91.04,-0.0,-0.0,0.0,0.0,0.0,0.0,0.0,24172.584477979824
86.98,-0.0,-0.0,0.0,0.0,0.0,0.0,0.0,24172.584477979824
91.83,-0.0,-0.0,0.0,0.0,0.0,0.0,0.0,24172.584477979824
112.33,0.0,0.0,0.0,-0.0,0.0,-0.0,0.0,24172.584477979824
101.21,-0.0,-0.0,0.0,-0.0,0.0,-0.0,0.0,24172.584477979824
77.4,0.0,0.0,0.0,0.0,0.0,0.0,0.0,24172.584477979824
32.2,0.0,0.0,0.0,-0.0,0.0,-0.0,0.0,24172.584477979824
2.0,-0.0,-0.0,0.0,0.0,0.0,0.0,0.0,24172.584477979824
-0.05,-0.0,-0.0,0.0,0.0,0.0,0.0,-0.0,24172.584477979824
-1.01,-0.0,-0.0,0.0,0.0,0.0,0.0,-0.0,24172.584477979824
-3.0,0.4743416490252569,0.9486832980505138,1.0,0.0,0.9486832980505138,0.0,-22.31,24150.274477979823
-4.32,0.9486832980505138,1.8973665961010275,1.0,0.0,0.9486832980505138,0.0,-20.99,24129.28447797982
-1.33,1.0,2.0,0.10818510677891963,0.0,0.10263340389897246,0.0,-2.594278860558492,24126.690199119264
0.0,1.0,2.0,0.0,0.0,0.0,0.0,0.0,24126.690199119264
3.61,1.0,2.0,0.0,0.0,0.0,0.0,0.0,24126.690199119264
44.2,1.0,2.0,0.0,-0.0,0.0,-0.0,0.0,24126.690199119264
72.49,1.0,2.0,0.0,-0.0,0.0,-0.0,0.0,24126.690199119264
109.01,0.4729537233052701,0.9459074466105402,0.0,1.0,0.0,1.0540925533894598,106.5,24233.190199119264
95.2,0.4729537233052701,0.9459074466105402,0.0,0.0,0.0,0.0,0.0,24233.190199119264
95.81,-0.0,-0.0,0.0,0.8973665961010275,0.0,0.9459074466105402,83.72430341622587,24316.914502535492
86.3,0.0,0.0,0.0,0.0,0.0,0.0,0.0,24316.914502535492
71.27,-0.0,-0.0,0.0,0.0,0.0,0.0,0.0,24316.914502535492
62.77,-0.0,-0.0,0.0,0.0,0.0,0.0,0.0,24316.914502535492
60.93,-0.0,-0.0,0.0,0.0,0.0,0.0,0.0,24316.914502535492
59.4,0.4743416490252569,0.9486832980505138,1.0,0.0,0.9486832980505138,0.0,-78.18,24238.73450253549
60.52,0.5256583509747431,1.0513167019494862,0.10818510677891963,0.0,0.10263340389897246,0.0,-8.579078967568327,24230.155423567925
59.6,1.0,2.0,1.0,0.0,0.9486832980505138,0.0,-78.38,24151.775423567924
92.75,1.0,2.0,0.0,0.0,0.0,0.0,0.0,24151.775423567924
99.09,0.5270462766947299,1.0540925533894598,0.0,0.8973665961010275,0.0,0.9459074466105402,86.66766585143725,24238.44308941936
112.4,0.0,0.0,0.0,1.0,0.0,1.0540925533894598,109.89,24348.33308941936
79.08,-0.0,-0.0,0.0,-0.0,0.0,-0.0,0.0,24348.33308941936
70.68,-0.0,-0.0,0.0,0.0,0.0,0.0,0.0,24348.33308941936
44.84,0.0,0.0,0.0,0.0,0.0,0.0,0.0,24348.33308941936
20.12,0.05131670194948623,0.10263340389897246,0.10818510677891963,0.0,0.10263340389897246,0.0,-4.914849400966318,24343.418240018393
9.69,0.5256583509747431,1.0513167019494862,1.0,0.0,0.9486832980505138,0.0,-35.0,24308.418240018393
18.26,1.0,2.0,1.0,0.0,0.9486832980505138,0.0,-43.57,24264.848240018393
34.61,1.0,2.0,0.0,0.0,0.0,0.0,0.0,24264.848240018393
46.91,1.0,2.0,0.0,0.0,0.0,0.0,0.0,24264.848240018393
73.1,1.0,2.0,0.0,-0.0,0.0,-0.0,0.0,24264.848240018393
95.0,1.0,2.0,-0.0,0.0,-0.0,0.0,0.0,24264.848240018393
108.0,1.0,2.0,0.0,0.0,0.0,0.0,0.0,24264.848240018393
137.57,0.5270462766947299,1.0540925533894598,0.0,0.8973665961010275,0.0,0.9459074466105402,121.19833246940478,24386.046572487798
138.82,0.0,0.0,0.0,1.0,0.0,1.0540925533894598,136.31,24522.3565724878
112.43,-0.0,-0.0,0.0,0.0,0.0,0.0,0.0,24522.3565724878
94.08,-0.0,-0.0,0.0,0.0,0.0,0.0,0.0,24522.3565724878
95.82,-0.0,-0.0,0.0,0.0,0.0,0.0,0.0,24522.3565724878
85.97,-0.0,-0.0,0.0,0.0,0.0,0.0,0.0,24522.3565724878
80.48,-0.0,-0.0,0.0,0.0,0.0,0.0,0.0,24522.3565724878
79.79,0.4743416490252569,0.9486832980505138,1.0,0.0,0.9486832980505138,0.0,-98.57000000000001,24423.7865724878
80.57,0.4743416490252569,0.9486832980505138,0.0,0.0,0.0,0.0,0.0,24423.7865724878
81.0,0.4743416490252569,0.9486832980505138,0.0,0.0,0.0,0.0,0.0,24423.7865724878
86.66,0.4743416490252569,0.9486832980505138,0.0,0.0,0.0,0.0,0.0,24423.7865724878
110.57,0.4743416490252569,0.9486832980505138,0.0,0.0,0.0,0.0,0.0,24423.7865724878
112.78,-0.0,-0.0,0.0,0.8999999999999999,0.0,0.9486832980505138,99.243,24523.029572487798
83.03,0.0,0.0,0.0,0.0,0.0,0.0,0.0,24523.029572487798
65.01,-0.0,-0.0,0.0,0.0,0.0,0.0,0.0,24523.029572487798
46.18,0.0,0.0,-0.0,0.0,-0.0,0.0,0.0,24523.029572487798
20.0,0.0,0.0,-0.0,0.0,-0.0,0.0,0.0,24523.029572487798
11.03,0.4743416490252569,0.9486832980505138,1.0,0.0,0.9486832980505138,0.0,-36.339999999999996,24486.689572487798
7.07,0.9486832980505138,1.8973665961010275,1.0,0.0,0.9486832980505138,0.0,-32.379999999999995,24454.309572487797
19.87,1.0,2.0,0.10818510677891963,0.0,0.10263340389897246,0.0,-4.8878031242715885,24449.421769363526
57.5,1.0,2.0,0.0,-0.0,0.0,-0.0,0.0,24449.421769363526
72.98,1.0,2.0,0.0,-0.0,0.0,-0.0,0.0,24449.421769363526
94.44,1.0,2.0,0.0,0.0,0.0,0.0,0.0,24449.421769363526
107.13,0.5270462766947299,1.0540925533894598,0.0,0.8973665961010275,0.0,0.9459074466105402,93.88249328408949,24543.304262647616
122.73,-0.0,-0.0,0.0,1.0,0.0,1.0540925533894598,120.22,24663.524262647617
106.95,0.0,0.0,0.0,0.0,0.0,0.0,0.0,24663.524262647617
85.03,-0.0,-0.0,0.0,0.0,0.0,0.0,0.0,24663.524262647617
75.83,-0.0,-0.0,0.0,0.0,0.0,0.0,0.0,24663.524262647617
83.66,-0.0,-0.0,0.0,0.0,0.0,0.0,0.0,24663.524262647617
71.66,-0.0,-0.0,0.0,0.0,0.0,0.0,0.0,24663.524262647617
60.86,0.0,0.0,-0.0,0.0,-0.0,0.0,0.0,24663.524262647617
55.27,-0.0,-0.0,0.0,0.0,0.0,0.0,0.0,24663.524262647617
52.78,0.0,0.0,-0.0,0.0,-0.0,0.0,0.0,24663.524262647617
63.7,-0.0,-0.0,0.0,0.0,0.0,0.0,0.0,24663.524262647617
67.02,-0.0,-0.0,0.0,0.0,0.0,0.0,0.0,24663.524262647617
74.43,0.0,0.0,0.0,-0.0,0.0,-0.0,0.0,24663.524262647617
59.61,0.0,0.0,0.0,-0.0,0.0,-0.0,0.0,24663.524262647617
13.27,-0.0,-0.0,0.0,0.0,0.0,0.0,0.0,24663.524262647617
3.99,-0.0,-0.0,0.0,0.0,0.0,0.0,0.0,24663.524262647617
2.04,-0.0,-0.0,0.0,0.0,0.0,0.0,0.0,24663.524262647617
1.5,-0.0,-0.0,0.0,0.0,0.0,0.0,0.0,24663.524262647617
0.31,-0.0,-0.0,0.0,0.0,0.0,0.0,0.0,24663.524262647617
-0.23,0.4743416490252569,0.9486832980505138,1.0,0.0,0.9486832980505138,0.0,-18.55,24644.974262647618
-1.33,0.9486832980505138,1.8973665961010275,1.0,0.0,0.9486832980505138,0.0,-17.450000000000003,24627.524262647617
-0.01,1.0,2.0,0.10818510677891963,0.0,0.10263340389897246,0.0,-2.0306344542403214,24625.493628193377
0.0,1.0,2.0,0.0,0.0,0.0,0.0,0.0,24625.493628193377
46.85,1.0,2.0,0.0,-0.0,0.0,-0.0,0.0,24625.493628193377
82.76,1.0,2.0,0.0,0.0,0.0,0.0,0.0,24625.493628193377
111.05,1.0,2.0,0.0,-0.0,0.0,-0.0,0.0,24625.493628193377
129.29,0.4729537233052701,0.9459074466105402,0.0,1.0,0.0,1.0540925533894598,126.77999999999999,24752.273628193376
125.72,0.0,0.0,0.0,0.8973665961010275,0.0,0.9459074466105402,110.5645383056076,24862.838166498983
103.24,-0.0,-0.0,0.0,0.0,0.0,0.0,0.0,24862.838166498983
87.61,-0.0,-0.0,0.0,0.0,0.0,0.0,0.0,24862.838166498983
83.5,0.0,0.0,-0.0,0.0,-0.0,0.0,0.0,24862.838166498983
78.02,0.0,0.0,-0.0,0.0,-0.0,0.0,0.0,24862.838166498983
81.89,-0.0,-0.0,0.0,0.0,0.0,0.0,0.0,24862.838166498983
82.27,-0.0,-0.0,0.0,0.0,0.0,0.0,0.0,24862.838166498983
81.99,-0.0,-0.0,0.0,0.0,0.0,0.0,0.0,24862.838166498983
85.47,-0.0,-0.0,0.0,0.0,0.0,0.0,0.0,24862.838166498983
86.74,0.0,0.0,0.0,-0.0,0.0,-0.0,0.0,24862.838166498983
79.86,-0.0,-0.0,0.0,-0.0,0.0,-0.0,0.0,24862.838166498983
65.3,0.0,0.0,0.0,0.0,0.0,0.0,0.0,24862.838166498983
30.53,0.0,0.0,-0.0,0.0,-0.0,0.0,0.0,24862.838166498983
9.44,-0.0,-0.0,0.0,0.0,0.0,0.0,0.0,24862.838166498983
1.19,-0.0,-0.0,0.0,0.0,0.0,0.0,0.0,24862.838166498983
-0.01,-0.0,-0.0,0.0,0.0,0.0,0.0,-0.0,24862.838166498983
-0.02,0.05131670194948623,0.10263340389897246,0.10818510677891963,0.0,0.10263340389897246,0.0,-2.029552603172532,24860.80861389581
-0.02,0.5256583509747431,1.0513167019494862,1.0,0.0,0.9486832980505138,0.0,-18.76,24842.04861389581
-0.46,1.0,2.0,1.0,0.0,0.9486832980505138,0.0,-18.32,24823.72861389581
26.91,1.0,2.0,0.0,-0.0,0.0,-0.0,0.0,24823.72861389581
70.1,1.0,2.0,0.0,-0.0,0.0,-0.0,0.0,24823.72861389581
85.01,1.0,2.0,0.0,0.0,0.0,0.0,0.0,24823.72861389581
109.9,0.5270462766947299,1.0540925533894598,0.0,0.8973665961010275,0.0,0.9459074466105402,96.36819875528936,24920.0968126511
110.26,-0.0,-0.0,0.0,1.0,0.0,1.0540925533894598,107.75,25027.8468126511
98.01,0.0,0.0,0.0,0.0,0.0,0.0,0.0,25027.8468126511
80.09,-0.0,-0.0,0.0,0.0,0.0,0.0,0.0,25027.8468126511
93.84,-0.0,-0.0,0.0,-0.0,0.0,-0.0,0.0,25027.8468126511
83.0,0.0,0.0,0.0,0.0,0.0,0.0,0.0,25027.8468126511
76.86,-0.0,-0.0,0.0,-0.0,0.0,-0.0,0.0,25027.8468126511
69.74,-0.0,-0.0,0.0,0.0,0.0,0.0,0.0,25027.8468126511
67.02,-0.0,-0.0,0.0,0.0,0.0,0.0,0.0,25027.8468126511
55.66,0.0,0.0,0.0,0.0,0.0,0.0,0.0,25027.8468126511
39.02,0.0,0.0,0.0,-0.0,0.0,-0.0,0.0,25027.8468126511
3.71,0.4743416490252569,0.9486832980505138,1.0,0.0,0.9486832980505138,0.0,-22.490000000000002,25005.356812651098
0.0,0.4743416490252569,0.9486832980505138,0.0,0.0,0.0,0.0,0.0,25005.356812651098
-0.5,0.5256583509747431,1.0513167019494862,0.10818510677891963,0.0,0.10263340389897246,0.0,-2.6840724991849956,25002.672740151913
-0.03,0.5256583509747431,1.0513167019494862,0.0,0.0,0.0,0.0,-0.0,25002.672740151913
-0.52,1.0,2.0,1.0,0.0,0.9486832980505138,0.0,-24.79,24977.882740151912
0.31,1.0,2.0,0.0,0.0,0.0,0.0,0.0,24977.882740151912
1.0,1.0,2.0,0.0,0.0,0.0,0.0,0.0,24977.882740151912
0.97,1.0,2.0,0.0,0.0,0.0,0.0,0.0,24977.882740151912
1.19,1.0,2.0,0.0,0.0,0.0,0.0,0.0,24977.882740151912
1.67,1.0,2.0,0.0,0.0,0.0,0.0,0.0,24977.882740151912
1.07,1.0,2.0,0.0,0.0,0.0,0.0,0.0,24977.882740151912
0.35,1.0,2.0,0.0,0.0,0.0,0.0,0.0,24977.882740151912
39.65,1.0,2.0,0.0,-0.0,0.0,-0.0,0.0,24977.882740151912
60.88,1.0,2.0,0.0,0.0,0.0,0.0,0.0,24977.882740151912
69.55,0.4729537233052701,0.9459074466105402,0.0,1.0,0.0,1.0540925533894598,67.03999999999999,25044.922740151913
65.07,-0.0,-0.0,0.0,0.8973665961010275,0.0,0.9459074466105402,56.13925425208028,25101.061994403994
51.13,0.0,0.0,0.0,0.0,0.0,0.0,0.0,25101.061994403994
4.8,-0.0,-0.0,0.0,0.0,0.0,0.0,0.0,25101.061994403994
4.15,0.05131670194948623,0.10263340389897246,0.10818510677891963,0.0,0.10263340389897246,0.0,-3.187133245706972,25097.874861158285
4.19,0.5256583509747431,1.0513167019494862,1.0,0.0,0.9486832980505138,0.0,-22.970000000000002,25074.904861158284
4.27,1.0,2.0,1.0,0.0,0.9486832980505138,0.0,-23.05,25051.854861158285
13.42,1.0,2.0,0.0,0.0,0.0,0.0,0.0,25051.854861158285
32.2,1.0,2.0,0.0,0.0,0.0,0.0,0.0,25051.854861158285
44.97,0.4729537233052701,0.9459074466105402,0.0,1.0,0.0,1.0540925533894598,42.46,25094.314861158284
40.04,0.0,0.0,0.0,0.8973665961010275,0.0,0.9459074466105402,33.678168351671566,25127.993029509955
2.97,-0.0,-0.0,0.0,0.0,0.0,0.0,0.0,25127.993029509955
0.0,-0.0,-0.0,0.0,0.0,0.0,0.0,0.0,25127.993029509955
-0.14,-0.0,-0.0,0.0,0.0,0.0,0.0,-0.0,25127.993029509955
-0.8,-0.0,-0.0,0.0,0.0,0.0,0.0,-0.0,25127.993029509955
-0.31,-0.0,-0.0,0.0,0.0,0.0,0.0,-0.0,25127.993029509955
-3.87,0.05131670194948623,0.10263340389897246,0.10818510677891963,0.0,0.10263340389897246,0.0,-2.3194886893400364,25125.673540820615
-5.09,0.5256583509747431,1.0513167019494862,1.0,0.0,0.9486832980505138,0.0,-20.22,25105.453540820614
-4.01,1.0,2.0,1.0,0.0,0.9486832980505138,0.0,-21.299999999999997,25084.153540820615
-1.0,1.0,2.0,0.0,0.0,0.0,0.0,-0.0,25084.153540820615
0.09,1.0,2.0,0.0,0.0,0.0,0.0,0.0,25084.153540820615
69.54,1.0,2.0,0.0,-0.0,0.0,-0.0,0.0,25084.153540820615
112.99,1.0,2.0,0.0,0.0,0.0,0.0,0.0,25084.153540820615
141.4,0.5270462766947299,1.0540925533894598,0.0,0.8973665961010275,0.0,0.9459074466105402,124.63524653247173,25208.788787353085
148.42,-0.0,-0.0,0.0,1.0,0.0,1.0540925533894598,145.91,25354.698787353085
126.52,0.0,0.0,0.0,0.0,0.0,0.0,0.0,25354.698787353085
101.19,0.0,0.0,0.0,-0.0,0.0,-0.0,0.0,25354.698787353085
86.65,0.0,0.0,0.0,-0.0,0.0,-0.0,0.0,25354.698787353085
78.07,-0.0,-0.0,0.0,0.0,0.0,0.0,0.0,25354.698787353085
69.66,-0.0,-0.0,0.0,0.0,0.0,0.0,0.0,25354.698787353085
59.95,-0.0,-0.0,0.0,0.0,0.0,0.0,0.0,25354.698787353085
54.16,-0.0,-0.0,0.0,0.0,0.0,0.0,0.0,25354.698787353085
62.18,-0.0,-0.0,0.0,0.0,0.0,0.0,0.0,25354.698787353085
74.62,-0.0,-0.0,0.0,0.0,0.0,0.0,0.0,25354.698787353085
82.79,-0.0,-0.0,0.0,0.0,0.0,0.0,0.0,25354.698787353085
83.17,-0.0,-0.0,0.0,-0.0,0.0,-0.0,0.0,25354.698787353085
69.0,0.0,0.0,0.0,0.0,0.0,0.0,0.0,25354.698787353085
22.71,0.05131670194948623,0.10263340389897246,0.10818510677891963,0.0,0.10263340389897246,0.0,-5.1950488275237205,25349.50373852556
24.25,0.05131670194948623,0.10263340389897246,0.0,0.0,0.0,0.0,0.0,25349.50373852556
17.76,0.5256583509747431,1.0513167019494862,1.0,0.0,0.9486832980505138,0.0,-43.07,25306.43373852556
15.84,1.0,2.0,1.0,0.0,0.9486832980505138,0.0,-41.15,25265.28373852556
24.62,1.0,2.0,0.0,0.0,0.0,0.0,0.0,25265.28373852556
31.3,1.0,2.0,0.0,0.0,0.0,0.0,0.0,25265.28373852556
46.89,1.0,2.0,0.0,0.0,0.0,0.0,0.0,25265.28373852556
58.05,1.0,2.0,0.0,-0.0,0.0,-0.0,0.0,25265.28373852556
70.44,1.0,2.0,0.0,-0.0,0.0,-0.0,0.0,25265.28373852556
82.08,1.0,2.0,0.0,-0.0,0.0,-0.0,0.0,25265.28373852556
83.97,1.0,2.0,0.0,0.0,0.0,0.0,0.0,25265.28373852556
91.28,1.0,2.0,0.0,0.0,0.0,0.0,0.0,25265.28373852556
97.94,1.0,2.0,0.0,-0.0,0.0,-0.0,0.0,25265.28373852556
85.31,1.0,2.0,0.0,0.0,0.0,0.0,0.0,25265.28373852556
70.43,1.0,2.0,0.0,0.0,0.0,0.0,0.0,25265.28373852556
69.4,1.0,2.0,0.0,0.0,0.0,0.0,0.0,25265.28373852556
68.69,1.0,2.0,-0.0,0.0,-0.0,0.0,0.0,25265.28373852556
69.25,1.0,2.0,0.0,0.0,0.0,0.0,0.0,25265.28373852556
71.52,1.0,2.0,0.0,0.0,0.0,0.0,0.0,25265.28373852556
81.24,1.0,2.0,0.0,0.0,0.0,0.0,0.0,25265.28373852556
101.26,0.5270462766947299,1.0540925533894598,0.0,0.8973665961010275,0.0,0.9459074466105402,88.61495136497648,25353.898689890535
107.8,-0.0,-0.0,0.0,1.0,0.0,1.0540925533894598,105.28999999999999,25459.188689890536
85.09,-0.0,-0.0,0.0,0.0,0.0,0.0,0.0,25459.188689890536
66.7,0.0,0.0,0.0,0.0,0.0,0.0,0.0,25459.188689890536
22.98,-0.0,-0.0,0.0,0.0,0.0,0.0,0.0,25459.188689890536
1.3,-0.0,-0.0,0.0,0.0,0.0,0.0,0.0,25459.188689890536
-0.13,0.05131670194948623,0.10263340389897246,0.10818510677891963,0.0,0.10263340389897246,0.0,-2.7241009886931957,25456.464588901843
-0.08,0.05131670194948623,0.10263340389897246,0.0,0.0,0.0,0.0,-0.0,25456.464588901843
-1.93,0.5256583509747431,1.0513167019494862,1.0,0.0,0.9486832980505138,0.0,-23.38,25433.084588901842
-1.42,1.0,2.0,1.0,0.0,0.9486832980505138,0.0,-23.89,25409.194588901843
-0.01,1.0,2.0,0.0,0.0,0.0,0.0,-0.0,25409.194588901843
66.47,1.0,2.0,0.0,-0.0,0.0,-0.0,0.0,25409.194588901843
89.34,1.0,2.0,0.0,-0.0,0.0,-0.0,0.0,25409.194588901843
130.32,1.0,2.0,0.0,-0.0,0.0,-0.0,0.0,25409.194588901843
208.38,0.4729537233052701,0.9459074466105402,0.0,1.0,0.0,1.0540925533894598,205.87,25615.06458890184
180.0,0.0,0.0,0.0,0.8973665961010275,0.0,0.9459074466105402,159.27359714197138,25774.338186043813
119.34,-0.0,-0.0,0.0,-0.0,0.0,-0.0,0.0,25774.338186043813
94.07,-0.0,-0.0,0.0,0.0,0.0,0.0,0.0,25774.338186043813
92.91,0.0,0.0,0.0,0.0,0.0,0.0,0.0,25774.338186043813
87.7,-0.0,-0.0,0.0,0.0,0.0,0.0,0.0,25774.338186043813
82.22,0.4743416490252569,0.9486832980505138,1.0,0.0,0.9486832980505138,0.0,-101.0,25673.338186043813
84.85,0.4743416490252569,0.9486832980505138,0.0,0.0,0.0,0.0,0.0,25673.338186043813
89.06,0.4743416490252569,0.9486832980505138,0.0,0.0,0.0,0.0,0.0,25673.338186043813
92.0,0.4743416490252569,0.9486832980505138,0.0,0.0,0.0,0.0,0.0,25673.338186043813
114.85,-0.0,-0.0,0.0,0.8999999999999999,0.0,0.9486832980505138,101.10599999999998,25774.444186043813
104.3,0.0,0.0,0.0,0.0,0.0,0.0,0.0,25774.444186043813
78.86,0.0,0.0,0.0,-0.0,0.0,-0.0,0.0,25774.444186043813
36.09,0.0,0.0,0.0,-0.0,0.0,-0.0,0.0,25774.444186043813
0.0,0.05131670194948623,0.10263340389897246,0.10818510677891963,0.0,0.10263340389897246,0.0,-2.7381650525744554,25771.706020991238
0.4,0.05131670194948623,0.10263340389897246,0.0,0.0,0.0,0.0,0.0,25771.706020991238
0.0,0.5256583509747431,1.0513167019494862,1.0,0.0,0.9486832980505138,0.0,-25.31,25746.396020991237
0.76,0.5256583509747431,1.0513167019494862,0.0,0.0,0.0,0.0,0.0,25746.396020991237
1.15,0.5256583509747431,1.0513167019494862,0.0,0.0,0.0,0.0,0.0,25746.396020991237
2.01,0.5256583509747431,1.0513167019494862,0.0,0.0,0.0,0.0,0.0,25746.396020991237
-2.65,1.0,2.0,1.0,0.0,0.9486832980505138,0.0,-22.66,25723.736020991237
14.9,1.0,2.0,0.0,0.0,0.0,0.0,0.0,25723.736020991237
79.96,1.0,2.0,0.0,-0.0,0.0,-0.0,0.0,25723.736020991237
112.39,0.5270462766947299,1.0540925533894598,0.0,0.8973665961010275,0.0,0.9459074466105402,98.6026415795809,25822.33866257082
132.0,-0.0,-0.0,0.0,1.0,0.0,1.0540925533894598,129.49,25951.82866257082
111.0,-0.0,-0.0,0.0,0.0,0.0,0.0,0.0,25951.82866257082
105.0,0.0,0.0,0.0,0.0,0.0,0.0,0.0,25951.82866257082
86.9,-0.0,-0.0,0.0,0.0,0.0,0.0,0.0,25951.82866257082
60.05,-0.0,-0.0,0.0,0.0,0.0,0.0,0.0,25951.82866257082
55.25,-0.0,-0.0,0.0,0.0,0.0,0.0,0.0,25951.82866257082
58.61,-0.0,-0.0,-0.0,0.0,-0.0,0.0,0.0,25951.82866257082
61.79,-0.0,-0.0,0.0,0.0,0.0,0.0,0.0,25951.82866257082
62.93,-0.0,-0.0,0.0,0.0,0.0,0.0,0.0,25951.82866257082
70.71,-0.0,-0.0,0.0,0.0,0.0,0.0,0.0,25951.82866257082
83.68,-0.0,-0.0,0.0,0.0,0.0,0.0,0.0,25951.82866257082
86.42,-0.0,-0.0,0.0,0.0,0.0,0.0,0.0,25951.82866257082
76.33,0.0,0.0,0.0,0.0,0.0,0.0,0.0,25951.82866257082
40.03,0.0,0.0,0.0,-0.0,0.0,-0.0,0.0,25951.82866257082
4.1,-0.0,-0.0,0.0,0.0,0.0,0.0,0.0,25951.82866257082
0.69,-0.0,-0.0,0.0,0.0,0.0,0.0,0.0,25951.82866257082
-0.08,0.05131670194948623,0.10263340389897246,0.10818510677891963,0.0,0.10263340389897246,0.0,-2.023061496765797,25949.805601074055
-0.28,0.5256583509747431,1.0513167019494862,1.0,0.0,0.9486832980505138,0.0,-18.5,25931.305601074055
-0.47,1.0,2.0,1.0,0.0,0.9486832980505138,0.0,-18.310000000000002,25912.995601074053
-0.06,1.0,2.0,0.0,0.0,0.0,0.0,-0.0,25912.995601074053
-0.01,1.0,2.0,0.0,0.0,0.0,0.0,-0.0,25912.995601074053
35.9,1.0,2.0,0.0,-0.0,0.0,-0.0,0.0,25912.995601074053
77.57,1.0,2.0,0.0,-0.0,0.0,-0.0,0.0,25912.995601074053
100.0,0.5270462766947299,1.0540925533894598,0.0,0.8973665961010275,0.0,0.9459074466105402,87.48426945388917,26000.479870527943
109.2,0.0,0.0,0.0,1.0,0.0,1.0540925533894598,106.69,26107.16987052794
93.29,0.0,0.0,0.0,-0.0,0.0,-0.0,0.0,26107.16987052794
78.77,0.0,0.0,0.0,-0.0,0.0,-0.0,0.0,26107.16987052794
70.41,-0.0,-0.0,0.0,0.0,0.0,0.0,0.0,26107.16987052794
73.99,0.0,0.0,0.0,-0.0,0.0,-0.0,0.0,26107.16987052794
71.2,0.0,0.0,0.0,-0.0,0.0,-0.0,0.0,26107.16987052794
66.15,-0.0,-0.0,0.0,0.0,0.0,0.0,0.0,26107.16987052794
66.88,-0.0,-0.0,0.0,0.0,0.0,0.0,0.0,26107.16987052794
68.06,0.0,0.0,0.0,-0.0,0.0,-0.0,0.0,26107.16987052794
64.52,0.0,0.0,0.0,-0.0,0.0,-0.0,0.0,26107.16987052794
54.68,0.0,0.0,0.0,-0.0,0.0,-0.0,0.0,26107.16987052794
20.3,0.0,0.0,0.0,-0.0,0.0,-0.0,0.0,26107.16987052794
7.74,0.0,0.0,0.0,-0.0,0.0,-0.0,0.0,26107.16987052794
0.0,-0.0,-0.0,0.0,0.0,0.0,0.0,0.0,26107.16987052794
-0.81,-0.0,-0.0,0.0,0.0,0.0,0.0,-0.0,26107.16987052794
-5.1,-0.0,-0.0,0.0,0.0,0.0,0.0,-0.0,26107.16987052794
-14.56,0.05131670194948623,0.10263340389897246,0.10818510677891963,0.0,0.10263340389897246,0.0,-0.4565411506070409,26106.713329377333
-19.5,0.5256583509747431,1.0513167019494862,1.0,0.0,0.9486832980505138,0.0,0.7199999999999989,26107.433329377334
-21.4,1.0,2.0,1.0,0.0,0.9486832980505138,0.0,2.6199999999999974,26110.053329377333
-6.7,1.0,2.0,0.0,0.0,0.0,0.0,-0.0,26110.053329377333
-0.37,1.0,2.0,0.0,0.0,0.0,0.0,-0.0,26110.053329377333
8.86,1.0,2.0,0.0,-0.0,0.0,-0.0,0.0,26110.053329377333
72.39,1.0,2.0,0.0,-0.0,0.0,-0.0,0.0,26110.053329377333
105.0,1.0,2.0,0.0,0.0,0.0,0.0,0.0,26110.053329377333
119.0,0.5270462766947299,1.0540925533894598,0.0,0.8973665961010275,0.0,0.9459074466105402,104.5342347798087,26214.587564157144
117.31,0.5270462766947299,1.0540925533894598,0.0,0.0,0.0,0.0,0.0,26214.587564157144
120.1,0.0,0.0,0.0,1.0,0.0,1.0540925533894598,117.58999999999999,26332.177564157144
109.0,-0.0,-0.0,0.0,0.0,0.0,0.0,0.0,26332.177564157144
91.93,-0.0,-0.0,0.0,0.0,0.0,0.0,0.0,26332.177564157144
88.87,-0.0,-0.0,0.0,0.0,0.0,0.0,0.0,26332.177564157144
87.23,-0.0,-0.0,0.0,0.0,0.0,0.0,0.0,26332.177564157144
90.94,-0.0,-0.0,0.0,0.0,0.0,0.0,0.0,26332.177564157144
91.99,-0.0,-0.0,0.0,0.0,0.0,0.0,0.0,26332.177564157144
92.15,-0.0,-0.0,0.0,0.0,0.0,0.0,0.0,26332.177564157144
84.99,0.0,0.0,-0.0,0.0,-0.0,0.0,0.0,26332.177564157144
66.21,0.0,0.0,0.0,-0.0,0.0,-0.0,0.0,26332.177564157144
53.86,0.0,0.0,0.0,-0.0,0.0,-0.0,0.0,26332.177564157144
5.55,-0.0,-0.0,0.0,0.0,0.0,0.0,0.0,26332.177564157144
0.0,-0.0,-0.0,0.0,0.0,0.0,0.0,0.0,26332.177564157144
-0.02,-0.0,-0.0,0.0,0.0,0.0,0.0,-0.0,26332.177564157144
-1.22,0.05131670194948623,0.10263340389897246,0.10818510677891963,0.0,0.10263340389897246,0.0,-2.6061792223041733,26329.57138493484
-5.61,0.5256583509747431,1.0513167019494862,1.0,0.0,0.9486832980505138,0.0,-19.7,26309.87138493484
-3.28,1.0,2.0,1.0,0.0,0.9486832980505138,0.0,-22.029999999999998,26287.84138493484
-1.08,1.0,2.0,0.0,0.0,0.0,0.0,-0.0,26287.84138493484
-0.01,1.0,2.0,0.0,0.0,0.0,0.0,-0.0,26287.84138493484
54.79,1.0,2.0,0.0,-0.0,0.0,-0.0,0.0,26287.84138493484
96.43,1.0,2.0,0.0,-0.0,0.0,-0.0,0.0,26287.84138493484
109.0,1.0,2.0,0.0,0.0,0.0,0.0,0.0,26287.84138493484
114.59,1.0,2.0,0.0,0.0,0.0,0.0,0.0,26287.84138493484
135.43,0.4729537233052701,0.9459074466105402,0.0,1.0,0.0,1.0540925533894598,132.92000000000002,26420.761384934838
127.63,0.0,0.0,0.0,0.8973665961010275,0.0,0.9459074466105402,112.27850850416056,26533.039893439
106.54,-0.0,-0.0,0.0,0.0,0.0,0.0,0.0,26533.039893439
105.72,-0.0,-0.0,0.0,0.0,0.0,0.0,0.0,26533.039893439
91.64,-0.0,-0.0,0.0,0.0,0.0,0.0,0.0,26533.039893439
86.94,-0.0,-0.0,0.0,0.0,0.0,0.0,0.0,26533.039893439
84.0,0.052704627669473036,0.10540925533894607,0.11111111111111127,0.0,0.10540925533894613,0.0,-11.420000000000016,26521.619893439
83.21,0.5270462766947299,1.0540925533894598,1.0,0.0,0.9486832980505138,0.0,-101.99,26419.629893439
88.39,0.5270462766947299,1.0540925533894598,0.0,0.0,0.0,0.0,0.0,26419.629893439
103.02,0.5270462766947299,1.0540925533894598,0.0,0.0,0.0,0.0,0.0,26419.629893439
123.49,-0.0,-0.0,0.0,1.0,0.0,1.0540925533894598,120.97999999999999,26540.609893439
108.92,-0.0,-0.0,0.0,0.0,0.0,0.0,0.0,26540.609893439
84.49,0.0,0.0,0.0,0.0,0.0,0.0,0.0,26540.609893439
60.28,0.0,0.0,-0.0,0.0,-0.0,0.0,0.0,26540.609893439
14.02,-0.0,-0.0,0.0,0.0,0.0,0.0,0.0,26540.609893439
1.62,-0.0,-0.0,0.0,0.0,0.0,0.0,0.0,26540.609893439
0.07,0.05131670194948623,0.10263340389897246,0.10818510677891963,0.0,0.10263340389897246,0.0,-2.7457380100489797,26537.86415542895
0.0,0.5256583509747431,1.0513167019494862,1.0,0.0,0.9486832980505138,0.0,-25.31,26512.55415542895
0.0,1.0,2.0,1.0,0.0,0.9486832980505138,0.0,-25.31,26487.244155428947
13.61,1.0,2.0,0.0,0.0,0.0,0.0,0.0,26487.244155428947
69.08,1.0,2.0,0.0,-0.0,0.0,-0.0,0.0,26487.244155428947
85.0,1.0,2.0,0.0,-0.0,0.0,-0.0,0.0,26487.244155428947
116.0,1.0,2.0,0.0,0.0,0.0,0.0,0.0,26487.244155428947
118.86,0.5270462766947299,1.0540925533894598,0.0,0.8973665961010275,0.0,0.9459074466105402,104.40860345635456,26591.652758885302
126.88,-0.0,-0.0,0.0,1.0,0.0,1.0540925533894598,124.36999999999999,26716.0227588853
104.11,0.0,0.0,0.0,0.0,0.0,0.0,0.0,26716.0227588853
91.35,-0.0,-0.0,0.0,0.0,0.0,0.0,0.0,26716.0227588853
103.98,-0.0,-0.0,0.0,0.0,0.0,0.0,0.0,26716.0227588853
91.84,-0.0,-0.0,0.0,0.0,0.0,0.0,0.0,26716.0227588853
82.42,-0.0,-0.0,0.0,0.0,0.0,0.0,0.0,26716.0227588853
78.39,0.4743416490252569,0.9486832980505138,1.0,0.0,0.9486832980505138,0.0,-97.17,26618.852758885303
80.52,0.5270462766947299,1.0540925533894598,0.11111111111111122,0.0,0.10540925533894607,0.0,-11.033333333333342,26607.81942555197
83.02,0.5270462766947299,1.0540925533894598,0.0,0.0,0.0,0.0,0.0,26607.81942555197
117.0,0.0,0.0,0.0,1.0,0.0,1.0540925533894598,114.49,26722.30942555197
107.01,0.0,0.0,0.0,-0.0,0.0,-0.0,0.0,26722.30942555197
98.59,0.0,0.0,0.0,-0.0,0.0,-0.0,0.0,26722.30942555197
70.74,0.0,0.0,0.0,-0.0,0.0,-0.0,0.0,26722.30942555197
4.34,-0.0,-0.0,0.0,0.0,0.0,0.0,0.0,26722.30942555197
-0.36,-0.0,-0.0,0.0,0.0,0.0,0.0,-0.0,26722.30942555197
-0.54,-0.0,-0.0,0.0,0.0,0.0,0.0,-0.0,26722.30942555197
-2.36,0.05131670194948623,0.10263340389897246,0.10818510677891963,0.0,0.10263340389897246,0.0,-2.482848200576205,26719.826577351396
-2.51,0.5256583509747431,1.0513167019494862,1.0,0.0,0.9486832980505138,0.0,-22.799999999999997,26697.026577351397
-2.56,1.0,2.0,1.0,0.0,0.9486832980505138,0.0,-22.75,26674.276577351397
8.65,1.0,2.0,0.0,0.0,0.0,0.0,0.0,26674.276577351397
79.23,1.0,2.0,0.0,-0.0,0.0,-0.0,0.0,26674.276577351397
103.36,1.0,2.0,-0.0,0.0,-0.0,0.0,0.0,26674.276577351397
124.01,1.0,2.0,0.0,0.0,0.0,0.0,0.0,26674.276577351397
154.33,0.4729537233052701,0.9459074466105402,0.0,1.0,0.0,1.0540925533894598,151.82000000000002,26826.096577351396
147.04,-0.0,-0.0,0.0,0.8973665961010275,0.0,0.9459074466105402,129.6963941344815,26955.792971485876
138.19,-0.0,-0.0,0.0,0.0,0.0,0.0,0.0,26955.792971485876
116.36,-0.0,-0.0,0.0,0.0,0.0,0.0,0.0,26955.792971485876
113.0,-0.0,-0.0,0.0,0.0,0.0,0.0,0.0,26955.792971485876
106.8,0.0,0.0,0.0,0.0,0.0,0.0,0.0,26955.792971485876
101.5,-0.0,-0.0,0.0,0.0,0.0,0.0,0.0,26955.792971485876
95.84,-0.0,-0.0,0.0,0.0,0.0,0.0,0.0,26955.792971485876
97.01,-0.0,-0.0,0.0,0.0,0.0,0.0,0.0,26955.792971485876
94.12,-0.0,-0.0,0.0,0.0,0.0,0.0,0.0,26955.792971485876
112.35,-0.0,-0.0,0.0,0.0,0.0,0.0,0.0,26955.792971485876
114.9,0.0,0.0,0.0,-0.0,0.0,-0.0,0.0,26955.792971485876
111.39,0.0,0.0,0.0,-0.0,0.0,-0.0,0.0,26955.792971485876
78.97,0.0,0.0,0.0,-0.0,0.0,-0.0,0.0,26955.792971485876
21.77,0.0,0.0,-0.0,0.0,-0.0,0.0,0.0,26955.792971485876
1.17,-0.0,-0.0,0.0,0.0,0.0,0.0,0.0,26955.792971485876
-0.12,-0.0,-0.0,0.0,0.0,0.0,0.0,-0.0,26955.792971485876
-0.27,0.4743416490252569,0.9486832980505138,1.0,0.0,0.9486832980505138,0.0,-25.04,26930.752971485876
-0.21,0.5256583509747431,1.0513167019494862,0.10818510677891963,0.0,0.10263340389897246,0.0,-2.7154461801508822,26928.037525305725
-0.3,1.0,2.0,1.0,0.0,0.9486832980505138,0.0,-25.009999999999998,26903.027525305726
0.99,1.0,2.0,0.0,0.0,0.0,0.0,0.0,26903.027525305726
52.16,1.0,2.0,0.0,-0.0,0.0,-0.0,0.0,26903.027525305726
68.9,1.0,2.0,0.0,-0.0,0.0,-0.0,0.0,26903.027525305726
88.96,1.0,2.0,0.0,0.0,0.0,0.0,0.0,26903.027525305726
120.4,0.4729537233052701,0.9459074466105402,0.0,1.0,0.0,1.0540925533894598,117.89,27020.917525305726
115.68,-0.0,-0.0,0.0,0.8973665961010275,0.0,0.9459074466105402,101.5549776807533,27122.47250298648
109.55,0.0,0.0,0.0,0.0,0.0,0.0,0.0,27122.47250298648
87.56,-0.0,-0.0,0.0,0.0,0.0,0.0,0.0,27122.47250298648
111.79,-0.0,-0.0,0.0,-0.0,0.0,-0.0,0.0,27122.47250298648
95.17,-0.0,-0.0,0.0,0.0,0.0,0.0,0.0,27122.47250298648
100.17,0.0,0.0,0.0,0.0,0.0,0.0,0.0,27122.47250298648
87.29,0.0,0.0,0.0,-0.0,0.0,-0.0,0.0,27122.47250298648
70.23,-0.0,-0.0,0.0,0.0,0.0,0.0,0.0,27122.47250298648
74.35,-0.0,-0.0,0.0,0.0,0.0,0.0,0.0,27122.47250298648
78.99,0.0,0.0,0.0,-0.0,0.0,-0.0,0.0,27122.47250298648
72.51,0.0,0.0,0.0,-0.0,0.0,-0.0,0.0,27122.47250298648
50.0,0.0,0.0,0.0,-0.0,0.0,-0.0,0.0,27122.47250298648
0.86,-0.0,-0.0,0.0,0.0,0.0,0.0,0.0,27122.47250298648
-1.33,-0.0,-0.0,0.0,0.0,0.0,0.0,-0.0,27122.47250298648
-8.27,0.4743416490252569,0.9486832980505138,1.0,0.0,0.9486832980505138,0.0,-17.04,27105.432502986478
-5.36,0.5256583509747431,1.0513167019494862,0.10818510677891963,0.0,0.10263340389897246,0.0,-2.158292880239446,27103.27421010624
-4.97,0.5256583509747431,1.0513167019494862,0.0,0.0,0.0,0.0,-0.0,27103.27421010624
-5.09,0.5256583509747431,1.0513167019494862,0.0,0.0,0.0,0.0,-0.0,27103.27421010624
-6.0,1.0,2.0,1.0,0.0,0.9486832980505138,0.0,-19.31,27083.964210106238
-4.95,1.0,2.0,0.0,0.0,0.0,0.0,-0.0,27083.964210106238
2.3,1.0,2.0,0.0,0.0,0.0,0.0,0.0,27083.964210106238
80.33,1.0,2.0,0.0,-0.0,0.0,-0.0,0.0,27083.964210106238
118.47,1.0,2.0,0.0,0.0,0.0,0.0,0.0,27083.964210106238
138.85,0.5270462766947299,1.0540925533894598,0.0,0.8973665961010275,0.0,0.9459074466105402,122.34696171241409,27206.311171818652
141.8,0.0,0.0,0.0,1.0,0.0,1.0540925533894598,139.29000000000002,27345.601171818653
129.66,-0.0,-0.0,0.0,0.0,0.0,0.0,0.0,27345.601171818653
108.89,-0.0,-0.0,0.0,0.0,0.0,0.0,0.0,27345.601171818653
109.01,-0.0,-0.0,0.0,0.0,0.0,0.0,0.0,27345.601171818653
104.57,-0.0,-0.0,0.0,0.0,0.0,0.0,0.0,27345.601171818653
100.56,-0.0,-0.0,0.0,0.0,0.0,0.0,0.0,27345.601171818653
104.0,-0.0,-0.0,0.0,0.0,0.0,0.0,0.0,27345.601171818653
99.48,0.0,0.0,-0.0,0.0,-0.0,0.0,0.0,27345.601171818653
109.04,-0.0,-0.0,0.0,0.0,0.0,0.0,0.0,27345.601171818653
120.9,-0.0,-0.0,0.0,-0.0,0.0,-0.0,0.0,27345.601171818653
118.66,-0.0,-0.0,0.0,0.0,0.0,0.0,0.0,27345.601171818653
110.98,0.0,0.0,0.0,0.0,0.0,0.0,0.0,27345.601171818653
81.69,0.0,0.0,-0.0,0.0,-0.0,0.0,0.0,27345.601171818653
15.83,-0.0,-0.0,0.0,0.0,0.0,0.0,0.0,27345.601171818653
4.03,-0.0,-0.0,0.0,0.0,0.0,0.0,0.0,27345.601171818653
0.52,0.05131670194948623,0.10263340389897246,0.10818510677891963,0.0,0.10263340389897246,0.0,-2.087972560833149,27343.51319925782
-0.2,0.5256583509747431,1.0513167019494862,1.0,0.0,0.9486832980505138,0.0,-18.580000000000002,27324.93319925782
-0.08,1.0,2.0,1.0,0.0,0.9486832980505138,0.0,-18.700000000000003,27306.23319925782
0.91,1.0,2.0,0.0,0.0,0.0,0.0,0.0,27306.23319925782
28.99,1.0,2.0,0.0,-0.0,0.0,-0.0,0.0,27306.23319925782
87.35,1.0,2.0,0.0,-0.0,0.0,-0.0,0.0,27306.23319925782
111.01,1.0,2.0,-0.0,0.0,-0.0,0.0,0.0,27306.23319925782
135.62,1.0,2.0,0.0,0.0,0.0,0.0,0.0,27306.23319925782
197.27,0.4729537233052701,0.9459074466105402,0.0,1.0,0.0,1.0540925533894598,194.76000000000002,27500.993199257817
178.63,0.0,0.0,0.0,0.8973665961010275,0.0,0.9459074466105402,158.04420490531297,27659.03740416313
137.05,-0.0,-0.0,0.0,0.0,0.0,0.0,0.0,27659.03740416313
121.38,-0.0,-0.0,0.0,0.0,0.0,0.0,0.0,27659.03740416313
118.52,-0.0,-0.0,0.0,0.0,0.0,0.0,0.0,27659.03740416313
110.48,-0.0,-0.0,0.0,0.0,0.0,0.0,0.0,27659.03740416313
108.15,-0.0,-0.0,0.0,0.0,0.0,0.0,0.0,27659.03740416313
106.76,-0.0,-0.0,-0.0,0.0,-0.0,0.0,0.0,27659.03740416313
109.1,0.0,0.0,0.0,0.0,0.0,0.0,0.0,27659.03740416313
104.45,0.0,0.0,0.0,-0.0,0.0,-0.0,0.0,27659.03740416313
100.71,0.0,0.0,0.0,-0.0,0.0,-0.0,0.0,27659.03740416313
90.74,0.0,0.0,0.0,-0.0,0.0,-0.0,0.0,27659.03740416313
75.93,0.0,0.0,0.0,-0.0,0.0,-0.0,0.0,27659.03740416313
23.4,0.0,0.0,0.0,-0.0,0.0,-0.0,0.0,27659.03740416313
0.19,-0.0,-0.0,0.0,0.0,0.0,0.0,0.0,27659.03740416313
-2.01,-0.0,-0.0,0.0,0.0,0.0,0.0,-0.0,27659.03740416313
-12.4,0.05131670194948623,0.10263340389897246,0.10818510677891963,0.0,0.10263340389897246,0.0,-0.6902209812495073,27658.34718318188
-26.06,0.5256583509747431,1.0513167019494862,1.0,0.0,0.9486832980505138,0.0,7.279999999999998,27665.627183181878
-26.31,1.0,2.0,1.0,0.0,0.9486832980505138,0.0,7.529999999999998,27673.157183181876
-4.42,1.0,2.0,0.0,0.0,0.0,0.0,-0.0,27673.157183181876
0.09,1.0,2.0,0.0,0.0,0.0,0.0,0.0,27673.157183181876
59.99,1.0,2.0,0.0,-0.0,0.0,-0.0,0.0,27673.157183181876
100.95,1.0,2.0,-0.0,0.0,-0.0,0.0,0.0,27673.157183181876
127.9,1.0,2.0,0.0,0.0,0.0,0.0,0.0,27673.157183181876
156.74,0.5270462766947299,1.0540925533894598,0.0,0.8973665961010275,0.0,0.9459074466105402,138.40085011666147,27811.558033298537
165.3,0.0,0.0,0.0,1.0,0.0,1.0540925533894598,162.79000000000002,27974.34803329854
140.78,0.0,0.0,0.0,-0.0,0.0,-0.0,0.0,27974.34803329854
119.2,-0.0,-0.0,0.0,0.0,0.0,0.0,0.0,27974.34803329854
108.15,-0.0,-0.0,0.0,0.0,0.0,0.0,0.0,27974.34803329854
101.07,-0.0,-0.0,0.0,0.0,0.0,0.0,0.0,27974.34803329854
97.46,-0.0,-0.0,0.0,0.0,0.0,0.0,0.0,27974.34803329854
92.12,0.0,0.0,-0.0,0.0,-0.0,0.0,0.0,27974.34803329854
87.91,-0.0,-0.0,0.0,0.0,0.0,0.0,0.0,27974.34803329854
80.08,0.0,0.0,-0.0,0.0,-0.0,0.0,0.0,27974.34803329854
67.56,0.0,0.0,0.0,-0.0,0.0,-0.0,0.0,27974.34803329854
26.44,0.0,0.0,0.0,-0.0,0.0,-0.0,0.0,27974.34803329854
0.0,-0.0,-0.0,0.0,0.0,0.0,0.0,0.0,27974.34803329854
-0.09,-0.0,-0.0,0.0,0.0,0.0,0.0,-0.0,27974.34803329854
-8.56,0.05131670194948623,0.10263340389897246,0.10818510677891963,0.0,0.10263340389897246,0.0,-1.8121005385469033,27972.53593275999
-15.04,0.5256583509747431,1.0513167019494862,1.0,0.0,0.9486832980505138,0.0,-10.27,27962.26593275999
-6.0,0.5256583509747431,1.0513167019494862,0.0,0.0,0.0,0.0,-0.0,27962.26593275999
-6.05,0.5256583509747431,1.0513167019494862,0.0,0.0,0.0,0.0,-0.0,27962.26593275999
-9.73,1.0,2.0,1.0,0.0,0.9486832980505138,0.0,-15.579999999999998,27946.68593275999
-6.78,1.0,2.0,0.0,0.0,0.0,0.0,-0.0,27946.68593275999
-7.56,1.0,2.0,0.0,0.0,0.0,0.0,-0.0,27946.68593275999
-0.01,1.0,2.0,0.0,0.0,0.0,0.0,-0.0,27946.68593275999
54.29,1.0,2.0,0.0,-0.0,0.0,-0.0,0.0,27946.68593275999
91.24,1.0,2.0,0.0,-0.0,0.0,-0.0,0.0,27946.68593275999
108.57,1.0,2.0,0.0,-0.0,0.0,-0.0,0.0,27946.68593275999
125.34,0.4729537233052701,0.9459074466105402,0.0,1.0,0.0,1.0540925533894598,122.83,28069.51593275999
124.25,0.0,0.0,0.0,0.8973665961010275,0.0,0.9459074466105402,109.24540940933909,28178.761342169328
101.63,0.0,0.0,0.0,-0.0,0.0,-0.0,0.0,28178.761342169328
53.5,-0.0,-0.0,0.0,0.0,0.0,0.0,0.0,28178.761342169328
47.1,-0.0,-0.0,0.0,0.0,0.0,0.0,0.0,28178.761342169328
37.35,-0.0,-0.0,0.0,0.0,0.0,0.0,0.0,28178.761342169328
37.96,-0.0,-0.0,0.0,0.0,0.0,0.0,0.0,28178.761342169328
43.58,-0.0,-0.0,0.0,0.0,0.0,0.0,0.0,28178.761342169328
43.96,-0.0,-0.0,0.0,0.0,0.0,0.0,0.0,28178.761342169328
62.69,0.0,0.0,0.0,-0.0,0.0,-0.0,0.0,28178.761342169328
49.59,-0.0,-0.0,0.0,0.0,0.0,0.0,0.0,28178.761342169328
60.4,0.0,0.0,0.0,-0.0,0.0,-0.0,0.0,28178.761342169328
18.64,-0.0,-0.0,0.0,0.0,0.0,0.0,0.0,28178.761342169328
-0.01,-0.0,-0.0,0.0,0.0,0.0,0.0,-0.0,28178.761342169328
-3.67,-0.0,-0.0,0.0,0.0,0.0,0.0,-0.0,28178.761342169328
-1.15,-0.0,-0.0,0.0,0.0,0.0,0.0,-0.0,28178.761342169328
-4.29,0.05131670194948623,0.10263340389897246,0.10818510677891963,0.0,0.10263340389897246,0.0,-2.27405094449289,28176.487291224836
-3.41,0.05131670194948623,0.10263340389897246,0.0,0.0,0.0,0.0,-0.0,28176.487291224836
-4.29,0.5256583509747431,1.0513167019494862,1.0,0.0,0.9486832980505138,0.0,-21.02,28155.467291224835
-2.01,0.5256583509747431,1.0513167019494862,0.0,0.0,0.0,0.0,-0.0,28155.467291224835
-4.99,1.0,2.0,1.0,0.0,0.9486832980505138,0.0,-20.32,28135.147291224835
-1.01,1.0,2.0,0.0,0.0,0.0,0.0,-0.0,28135.147291224835
20.0,1.0,2.0,0.0,0.0,0.0,0.0,0.0,28135.147291224835
19.91,1.0,2.0,0.0,0.0,0.0,0.0,0.0,28135.147291224835
42.49,1.0,2.0,0.0,-0.0,0.0,-0.0,0.0,28135.147291224835
48.86,0.4729537233052701,0.9459074466105402,0.0,1.0,0.0,1.0540925533894598,46.35,28181.497291224834
46.39,0.0,0.0,0.0,0.8973665961010275,0.0,0.9459074466105402,39.37644623691309,28220.87373746175
3.11,0.0,0.0,-0.0,0.0,-0.0,0.0,0.0,28220.87373746175
4.26,-0.0,-0.0,0.0,0.0,0.0,0.0,0.0,28220.87373746175
4.22,0.4743416490252569,0.9486832980505138,1.0,0.0,0.9486832980505138,0.0,-23.0,28197.87373746175
4.24,0.9486832980505138,1.8973665961010275,1.0,0.0,0.9486832980505138,0.0,-23.020000000000003,28174.853737461748
6.69,0.9486832980505138,1.8973665961010275,0.0,0.0,0.0,0.0,0.0,28174.853737461748
4.47,1.0,2.0,0.10818510677891963,0.0,0.10263340389897246,0.0,-2.5153037326098815,28172.33843372914
5.91,1.0,2.0,0.0,0.0,0.0,0.0,0.0,28172.33843372914
40.13,0.5270462766947299,1.0540925533894598,0.0,0.8973665961010275,0.0,0.9459074466105402,33.75893134532066,28206.09736507446
40.48,0.0,0.0,0.0,1.0,0.0,1.0540925533894598,37.97,28244.06736507446
-0.01,-0.0,-0.0,0.0,0.0,0.0,0.0,-0.0,28244.06736507446
-0.01,-0.0,-0.0,0.0,0.0,0.0,0.0,-0.0,28244.06736507446
-0.39,-0.0,-0.0,0.0,0.0,0.0,0.0,-0.0,28244.06736507446
-1.97,0.05131670194948623,0.10263340389897246,0.10818510677891963,0.0,0.10263340389897246,0.0,-2.5250403922199838,28241.542324682243
-2.68,0.5256583509747431,1.0513167019494862,1.0,0.0,0.9486832980505138,0.0,-22.63,28218.912324682242
-2.02,1.0,2.0,1.0,0.0,0.9486832980505138,0.0,-23.29,28195.62232468224
-1.95,1.0,2.0,0.0,0.0,0.0,0.0,-0.0,28195.62232468224
-0.44,1.0,2.0,0.0,0.0,0.0,0.0,-0.0,28195.62232468224
2.09,1.0,2.0,0.0,0.0,0.0,0.0,0.0,28195.62232468224
61.77,1.0,2.0,0.0,0.0,0.0,0.0,0.0,28195.62232468224
75.29,1.0,2.0,0.0,0.0,0.0,0.0,0.0,28195.62232468224
90.05,0.5270462766947299,1.0540925533894598,0.0,0.8973665961010275,0.0,0.9459074466105402,78.55547182268394,28274.177796504926
92.67,0.0,0.0,0.0,1.0,0.0,1.0540925533894598,90.16,28364.337796504926
85.03,-0.0,-0.0,0.0,-0.0,0.0,-0.0,0.0,28364.337796504926
71.49,-0.0,-0.0,0.0,0.0,0.0,0.0,0.0,28364.337796504926
54.59,-0.0,-0.0,0.0,0.0,0.0,0.0,0.0,28364.337796504926
51.16,0.0,0.0,0.0,0.0,0.0,0.0,0.0,28364.337796504926
51.02,0.0,0.0,-0.0,0.0,-0.0,0.0,0.0,28364.337796504926
57.11,-0.0,-0.0,0.0,0.0,0.0,0.0,0.0,28364.337796504926
54.15,-0.0,-0.0,0.0,0.0,0.0,0.0,0.0,28364.337796504926
62.96,-0.0,-0.0,0.0,0.0,0.0,0.0,0.0,28364.337796504926
70.01,0.0,0.0,0.0,-0.0,0.0,-0.0,0.0,28364.337796504926
59.49,0.0,0.0,0.0,-0.0,0.0,-0.0,0.0,28364.337796504926
43.21,0.0,0.0,0.0,-0.0,0.0,-0.0,0.0,28364.337796504926
27.64,-0.0,-0.0,0.0,0.0,0.0,0.0,0.0,28364.337796504926
10.0,-0.0,-0.0,0.0,0.0,0.0,0.0,0.0,28364.337796504926
2.05,-0.0,-0.0,0.0,0.0,0.0,0.0,0.0,28364.337796504926
1.34,-0.0,-0.0,0.0,0.0,0.0,0.0,0.0,28364.337796504926
0.0,0.4743416490252569,0.9486832980505138,1.0,0.0,0.9486832980505138,0.0,-25.31,28339.027796504924
0.27,0.5256583509747431,1.0513167019494862,0.10818510677891963,0.0,0.10263340389897246,0.0,-2.7673750314047636,28336.26042147352
0.0,1.0,2.0,1.0,0.0,0.9486832980505138,0.0,-25.31,28310.950421473517
17.84,1.0,2.0,0.0,0.0,0.0,0.0,0.0,28310.950421473517
39.28,1.0,2.0,0.0,-0.0,0.0,-0.0,0.0,28310.950421473517
105.8,1.0,2.0,0.0,-0.0,0.0,-0.0,0.0,28310.950421473517
134.19,1.0,2.0,-0.0,0.0,-0.0,0.0,0.0,28310.950421473517
200.0,0.5270462766947299,1.0540925533894598,0.0,0.8973665961010275,0.0,0.9459074466105402,177.22092906399192,28488.17135053751
247.02,-0.0,-0.0,0.0,1.0,0.0,1.0540925533894598,244.51000000000002,28732.681350537507
173.62,0.0,0.0,0.0,0.0,0.0,0.0,0.0,28732.681350537507
126.84,-0.0,-0.0,0.0,0.0,0.0,0.0,0.0,28732.681350537507
119.95,-0.0,-0.0,0.0,0.0,0.0,0.0,0.0,28732.681350537507
107.63,-0.0,-0.0,0.0,0.0,0.0,0.0,0.0,28732.681350537507
102.83,-0.0,-0.0,0.0,0.0,0.0,0.0,0.0,28732.681350537507
98.62,-0.0,-0.0,-0.0,0.0,-0.0,0.0,0.0,28732.681350537507
98.79,-0.0,-0.0,0.0,0.0,0.0,0.0,0.0,28732.681350537507
102.91,-0.0,-0.0,0.0,0.0,0.0,0.0,0.0,28732.681350537507
119.9,-0.0,-0.0,0.0,0.0,0.0,0.0,0.0,28732.681350537507
120.91,-0.0,-0.0,0.0,0.0,0.0,0.0,0.0,28732.681350537507
106.79,0.0,0.0,0.0,0.0,0.0,0.0,0.0,28732.681350537507
96.45,-0.0,-0.0,0.0,0.0,0.0,0.0,0.0,28732.681350537507
88.95,-0.0,-0.0,0.0,0.0,0.0,0.0,0.0,28732.681350537507
77.88,-0.0,-0.0,0.0,0.0,0.0,0.0,0.0,28732.681350537507
70.25,-0.0,-0.0,0.0,0.0,0.0,0.0,0.0,28732.681350537507
59.25,0.05131670194948623,0.10263340389897246,0.10818510677891963,0.0,0.10263340389897246,0.0,-9.148132629225444,28723.53321790828
51.12,0.5256583509747431,1.0513167019494862,1.0,0.0,0.9486832980505138,0.0,-76.42999999999999,28647.10321790828
48.99,1.0,2.0,1.0,0.0,0.9486832980505138,0.0,-74.3,28572.80321790828
63.04,1.0,2.0,0.0,0.0,0.0,0.0,0.0,28572.80321790828
70.3,1.0,2.0,0.0,0.0,0.0,0.0,0.0,28572.80321790828
89.23,1.0,2.0,0.0,0.0,0.0,0.0,0.0,28572.80321790828
93.95,1.0,2.0,0.0,0.0,0.0,0.0,0.0,28572.80321790828
99.14,1.0,2.0,0.0,0.0,0.0,0.0,0.0,28572.80321790828
100.0,0.5270462766947299,1.0540925533894598,0.0,0.8973665961010275,0.0,0.9459074466105402,87.48426945388917,28660.28748736217
108.64,-0.0,-0.0,0.0,1.0,0.0,1.0540925533894598,106.13,28766.41748736217
97.23,0.0,0.0,0.0,0.0,0.0,0.0,0.0,28766.41748736217
79.09,-0.0,-0.0,0.0,0.0,0.0,0.0,0.0,28766.41748736217
65.2,-0.0,-0.0,0.0,0.0,0.0,0.0,0.0,28766.41748736217
58.95,-0.0,-0.0,0.0,0.0,0.0,0.0,0.0,28766.41748736217
54.97,-0.0,-0.0,0.0,0.0,0.0,0.0,0.0,28766.41748736217
50.54,0.0,0.0,-0.0,0.0,-0.0,0.0,0.0,28766.41748736217
49.45,-0.0,-0.0,-0.0,0.0,-0.0,0.0,0.0,28766.41748736217
57.27,-0.0,-0.0,0.0,0.0,0.0,0.0,0.0,28766.41748736217
63.19,-0.0,-0.0,0.0,0.0,0.0,0.0,0.0,28766.41748736217
63.81,0.0,0.0,0.0,0.0,0.0,0.0,0.0,28766.41748736217
4.07,0.0,0.0,-0.0,0.0,-0.0,0.0,0.0,28766.41748736217
4.02,-0.0,-0.0,-0.0,0.0,-0.0,0.0,0.0,28766.41748736217
9.99,-0.0,-0.0,0.0,0.0,0.0,0.0,0.0,28766.41748736217
4.28,0.0,0.0,0.0,0.0,0.0,0.0,0.0,28766.41748736217
3.18,0.05131670194948623,0.10263340389897246,0.10818510677891963,0.0,0.10263340389897246,0.0,-2.375744944865075,28764.041742417307
3.15,0.5256583509747431,1.0513167019494862,1.0,0.0,0.9486832980505138,0.0,-21.93,28742.111742417306
2.38,1.0,2.0,1.0,0.0,0.9486832980505138,0.0,-21.16,28720.951742417306
4.01,1.0,2.0,0.0,0.0,0.0,0.0,0.0,28720.951742417306
5.75,1.0,2.0,0.0,0.0,0.0,0.0,0.0,28720.951742417306
29.69,1.0,2.0,0.0,-0.0,0.0,-0.0,0.0,28720.951742417306
69.43,1.0,2.0,0.0,-0.0,0.0,-0.0,0.0,28720.951742417306
114.01,1.0,2.0,0.0,0.0,0.0,0.0,0.0,28720.951742417306
122.4,0.4729537233052701,0.9459074466105402,0.0,1.0,0.0,1.0540925533894598,119.89,28840.841742417306
119.08,-0.0,-0.0,0.0,0.8973665961010275,0.0,0.9459074466105402,104.60602410749678,28945.4477665248
100.2,0.0,0.0,0.0,0.0,0.0,0.0,0.0,28945.4477665248
84.65,0.0,0.0,0.0,-0.0,0.0,-0.0,0.0,28945.4477665248
65.27,0.0,0.0,0.0,-0.0,0.0,-0.0,0.0,28945.4477665248
55.91,0.0,0.0,0.0,-0.0,0.0,-0.0,0.0,28945.4477665248
38.7,0.0,0.0,0.0,-0.0,0.0,-0.0,0.0,28945.4477665248
33.0,-0.0,-0.0,0.0,0.0,0.0,0.0,0.0,28945.4477665248
25.61,-0.0,-0.0,0.0,0.0,0.0,0.0,0.0,28945.4477665248
28.09,-0.0,-0.0,0.0,0.0,0.0,0.0,0.0,28945.4477665248
34.0,0.0,0.0,0.0,-0.0,0.0,-0.0,0.0,28945.4477665248
27.8,0.0,0.0,0.0,-0.0,0.0,-0.0,0.0,28945.4477665248
2.34,-0.0,-0.0,0.0,0.0,0.0,0.0,0.0,28945.4477665248
0.01,-0.0,-0.0,0.0,0.0,0.0,0.0,0.0,28945.4477665248
-0.01,-0.0,-0.0,0.0,0.0,0.0,0.0,-0.0,28945.4477665248
-0.57,-0.0,-0.0,0.0,0.0,0.0,0.0,-0.0,28945.4477665248
-1.99,0.4743416490252569,0.9486832980505138,1.0,0.0,0.9486832980505138,0.0,-16.790000000000003,28928.6577665248
-2.23,0.9486832980505138,1.8973665961010275,1.0,0.0,0.9486832980505138,0.0,-16.55,28912.1077665248
-1.01,1.0,2.0,0.10818510677891963,0.0,0.10263340389897246,0.0,-1.9224493474614017,28910.18531717734
-1.0,1.0,2.0,0.0,0.0,0.0,0.0,-0.0,28910.18531717734
2.97,1.0,2.0,0.0,0.0,0.0,0.0,0.0,28910.18531717734
25.98,1.0,2.0,-0.0,0.0,-0.0,0.0,0.0,28910.18531717734
53.55,1.0,2.0,0.0,0.0,0.0,0.0,0.0,28910.18531717734
78.03,1.0,2.0,0.0,-0.0,0.0,-0.0,0.0,28910.18531717734
101.16,0.4729537233052701,0.9459074466105402,0.0,1.0,0.0,1.0540925533894598,98.64999999999999,29008.83531717734
86.1,-0.0,-0.0,0.0,0.8973665961010275,0.0,0.9459074466105402,75.01087376808489,29083.846190945427
79.14,0.0,0.0,0.0,0.0,0.0,0.0,0.0,29083.846190945427
16.77,0.4743416490252569,0.9486832980505138,1.0,0.0,0.9486832980505138,0.0,-35.55,29048.296190945428
43.39,0.4743416490252569,0.9486832980505138,0.0,0.0,0.0,0.0,0.0,29048.296190945428
59.54,0.4743416490252569,0.9486832980505138,0.0,0.0,0.0,0.0,0.0,29048.296190945428
58.87,0.4743416490252569,0.9486832980505138,0.0,0.0,0.0,0.0,0.0,29048.296190945428
57.58,0.4743416490252569,0.9486832980505138,0.0,0.0,0.0,0.0,0.0,29048.296190945428
60.92,0.4743416490252569,0.9486832980505138,0.0,0.0,0.0,0.0,0.0,29048.296190945428
70.0,0.0,0.0,0.0,0.8999999999999999,0.0,0.9486832980505138,60.74099999999999,29109.03719094543
65.89,0.0,0.0,0.0,-0.0,0.0,-0.0,0.0,29109.03719094543
45.23,0.0,0.0,0.0,-0.0,0.0,-0.0,0.0,29109.03719094543
1.99,-0.0,-0.0,0.0,0.0,0.0,0.0,0.0,29109.03719094543
0.0,-0.0,-0.0,0.0,0.0,0.0,0.0,0.0,29109.03719094543
-0.26,-0.0,-0.0,0.0,0.0,0.0,0.0,-0.0,29109.03719094543
-5.4,-0.0,-0.0,0.0,0.0,0.0,0.0,-0.0,29109.03719094543
-20.1,0.4743416490252569,0.9486832980505138,1.0,0.0,0.9486832980505138,0.0,-5.209999999999997,29103.82719094543
-24.01,0.9486832980505138,1.8973665961010275,1.0,0.0,0.9486832980505138,0.0,-1.2999999999999972,29102.52719094543
-15.45,1.0,2.0,0.10818510677891963,0.0,0.10263340389897246,0.0,-1.0667051528401472,29101.46048579259
-2.69,1.0,2.0,0.0,0.0,0.0,0.0,-0.0,29101.46048579259
0.01,1.0,2.0,0.0,0.0,0.0,0.0,0.0,29101.46048579259
15.9,1.0,2.0,0.0,-0.0,0.0,-0.0,0.0,29101.46048579259
59.7,1.0,2.0,0.0,-0.0,0.0,-0.0,0.0,29101.46048579259
105.66,1.0,2.0,0.0,0.0,0.0,0.0,0.0,29101.46048579259
117.43,0.4729537233052701,0.9459074466105402,0.0,1.0,0.0,1.0540925533894598,114.92,29216.38048579259
112.06,-0.0,-0.0,0.0,0.8973665961010275,0.0,0.9459074466105402,98.30651060286758,29314.686996395456
101.0,-0.0,-0.0,0.0,0.0,0.0,0.0,0.0,29314.686996395456
87.6,-0.0,-0.0,0.0,0.0,0.0,0.0,0.0,29314.686996395456
79.6,0.0,0.0,0.0,0.0,0.0,0.0,0.0,29314.686996395456
83.0,-0.0,-0.0,0.0,0.0,0.0,0.0,0.0,29314.686996395456
84.13,-0.0,-0.0,0.0,0.0,0.0,0.0,0.0,29314.686996395456
83.52,-0.0,-0.0,0.0,0.0,0.0,0.0,0.0,29314.686996395456
83.04,-0.0,-0.0,0.0,0.0,0.0,0.0,0.0,29314.686996395456
86.5,-0.0,-0.0,0.0,0.0,0.0,0.0,0.0,29314.686996395456
111.52,-0.0,-0.0,0.0,-0.0,0.0,-0.0,0.0,29314.686996395456
108.52,-0.0,-0.0,0.0,0.0,0.0,0.0,0.0,29314.686996395456
91.77,-0.0,-0.0,0.0,0.0,0.0,0.0,0.0,29314.686996395456
74.65,0.0,0.0,0.0,0.0,0.0,0.0,0.0,29314.686996395456
43.73,-0.0,-0.0,0.0,0.0,0.0,0.0,0.0,29314.686996395456
19.05,0.4743416490252569,0.9486832980505138,1.0,0.0,0.9486832980505138,0.0,-44.36,29270.326996395455
9.96,0.9486832980505138,1.8973665961010275,1.0,0.0,0.9486832980505138,0.0,-35.269999999999996,29235.056996395455
19.65,1.0,2.0,0.10818510677891963,0.0,0.10263340389897246,0.0,-4.864002400780226,29230.192993994675
60.0,1.0,2.0,0.0,-0.0,0.0,-0.0,0.0,29230.192993994675
80.5,1.0,2.0,0.0,-0.0,0.0,-0.0,0.0,29230.192993994675
91.98,1.0,2.0,-0.0,0.0,-0.0,0.0,0.0,29230.192993994675
110.01,1.0,2.0,0.0,0.0,0.0,0.0,0.0,29230.192993994675
178.94,1.0,2.0,-0.0,0.0,-0.0,0.0,0.0,29230.192993994675
288.97,0.4729537233052701,0.9459074466105402,0.0,1.0,0.0,1.0540925533894598,286.46000000000004,29516.652993994674
233.35,0.0,0.0,0.0,0.8973665961010275,0.0,0.9459074466105402,207.14810504396118,29723.801099038636
157.0,-0.0,-0.0,0.0,-0.0,0.0,-0.0,0.0,29723.801099038636
122.65,0.0,0.0,0.0,0.0,0.0,0.0,0.0,29723.801099038636
111.28,-0.0,-0.0,0.0,0.0,0.0,0.0,0.0,29723.801099038636
95.29,0.0,0.0,-0.0,0.0,-0.0,0.0,0.0,29723.801099038636
89.1,-0.0,-0.0,0.0,0.0,0.0,0.0,0.0,29723.801099038636
88.06,0.0,0.0,-0.0,0.0,-0.0,0.0,0.0,29723.801099038636
90.01,-0.0,-0.0,0.0,0.0,0.0,0.0,0.0,29723.801099038636
96.5,-0.0,-0.0,0.0,0.0,0.0,0.0,0.0,29723.801099038636
112.9,-0.0,-0.0,0.0,0.0,0.0,0.0,0.0,29723.801099038636
120.1,-0.0,-0.0,0.0,-0.0,0.0,-0.0,0.0,29723.801099038636
114.72,0.0,0.0,0.0,0.0,0.0,0.0,0.0,29723.801099038636
91.19,-0.0,-0.0,0.0,0.0,0.0,0.0,0.0,29723.801099038636
84.31,-0.0,-0.0,0.0,0.0,0.0,0.0,0.0,29723.801099038636
69.56,-0.0,-0.0,0.0,0.0,0.0,0.0,0.0,29723.801099038636
44.54,0.4743416490252569,0.9486832980505138,1.0,0.0,0.9486832980505138,0.0,-69.85,29653.951099038637
42.47,0.9486832980505138,1.8973665961010275,1.0,0.0,0.9486832980505138,0.0,-67.78,29586.17109903864
57.65,1.0,2.0,0.10818510677891963,0.0,0.10263340389897246,0.0,-8.975036458379172,29577.19606258026
78.14,1.0,2.0,0.0,0.0,0.0,0.0,0.0,29577.19606258026
90.8,1.0,2.0,0.0,0.0,0.0,0.0,0.0,29577.19606258026
102.02,1.0,2.0,-0.0,0.0,-0.0,0.0,0.0,29577.19606258026
152.08,1.0,2.0,0.0,-0.0,0.0,-0.0,0.0,29577.19606258026
307.27,1.0,2.0,-0.0,0.0,-0.0,0.0,0.0,29577.19606258026
476.19,0.4729537233052701,0.9459074466105402,0.0,1.0,0.0,1.0540925533894598,473.68,30050.87606258026
406.81,0.0,0.0,0.0,0.8973665961010275,0.0,0.9459074466105402,362.8053148036454,30413.681377383906
250.01,0.0,0.0,-0.0,0.0,-0.0,0.0,0.0,30413.681377383906
147.65,0.0,0.0,0.0,-0.0,0.0,-0.0,0.0,30413.681377383906
119.29,0.0,0.0,0.0,-0.0,0.0,-0.0,0.0,30413.681377383906
102.7,-0.0,-0.0,0.0,0.0,0.0,0.0,0.0,30413.681377383906
92.54,-0.0,-0.0,0.0,0.0,0.0,0.0,0.0,30413.681377383906
92.08,-0.0,-0.0,0.0,0.0,0.0,0.0,0.0,30413.681377383906
91.71,-0.0,-0.0,0.0,0.0,0.0,0.0,0.0,30413.681377383906
100.55,-0.0,-0.0,0.0,0.0,0.0,0.0,0.0,30413.681377383906
116.43,0.0,0.0,0.0,-0.0,0.0,-0.0,0.0,30413.681377383906
110.42,-0.0,-0.0,0.0,-0.0,0.0,-0.0,0.0,30413.681377383906
104.52,0.0,0.0,0.0,0.0,0.0,0.0,0.0,30413.681377383906
92.49,0.0,0.0,0.0,-0.0,0.0,-0.0,0.0,30413.681377383906
81.06,-0.0,-0.0,0.0,0.0,0.0,0.0,0.0,30413.681377383906
69.93,-0.0,-0.0,0.0,0.0,0.0,0.0,0.0,30413.681377383906
36.12,0.4743416490252569,0.9486832980505138,1.0,0.0,0.9486832980505138,0.0,-61.42999999999999,30352.251377383905
32.59,0.9486832980505138,1.8973665961010275,1.0,0.0,0.9486832980505138,0.0,-57.900000000000006,30294.351377383904
46.61,1.0,2.0,0.10818510677891963,0.0,0.10263340389897246,0.0,-7.780672879539899,30286.570704504364
71.49,1.0,2.0,0.0,0.0,0.0,0.0,0.0,30286.570704504364
79.6,1.0,2.0,0.0,0.0,0.0,0.0,0.0,30286.570704504364
89.27,1.0,2.0,0.0,-0.0,0.0,-0.0,0.0,30286.570704504364
113.99,1.0,2.0,0.0,-0.0,0.0,-0.0,0.0,30286.570704504364
186.01,0.5270462766947299,1.0540925533894598,0.0,0.8973665961010275,0.0,0.9459074466105402,164.66677038453855,30451.2374748889
240.07,0.0,0.0,0.0,1.0,0.0,1.0540925533894598,237.56,30688.797474888903
180.21,0.0,0.0,0.0,-0.0,0.0,-0.0,0.0,30688.797474888903
134.93,-0.0,-0.0,0.0,-0.0,0.0,-0.0,0.0,30688.797474888903
108.5,0.0,0.0,0.0,0.0,0.0,0.0,0.0,30688.797474888903
83.49,-0.0,-0.0,0.0,-0.0,0.0,-0.0,0.0,30688.797474888903
80.91,-0.0,-0.0,0.0,0.0,0.0,0.0,0.0,30688.797474888903
62.95,0.0,0.0,0.0,0.0,0.0,0.0,0.0,30688.797474888903
44.08,0.0,0.0,0.0,-0.0,0.0,-0.0,0.0,30688.797474888903
33.19,-0.0,-0.0,0.0,0.0,0.0,0.0,0.0,30688.797474888903
13.58,0.0,0.0,-0.0,0.0,-0.0,0.0,0.0,30688.797474888903
4.08,0.4743416490252569,0.9486832980505138,1.0,0.0,0.9486832980505138,0.0,-22.86,30665.937474888902
2.58,0.9486832980505138,1.8973665961010275,1.0,0.0,0.9486832980505138,0.0,-21.36,30644.5774748889
2.3,0.9486832980505138,1.8973665961010275,0.0,0.0,0.0,0.0,0.0,30644.5774748889
0.0,0.9486832980505138,1.8973665961010275,0.0,0.0,0.0,0.0,0.0,30644.5774748889
-0.01,1.0,2.0,0.10818510677891963,0.0,0.10263340389897246,0.0,-2.737083201506666,30641.840391687394
0.0,1.0,2.0,0.0,0.0,0.0,0.0,0.0,30641.840391687394
0.02,1.0,2.0,0.0,0.0,0.0,0.0,0.0,30641.840391687394
0.06,1.0,2.0,0.0,0.0,0.0,0.0,0.0,30641.840391687394
0.0,1.0,2.0,0.0,0.0,0.0,0.0,0.0,30641.840391687394
0.05,1.0,2.0,0.0,0.0,0.0,0.0,0.0,30641.840391687394
2.03,1.0,2.0,0.0,0.0,0.0,0.0,0.0,30641.840391687394
3.16,1.0,2.0,0.0,0.0,0.0,0.0,0.0,30641.840391687394
4.21,1.0,2.0,0.0,0.0,0.0,0.0,0.0,30641.840391687394
74.0,1.0,2.0,0.0,-0.0,0.0,-0.0,0.0,30641.840391687394
131.05,1.0,2.0,0.0,0.0,0.0,0.0,0.0,30641.840391687394
151.1,0.4729537233052701,0.9459074466105402,0.0,1.0,0.0,1.0540925533894598,148.59,30790.430391687394
133.3,0.0,0.0,0.0,0.8973665961010275,0.0,0.9459074466105402,117.3665771040534,30907.79696879145
117.03,0.0,0.0,0.0,-0.0,0.0,-0.0,0.0,30907.79696879145
109.07,-0.0,-0.0,0.0,0.0,0.0,0.0,0.0,30907.79696879145
103.46,-0.0,-0.0,0.0,0.0,0.0,0.0,0.0,30907.79696879145
99.98,-0.0,-0.0,0.0,0.0,0.0,0.0,0.0,30907.79696879145
96.38,-0.0,-0.0,0.0,0.0,0.0,0.0,0.0,30907.79696879145
95.01,-0.0,-0.0,0.0,0.0,0.0,0.0,0.0,30907.79696879145
87.33,-0.0,-0.0,0.0,0.0,0.0,0.0,0.0,30907.79696879145
96.7,-0.0,-0.0,0.0,0.0,0.0,0.0,0.0,30907.79696879145
111.29,0.0,0.0,0.0,-0.0,0.0,-0.0,0.0,30907.79696879145
100.0,-0.0,-0.0,0.0,-0.0,0.0,-0.0,0.0,30907.79696879145
81.93,0.0,0.0,0.0,0.0,0.0,0.0,0.0,30907.79696879145
54.19,0.0,0.0,0.0,-0.0,0.0,-0.0,0.0,30907.79696879145
6.69,-0.0,-0.0,0.0,0.0,0.0,0.0,0.0,30907.79696879145
-0.05,-0.0,-0.0,0.0,0.0,0.0,0.0,-0.0,30907.79696879145
-1.56,0.4743416490252569,0.9486832980505138,1.0,0.0,0.9486832980505138,0.0,-17.220000000000002,30890.576968791447
-1.37,0.9486832980505138,1.8973665961010275,1.0,0.0,0.9486832980505138,0.0,-17.41,30873.166968791447
-0.61,1.0,2.0,0.10818510677891963,0.0,0.10263340389897246,0.0,-1.9657233901729696,30871.201245401273
2.39,1.0,2.0,0.0,0.0,0.0,0.0,0.0,30871.201245401273
39.92,1.0,2.0,0.0,-0.0,0.0,-0.0,0.0,30871.201245401273
74.57,1.0,2.0,0.0,0.0,0.0,0.0,0.0,30871.201245401273
90.82,1.0,2.0,0.0,0.0,0.0,0.0,0.0,30871.201245401273
91.53,1.0,2.0,0.0,0.0,0.0,0.0,0.0,30871.201245401273
96.76,0.5270462766947299,1.0540925533894598,0.0,0.8973665961010275,0.0,0.9459074466105402,84.57680168252185,30955.778047083793
107.83,0.0,0.0,0.0,1.0,0.0,1.0540925533894598,105.32,31061.098047083793
92.24,0.0,0.0,0.0,-0.0,0.0,-0.0,0.0,31061.098047083793
57.13,0.0,0.0,-0.0,0.0,-0.0,0.0,0.0,31061.098047083793
44.2,0.0,0.0,0.0,-0.0,0.0,-0.0,0.0,31061.098047083793
25.04,-0.0,-0.0,0.0,0.0,0.0,0.0,0.0,31061.098047083793
21.06,-0.0,-0.0,0.0,0.0,0.0,0.0,0.0,31061.098047083793
13.0,-0.0,-0.0,0.0,0.0,0.0,0.0,0.0,31061.098047083793
8.7,-0.0,-0.0,0.0,0.0,0.0,0.0,0.0,31061.098047083793
11.9,-0.0,-0.0,0.0,0.0,0.0,0.0,0.0,31061.098047083793
25.16,0.0,0.0,0.0,-0.0,0.0,-0.0,0.0,31061.098047083793
17.86,-0.0,-0.0,0.0,0.0,0.0,0.0,0.0,31061.098047083793
3.34,-0.0,-0.0,0.0,0.0,0.0,0.0,0.0,31061.098047083793
0.66,-0.0,-0.0,0.0,0.0,0.0,0.0,0.0,31061.098047083793
0.55,-0.0,-0.0,0.0,0.0,0.0,0.0,0.0,31061.098047083793
-0.08,-0.0,-0.0,0.0,0.0,0.0,0.0,-0.0,31061.098047083793
-0.54,-0.0,-0.0,0.0,0.0,0.0,0.0,-0.0,31061.098047083793
-1.49,0.4743416490252569,0.9486832980505138,1.0,0.0,0.9486832980505138,0.0,-17.290000000000003,31043.808047083792
-0.9,0.5256583509747431,1.0513167019494862,0.10818510677891963,0.0,0.10263340389897246,0.0,-1.934349709207083,31041.873697374584
-2.0,1.0,2.0,1.0,0.0,0.9486832980505138,0.0,-16.78,31025.093697374585
0.0,1.0,2.0,0.0,0.0,0.0,0.0,0.0,31025.093697374585
28.0,1.0,2.0,0.0,-0.0,0.0,-0.0,0.0,31025.093697374585
51.29,1.0,2.0,0.0,-0.0,0.0,-0.0,0.0,31025.093697374585
79.48,1.0,2.0,0.0,0.0,0.0,0.0,0.0,31025.093697374585
105.36,1.0,2.0,0.0,0.0,0.0,0.0,0.0,31025.093697374585
112.27,0.4729537233052701,0.9459074466105402,0.0,1.0,0.0,1.0540925533894598,109.75999999999999,31134.853697374583
107.23,-0.0,-0.0,0.0,0.8973665961010275,0.0,0.9459074466105402,93.9722299436996,31228.82592731828
80.03,0.0,0.0,0.0,0.0,0.0,0.0,0.0,31228.82592731828
70.0,-0.0,-0.0,0.0,0.0,0.0,0.0,0.0,31228.82592731828
73.92,-0.0,-0.0,0.0,0.0,0.0,0.0,0.0,31228.82592731828
74.13,-0.0,-0.0,0.0,0.0,0.0,0.0,0.0,31228.82592731828
73.49,-0.0,-0.0,0.0,0.0,0.0,0.0,0.0,31228.82592731828
79.67,0.0,0.0,0.0,-0.0,0.0,-0.0,0.0,31228.82592731828
78.46,-0.0,-0.0,0.0,-0.0,0.0,-0.0,0.0,31228.82592731828
77.57,-0.0,-0.0,0.0,0.0,0.0,0.0,0.0,31228.82592731828
70.57,0.0,0.0,0.0,0.0,0.0,0.0,0.0,31228.82592731828
38.81,-0.0,-0.0,0.0,0.0,0.0,0.0,0.0,31228.82592731828
19.21,0.0,0.0,-0.0,0.0,-0.0,0.0,0.0,31228.82592731828
13.19,-0.0,-0.0,0.0,0.0,0.0,0.0,0.0,31228.82592731828
10.26,0.4743416490252569,0.9486832980505138,1.0,0.0,0.9486832980505138,0.0,-35.57,31193.25592731828
5.85,0.9486832980505138,1.8973665961010275,1.0,0.0,0.9486832980505138,0.0,-31.159999999999997,31162.09592731828
11.2,1.0,2.0,0.10818510677891963,0.0,0.10263340389897246,0.0,-3.949838248498355,31158.14608906978
50.57,1.0,2.0,0.0,-0.0,0.0,-0.0,0.0,31158.14608906978
70.77,1.0,2.0,0.0,-0.0,0.0,-0.0,0.0,31158.14608906978
100.29,1.0,2.0,0.0,0.0,0.0,0.0,0.0,31158.14608906978
107.37,1.0,2.0,0.0,0.0,0.0,0.0,0.0,31158.14608906978
112.16,1.0,2.0,0.0,0.0,0.0,0.0,0.0,31158.14608906978
120.32,1.0,2.0,0.0,0.0,0.0,0.0,0.0,31158.14608906978
125.04,1.0,2.0,0.0,-0.0,0.0,-0.0,0.0,31158.14608906978
122.21,1.0,2.0,0.0,0.0,0.0,0.0,0.0,31158.14608906978
110.78,1.0,2.0,0.0,0.0,0.0,0.0,0.0,31158.14608906978
118.84,1.0,2.0,0.0,0.0,0.0,0.0,0.0,31158.14608906978
107.42,1.0,2.0,0.0,0.0,0.0,0.0,0.0,31158.14608906978
101.92,1.0,2.0,0.0,0.0,0.0,0.0,0.0,31158.14608906978
99.12,1.0,2.0,0.0,0.0,0.0,0.0,0.0,31158.14608906978
101.0,1.0,2.0,0.0,0.0,0.0,0.0,0.0,31158.14608906978
100.9,1.0,2.0,0.0,0.0,0.0,0.0,0.0,31158.14608906978
125.12,1.0,2.0,0.0,-0.0,0.0,-0.0,0.0,31158.14608906978
131.01,1.0,2.0,0.0,-0.0,0.0,-0.0,0.0,31158.14608906978
146.64,0.4729537233052701,0.9459074466105402,0.0,1.0,0.0,1.0540925533894598,144.13,31302.276089069783
131.99,0.0,0.0,0.0,0.8973665961010275,0.0,0.9459074466105402,116.19102686316106,31418.467115932945
108.64,0.0,0.0,0.0,-0.0,0.0,-0.0,0.0,31418.467115932945
92.37,0.0,0.0,0.0,-0.0,0.0,-0.0,0.0,31418.467115932945
78.72,-0.0,-0.0,0.0,0.0,0.0,0.0,0.0,31418.467115932945
61.07,-0.0,-0.0,0.0,0.0,0.0,0.0,0.0,31418.467115932945
52.61,0.05131670194948623,0.10263340389897246,0.10818510677891963,0.0,0.10263340389897246,0.0,-8.429783520213416,31410.037332412732
50.67,0.5256583509747431,1.0513167019494862,1.0,0.0,0.9486832980505138,0.0,-75.98,31334.057332412733
45.95,1.0,2.0,1.0,0.0,0.9486832980505138,0.0,-71.26,31262.797332412734
60.31,1.0,2.0,0.0,0.0,0.0,0.0,0.0,31262.797332412734
77.98,1.0,2.0,0.0,0.0,0.0,0.0,0.0,31262.797332412734
92.27,1.0,2.0,0.0,0.0,0.0,0.0,0.0,31262.797332412734
97.28,1.0,2.0,0.0,0.0,0.0,0.0,0.0,31262.797332412734
109.92,1.0,2.0,0.0,-0.0,0.0,-0.0,0.0,31262.797332412734
110.09,1.0,2.0,0.0,-0.0,0.0,-0.0,0.0,31262.797332412734
87.3,1.0,2.0,0.0,0.0,0.0,0.0,0.0,31262.797332412734
103.83,1.0,2.0,0.0,0.0,0.0,0.0,0.0,31262.797332412734
92.9,1.0,2.0,0.0,0.0,0.0,0.0,0.0,31262.797332412734
81.49,1.0,2.0,0.0,0.0,0.0,0.0,0.0,31262.797332412734
84.78,1.0,2.0,-0.0,0.0,-0.0,0.0,0.0,31262.797332412734
85.37,1.0,2.0,0.0,0.0,0.0,0.0,0.0,31262.797332412734
91.14,1.0,2.0,0.0,0.0,0.0,0.0,0.0,31262.797332412734
107.99,1.0,2.0,0.0,0.0,0.0,0.0,0.0,31262.797332412734
118.65,0.4729537233052701,0.9459074466105402,0.0,1.0,0.0,1.0540925533894598,116.14,31378.937332412734
117.76,0.0,0.0,0.0,0.8973665961010275,0.0,0.9459074466105402,103.42150020064342,31482.358832613376
94.06,-0.0,-0.0,0.0,-0.0,0.0,-0.0,0.0,31482.358832613376
81.78,-0.0,-0.0,0.0,0.0,0.0,0.0,0.0,31482.358832613376
78.44,-0.0,-0.0,0.0,0.0,0.0,0.0,0.0,31482.358832613376
60.15,0.0,0.0,0.0,0.0,0.0,0.0,0.0,31482.358832613376
54.72,0.05131670194948623,0.10263340389897246,0.10818510677891963,0.0,0.10263340389897246,0.0,-8.658054095516938,31473.700778517858
53.04,0.5256583509747431,1.0513167019494862,1.0,0.0,0.9486832980505138,0.0,-78.35,31395.35077851786
54.65,1.0,2.0,1.0,0.0,0.9486832980505138,0.0,-79.96,31315.39077851786
65.2,1.0,2.0,0.0,0.0,0.0,0.0,0.0,31315.39077851786
79.98,1.0,2.0,0.0,0.0,0.0,0.0,0.0,31315.39077851786
83.92,1.0,2.0,0.0,0.0,0.0,0.0,0.0,31315.39077851786
102.1,1.0,2.0,0.0,0.0,0.0,0.0,0.0,31315.39077851786
122.77,0.5270462766947299,1.0540925533894598,0.0,0.8973665961010275,0.0,0.9459074466105402,107.91730684710957,31423.30808536497
123.34,0.0,0.0,0.0,1.0,0.0,1.0540925533894598,120.83,31544.13808536497
116.65,-0.0,-0.0,0.0,-0.0,0.0,-0.0,0.0,31544.13808536497
100.95,-0.0,-0.0,0.0,0.0,0.0,0.0,0.0,31544.13808536497
97.15,-0.0,-0.0,0.0,0.0,0.0,0.0,0.0,31544.13808536497
86.85,0.0,0.0,0.0,0.0,0.0,0.0,0.0,31544.13808536497
83.86,0.0,0.0,-0.0,0.0,-0.0,0.0,0.0,31544.13808536497
84.65,-0.0,-0.0,0.0,0.0,0.0,0.0,0.0,31544.13808536497
85.1,-0.0,-0.0,0.0,0.0,0.0,0.0,0.0,31544.13808536497
96.15,-0.0,-0.0,0.0,0.0,0.0,0.0,0.0,31544.13808536497
113.66,-0.0,-0.0,0.0,0.0,0.0,0.0,0.0,31544.13808536497
116.46,-0.0,-0.0,0.0,-0.0,0.0,-0.0,0.0,31544.13808536497
113.59,-0.0,-0.0,0.0,0.0,0.0,0.0,0.0,31544.13808536497
95.66,-0.0,-0.0,0.0,0.0,0.0,0.0,0.0,31544.13808536497
84.68,-0.0,-0.0,0.0,0.0,0.0,0.0,0.0,31544.13808536497
77.77,0.0,0.0,0.0,0.0,0.0,0.0,0.0,31544.13808536497
65.67,0.0,0.0,-0.0,0.0,-0.0,0.0,0.0,31544.13808536497
46.69,0.4743416490252569,0.9486832980505138,1.0,0.0,0.9486832980505138,0.0,-72.0,31472.13808536497
37.78,0.9486832980505138,1.8973665961010275,1.0,0.0,0.9486832980505138,0.0,-63.09,31409.04808536497
48.32,1.0,2.0,0.10818510677891963,0.0,0.10263340389897246,0.0,-7.965669412131851,31401.08241595284
71.13,1.0,2.0,0.0,0.0,0.0,0.0,0.0,31401.08241595284
84.73,1.0,2.0,0.0,-0.0,0.0,-0.0,0.0,31401.08241595284
99.01,1.0,2.0,0.0,0.0,0.0,0.0,0.0,31401.08241595284
115.98,1.0,2.0,0.0,0.0,0.0,0.0,0.0,31401.08241595284
135.34,0.5270462766947299,1.0540925533894598,0.0,0.8973665961010275,0.0,0.9459074466105402,119.19720496009948,31520.279620912937
138.24,0.0,0.0,0.0,1.0,0.0,1.0540925533894598,135.73000000000002,31656.009620912937
119.79,-0.0,-0.0,0.0,0.0,0.0,0.0,0.0,31656.009620912937
104.9,-0.0,-0.0,0.0,0.0,0.0,0.0,0.0,31656.009620912937
100.91,-0.0,-0.0,0.0,0.0,0.0,0.0,0.0,31656.009620912937
95.73,-0.0,-0.0,0.0,0.0,0.0,0.0,0.0,31656.009620912937
89.1,0.0,0.0,-0.0,0.0,-0.0,0.0,0.0,31656.009620912937
86.45,-0.0,-0.0,0.0,0.0,0.0,0.0,0.0,31656.009620912937
87.97,-0.0,-0.0,0.0,0.0,0.0,0.0,0.0,31656.009620912937
98.62,-0.0,-0.0,0.0,0.0,0.0,0.0,0.0,31656.009620912937
107.61,-0.0,-0.0,0.0,-0.0,0.0,-0.0,0.0,31656.009620912937
107.23,-0.0,-0.0,0.0,0.0,0.0,0.0,0.0,31656.009620912937
105.35,-0.0,-0.0,0.0,0.0,0.0,0.0,0.0,31656.009620912937
88.9,-0.0,-0.0,0.0,0.0,0.0,0.0,0.0,31656.009620912937
82.0,0.0,0.0,0.0,0.0,0.0,0.0,0.0,31656.009620912937
65.33,0.0,0.0,-0.0,0.0,-0.0,0.0,0.0,31656.009620912937
45.22,0.05131670194948623,0.10263340389897246,0.10818510677891963,0.0,0.10263340389897246,0.0,-7.630295581117201,31648.379325331818
39.51,0.5256583509747431,1.0513167019494862,1.0,0.0,0.9486832980505138,0.0,-64.82,31583.55932533182
39.55,1.0,2.0,1.0,0.0,0.9486832980505138,0.0,-64.86,31518.699325331818
56.71,1.0,2.0,0.0,0.0,0.0,0.0,0.0,31518.699325331818
76.8,1.0,2.0,0.0,0.0,0.0,0.0,0.0,31518.699325331818
86.4,1.0,2.0,0.0,-0.0,0.0,-0.0,0.0,31518.699325331818
100.2,1.0,2.0,0.0,0.0,0.0,0.0,0.0,31518.699325331818
114.39,1.0,2.0,0.0,0.0,0.0,0.0,0.0,31518.699325331818
134.67,0.4729537233052701,0.9459074466105402,0.0,1.0,0.0,1.0540925533894598,132.16,31650.859325331818
132.7,0.0,0.0,0.0,0.8973665961010275,0.0,0.9459074466105402,116.82815714639277,31767.68748247821
120.88,-0.0,-0.0,0.0,0.0,0.0,0.0,0.0,31767.68748247821
107.69,-0.0,-0.0,0.0,0.0,0.0,0.0,0.0,31767.68748247821
104.75,-0.0,-0.0,0.0,0.0,0.0,0.0,0.0,31767.68748247821
99.57,-0.0,-0.0,0.0,0.0,0.0,0.0,0.0,31767.68748247821
95.0,-0.0,-0.0,0.0,0.0,0.0,0.0,0.0,31767.68748247821
90.69,0.0,0.0,-0.0,0.0,-0.0,0.0,0.0,31767.68748247821
91.53,-0.0,-0.0,0.0,0.0,0.0,0.0,0.0,31767.68748247821
99.4,-0.0,-0.0,0.0,0.0,0.0,0.0,0.0,31767.68748247821
107.41,-0.0,-0.0,0.0,-0.0,0.0,-0.0,0.0,31767.68748247821
105.92,-0.0,-0.0,0.0,0.0,0.0,0.0,0.0,31767.68748247821
105.18,0.0,0.0,0.0,0.0,0.0,0.0,0.0,31767.68748247821
93.3,-0.0,-0.0,0.0,0.0,0.0,0.0,0.0,31767.68748247821
82.9,-0.0,-0.0,0.0,0.0,0.0,0.0,0.0,31767.68748247821
73.15,-0.0,-0.0,0.0,0.0,0.0,0.0,0.0,31767.68748247821
63.82,0.0,0.0,-0.0,0.0,-0.0,0.0,0.0,31767.68748247821
42.16,0.05131670194948623,0.10263340389897246,0.10818510677891963,0.0,0.10263340389897246,0.0,-6.592800407107362,31761.094682071103
32.04,0.5256583509747431,1.0513167019494862,1.0,0.0,0.9486832980505138,0.0,-50.82,31710.274682071104
38.1,1.0,2.0,1.0,0.0,0.9486832980505138,0.0,-56.88,31653.394682071103
59.55,1.0,2.0,0.0,0.0,0.0,0.0,0.0,31653.394682071103
83.15,1.0,2.0,0.0,-0.0,0.0,-0.0,0.0,31653.394682071103
86.44,1.0,2.0,0.0,-0.0,0.0,-0.0,0.0,31653.394682071103
101.93,1.0,2.0,0.0,-0.0,0.0,-0.0,0.0,31653.394682071103
117.5,0.5270462766947299,1.0540925533894598,0.0,0.8973665961010275,0.0,0.9459074466105402,103.18818488565715,31756.58286695676
118.08,-0.0,-0.0,0.0,1.0,0.0,1.0540925533894598,115.57,31872.15286695676
113.8,-0.0,-0.0,0.0,0.0,0.0,0.0,0.0,31872.15286695676
103.82,-0.0,-0.0,0.0,0.0,0.0,0.0,0.0,31872.15286695676
112.23,0.0,0.0,0.0,0.0,0.0,0.0,0.0,31872.15286695676
104.57,-0.0,-0.0,0.0,-0.0,0.0,-0.0,0.0,31872.15286695676
90.2,-0.0,-0.0,0.0,0.0,0.0,0.0,0.0,31872.15286695676
85.0,-0.0,-0.0,0.0,0.0,0.0,0.0,0.0,31872.15286695676
85.66,-0.0,-0.0,0.0,0.0,0.0,0.0,0.0,31872.15286695676
84.56,-0.0,-0.0,0.0,0.0,0.0,0.0,0.0,31872.15286695676
75.0,0.0,0.0,0.0,0.0,0.0,0.0,0.0,31872.15286695676
71.65,-0.0,-0.0,0.0,0.0,0.0,0.0,0.0,31872.15286695676
66.8,0.0,0.0,-0.0,0.0,-0.0,0.0,0.0,31872.15286695676
40.59,0.0,0.0,0.0,-0.0,0.0,-0.0,0.0,31872.15286695676
18.19,-0.0,-0.0,0.0,0.0,0.0,0.0,0.0,31872.15286695676
3.0,-0.0,-0.0,0.0,0.0,0.0,0.0,0.0,31872.15286695676
0.22,0.05131670194948623,0.10263340389897246,0.10818510677891963,0.0,0.10263340389897246,0.0,-2.055517028799473,31870.09734992796
0.0,0.5256583509747431,1.0513167019494862,1.0,0.0,0.9486832980505138,0.0,-18.78,31851.317349927962
0.0,1.0,2.0,1.0,0.0,0.9486832980505138,0.0,-18.78,31832.537349927963
0.22,1.0,2.0,0.0,0.0,0.0,0.0,0.0,31832.537349927963
16.77,1.0,2.0,0.0,0.0,0.0,0.0,0.0,31832.537349927963
71.27,1.0,2.0,0.0,-0.0,0.0,-0.0,0.0,31832.537349927963
102.0,1.0,2.0,0.0,-0.0,0.0,-0.0,0.0,31832.537349927963
106.85,1.0,2.0,0.0,0.0,0.0,0.0,0.0,31832.537349927963
120.0,1.0,2.0,0.0,0.0,0.0,0.0,0.0,31832.537349927963
125.02,0.4729537233052701,0.9459074466105402,0.0,1.0,0.0,1.0540925533894598,122.50999999999999,31955.04734992796
125.0,-0.0,-0.0,0.0,0.8973665961010275,0.0,0.9459074466105402,109.91843435641486,32064.965784284377
115.42,-0.0,-0.0,0.0,0.0,0.0,0.0,0.0,32064.965784284377
115.35,-0.0,-0.0,0.0,0.0,0.0,0.0,0.0,32064.965784284377
109.14,-0.0,-0.0,0.0,0.0,0.0,0.0,0.0,32064.965784284377
108.42,-0.0,-0.0,0.0,0.0,0.0,0.0,0.0,32064.965784284377
107.35,-0.0,-0.0,0.0,0.0,0.0,0.0,0.0,32064.965784284377
104.64,-0.0,-0.0,0.0,0.0,0.0,0.0,0.0,32064.965784284377
100.85,-0.0,-0.0,0.0,0.0,0.0,0.0,0.0,32064.965784284377
95.8,0.0,0.0,0.0,0.0,0.0,0.0,0.0,32064.965784284377
92.18,0.0,0.0,0.0,-0.0,0.0,-0.0,0.0,32064.965784284377
87.94,0.0,0.0,0.0,-0.0,0.0,-0.0,0.0,32064.965784284377
57.62,0.0,0.0,0.0,-0.0,0.0,-0.0,0.0,32064.965784284377
4.28,-0.0,-0.0,0.0,0.0,0.0,0.0,0.0,32064.965784284377
0.05,-0.0,-0.0,0.0,0.0,0.0,0.0,0.0,32064.965784284377
0.0,0.4743416490252569,0.9486832980505138,1.0,0.0,0.9486832980505138,0.0,-25.31,32039.655784284376
0.0,0.5256583509747431,1.0513167019494862,0.10818510677891963,0.0,0.10263340389897246,0.0,-2.7381650525744554,32036.9176192318
0.0,0.5256583509747431,1.0513167019494862,0.0,0.0,0.0,0.0,0.0,32036.9176192318
0.0,1.0,2.0,1.0,0.0,0.9486832980505138,0.0,-25.31,32011.6076192318
2.36,1.0,2.0,0.0,0.0,0.0,0.0,0.0,32011.6076192318
73.4,1.0,2.0,0.0,-0.0,0.0,-0.0,0.0,32011.6076192318
100.61,1.0,2.0,0.0,0.0,0.0,0.0,0.0,32011.6076192318
113.74,1.0,2.0,0.0,0.0,0.0,0.0,0.0,32011.6076192318
120.0,1.0,2.0,0.0,0.0,0.0,0.0,0.0,32011.6076192318
127.7,0.4729537233052701,0.9459074466105402,0.0,1.0,0.0,1.0540925533894598,125.19,32136.7976192318
126.94,-0.0,-0.0,0.0,0.8973665961010275,0.0,0.9459074466105402,111.65932555285086,32248.456944784648
115.41,-0.0,-0.0,0.0,0.0,0.0,0.0,0.0,32248.456944784648
114.02,-0.0,-0.0,0.0,0.0,0.0,0.0,0.0,32248.456944784648
104.01,-0.0,-0.0,0.0,0.0,0.0,0.0,0.0,32248.456944784648
98.17,-0.0,-0.0,0.0,0.0,0.0,0.0,0.0,32248.456944784648
94.94,0.0,0.0,0.0,0.0,0.0,0.0,0.0,32248.456944784648
99.11,-0.0,-0.0,0.0,0.0,0.0,0.0,0.0,32248.456944784648
107.18,-0.0,-0.0,0.0,0.0,0.0,0.0,0.0,32248.456944784648
117.87,-0.0,-0.0,0.0,0.0,0.0,0.0,0.0,32248.456944784648
121.62,-0.0,-0.0,0.0,-0.0,0.0,-0.0,0.0,32248.456944784648
112.06,0.0,0.0,0.0,0.0,0.0,0.0,0.0,32248.456944784648
92.43,-0.0,-0.0,0.0,0.0,0.0,0.0,0.0,32248.456944784648
84.58,-0.0,-0.0,0.0,0.0,0.0,0.0,0.0,32248.456944784648
79.67,-0.0,-0.0,0.0,0.0,0.0,0.0,0.0,32248.456944784648
70.98,-0.0,-0.0,0.0,0.0,0.0,0.0,0.0,32248.456944784648
64.17,0.05131670194948623,0.10263340389897246,0.10818510677891963,0.0,0.10263340389897246,0.0,-9.680403354577727,32238.77654143007
57.15,0.5256583509747431,1.0513167019494862,1.0,0.0,0.9486832980505138,0.0,-82.46,32156.31654143007
55.82,1.0,2.0,1.0,0.0,0.9486832980505138,0.0,-81.13,32075.18654143007
71.1,1.0,2.0,0.0,0.0,0.0,0.0,0.0,32075.18654143007
84.58,1.0,2.0,0.0,0.0,0.0,0.0,0.0,32075.18654143007
98.94,1.0,2.0,0.0,0.0,0.0,0.0,0.0,32075.18654143007
110.11,1.0,2.0,0.0,0.0,0.0,0.0,0.0,32075.18654143007
139.99,0.5270462766947299,1.0540925533894598,0.0,0.8973665961010275,0.0,0.9459074466105402,123.36995963196928,32198.556501062038
141.57,0.0,0.0,0.0,1.0,0.0,1.0540925533894598,139.06,32337.61650106204
126.14,-0.0,-0.0,0.0,-0.0,0.0,-0.0,0.0,32337.61650106204
115.15,-0.0,-0.0,0.0,0.0,0.0,0.0,0.0,32337.61650106204
106.1,-0.0,-0.0,0.0,0.0,0.0,0.0,0.0,32337.61650106204
103.06,-0.0,-0.0,0.0,0.0,0.0,0.0,0.0,32337.61650106204
93.86,0.0,0.0,0.0,0.0,0.0,0.0,0.0,32337.61650106204
88.28,0.0,0.0,-0.0,0.0,-0.0,0.0,0.0,32337.61650106204
87.12,-0.0,-0.0,0.0,0.0,0.0,0.0,0.0,32337.61650106204
93.0,-0.0,-0.0,0.0,0.0,0.0,0.0,0.0,32337.61650106204
110.33,-0.0,-0.0,0.0,0.0,0.0,0.0,0.0,32337.61650106204
113.41,-0.0,-0.0,0.0,-0.0,0.0,-0.0,0.0,32337.61650106204
106.86,0.0,0.0,0.0,0.0,0.0,0.0,0.0,32337.61650106204
90.82,-0.0,-0.0,0.0,0.0,0.0,0.0,0.0,32337.61650106204
77.67,-0.0,-0.0,0.0,0.0,0.0,0.0,0.0,32337.61650106204
65.0,0.0,0.0,-0.0,0.0,-0.0,0.0,0.0,32337.61650106204
59.19,-0.0,-0.0,0.0,0.0,0.0,0.0,0.0,32337.61650106204
47.26,0.05131670194948623,0.10263340389897246,0.10818510677891963,0.0,0.10263340389897246,0.0,-7.850993198946197,32329.765507863092
40.2,0.5256583509747431,1.0513167019494862,1.0,0.0,0.9486832980505138,0.0,-65.51,32264.255507863094
42.57,1.0,2.0,1.0,0.0,0.9486832980505138,0.0,-67.88,32196.375507863093
65.0,1.0,2.0,0.0,0.0,0.0,0.0,0.0,32196.375507863093
84.87,1.0,2.0,0.0,0.0,0.0,0.0,0.0,32196.375507863093
101.54,1.0,2.0,0.0,0.0,0.0,0.0,0.0,32196.375507863093
108.15,1.0,2.0,0.0,0.0,0.0,0.0,0.0,32196.375507863093
119.78,1.0,2.0,0.0,0.0,0.0,0.0,0.0,32196.375507863093
141.99,0.4729537233052701,0.9459074466105402,0.0,1.0,0.0,1.0540925533894598,139.48000000000002,32335.855507863092
121.28,0.0,0.0,0.0,0.8973665961010275,0.0,0.9459074466105402,106.58023061891905,32442.43573848201
112.45,-0.0,-0.0,0.0,0.0,0.0,0.0,0.0,32442.43573848201
97.63,-0.0,-0.0,0.0,0.0,0.0,0.0,0.0,32442.43573848201
93.99,-0.0,-0.0,0.0,0.0,0.0,0.0,0.0,32442.43573848201
86.67,0.0,0.0,-0.0,0.0,-0.0,0.0,0.0,32442.43573848201
83.43,0.05131670194948623,0.10263340389897246,0.10818510677891963,0.0,0.10263340389897246,0.0,-11.057599763873375,32431.378138718137
84.26,0.05131670194948623,0.10263340389897246,0.0,0.0,0.0,0.0,0.0,32431.378138718137
90.41,0.05131670194948623,0.10263340389897246,0.0,0.0,0.0,0.0,0.0,32431.378138718137
105.74,0.05131670194948623,0.10263340389897246,0.0,0.0,0.0,0.0,0.0,32431.378138718137
112.63,0.05131670194948623,0.10263340389897246,0.0,0.0,0.0,0.0,0.0,32431.378138718137
111.92,0.05131670194948623,0.10263340389897246,0.0,0.0,0.0,0.0,0.0,32431.378138718137
104.21,0.05131670194948623,0.10263340389897246,0.0,0.0,0.0,0.0,0.0,32431.378138718137
89.8,0.05131670194948623,0.10263340389897246,0.0,0.0,0.0,0.0,0.0,32431.378138718137
85.65,0.05131670194948623,0.10263340389897246,0.0,0.0,0.0,0.0,0.0,32431.378138718137
81.96,0.05131670194948623,0.10263340389897246,0.0,0.0,0.0,0.0,0.0,32431.378138718137
78.62,0.05131670194948623,0.10263340389897246,0.0,0.0,0.0,0.0,0.0,32431.378138718137
68.06,0.5256583509747431,1.0513167019494862,1.0,0.0,0.9486832980505138,0.0,-93.37,32338.008138718138
69.2,1.0,2.0,1.0,0.0,0.9486832980505138,0.0,-94.51,32243.49813871814
80.86,1.0,2.0,0.0,0.0,0.0,0.0,0.0,32243.49813871814
89.09,1.0,2.0,0.0,0.0,0.0,0.0,0.0,32243.49813871814
95.49,1.0,2.0,0.0,0.0,0.0,0.0,0.0,32243.49813871814
108.37,1.0,2.0,0.0,0.0,0.0,0.0,0.0,32243.49813871814
119.72,1.0,2.0,0.0,-0.0,0.0,-0.0,0.0,32243.49813871814
129.04,0.4729537233052701,0.9459074466105402,0.0,1.0,0.0,1.0540925533894598,126.52999999999999,32370.02813871814
120.71,0.0,0.0,0.0,0.8973665961010275,0.0,0.9459074466105402,106.06873165914145,32476.09687037728
110.55,0.0,0.0,0.0,-0.0,0.0,-0.0,0.0,32476.09687037728
103.76,-0.0,-0.0,0.0,0.0,0.0,0.0,0.0,32476.09687037728
98.33,-0.0,-0.0,0.0,0.0,0.0,0.0,0.0,32476.09687037728
89.96,-0.0,-0.0,0.0,0.0,0.0,0.0,0.0,32476.09687037728
84.81,-0.0,-0.0,0.0,0.0,0.0,0.0,0.0,32476.09687037728
85.76,-0.0,-0.0,0.0,0.0,0.0,0.0,0.0,32476.09687037728
89.0,-0.0,-0.0,0.0,0.0,0.0,0.0,0.0,32476.09687037728
92.54,-0.0,-0.0,0.0,0.0,0.0,0.0,0.0,32476.09687037728
110.33,0.0,0.0,0.0,-0.0,0.0,-0.0,0.0,32476.09687037728
105.92,-0.0,-0.0,0.0,-0.0,0.0,-0.0,0.0,32476.09687037728
93.1,-0.0,-0.0,0.0,0.0,0.0,0.0,0.0,32476.09687037728
85.0,-0.0,-0.0,0.0,0.0,0.0,0.0,0.0,32476.09687037728
77.07,0.0,0.0,0.0,0.0,0.0,0.0,0.0,32476.09687037728
70.17,-0.0,-0.0,0.0,0.0,0.0,0.0,0.0,32476.09687037728
55.26,0.4743416490252569,0.9486832980505138,1.0,0.0,0.9486832980505138,0.0,-80.57,32395.52687037728
49.78,0.9486832980505138,1.8973665961010275,1.0,0.0,0.9486832980505138,0.0,-75.09,32320.43687037728
66.18,1.0,2.0,0.10818510677891963,0.0,0.10263340389897246,0.0,-9.897855419203356,32310.539014958078
74.79,1.0,2.0,0.0,0.0,0.0,0.0,0.0,32310.539014958078
82.71,1.0,2.0,0.0,0.0,0.0,0.0,0.0,32310.539014958078
94.98,1.0,2.0,0.0,0.0,0.0,0.0,0.0,32310.539014958078
109.73,1.0,2.0,0.0,0.0,0.0,0.0,0.0,32310.539014958078
120.75,1.0,2.0,0.0,0.0,0.0,0.0,0.0,32310.539014958078
132.0,0.4729537233052701,0.9459074466105402,0.0,1.0,0.0,1.0540925533894598,129.49,32440.02901495808
125.07,-0.0,-0.0,0.0,0.8973665961010275,0.0,0.9459074466105402,109.98125001814194,32550.010264976223
114.18,-0.0,-0.0,0.0,0.0,0.0,0.0,0.0,32550.010264976223
106.8,-0.0,-0.0,0.0,0.0,0.0,0.0,0.0,32550.010264976223
99.15,-0.0,-0.0,0.0,0.0,0.0,0.0,0.0,32550.010264976223
95.36,0.0,0.0,0.0,0.0,0.0,0.0,0.0,32550.010264976223
96.37,-0.0,-0.0,0.0,0.0,0.0,0.0,0.0,32550.010264976223
98.66,-0.0,-0.0,0.0,0.0,0.0,0.0,0.0,32550.010264976223
108.23,-0.0,-0.0,0.0,0.0,0.0,0.0,0.0,32550.010264976223
115.92,-0.0,-0.0,0.0,0.0,0.0,0.0,0.0,32550.010264976223
116.17,-0.0,-0.0,0.0,-0.0,0.0,-0.0,0.0,32550.010264976223
109.39,0.0,0.0,0.0,0.0,0.0,0.0,0.0,32550.010264976223
98.13,-0.0,-0.0,0.0,0.0,0.0,0.0,0.0,32550.010264976223
84.98,-0.0,-0.0,0.0,0.0,0.0,0.0,0.0,32550.010264976223
82.02,-0.0,-0.0,0.0,0.0,0.0,0.0,0.0,32550.010264976223
80.0,-0.0,-0.0,0.0,0.0,0.0,0.0,0.0,32550.010264976223
73.02,0.05131670194948623,0.10263340389897246,0.10818510677891963,0.0,0.10263340389897246,0.0,-9.93139280230482,32540.07887217392
71.2,0.5256583509747431,1.0513167019494862,1.0,0.0,0.9486832980505138,0.0,-89.98,32450.09887217392
72.68,1.0,2.0,1.0,0.0,0.9486832980505138,0.0,-91.46000000000001,32358.63887217392
79.99,1.0,2.0,0.0,0.0,0.0,0.0,0.0,32358.63887217392
84.07,1.0,2.0,0.0,0.0,0.0,0.0,0.0,32358.63887217392
99.92,1.0,2.0,0.0,0.0,0.0,0.0,0.0,32358.63887217392
120.0,1.0,2.0,0.0,0.0,0.0,0.0,0.0,32358.63887217392
146.55,0.4729537233052701,0.9459074466105402,0.0,1.0,0.0,1.0540925533894598,144.04000000000002,32502.67887217392
144.44,0.0,0.0,0.0,0.8973665961010275,0.0,0.9459074466105402,127.36324098461884,32630.04211315854
125.88,-0.0,-0.0,0.0,0.0,0.0,0.0,0.0,32630.04211315854
113.48,-0.0,-0.0,0.0,0.0,0.0,0.0,0.0,32630.04211315854
107.6,0.0,0.0,-0.0,0.0,-0.0,0.0,0.0,32630.04211315854
105.35,0.0,0.0,0.0,-0.0,0.0,-0.0,0.0,32630.04211315854
103.19,0.0,0.0,0.0,-0.0,0.0,-0.0,0.0,32630.04211315854
101.63,-0.0,-0.0,0.0,-0.0,0.0,-0.0,0.0,32630.04211315854
98.38,-0.0,-0.0,0.0,0.0,0.0,0.0,0.0,32630.04211315854
93.69,-0.0,-0.0,0.0,0.0,0.0,0.0,0.0,32630.04211315854
98.39,0.0,0.0,0.0,0.0,0.0,0.0,0.0,32630.04211315854
86.89,0.0,0.0,0.0,-0.0,0.0,-0.0,0.0,32630.04211315854
78.89,0.0,0.0,0.0,-0.0,0.0,-0.0,0.0,32630.04211315854
52.98,0.0,0.0,0.0,-0.0,0.0,-0.0,0.0,32630.04211315854
10.0,-0.0,-0.0,0.0,0.0,0.0,0.0,0.0,32630.04211315854
0.65,-0.0,-0.0,0.0,0.0,0.0,0.0,0.0,32630.04211315854
0.0,0.4743416490252569,0.9486832980505138,1.0,0.0,0.9486832980505138,0.0,-18.78,32611.26211315854
-0.01,0.9486832980505138,1.8973665961010275,1.0,0.0,0.9486832980505138,0.0,-18.77,32592.49211315854
0.0,1.0,2.0,0.10818510677891963,0.0,0.10263340389897246,0.0,-2.0317163053081106,32590.460396853232
2.08,1.0,2.0,-0.0,0.0,-0.0,0.0,0.0,32590.460396853232
29.33,1.0,2.0,0.0,-0.0,0.0,-0.0,0.0,32590.460396853232
76.85,1.0,2.0,0.0,-0.0,0.0,-0.0,0.0,32590.460396853232
98.4,1.0,2.0,0.0,0.0,0.0,0.0,0.0,32590.460396853232
114.47,0.4729537233052701,0.9459074466105402,0.0,1.0,0.0,1.0540925533894598,111.96,32702.42039685323
112.87,-0.0,-0.0,0.0,0.8973665961010275,0.0,0.9459074466105402,99.0333775457094,32801.45377439894
108.08,-0.0,-0.0,0.0,0.0,0.0,0.0,0.0,32801.45377439894
105.63,-0.0,-0.0,0.0,0.0,0.0,0.0,0.0,32801.45377439894
98.07,-0.0,-0.0,0.0,0.0,0.0,0.0,0.0,32801.45377439894
85.41,0.0,0.0,0.0,0.0,0.0,0.0,0.0,32801.45377439894
88.94,-0.0,-0.0,0.0,0.0,0.0,0.0,0.0,32801.45377439894
89.27,-0.0,-0.0,0.0,0.0,0.0,0.0,0.0,32801.45377439894
94.18,-0.0,-0.0,0.0,0.0,0.0,0.0,0.0,32801.45377439894
101.7,-0.0,-0.0,0.0,-0.0,0.0,-0.0,0.0,32801.45377439894
98.27,0.0,0.0,0.0,0.0,0.0,0.0,0.0,32801.45377439894
97.2,0.0,0.0,0.0,-0.0,0.0,-0.0,0.0,32801.45377439894
80.59,0.0,0.0,0.0,-0.0,0.0,-0.0,0.0,32801.45377439894
77.86,0.0,0.0,0.0,-0.0,0.0,-0.0,0.0,32801.45377439894
44.58,0.0,0.0,0.0,-0.0,0.0,-0.0,0.0,32801.45377439894
9.04,-0.0,-0.0,0.0,0.0,0.0,0.0,0.0,32801.45377439894
2.07,-0.0,-0.0,0.0,0.0,0.0,0.0,0.0,32801.45377439894
0.0,0.05131670194948623,0.10263340389897246,0.10818510677891963,0.0,0.10263340389897246,0.0,-2.7381650525744554,32798.71560934637
-0.01,0.5256583509747431,1.0513167019494862,1.0,0.0,0.9486832980505138,0.0,-25.299999999999997,32773.41560934637
0.0,1.0,2.0,1.0,0.0,0.9486832980505138,0.0,-25.31,32748.105609346367
9.09,1.0,2.0,0.0,0.0,0.0,0.0,0.0,32748.105609346367
69.33,1.0,2.0,0.0,-0.0,0.0,-0.0,0.0,32748.105609346367
92.74,1.0,2.0,0.0,0.0,0.0,0.0,0.0,32748.105609346367
100.26,1.0,2.0,0.0,0.0,0.0,0.0,0.0,32748.105609346367
112.0,1.0,2.0,0.0,0.0,0.0,0.0,0.0,32748.105609346367
116.0,0.5256583509747431,1.0513167019494862,0.0,0.8999999999999999,0.0,0.9486832980505138,102.14099999999999,32850.246609346366
115.01,0.5256583509747431,1.0513167019494862,0.0,0.0,0.0,0.0,0.0,32850.246609346366
114.85,0.5256583509747431,1.0513167019494862,0.0,0.0,0.0,0.0,0.0,32850.246609346366
105.05,0.5256583509747431,1.0513167019494862,0.0,0.0,0.0,0.0,0.0,32850.246609346366
87.08,0.5256583509747431,1.0513167019494862,0.0,0.0,0.0,0.0,0.0,32850.246609346366
79.73,0.5256583509747431,1.0513167019494862,0.0,0.0,0.0,0.0,0.0,32850.246609346366
83.48,0.5256583509747431,1.0513167019494862,0.0,0.0,0.0,0.0,0.0,32850.246609346366
83.3,1.0,2.0,1.0,0.0,0.9486832980505138,0.0,-102.08,32748.166609346365
83.49,1.0,2.0,0.0,0.0,0.0,0.0,0.0,32748.166609346365
92.86,1.0,2.0,0.0,0.0,0.0,0.0,0.0,32748.166609346365
98.9,1.0,2.0,0.0,0.0,0.0,0.0,0.0,32748.166609346365
100.84,1.0,2.0,0.0,0.0,0.0,0.0,0.0,32748.166609346365
97.84,1.0,2.0,0.0,0.0,0.0,0.0,0.0,32748.166609346365
109.64,1.0,2.0,0.0,0.0,0.0,0.0,0.0,32748.166609346365
105.99,1.0,2.0,0.0,0.0,0.0,0.0,0.0,32748.166609346365
98.88,1.0,2.0,0.0,0.0,0.0,0.0,0.0,32748.166609346365
84.9,1.0,2.0,0.0,0.0,0.0,0.0,0.0,32748.166609346365
81.73,1.0,2.0,0.0,0.0,0.0,0.0,0.0,32748.166609346365
85.79,1.0,2.0,0.0,0.0,0.0,0.0,0.0,32748.166609346365
87.96,1.0,2.0,0.0,0.0,0.0,0.0,0.0,32748.166609346365
90.95,1.0,2.0,0.0,0.0,0.0,0.0,0.0,32748.166609346365
104.3,1.0,2.0,0.0,0.0,0.0,0.0,0.0,32748.166609346365
105.82,1.0,2.0,0.0,0.0,0.0,0.0,0.0,32748.166609346365
119.69,1.0,2.0,0.0,0.0,0.0,0.0,0.0,32748.166609346365
123.25,0.4729537233052701,0.9459074466105402,0.0,1.0,0.0,1.0540925533894598,120.74,32868.90660934636
120.09,0.0,0.0,0.0,0.8973665961010275,0.0,0.9459074466105402,105.51236436955882,32974.418973715925
108.76,-0.0,-0.0,0.0,0.0,0.0,0.0,0.0,32974.418973715925
100.04,-0.0,-0.0,0.0,0.0,0.0,0.0,0.0,32974.418973715925
92.79,-0.0,-0.0,0.0,0.0,0.0,0.0,0.0,32974.418973715925
87.2,-0.0,-0.0,0.0,0.0,0.0,0.0,0.0,32974.418973715925
85.48,-0.0,-0.0,0.0,0.0,0.0,0.0,0.0,32974.418973715925
82.0,0.0,0.0,-0.0,0.0,-0.0,0.0,0.0,32974.418973715925
81.0,0.0,0.0,-0.0,0.0,-0.0,0.0,0.0,32974.418973715925
89.28,-0.0,-0.0,0.0,0.0,0.0,0.0,0.0,32974.418973715925
108.8,-0.0,-0.0,0.0,0.0,0.0,0.0,0.0,32974.418973715925
109.28,-0.0,-0.0,0.0,-0.0,0.0,-0.0,0.0,32974.418973715925
102.49,-0.0,-0.0,0.0,0.0,0.0,0.0,0.0,32974.418973715925
91.29,0.0,0.0,0.0,0.0,0.0,0.0,0.0,32974.418973715925
81.73,-0.0,-0.0,0.0,-0.0,0.0,-0.0,0.0,32974.418973715925
68.41,0.0,0.0,0.0,0.0,0.0,0.0,0.0,32974.418973715925
39.63,-0.0,-0.0,0.0,0.0,0.0,0.0,0.0,32974.418973715925
10.71,0.05131670194948623,0.10263340389897246,0.10818510677891963,0.0,0.10263340389897246,0.0,-3.896827546176685,32970.52214616975
9.99,0.5256583509747431,1.0513167019494862,1.0,0.0,0.9486832980505138,0.0,-35.3,32935.22214616975
4.63,1.0,2.0,1.0,0.0,0.9486832980505138,0.0,-29.939999999999998,32905.282146169746
36.9,1.0,2.0,0.0,0.0,0.0,0.0,0.0,32905.282146169746
75.79,1.0,2.0,0.0,0.0,0.0,0.0,0.0,32905.282146169746
88.98,1.0,2.0,0.0,0.0,0.0,0.0,0.0,32905.282146169746
108.57,1.0,2.0,0.0,0.0,0.0,0.0,0.0,32905.282146169746
112.56,0.5270462766947299,1.0540925533894598,0.0,0.8973665961010275,0.0,0.9459074466105402,98.75519390091809,33004.03734007067
113.22,0.0,0.0,0.0,1.0,0.0,1.0540925533894598,110.71,33114.747340070666
108.48,-0.0,-0.0,0.0,-0.0,0.0,-0.0,0.0,33114.747340070666
102.93,-0.0,-0.0,0.0,0.0,0.0,0.0,0.0,33114.747340070666
76.0,0.0,0.0,0.0,0.0,0.0,0.0,0.0,33114.747340070666
70.0,-0.0,-0.0,0.0,0.0,0.0,0.0,0.0,33114.747340070666
66.79,0.4743416490252569,0.9486832980505138,1.0,0.0,0.9486832980505138,0.0,-85.57000000000001,33029.177340070666
67.72,0.5270462766947299,1.0540925533894598,0.11111111111111122,0.0,0.10540925533894607,0.0,-9.611111111111121,33019.56622895956
70.36,0.5270462766947299,1.0540925533894598,0.0,0.0,0.0,0.0,0.0,33019.56622895956
79.8,0.5270462766947299,1.0540925533894598,0.0,0.0,0.0,0.0,0.0,33019.56622895956
84.55,0.5270462766947299,1.0540925533894598,0.0,0.0,0.0,0.0,0.0,33019.56622895956
99.87,-0.0,-0.0,0.0,1.0,0.0,1.0540925533894598,97.36,33116.92622895956
96.5,0.0,0.0,0.0,0.0,0.0,0.0,0.0,33116.92622895956
81.69,-0.0,-0.0,0.0,-0.0,0.0,-0.0,0.0,33116.92622895956
67.3,-0.0,-0.0,0.0,0.0,0.0,0.0,0.0,33116.92622895956
53.5,0.0,0.0,0.0,0.0,0.0,0.0,0.0,33116.92622895956
33.72,0.05131670194948623,0.10263340389897246,0.10818510677891963,0.0,0.10263340389897246,0.0,-6.386166853159625,33110.5400621064
25.61,0.5256583509747431,1.0513167019494862,1.0,0.0,0.9486832980505138,0.0,-50.92,33059.6200621064
26.82,1.0,2.0,1.0,0.0,0.9486832980505138,0.0,-52.129999999999995,33007.4900621064
40.3,1.0,2.0,0.0,0.0,0.0,0.0,0.0,33007.4900621064
67.81,1.0,2.0,0.0,0.0,0.0,0.0,0.0,33007.4900621064
78.05,1.0,2.0,0.0,-0.0,0.0,-0.0,0.0,33007.4900621064
86.07,1.0,2.0,0.0,-0.0,0.0,-0.0,0.0,33007.4900621064
105.0,1.0,2.0,0.0,0.0,0.0,0.0,0.0,33007.4900621064
112.98,1.0,2.0,0.0,-0.0,0.0,-0.0,0.0,33007.4900621064
119.74,1.0,2.0,0.0,-0.0,0.0,-0.0,0.0,33007.4900621064
110.54,1.0,2.0,0.0,0.0,0.0,0.0,0.0,33007.4900621064
103.06,1.0,2.0,0.0,0.0,0.0,0.0,0.0,33007.4900621064
97.82,1.0,2.0,0.0,0.0,0.0,0.0,0.0,33007.4900621064
94.08,1.0,2.0,0.0,0.0,0.0,0.0,0.0,33007.4900621064
89.29,1.0,2.0,0.0,0.0,0.0,0.0,0.0,33007.4900621064
89.29,1.0,2.0,0.0,0.0,0.0,0.0,0.0,33007.4900621064
93.45,1.0,2.0,0.0,0.0,0.0,0.0,0.0,33007.4900621064
100.97,1.0,2.0,0.0,0.0,0.0,0.0,0.0,33007.4900621064
109.22,1.0,2.0,0.0,0.0,0.0,0.0,0.0,33007.4900621064
104.1,1.0,2.0,0.0,0.0,0.0,0.0,0.0,33007.4900621064
110.4,1.0,2.0,0.0,0.0,0.0,0.0,0.0,33007.4900621064
96.22,1.0,2.0,0.0,0.0,0.0,0.0,0.0,33007.4900621064
89.17,1.0,2.0,0.0,0.0,0.0,0.0,0.0,33007.4900621064
84.39,1.0,2.0,0.0,0.0,0.0,0.0,0.0,33007.4900621064
82.17,1.0,2.0,0.0,0.0,0.0,0.0,0.0,33007.4900621064
80.43,1.0,2.0,0.0,0.0,0.0,0.0,0.0,33007.4900621064
82.05,1.0,2.0,0.0,0.0,0.0,0.0,0.0,33007.4900621064
84.77,1.0,2.0,0.0,0.0,0.0,0.0,0.0,33007.4900621064
88.51,1.0,2.0,0.0,0.0,0.0,0.0,0.0,33007.4900621064
95.01,1.0,2.0,-0.0,0.0,-0.0,0.0,0.0,33007.4900621064
104.0,1.0,2.0,0.0,0.0,0.0,0.0,0.0,33007.4900621064
116.39,1.0,2.0,0.0,0.0,0.0,0.0,0.0,33007.4900621064
154.16,0.4729537233052701,0.9459074466105402,0.0,1.0,0.0,1.0540925533894598,151.65,33159.1400621064
140.64,0.0,0.0,0.0,0.8973665961010275,0.0,0.9459074466105402,123.95324791943492,33283.09331002583
118.38,-0.0,-0.0,0.0,0.0,0.0,0.0,0.0,33283.09331002583
108.6,-0.0,-0.0,0.0,0.0,0.0,0.0,0.0,33283.09331002583
111.27,-0.0,-0.0,0.0,0.0,0.0,0.0,0.0,33283.09331002583
103.67,-0.0,-0.0,0.0,0.0,0.0,0.0,0.0,33283.09331002583
97.05,-0.0,-0.0,0.0,0.0,0.0,0.0,0.0,33283.09331002583
92.64,0.0,0.0,-0.0,0.0,-0.0,0.0,0.0,33283.09331002583
91.71,-0.0,-0.0,0.0,0.0,0.0,0.0,0.0,33283.09331002583
94.22,-0.0,-0.0,0.0,0.0,0.0,0.0,0.0,33283.09331002583
106.1,-0.0,-0.0,0.0,0.0,0.0,0.0,0.0,33283.09331002583
108.0,-0.0,-0.0,0.0,0.0,0.0,0.0,0.0,33283.09331002583
110.85,0.0,0.0,0.0,-0.0,0.0,-0.0,0.0,33283.09331002583
98.2,-0.0,-0.0,0.0,0.0,0.0,0.0,0.0,33283.09331002583
94.08,-0.0,-0.0,0.0,0.0,0.0,0.0,0.0,33283.09331002583
85.15,-0.0,-0.0,0.0,0.0,0.0,0.0,0.0,33283.09331002583
83.09,-0.0,-0.0,0.0,0.0,0.0,0.0,0.0,33283.09331002583
78.7,0.05131670194948623,0.10263340389897246,0.10818510677891963,0.0,0.10263340389897246,0.0,-10.545884208809085,33272.54742581702
74.93,0.5256583509747431,1.0513167019494862,1.0,0.0,0.9486832980505138,0.0,-93.71000000000001,33178.83742581702
75.14,1.0,2.0,1.0,0.0,0.9486832980505138,0.0,-93.92,33084.917425817024
78.83,1.0,2.0,0.0,0.0,0.0,0.0,0.0,33084.917425817024
81.52,1.0,2.0,0.0,0.0,0.0,0.0,0.0,33084.917425817024
87.63,1.0,2.0,0.0,0.0,0.0,0.0,0.0,33084.917425817024
92.97,1.0,2.0,0.0,0.0,0.0,0.0,0.0,33084.917425817024
108.21,1.0,2.0,0.0,0.0,0.0,0.0,0.0,33084.917425817024
121.21,0.4729537233052701,0.9459074466105402,0.0,1.0,0.0,1.0540925533894598,118.69999999999999,33203.61742581702
112.6,-0.0,-0.0,0.0,0.8973665961010275,0.0,0.9459074466105402,98.79108856476212,33302.40851438179
110.25,-0.0,-0.0,0.0,0.0,0.0,0.0,0.0,33302.40851438179
106.76,-0.0,-0.0,0.0,0.0,0.0,0.0,0.0,33302.40851438179
100.7,-0.0,-0.0,0.0,0.0,0.0,0.0,0.0,33302.40851438179
93.73,-0.0,-0.0,0.0,0.0,0.0,0.0,0.0,33302.40851438179
91.6,0.0,0.0,0.0,0.0,0.0,0.0,0.0,33302.40851438179
90.08,-0.0,-0.0,0.0,0.0,0.0,0.0,0.0,33302.40851438179
89.36,-0.0,-0.0,0.0,0.0,0.0,0.0,0.0,33302.40851438179
92.39,-0.0,-0.0,0.0,0.0,0.0,0.0,0.0,33302.40851438179
90.91,-0.0,-0.0,0.0,0.0,0.0,0.0,0.0,33302.40851438179
84.68,-0.0,-0.0,0.0,0.0,0.0,0.0,0.0,33302.40851438179
83.16,-0.0,-0.0,0.0,0.0,0.0,0.0,0.0,33302.40851438179
79.59,-0.0,-0.0,0.0,0.0,0.0,0.0,0.0,33302.40851438179
75.2,-0.0,-0.0,0.0,0.0,0.0,0.0,0.0,33302.40851438179
66.42,-0.0,-0.0,0.0,0.0,0.0,0.0,0.0,33302.40851438179
49.87,0.4743416490252569,0.9486832980505138,1.0,0.0,0.9486832980505138,0.0,-68.65,33233.758514381785
50.09,0.9486832980505138,1.8973665961010275,1.0,0.0,0.9486832980505138,0.0,-68.87,33164.88851438178
65.2,1.0,2.0,0.10818510677891963,0.0,0.10263340389897246,0.0,-9.08538526729367,33155.80312911449
66.37,1.0,2.0,0.0,0.0,0.0,0.0,0.0,33155.80312911449
76.21,1.0,2.0,0.0,0.0,0.0,0.0,0.0,33155.80312911449
93.61,1.0,2.0,0.0,0.0,0.0,0.0,0.0,33155.80312911449
106.6,1.0,2.0,0.0,0.0,0.0,0.0,0.0,33155.80312911449
121.95,0.5270462766947299,1.0540925533894598,0.0,0.8973665961010275,0.0,0.9459074466105402,107.18146623830673,33262.98459535279
127.07,-0.0,-0.0,0.0,1.0,0.0,1.0540925533894598,124.55999999999999,33387.54459535279
116.72,-0.0,-0.0,0.0,0.0,0.0,0.0,0.0,33387.54459535279
108.8,-0.0,-0.0,0.0,0.0,0.0,0.0,0.0,33387.54459535279
104.64,0.0,0.0,0.0,0.0,0.0,0.0,0.0,33387.54459535279
99.47,-0.0,-0.0,0.0,-0.0,0.0,-0.0,0.0,33387.54459535279
95.01,-0.0,-0.0,0.0,0.0,0.0,0.0,0.0,33387.54459535279
92.07,-0.0,-0.0,0.0,0.0,0.0,0.0,0.0,33387.54459535279
91.99,-0.0,-0.0,0.0,0.0,0.0,0.0,0.0,33387.54459535279
89.88,-0.0,-0.0,0.0,0.0,0.0,0.0,0.0,33387.54459535279
88.79,-0.0,-0.0,0.0,0.0,0.0,0.0,0.0,33387.54459535279
86.58,-0.0,-0.0,0.0,0.0,0.0,0.0,0.0,33387.54459535279
83.76,-0.0,-0.0,0.0,0.0,0.0,0.0,0.0,33387.54459535279
81.71,-0.0,-0.0,0.0,0.0,0.0,0.0,0.0,33387.54459535279
75.91,-0.0,-0.0,0.0,0.0,0.0,0.0,0.0,33387.54459535279
70.52,0.0,0.0,0.0,0.0,0.0,0.0,0.0,33387.54459535279
45.93,-0.0,-0.0,0.0,0.0,0.0,0.0,0.0,33387.54459535279
15.04,0.4743416490252569,0.9486832980505138,1.0,0.0,0.9486832980505138,0.0,-40.349999999999994,33347.19459535279
8.85,0.9486832980505138,1.8973665961010275,1.0,0.0,0.9486832980505138,0.0,-34.16,33313.03459535279
17.3,1.0,2.0,0.10818510677891963,0.0,0.10263340389897246,0.0,-4.6097673998497655,33308.424827952935
45.74,1.0,2.0,0.0,0.0,0.0,0.0,0.0,33308.424827952935
82.36,1.0,2.0,0.0,-0.0,0.0,-0.0,0.0,33308.424827952935
95.66,1.0,2.0,0.0,-0.0,0.0,-0.0,0.0,33308.424827952935
102.47,1.0,2.0,0.0,-0.0,0.0,-0.0,0.0,33308.424827952935
107.95,1.0,2.0,0.0,-0.0,0.0,-0.0,0.0,33308.424827952935
114.71,0.4729537233052701,0.9459074466105402,0.0,1.0,0.0,1.0540925533894598,112.19999999999999,33420.62482795293
107.33,0.4729537233052701,0.9459074466105402,0.0,0.0,0.0,0.0,0.0,33420.62482795293
102.69,0.4729537233052701,0.9459074466105402,0.0,0.0,0.0,0.0,0.0,33420.62482795293
100.0,0.4729537233052701,0.9459074466105402,0.0,0.0,0.0,0.0,0.0,33420.62482795293
88.77,0.4729537233052701,0.9459074466105402,0.0,0.0,0.0,0.0,0.0,33420.62482795293
83.5,0.4729537233052701,0.9459074466105402,0.0,0.0,0.0,0.0,0.0,33420.62482795293
77.62,0.4729537233052701,0.9459074466105402,0.0,0.0,0.0,0.0,0.0,33420.62482795293
76.0,0.947295372330527,1.894590744661054,1.0,0.0,0.9486832980505138,0.0,-94.78,33325.84482795293
84.34,0.947295372330527,1.894590744661054,0.0,0.0,0.0,0.0,0.0,33325.84482795293
94.98,0.947295372330527,1.894590744661054,0.0,0.0,0.0,0.0,0.0,33325.84482795293
108.61,0.5270462766947299,1.0540925533894598,0.0,0.7973665961010274,0.0,0.8404981912715941,84.60059584631901,33410.445423799254
112.0,-0.0,-0.0,0.0,1.0,0.0,1.0540925533894598,109.49,33519.93542379925
92.97,-0.0,-0.0,0.0,0.0,0.0,0.0,0.0,33519.93542379925
82.0,0.0,0.0,0.0,0.0,0.0,0.0,0.0,33519.93542379925
15.27,0.0,0.0,-0.0,0.0,-0.0,0.0,0.0,33519.93542379925
13.28,0.4743416490252569,0.9486832980505138,1.0,0.0,0.9486832980505138,0.0,-38.589999999999996,33481.345423799256
18.67,0.4743416490252569,0.9486832980505138,0.0,0.0,0.0,0.0,0.0,33481.345423799256
13.41,0.5256583509747431,1.0513167019494862,0.10818510677891963,0.0,0.10263340389897246,0.0,-4.188927334479768,33477.15649646478
19.0,0.5256583509747431,1.0513167019494862,0.0,0.0,0.0,0.0,0.0,33477.15649646478
6.7,1.0,2.0,1.0,0.0,0.9486832980505138,0.0,-32.01,33445.146496464775
28.15,1.0,2.0,0.0,0.0,0.0,0.0,0.0,33445.146496464775
58.72,1.0,2.0,0.0,-0.0,0.0,-0.0,0.0,33445.146496464775
90.04,1.0,2.0,0.0,0.0,0.0,0.0,0.0,33445.146496464775
110.92,0.4729537233052701,0.9459074466105402,0.0,1.0,0.0,1.0540925533894598,108.41,33553.55649646478
109.74,-0.0,-0.0,0.0,0.8973665961010275,0.0,0.9459074466105402,96.22462009991318,33649.78111656469
103.79,0.0,0.0,0.0,0.0,0.0,0.0,0.0,33649.78111656469
89.95,-0.0,-0.0,0.0,0.0,0.0,0.0,0.0,33649.78111656469
85.21,-0.0,-0.0,0.0,0.0,0.0,0.0,0.0,33649.78111656469
80.48,-0.0,-0.0,0.0,0.0,0.0,0.0,0.0,33649.78111656469
79.36,-0.0,-0.0,0.0,0.0,0.0,0.0,0.0,33649.78111656469
78.22,-0.0,-0.0,0.0,0.0,0.0,0.0,0.0,33649.78111656469
79.29,-0.0,-0.0,0.0,0.0,0.0,0.0,0.0,33649.78111656469
80.52,-0.0,-0.0,0.0,0.0,0.0,0.0,0.0,33649.78111656469
82.6,-0.0,-0.0,0.0,0.0,0.0,0.0,0.0,33649.78111656469
91.99,-0.0,-0.0,0.0,-0.0,0.0,-0.0,0.0,33649.78111656469
58.21,0.0,0.0,0.0,0.0,0.0,0.0,0.0,33649.78111656469
4.08,0.0,0.0,-0.0,0.0,-0.0,0.0,0.0,33649.78111656469
2.36,-0.0,-0.0,0.0,0.0,0.0,0.0,0.0,33649.78111656469
2.31,0.4743416490252569,0.9486832980505138,1.0,0.0,0.9486832980505138,0.0,-27.619999999999997,33622.16111656469
2.33,0.5256583509747431,1.0513167019494862,0.10818510677891963,0.0,0.10263340389897246,0.0,-2.990236351369338,33619.17088021332
2.54,0.5256583509747431,1.0513167019494862,0.0,0.0,0.0,0.0,0.0,33619.17088021332
1.07,1.0,2.0,1.0,0.0,0.9486832980505138,0.0,-26.38,33592.790880213324
3.83,1.0,2.0,0.0,0.0,0.0,0.0,0.0,33592.790880213324
3.9,1.0,2.0,0.0,0.0,0.0,0.0,0.0,33592.790880213324
16.08,1.0,2.0,0.0,0.0,0.0,0.0,0.0,33592.790880213324
81.5,1.0,2.0,-0.0,0.0,-0.0,0.0,0.0,33592.790880213324
103.26,1.0,2.0,0.0,0.0,0.0,0.0,0.0,33592.790880213324
123.56,0.5270462766947299,1.0540925533894598,0.0,0.8973665961010275,0.0,0.9459074466105402,108.62622645802938,33701.41710667135
125.01,-0.0,-0.0,0.0,1.0,0.0,1.0540925533894598,122.5,33823.91710667135
111.94,0.0,0.0,0.0,0.0,0.0,0.0,0.0,33823.91710667135
101.7,-0.0,-0.0,0.0,0.0,0.0,0.0,0.0,33823.91710667135
83.01,-0.0,-0.0,0.0,0.0,0.0,0.0,0.0,33823.91710667135
79.02,-0.0,-0.0,0.0,0.0,0.0,0.0,0.0,33823.91710667135
78.39,0.0,0.0,-0.0,0.0,-0.0,0.0,0.0,33823.91710667135
75.99,0.0,0.0,-0.0,0.0,-0.0,0.0,0.0,33823.91710667135
75.65,-0.0,-0.0,0.0,0.0,0.0,0.0,0.0,33823.91710667135
76.5,-0.0,-0.0,0.0,0.0,0.0,0.0,0.0,33823.91710667135
79.88,-0.0,-0.0,0.0,0.0,0.0,0.0,0.0,33823.91710667135
90.0,-0.0,-0.0,0.0,0.0,0.0,0.0,0.0,33823.91710667135
93.88,-0.0,-0.0,0.0,-0.0,0.0,-0.0,0.0,33823.91710667135
79.02,-0.0,-0.0,0.0,0.0,0.0,0.0,0.0,33823.91710667135
63.29,0.0,0.0,0.0,0.0,0.0,0.0,0.0,33823.91710667135
40.43,-0.0,-0.0,0.0,0.0,0.0,0.0,0.0,33823.91710667135
24.79,0.05131670194948623,0.10263340389897246,0.10818510677891963,0.0,0.10263340389897246,0.0,-5.420073849623873,33818.49703282173
17.69,0.5256583509747431,1.0513167019494862,1.0,0.0,0.9486832980505138,0.0,-43.0,33775.49703282173
10.7,1.0,2.0,1.0,0.0,0.9486832980505138,0.0,-36.01,33739.48703282173
28.03,1.0,2.0,0.0,0.0,0.0,0.0,0.0,33739.48703282173
45.61,1.0,2.0,0.0,0.0,0.0,0.0,0.0,33739.48703282173
75.68,1.0,2.0,0.0,-0.0,0.0,-0.0,0.0,33739.48703282173
90.32,1.0,2.0,0.0,0.0,0.0,0.0,0.0,33739.48703282173
101.86,1.0,2.0,0.0,0.0,0.0,0.0,0.0,33739.48703282173
109.07,0.4729537233052701,0.9459074466105402,0.0,1.0,0.0,1.0540925533894598,106.55999999999999,33846.04703282173
109.0,-0.0,-0.0,0.0,0.8973665961010275,0.0,0.9459074466105402,95.56056881879842,33941.60760164053
104.0,-0.0,-0.0,0.0,0.0,0.0,0.0,0.0,33941.60760164053
92.41,-0.0,-0.0,0.0,0.0,0.0,0.0,0.0,33941.60760164053
88.93,-0.0,-0.0,0.0,0.0,0.0,0.0,0.0,33941.60760164053
82.11,-0.0,-0.0,0.0,0.0,0.0,0.0,0.0,33941.60760164053
79.0,-0.0,-0.0,0.0,0.0,0.0,0.0,0.0,33941.60760164053
77.27,0.0,0.0,0.0,0.0,0.0,0.0,0.0,33941.60760164053
78.51,-0.0,-0.0,0.0,0.0,0.0,0.0,0.0,33941.60760164053
83.24,-0.0,-0.0,0.0,0.0,0.0,0.0,0.0,33941.60760164053
89.07,-0.0,-0.0,0.0,0.0,0.0,0.0,0.0,33941.60760164053
100.46,-0.0,-0.0,0.0,-0.0,0.0,-0.0,0.0,33941.60760164053
94.09,0.0,0.0,0.0,0.0,0.0,0.0,0.0,33941.60760164053
88.91,-0.0,-0.0,0.0,0.0,0.0,0.0,0.0,33941.60760164053
74.17,-0.0,-0.0,0.0,0.0,0.0,0.0,0.0,33941.60760164053
70.04,-0.0,-0.0,0.0,0.0,0.0,0.0,0.0,33941.60760164053
61.15,-0.0,-0.0,0.0,0.0,0.0,0.0,0.0,33941.60760164053
48.05,0.4743416490252569,0.9486832980505138,1.0,0.0,0.9486832980505138,0.0,-73.36,33868.24760164053
35.06,0.9486832980505138,1.8973665961010275,1.0,0.0,0.9486832980505138,0.0,-60.370000000000005,33807.877601640525
55.07,1.0,2.0,0.10818510677891963,0.0,0.10263340389897246,0.0,-8.69591888288956,33799.18168275763
72.43,1.0,2.0,0.0,0.0,0.0,0.0,0.0,33799.18168275763
84.56,1.0,2.0,0.0,0.0,0.0,0.0,0.0,33799.18168275763
96.9,1.0,2.0,0.0,0.0,0.0,0.0,0.0,33799.18168275763
111.92,1.0,2.0,0.0,0.0,0.0,0.0,0.0,33799.18168275763
128.27,0.4729537233052701,0.9459074466105402,0.0,1.0,0.0,1.0540925533894598,125.76,33924.941682757635
125.11,0.0,0.0,0.0,0.8973665961010275,0.0,0.9459074466105402,110.01714468198598,34034.95882743962
114.16,-0.0,-0.0,0.0,0.0,0.0,0.0,0.0,34034.95882743962
102.79,-0.0,-0.0,0.0,0.0,0.0,0.0,0.0,34034.95882743962
105.31,-0.0,-0.0,0.0,0.0,0.0,0.0,0.0,34034.95882743962
98.54,-0.0,-0.0,0.0,0.0,0.0,0.0,0.0,34034.95882743962
92.15,-0.0,-0.0,0.0,0.0,0.0,0.0,0.0,34034.95882743962
89.17,0.0,0.0,-0.0,0.0,-0.0,0.0,0.0,34034.95882743962
94.21,-0.0,-0.0,0.0,0.0,0.0,0.0,0.0,34034.95882743962
100.58,-0.0,-0.0,0.0,0.0,0.0,0.0,0.0,34034.95882743962
106.69,-0.0,-0.0,0.0,0.0,0.0,0.0,0.0,34034.95882743962
110.71,0.0,0.0,0.0,-0.0,0.0,-0.0,0.0,34034.95882743962
106.64,0.0,0.0,0.0,-0.0,0.0,-0.0,0.0,34034.95882743962
103.67,0.0,0.0,0.0,-0.0,0.0,-0.0,0.0,34034.95882743962
97.95,-0.0,-0.0,0.0,-0.0,0.0,-0.0,0.0,34034.95882743962
84.1,-0.0,-0.0,0.0,0.0,0.0,0.0,0.0,34034.95882743962
77.05,0.0,0.0,0.0,0.0,0.0,0.0,0.0,34034.95882743962
61.97,0.05131670194948623,0.10263340389897246,0.10818510677891963,0.0,0.10263340389897246,0.0,-8.73594737239776,34026.222880067224
49.06,0.5256583509747431,1.0513167019494862,1.0,0.0,0.9486832980505138,0.0,-67.84,33958.38288006723
49.1,1.0,2.0,1.0,0.0,0.9486832980505138,0.0,-67.88,33890.50288006723
69.93,1.0,2.0,0.0,0.0,0.0,0.0,0.0,33890.50288006723
83.59,1.0,2.0,0.0,0.0,0.0,0.0,0.0,33890.50288006723
96.45,1.0,2.0,0.0,-0.0,0.0,-0.0,0.0,33890.50288006723
109.51,1.0,2.0,0.0,0.0,0.0,0.0,0.0,33890.50288006723
119.23,0.4729537233052701,0.9459074466105402,0.0,1.0,0.0,1.0540925533894598,116.72,34007.22288006723
117.51,-0.0,-0.0,0.0,0.8973665961010275,0.0,0.9459074466105402,103.19715855161817,34110.420038618846
110.72,-0.0,-0.0,0.0,0.0,0.0,0.0,0.0,34110.420038618846
102.73,-0.0,-0.0,0.0,0.0,0.0,0.0,0.0,34110.420038618846
104.47,-0.0,-0.0,0.0,0.0,0.0,0.0,0.0,34110.420038618846
100.32,-0.0,-0.0,0.0,0.0,0.0,0.0,0.0,34110.420038618846
97.79,-0.0,-0.0,0.0,0.0,0.0,0.0,0.0,34110.420038618846
92.16,-0.0,-0.0,0.0,0.0,0.0,0.0,0.0,34110.420038618846
91.29,-0.0,-0.0,0.0,0.0,0.0,0.0,0.0,34110.420038618846
90.77,-0.0,-0.0,0.0,0.0,0.0,0.0,0.0,34110.420038618846
89.67,0.0,0.0,0.0,0.0,0.0,0.0,0.0,34110.420038618846
84.7,-0.0,-0.0,0.0,-0.0,0.0,-0.0,0.0,34110.420038618846
78.4,-0.0,-0.0,0.0,0.0,0.0,0.0,0.0,34110.420038618846
65.68,0.0,0.0,0.0,0.0,0.0,0.0,0.0,34110.420038618846
31.09,0.0,0.0,0.0,-0.0,0.0,-0.0,0.0,34110.420038618846
5.68,-0.0,-0.0,0.0,0.0,0.0,0.0,0.0,34110.420038618846
2.95,-0.0,-0.0,0.0,0.0,0.0,0.0,0.0,34110.420038618846
1.34,0.05131670194948623,0.10263340389897246,0.10818510677891963,0.0,0.10263340389897246,0.0,-2.1766843483918628,34108.24335427045
0.22,0.5256583509747431,1.0513167019494862,1.0,0.0,0.9486832980505138,0.0,-19.0,34089.24335427045
0.24,1.0,2.0,1.0,0.0,0.9486832980505138,0.0,-19.02,34070.223354270456
5.3,1.0,2.0,0.0,0.0,0.0,0.0,0.0,34070.223354270456
60.69,1.0,2.0,0.0,-0.0,0.0,-0.0,0.0,34070.223354270456
91.32,1.0,2.0,0.0,0.0,0.0,0.0,0.0,34070.223354270456
102.0,1.0,2.0,0.0,0.0,0.0,0.0,0.0,34070.223354270456
109.49,0.4729537233052701,0.9459074466105402,0.0,1.0,0.0,1.0540925533894598,106.97999999999999,34177.20335427046
108.42,-0.0,-0.0,0.0,0.8973665961010275,0.0,0.9459074466105402,95.04009619305982,34272.24345046352
104.34,0.0,0.0,0.0,0.0,0.0,0.0,0.0,34272.24345046352
95.0,-0.0,-0.0,0.0,0.0,0.0,0.0,0.0,34272.24345046352
85.09,-0.0,-0.0,0.0,0.0,0.0,0.0,0.0,34272.24345046352
77.52,-0.0,-0.0,0.0,0.0,0.0,0.0,0.0,34272.24345046352
71.42,0.0,0.0,-0.0,0.0,-0.0,0.0,0.0,34272.24345046352
67.52,0.0,0.0,-0.0,0.0,-0.0,0.0,0.0,34272.24345046352
62.72,0.0,0.0,0.0,-0.0,0.0,-0.0,0.0,34272.24345046352
59.98,0.0,0.0,0.0,-0.0,0.0,-0.0,0.0,34272.24345046352
46.8,0.0,0.0,0.0,-0.0,0.0,-0.0,0.0,34272.24345046352
26.0,-0.0,-0.0,0.0,0.0,0.0,0.0,0.0,34272.24345046352
6.16,-0.0,-0.0,0.0,0.0,0.0,0.0,0.0,34272.24345046352
0.0,-0.0,-0.0,0.0,0.0,0.0,0.0,0.0,34272.24345046352
-0.27,-0.0,-0.0,0.0,0.0,0.0,0.0,-0.0,34272.24345046352
-1.2,-0.0,-0.0,0.0,0.0,0.0,0.0,-0.0,34272.24345046352
-1.39,-0.0,-0.0,0.0,0.0,0.0,0.0,-0.0,34272.24345046352
-6.6,0.4743416490252569,0.9486832980505138,1.0,0.0,0.9486832980505138,0.0,-18.71,34253.53345046352
-8.51,0.9486832980505138,1.8973665961010275,1.0,0.0,0.9486832980505138,0.0,-16.799999999999997,34236.733450463515
-3.54,1.0,2.0,0.10818510677891963,0.0,0.10263340389897246,0.0,-2.35518977457708,34234.378260688936
-0.77,1.0,2.0,0.0,0.0,0.0,0.0,-0.0,34234.378260688936
3.61,1.0,2.0,0.0,0.0,0.0,0.0,0.0,34234.378260688936
71.13,1.0,2.0,0.0,0.0,0.0,0.0,0.0,34234.378260688936
88.13,1.0,2.0,0.0,0.0,0.0,0.0,0.0,34234.378260688936
97.87,1.0,2.0,0.0,-0.0,0.0,-0.0,0.0,34234.378260688936
95.99,1.0,2.0,0.0,0.0,0.0,0.0,0.0,34234.378260688936
97.3,1.0,2.0,0.0,0.0,0.0,0.0,0.0,34234.378260688936
85.09,1.0,2.0,0.0,0.0,0.0,0.0,0.0,34234.378260688936
81.05,1.0,2.0,0.0,0.0,0.0,0.0,0.0,34234.378260688936
70.07,1.0,2.0,0.0,0.0,0.0,0.0,0.0,34234.378260688936
69.97,1.0,2.0,-0.0,0.0,-0.0,0.0,0.0,34234.378260688936
70.62,1.0,2.0,0.0,0.0,0.0,0.0,0.0,34234.378260688936
74.03,1.0,2.0,0.0,0.0,0.0,0.0,0.0,34234.378260688936
82.94,1.0,2.0,0.0,0.0,0.0,0.0,0.0,34234.378260688936
89.83,1.0,2.0,0.0,0.0,0.0,0.0,0.0,34234.378260688936
101.96,0.4729537233052701,0.9459074466105402,0.0,1.0,0.0,1.0540925533894598,99.44999999999999,34333.82826068893
101.44,-0.0,-0.0,0.0,0.8973665961010275,0.0,0.9459074466105402,88.77647735227465,34422.604738041206
97.04,0.0,0.0,0.0,0.0,0.0,0.0,0.0,34422.604738041206
77.9,-0.0,-0.0,0.0,-0.0,0.0,-0.0,0.0,34422.604738041206
50.0,0.0,0.0,0.0,0.0,0.0,0.0,0.0,34422.604738041206
13.74,-0.0,-0.0,0.0,0.0,0.0,0.0,0.0,34422.604738041206
4.05,-0.0,-0.0,0.0,0.0,0.0,0.0,0.0,34422.604738041206
0.72,0.052704627669473036,0.10540925533894607,0.11111111111111122,0.0,0.10540925533894607,0.0,-2.892222222222225,34419.71251581898
0.02,0.5270462766947299,1.0540925533894598,1.0,0.0,0.9486832980505138,0.0,-25.33,34394.38251581898
11.19,0.5270462766947299,1.0540925533894598,0.0,0.0,0.0,0.0,0.0,34394.38251581898
31.19,0.5270462766947299,1.0540925533894598,0.0,0.0,0.0,0.0,0.0,34394.38251581898
28.36,0.5270462766947299,1.0540925533894598,0.0,0.0,0.0,0.0,0.0,34394.38251581898
57.63,-0.0,-0.0,0.0,1.0,0.0,1.0540925533894598,55.120000000000005,34449.50251581898
17.65,0.0,0.0,0.0,0.0,0.0,0.0,0.0,34449.50251581898
3.64,-0.0,-0.0,0.0,0.0,0.0,0.0,0.0,34449.50251581898
0.0,-0.0,-0.0,0.0,0.0,0.0,0.0,0.0,34449.50251581898
2.34,-0.0,-0.0,0.0,0.0,0.0,0.0,0.0,34449.50251581898
2.51,-0.0,-0.0,0.0,0.0,0.0,0.0,0.0,34449.50251581898
2.36,-0.0,-0.0,0.0,0.0,0.0,0.0,0.0,34449.50251581898
1.79,-0.0,-0.0,0.0,0.0,0.0,0.0,0.0,34449.50251581898
0.0,-0.0,-0.0,0.0,0.0,0.0,0.0,0.0,34449.50251581898
-0.05,-0.0,-0.0,0.0,0.0,0.0,0.0,-0.0,34449.50251581898
-0.04,-0.0,-0.0,0.0,0.0,0.0,0.0,-0.0,34449.50251581898
1.7,-0.0,-0.0,0.0,0.0,0.0,0.0,0.0,34449.50251581898
2.32,-0.0,-0.0,0.0,0.0,0.0,0.0,0.0,34449.50251581898
2.01,-0.0,-0.0,0.0,0.0,0.0,0.0,0.0,34449.50251581898
-0.07,-0.0,-0.0,0.0,0.0,0.0,0.0,-0.0,34449.50251581898
-0.21,-0.0,-0.0,0.0,0.0,0.0,0.0,-0.0,34449.50251581898
-2.01,-0.0,-0.0,0.0,0.0,0.0,0.0,-0.0,34449.50251581898
-4.94,-0.0,-0.0,0.0,0.0,0.0,0.0,-0.0,34449.50251581898
-9.31,0.05131670194948623,0.10263340389897246,0.10818510677891963,0.0,0.10263340389897246,0.0,-1.7309617084627136,34447.77155411052
-11.65,0.5256583509747431,1.0513167019494862,1.0,0.0,0.9486832980505138,0.0,-13.659999999999998,34434.11155411052
-9.77,1.0,2.0,1.0,0.0,0.9486832980505138,0.0,-15.54,34418.57155411052
-4.97,1.0,2.0,0.0,0.0,0.0,0.0,-0.0,34418.57155411052
-0.52,1.0,2.0,0.0,0.0,0.0,0.0,-0.0,34418.57155411052
1.07,1.0,2.0,0.0,0.0,0.0,0.0,0.0,34418.57155411052
2.51,1.0,2.0,0.0,0.0,0.0,0.0,0.0,34418.57155411052
6.84,1.0,2.0,0.0,0.0,0.0,0.0,0.0,34418.57155411052
3.89,1.0,2.0,0.0,0.0,0.0,0.0,0.0,34418.57155411052
3.65,1.0,2.0,0.0,0.0,0.0,0.0,0.0,34418.57155411052
10.76,1.0,2.0,0.0,0.0,0.0,0.0,0.0,34418.57155411052
2.54,1.0,2.0,0.0,0.0,0.0,0.0,0.0,34418.57155411052
3.61,1.0,2.0,0.0,0.0,0.0,0.0,0.0,34418.57155411052
3.67,1.0,2.0,0.0,0.0,0.0,0.0,0.0,34418.57155411052
3.6,1.0,2.0,0.0,0.0,0.0,0.0,0.0,34418.57155411052
4.28,1.0,2.0,0.0,0.0,0.0,0.0,0.0,34418.57155411052
3.9,1.0,2.0,0.0,0.0,0.0,0.0,0.0,34418.57155411052
3.34,1.0,2.0,0.0,0.0,0.0,0.0,0.0,34418.57155411052
3.89,1.0,2.0,0.0,0.0,0.0,0.0,0.0,34418.57155411052
12.46,1.0,2.0,0.0,0.0,0.0,0.0,0.0,34418.57155411052
2.09,1.0,2.0,0.0,0.0,0.0,0.0,0.0,34418.57155411052
-0.01,1.0,2.0,0.0,0.0,0.0,0.0,-0.0,34418.57155411052
-1.57,1.0,2.0,0.0,0.0,0.0,0.0,-0.0,34418.57155411052
-4.88,1.0,2.0,0.0,0.0,0.0,0.0,-0.0,34418.57155411052
-5.7,1.0,2.0,0.0,0.0,0.0,0.0,-0.0,34418.57155411052
-4.47,1.0,2.0,0.0,0.0,0.0,0.0,-0.0,34418.57155411052
-2.23,1.0,2.0,0.0,0.0,0.0,0.0,-0.0,34418.57155411052
-1.01,1.0,2.0,0.0,0.0,0.0,0.0,-0.0,34418.57155411052
2.03,1.0,2.0,0.0,0.0,0.0,0.0,0.0,34418.57155411052
2.58,1.0,2.0,0.0,0.0,0.0,0.0,0.0,34418.57155411052
29.68,1.0,2.0,0.0,-0.0,0.0,-0.0,0.0,34418.57155411052
123.2,0.5270462766947299,1.0540925533894598,0.0,0.8973665961010275,0.0,0.9459074466105402,108.30317448343301,34526.874728593946
124.6,-0.0,-0.0,0.0,1.0,0.0,1.0540925533894598,122.08999999999999,34648.96472859394
110.0,-0.0,-0.0,0.0,0.0,0.0,0.0,0.0,34648.96472859394
101.6,-0.0,-0.0,0.0,0.0,0.0,0.0,0.0,34648.96472859394
97.58,0.0,0.0,0.0,0.0,0.0,0.0,0.0,34648.96472859394
94.0,-0.0,-0.0,0.0,0.0,0.0,0.0,0.0,34648.96472859394
88.13,-0.0,-0.0,0.0,0.0,0.0,0.0,0.0,34648.96472859394
83.38,-0.0,-0.0,0.0,0.0,0.0,0.0,0.0,34648.96472859394
82.07,-0.0,-0.0,0.0,0.0,0.0,0.0,0.0,34648.96472859394
88.52,-0.0,-0.0,0.0,0.0,0.0,0.0,0.0,34648.96472859394
103.05,-0.0,-0.0,0.0,0.0,0.0,0.0,0.0,34648.96472859394
106.5,-0.0,-0.0,0.0,-0.0,0.0,-0.0,0.0,34648.96472859394
100.0,0.0,0.0,0.0,0.0,0.0,0.0,0.0,34648.96472859394
77.63,0.0,0.0,0.0,-0.0,0.0,-0.0,0.0,34648.96472859394
22.23,-0.0,-0.0,0.0,0.0,0.0,0.0,0.0,34648.96472859394
1.98,0.4743416490252569,0.9486832980505138,1.0,0.0,0.9486832980505138,0.0,-27.29,34621.67472859394
1.67,0.9486832980505138,1.8973665961010275,1.0,0.0,0.9486832980505138,0.0,-26.979999999999997,34594.69472859394
2.1,0.9486832980505138,1.8973665961010275,0.0,0.0,0.0,0.0,0.0,34594.69472859394
2.35,0.9486832980505138,1.8973665961010275,0.0,0.0,0.0,0.0,0.0,34594.69472859394
2.05,1.0,2.0,0.10818510677891963,0.0,0.10263340389897246,0.0,-2.9599445214712405,34591.73478407247
2.37,1.0,2.0,0.0,0.0,0.0,0.0,0.0,34591.73478407247
64.08,1.0,2.0,0.0,-0.0,0.0,-0.0,0.0,34591.73478407247
91.58,1.0,2.0,0.0,-0.0,0.0,-0.0,0.0,34591.73478407247
106.0,1.0,2.0,0.0,0.0,0.0,0.0,0.0,34591.73478407247
125.03,0.5270462766947299,1.0540925533894598,0.0,0.8973665961010275,0.0,0.9459074466105402,109.94535535429789,34701.68013942677
126.34,0.0,0.0,0.0,1.0,0.0,1.0540925533894598,123.83,34825.51013942677
110.0,0.0,0.0,0.0,-0.0,0.0,-0.0,0.0,34825.51013942677
101.28,-0.0,-0.0,0.0,0.0,0.0,0.0,0.0,34825.51013942677
93.9,-0.0,-0.0,0.0,0.0,0.0,0.0,0.0,34825.51013942677
88.88,-0.0,-0.0,0.0,0.0,0.0,0.0,0.0,34825.51013942677
84.98,-0.0,-0.0,0.0,0.0,0.0,0.0,0.0,34825.51013942677
81.31,-0.0,-0.0,0.0,0.0,0.0,0.0,0.0,34825.51013942677
80.88,-0.0,-0.0,0.0,0.0,0.0,0.0,0.0,34825.51013942677
89.55,-0.0,-0.0,0.0,0.0,0.0,0.0,0.0,34825.51013942677
100.43,-0.0,-0.0,0.0,0.0,0.0,0.0,0.0,34825.51013942677
103.05,-0.0,-0.0,0.0,0.0,0.0,0.0,0.0,34825.51013942677
108.11,0.0,0.0,0.0,-0.0,0.0,-0.0,0.0,34825.51013942677
89.9,-0.0,-0.0,0.0,-0.0,0.0,-0.0,0.0,34825.51013942677
66.0,0.0,0.0,0.0,0.0,0.0,0.0,0.0,34825.51013942677
8.39,-0.0,-0.0,0.0,0.0,0.0,0.0,0.0,34825.51013942677
0.09,-0.0,-0.0,0.0,0.0,0.0,0.0,0.0,34825.51013942677
0.0,0.4743416490252569,0.9486832980505138,1.0,0.0,0.9486832980505138,0.0,-18.78,34806.73013942677
0.0,0.9486832980505138,1.8973665961010275,1.0,0.0,0.9486832980505138,0.0,-18.78,34787.95013942677
0.0,1.0,2.0,0.10818510677891963,0.0,0.10263340389897246,0.0,-2.0317163053081106,34785.91842312146
10.49,1.0,2.0,0.0,0.0,0.0,0.0,0.0,34785.91842312146
70.1,1.0,2.0,0.0,-0.0,0.0,-0.0,0.0,34785.91842312146
101.44,1.0,2.0,0.0,-0.0,0.0,-0.0,0.0,34785.91842312146
113.56,1.0,2.0,0.0,0.0,0.0,0.0,0.0,34785.91842312146
144.62,0.5270462766947299,1.0540925533894598,0.0,0.8973665961010275,0.0,0.9459074466105402,127.52476697191702,34913.44319009338
151.51,0.0,0.0,0.0,1.0,0.0,1.0540925533894598,149.0,35062.44319009338
121.59,-0.0,-0.0,0.0,0.0,0.0,0.0,0.0,35062.44319009338
108.46,0.0,0.0,-0.0,0.0,-0.0,0.0,0.0,35062.44319009338
101.93,0.0,0.0,0.0,-0.0,0.0,-0.0,0.0,35062.44319009338
100.43,0.0,0.0,0.0,-0.0,0.0,-0.0,0.0,35062.44319009338
99.94,-0.0,-0.0,0.0,-0.0,0.0,-0.0,0.0,35062.44319009338
97.8,-0.0,-0.0,0.0,0.0,0.0,0.0,0.0,35062.44319009338
96.87,-0.0,-0.0,0.0,0.0,0.0,0.0,0.0,35062.44319009338
97.01,-0.0,-0.0,0.0,0.0,0.0,0.0,0.0,35062.44319009338
96.1,0.0,0.0,0.0,0.0,0.0,0.0,0.0,35062.44319009338
90.06,0.0,0.0,0.0,-0.0,0.0,-0.0,0.0,35062.44319009338
69.75,0.0,0.0,0.0,-0.0,0.0,-0.0,0.0,35062.44319009338
15.34,-0.0,-0.0,0.0,0.0,0.0,0.0,0.0,35062.44319009338
-0.02,-0.0,-0.0,0.0,0.0,0.0,0.0,-0.0,35062.44319009338
-1.0,-0.0,-0.0,0.0,0.0,0.0,0.0,-0.0,35062.44319009338
-6.51,0.05131670194948623,0.10263340389897246,0.10818510677891963,0.0,0.10263340389897246,0.0,-1.327431260177344,35061.1157588332
-12.58,0.5256583509747431,1.0513167019494862,1.0,0.0,0.9486832980505138,0.0,-6.200000000000001,35054.9157588332
-15.11,1.0,2.0,1.0,0.0,0.9486832980505138,0.0,-3.6700000000000017,35051.2457588332
-4.1,1.0,2.0,0.0,0.0,0.0,0.0,-0.0,35051.2457588332
-0.04,1.0,2.0,0.0,0.0,0.0,0.0,-0.0,35051.2457588332
6.29,1.0,2.0,0.0,0.0,0.0,0.0,0.0,35051.2457588332
71.47,1.0,2.0,0.0,-0.0,0.0,-0.0,0.0,35051.2457588332
101.43,1.0,2.0,0.0,0.0,0.0,0.0,0.0,35051.2457588332
123.36,0.4729537233052701,0.9459074466105402,0.0,1.0,0.0,1.0540925533894598,120.85,35172.0957588332
116.41,0.0,0.0,0.0,0.8973665961010275,0.0,0.9459074466105402,102.21005529590704,35274.30581412911
107.89,-0.0,-0.0,0.0,0.0,0.0,0.0,0.0,35274.30581412911
94.97,-0.0,-0.0,0.0,0.0,0.0,0.0,0.0,35274.30581412911
84.79,-0.0,-0.0,0.0,0.0,0.0,0.0,0.0,35274.30581412911
83.23,0.0,0.0,-0.0,0.0,-0.0,0.0,0.0,35274.30581412911
83.1,-0.0,-0.0,0.0,0.0,0.0,0.0,0.0,35274.30581412911
77.95,-0.0,-0.0,0.0,0.0,0.0,0.0,0.0,35274.30581412911
80.68,-0.0,-0.0,0.0,0.0,0.0,0.0,0.0,35274.30581412911
83.69,0.0,0.0,0.0,-0.0,0.0,-0.0,0.0,35274.30581412911
82.27,0.0,0.0,0.0,-0.0,0.0,-0.0,0.0,35274.30581412911
74.7,0.0,0.0,0.0,-0.0,0.0,-0.0,0.0,35274.30581412911
26.36,0.0,0.0,0.0,-0.0,0.0,-0.0,0.0,35274.30581412911
-0.01,-0.0,-0.0,0.0,0.0,0.0,0.0,-0.0,35274.30581412911
-2.64,-0.0,-0.0,0.0,0.0,0.0,0.0,-0.0,35274.30581412911
-6.7,-0.0,-0.0,0.0,0.0,0.0,0.0,-0.0,35274.30581412911
-14.95,-0.0,-0.0,0.0,0.0,0.0,0.0,-0.0,35274.30581412911
-26.86,0.4743416490252569,0.9486832980505138,1.0,0.0,0.9486832980505138,0.0,1.5500000000000007,35275.855814129114
-38.14,0.9486832980505138,1.8973665961010275,1.0,0.0,0.9486832980505138,0.0,12.830000000000002,35288.685814129116
-19.61,1.0,2.0,0.10818510677891963,0.0,0.10263340389897246,0.0,-0.6166551086398417,35288.06915902047
-1.21,1.0,2.0,0.0,0.0,0.0,0.0,-0.0,35288.06915902047
2.13,1.0,2.0,0.0,0.0,0.0,0.0,0.0,35288.06915902047
78.86,1.0,2.0,0.0,-0.0,0.0,-0.0,0.0,35288.06915902047
108.05,1.0,2.0,0.0,0.0,0.0,0.0,0.0,35288.06915902047
118.95,1.0,2.0,0.0,0.0,0.0,0.0,0.0,35288.06915902047
122.45,0.4729537233052701,0.9459074466105402,0.0,1.0,0.0,1.0540925533894598,119.94,35408.009159020476
106.98,0.4729537233052701,0.9459074466105402,0.0,0.0,0.0,0.0,0.0,35408.009159020476
98.9,0.4729537233052701,0.9459074466105402,0.0,0.0,0.0,0.0,0.0,35408.009159020476
99.82,0.4729537233052701,0.9459074466105402,0.0,0.0,0.0,0.0,0.0,35408.009159020476
91.97,0.4729537233052701,0.9459074466105402,0.0,0.0,0.0,0.0,0.0,35408.009159020476
87.44,0.5256583509747431,1.0513167019494862,0.11111111111111122,0.0,0.10540925533894607,0.0,-11.802222222222234,35396.206936798255
85.19,1.0,2.0,1.0,0.0,0.9486832980505138,0.0,-103.97,35292.236936798254
92.85,1.0,2.0,0.0,0.0,0.0,0.0,0.0,35292.236936798254
103.51,1.0,2.0,0.0,0.0,0.0,0.0,0.0,35292.236936798254
129.22,0.5270462766947299,1.0540925533894598,0.0,0.8973665961010275,0.0,0.9459074466105402,113.70532139196119,35405.94225819022
133.49,-0.0,-0.0,0.0,1.0,0.0,1.0540925533894598,130.98000000000002,35536.92225819022
105.35,-0.0,-0.0,0.0,0.0,0.0,0.0,0.0,35536.92225819022
90.75,0.0,0.0,0.0,0.0,0.0,0.0,0.0,35536.92225819022
50.0,0.0,0.0,0.0,-0.0,0.0,-0.0,0.0,35536.92225819022
2.54,-0.0,-0.0,0.0,0.0,0.0,0.0,0.0,35536.92225819022
0.65,0.05131670194948623,0.10263340389897246,0.10818510677891963,0.0,0.10263340389897246,0.0,-2.808485371980753,35534.113772818244
0.64,0.5256583509747431,1.0513167019494862,1.0,0.0,0.9486832980505138,0.0,-25.95,35508.16377281825
0.0,1.0,2.0,1.0,0.0,0.9486832980505138,0.0,-25.31,35482.85377281825
9.0,1.0,2.0,0.0,0.0,0.0,0.0,0.0,35482.85377281825
56.14,1.0,2.0,0.0,-0.0,0.0,-0.0,0.0,35482.85377281825
92.25,1.0,2.0,-0.0,0.0,-0.0,0.0,0.0,35482.85377281825
108.26,1.0,2.0,-0.0,0.0,-0.0,0.0,0.0,35482.85377281825
154.0,0.5270462766947299,1.0540925533894598,0.0,0.8973665961010275,0.0,0.9459074466105402,135.94206564334465,35618.79583846159
191.95,0.0,0.0,0.0,1.0,0.0,1.0540925533894598,189.44,35808.235838461595
138.88,0.0,0.0,0.0,-0.0,0.0,-0.0,0.0,35808.235838461595
108.87,-0.0,-0.0,0.0,0.0,0.0,0.0,0.0,35808.235838461595
96.0,-0.0,-0.0,0.0,0.0,0.0,0.0,0.0,35808.235838461595
93.0,-0.0,-0.0,0.0,0.0,0.0,0.0,0.0,35808.235838461595
89.67,0.0,0.0,-0.0,0.0,-0.0,0.0,0.0,35808.235838461595
85.41,0.0,0.0,-0.0,0.0,-0.0,0.0,0.0,35808.235838461595
85.13,-0.0,-0.0,0.0,0.0,0.0,0.0,0.0,35808.235838461595
86.48,-0.0,-0.0,0.0,0.0,0.0,0.0,0.0,35808.235838461595
93.97,-0.0,-0.0,0.0,0.0,0.0,0.0,0.0,35808.235838461595
106.91,-0.0,-0.0,0.0,-0.0,0.0,-0.0,0.0,35808.235838461595
104.63,-0.0,-0.0,0.0,0.0,0.0,0.0,0.0,35808.235838461595
98.71,0.0,0.0,0.0,0.0,0.0,0.0,0.0,35808.235838461595
92.49,-0.0,-0.0,0.0,-0.0,0.0,-0.0,0.0,35808.235838461595
79.53,0.0,0.0,0.0,0.0,0.0,0.0,0.0,35808.235838461595
40.41,0.0,0.0,0.0,-0.0,0.0,-0.0,0.0,35808.235838461595
8.38,0.05131670194948623,0.10263340389897246,0.10818510677891963,0.0,0.10263340389897246,0.0,-3.644756247381802,35804.59108221421
4.59,0.5256583509747431,1.0513167019494862,1.0,0.0,0.9486832980505138,0.0,-29.9,35774.69108221421
5.15,1.0,2.0,1.0,0.0,0.9486832980505138,0.0,-30.46,35744.23108221421
35.05,1.0,2.0,0.0,0.0,0.0,0.0,0.0,35744.23108221421
73.12,1.0,2.0,0.0,-0.0,0.0,-0.0,0.0,35744.23108221421
94.06,1.0,2.0,-0.0,0.0,-0.0,0.0,0.0,35744.23108221421
106.1,1.0,2.0,-0.0,0.0,-0.0,0.0,0.0,35744.23108221421
149.31,0.5270462766947299,1.0540925533894598,0.0,0.8973665961010275,0.0,0.9459074466105402,131.73341630763085,35875.96449852184
156.16,0.0,0.0,0.0,1.0,0.0,1.0540925533894598,153.65,36029.61449852184
140.4,0.0,0.0,0.0,-0.0,0.0,-0.0,0.0,36029.61449852184
114.07,-0.0,-0.0,0.0,0.0,0.0,0.0,0.0,36029.61449852184
97.73,-0.0,-0.0,0.0,0.0,0.0,0.0,0.0,36029.61449852184
95.72,-0.0,-0.0,0.0,0.0,0.0,0.0,0.0,36029.61449852184
90.0,0.0,0.0,-0.0,0.0,-0.0,0.0,0.0,36029.61449852184
86.89,0.0,0.0,-0.0,0.0,-0.0,0.0,0.0,36029.61449852184
84.71,-0.0,-0.0,0.0,0.0,0.0,0.0,0.0,36029.61449852184
87.07,-0.0,-0.0,0.0,0.0,0.0,0.0,0.0,36029.61449852184
93.3,-0.0,-0.0,0.0,0.0,0.0,0.0,0.0,36029.61449852184
108.87,-0.0,-0.0,0.0,-0.0,0.0,-0.0,0.0,36029.61449852184
107.52,-0.0,-0.0,0.0,0.0,0.0,0.0,0.0,36029.61449852184
105.87,0.0,0.0,0.0,0.0,0.0,0.0,0.0,36029.61449852184
93.6,-0.0,-0.0,0.0,-0.0,0.0,-0.0,0.0,36029.61449852184
89.26,-0.0,-0.0,0.0,0.0,0.0,0.0,0.0,36029.61449852184
68.2,0.0,0.0,0.0,0.0,0.0,0.0,0.0,36029.61449852184
44.29,0.05131670194948623,0.10263340389897246,0.10818510677891963,0.0,0.10263340389897246,0.0,-7.529683431812805,36022.08481509003
27.89,0.5256583509747431,1.0513167019494862,1.0,0.0,0.9486832980505138,0.0,-53.2,35968.88481509003
41.66,1.0,2.0,1.0,0.0,0.9486832980505138,0.0,-66.97,35901.91481509003
70.9,1.0,2.0,0.0,0.0,0.0,0.0,0.0,35901.91481509003
84.3,1.0,2.0,0.0,-0.0,0.0,-0.0,0.0,35901.91481509003
96.64,1.0,2.0,-0.0,0.0,-0.0,0.0,0.0,35901.91481509003
115.34,1.0,2.0,-0.0,0.0,-0.0,0.0,0.0,35901.91481509003
193.3,0.5270462766947299,1.0540925533894598,0.0,0.8973665961010275,0.0,0.9459074466105402,171.20857287011506,36073.12338796014
226.64,0.0,0.0,0.0,1.0,0.0,1.0540925533894598,224.13,36297.25338796014
154.52,0.0,0.0,0.0,-0.0,0.0,-0.0,0.0,36297.25338796014
123.21,-0.0,-0.0,0.0,0.0,0.0,0.0,0.0,36297.25338796014
106.27,-0.0,-0.0,0.0,0.0,0.0,0.0,0.0,36297.25338796014
98.1,-0.0,-0.0,0.0,0.0,0.0,0.0,0.0,36297.25338796014
92.0,0.0,0.0,-0.0,0.0,-0.0,0.0,0.0,36297.25338796014
88.45,0.0,0.0,-0.0,0.0,-0.0,0.0,0.0,36297.25338796014
88.2,-0.0,-0.0,0.0,0.0,0.0,0.0,0.0,36297.25338796014
88.53,-0.0,-0.0,0.0,0.0,0.0,0.0,0.0,36297.25338796014
97.52,-0.0,-0.0,0.0,0.0,0.0,0.0,0.0,36297.25338796014
106.17,-0.0,-0.0,0.0,0.0,0.0,0.0,0.0,36297.25338796014
109.92,-0.0,-0.0,0.0,-0.0,0.0,-0.0,0.0,36297.25338796014
99.51,-0.0,-0.0,0.0,0.0,0.0,0.0,0.0,36297.25338796014
91.1,-0.0,-0.0,0.0,0.0,0.0,0.0,0.0,36297.25338796014
81.26,0.0,0.0,0.0,0.0,0.0,0.0,0.0,36297.25338796014
67.57,0.0,0.0,-0.0,0.0,-0.0,0.0,0.0,36297.25338796014
54.09,0.4743416490252569,0.9486832980505138,1.0,0.0,0.9486832980505138,0.0,-79.4,36217.85338796014
41.02,0.9486832980505138,1.8973665961010275,1.0,0.0,0.9486832980505138,0.0,-66.33,36151.52338796014
54.9,1.0,2.0,0.10818510677891963,0.0,0.10263340389897246,0.0,-8.677527414737142,36142.8458605454
69.43,1.0,2.0,0.0,0.0,0.0,0.0,0.0,36142.8458605454
78.99,1.0,2.0,0.0,0.0,0.0,0.0,0.0,36142.8458605454
97.22,1.0,2.0,-0.0,0.0,-0.0,0.0,0.0,36142.8458605454
115.54,1.0,2.0,0.0,0.0,0.0,0.0,0.0,36142.8458605454
233.8,0.5270462766947299,1.0540925533894598,0.0,0.8973665961010275,0.0,0.9459074466105402,207.55192001220666,36350.39778055761
283.89,0.0,0.0,0.0,1.0,0.0,1.0540925533894598,281.38,36631.777780557604
155.84,0.0,0.0,-0.0,0.0,-0.0,0.0,0.0,36631.777780557604
120.71,0.0,0.0,0.0,-0.0,0.0,-0.0,0.0,36631.777780557604
105.95,0.0,0.0,0.0,-0.0,0.0,-0.0,0.0,36631.777780557604
99.59,-0.0,-0.0,0.0,0.0,0.0,0.0,0.0,36631.777780557604
98.97,-0.0,-0.0,0.0,0.0,0.0,0.0,0.0,36631.777780557604
93.9,-0.0,-0.0,0.0,0.0,0.0,0.0,0.0,36631.777780557604
90.33,-0.0,-0.0,0.0,0.0,0.0,0.0,0.0,36631.777780557604
92.0,-0.0,-0.0,0.0,0.0,0.0,0.0,0.0,36631.777780557604
96.91,-0.0,-0.0,0.0,0.0,0.0,0.0,0.0,36631.777780557604
101.66,0.0,0.0,0.0,-0.0,0.0,-0.0,0.0,36631.777780557604
101.31,0.0,0.0,0.0,-0.0,0.0,-0.0,0.0,36631.777780557604
96.6,0.0,0.0,0.0,-0.0,0.0,-0.0,0.0,36631.777780557604
83.47,0.0,0.0,0.0,-0.0,0.0,-0.0,0.0,36631.777780557604
43.9,0.0,0.0,0.0,-0.0,0.0,-0.0,0.0,36631.777780557604
3.0,-0.0,-0.0,0.0,0.0,0.0,0.0,0.0,36631.777780557604
0.08,0.4743416490252569,0.9486832980505138,1.0,0.0,0.9486832980505138,0.0,-18.86,36612.917780557604
0.19,0.5256583509747431,1.0513167019494862,0.10818510677891963,0.0,0.10263340389897246,0.0,-2.0522714755961053,36610.86550908201
0.0,1.0,2.0,1.0,0.0,0.9486832980505138,0.0,-18.78,36592.08550908201
1.72,1.0,2.0,0.0,0.0,0.0,0.0,0.0,36592.08550908201
27.66,1.0,2.0,0.0,-0.0,0.0,-0.0,0.0,36592.08550908201
75.53,1.0,2.0,0.0,-0.0,0.0,-0.0,0.0,36592.08550908201
97.06,1.0,2.0,0.0,0.0,0.0,0.0,0.0,36592.08550908201
105.67,0.4729537233052701,0.9459074466105402,0.0,1.0,0.0,1.0540925533894598,103.16,36695.245509082015
104.49,-0.0,-0.0,0.0,0.8973665961010275,0.0,0.9459074466105402,91.51344547038278,36786.758954552395
91.74,-0.0,-0.0,0.0,0.0,0.0,0.0,0.0,36786.758954552395
85.1,-0.0,-0.0,0.0,0.0,0.0,0.0,0.0,36786.758954552395
79.96,0.0,0.0,0.0,0.0,0.0,0.0,0.0,36786.758954552395
89.47,-0.0,-0.0,0.0,0.0,0.0,0.0,0.0,36786.758954552395
85.74,-0.0,-0.0,0.0,0.0,0.0,0.0,0.0,36786.758954552395
84.75,-0.0,-0.0,0.0,0.0,0.0,0.0,0.0,36786.758954552395
83.34,-0.0,-0.0,0.0,0.0,0.0,0.0,0.0,36786.758954552395
82.73,-0.0,-0.0,0.0,0.0,0.0,0.0,0.0,36786.758954552395
87.09,-0.0,-0.0,0.0,0.0,0.0,0.0,0.0,36786.758954552395
90.68,0.0,0.0,0.0,-0.0,0.0,-0.0,0.0,36786.758954552395
90.02,-0.0,-0.0,0.0,-0.0,0.0,-0.0,0.0,36786.758954552395
80.99,-0.0,-0.0,0.0,0.0,0.0,0.0,0.0,36786.758954552395
67.94,0.0,0.0,0.0,0.0,0.0,0.0,0.0,36786.758954552395
25.12,0.0,0.0,0.0,-0.0,0.0,-0.0,0.0,36786.758954552395
3.8,-0.0,-0.0,0.0,0.0,0.0,0.0,0.0,36786.758954552395
0.17,-0.0,-0.0,0.0,0.0,0.0,0.0,0.0,36786.758954552395
-0.01,0.4743416490252569,0.9486832980505138,1.0,0.0,0.9486832980505138,0.0,-18.77,36767.9889545524
-0.01,0.5256583509747431,1.0513167019494862,0.10818510677891963,0.0,0.10263340389897246,0.0,-2.0306344542403214,36765.95832009816
-0.01,1.0,2.0,1.0,0.0,0.9486832980505138,0.0,-18.77,36747.18832009816
0.72,1.0,2.0,0.0,0.0,0.0,0.0,0.0,36747.18832009816
16.21,1.0,2.0,0.0,0.0,0.0,0.0,0.0,36747.18832009816
69.92,1.0,2.0,0.0,-0.0,0.0,-0.0,0.0,36747.18832009816
95.0,1.0,2.0,0.0,0.0,0.0,0.0,0.0,36747.18832009816
102.62,0.4729537233052701,0.9459074466105402,0.0,1.0,0.0,1.0540925533894598,100.11,36847.29832009816
100.61,-0.0,-0.0,0.0,0.8973665961010275,0.0,0.9459074466105402,88.0316630775108,36935.329983175674
95.0,-0.0,-0.0,0.0,0.0,0.0,0.0,0.0,36935.329983175674
90.0,-0.0,-0.0,0.0,0.0,0.0,0.0,0.0,36935.329983175674
91.28,-0.0,-0.0,0.0,0.0,0.0,0.0,0.0,36935.329983175674
85.34,0.0,0.0,0.0,0.0,0.0,0.0,0.0,36935.329983175674
86.86,-0.0,-0.0,0.0,0.0,0.0,0.0,0.0,36935.329983175674
86.63,-0.0,-0.0,0.0,0.0,0.0,0.0,0.0,36935.329983175674
87.73,-0.0,-0.0,0.0,0.0,0.0,0.0,0.0,36935.329983175674
89.93,0.0,0.0,0.0,-0.0,0.0,-0.0,0.0,36935.329983175674
89.89,0.0,0.0,0.0,-0.0,0.0,-0.0,0.0,36935.329983175674
81.03,0.0,0.0,0.0,-0.0,0.0,-0.0,0.0,36935.329983175674
76.24,0.0,0.0,0.0,-0.0,0.0,-0.0,0.0,36935.329983175674
32.59,0.0,0.0,-0.0,0.0,-0.0,0.0,0.0,36935.329983175674
9.96,-0.0,-0.0,0.0,0.0,0.0,0.0,0.0,36935.329983175674
2.08,-0.0,-0.0,0.0,0.0,0.0,0.0,0.0,36935.329983175674
2.07,-0.0,-0.0,0.0,0.0,0.0,0.0,0.0,36935.329983175674
2.02,0.05131670194948623,0.10263340389897246,0.10818510677891963,0.0,0.10263340389897246,0.0,-2.9566989682678733,36932.37328420741
1.86,0.5256583509747431,1.0513167019494862,1.0,0.0,0.9486832980505138,0.0,-27.169999999999998,36905.20328420741
1.47,1.0,2.0,1.0,0.0,0.9486832980505138,0.0,-26.779999999999998,36878.42328420741
13.81,1.0,2.0,0.0,0.0,0.0,0.0,0.0,36878.42328420741
72.4,1.0,2.0,0.0,-0.0,0.0,-0.0,0.0,36878.42328420741
96.69,1.0,2.0,0.0,0.0,0.0,0.0,0.0,36878.42328420741
110.0,1.0,2.0,0.0,0.0,0.0,0.0,0.0,36878.42328420741
110.66,1.0,2.0,0.0,-0.0,0.0,-0.0,0.0,36878.42328420741
110.14,1.0,2.0,0.0,0.0,0.0,0.0,0.0,36878.42328420741
105.1,1.0,2.0,0.0,0.0,0.0,0.0,0.0,36878.42328420741
102.54,1.0,2.0,0.0,0.0,0.0,0.0,0.0,36878.42328420741
91.99,1.0,2.0,0.0,0.0,0.0,0.0,0.0,36878.42328420741
87.13,1.0,2.0,0.0,0.0,0.0,0.0,0.0,36878.42328420741
84.33,1.0,2.0,0.0,0.0,0.0,0.0,0.0,36878.42328420741
83.85,1.0,2.0,0.0,0.0,0.0,0.0,0.0,36878.42328420741
89.46,1.0,2.0,0.0,0.0,0.0,0.0,0.0,36878.42328420741
99.27,1.0,2.0,0.0,0.0,0.0,0.0,0.0,36878.42328420741
118.51,0.5270462766947299,1.0540925533894598,0.0,0.8973665961010275,0.0,0.9459074466105402,104.0945251477192,36982.51780935513
130.13,0.0,0.0,0.0,1.0,0.0,1.0540925533894598,127.61999999999999,37110.13780935513
109.87,0.0,0.0,0.0,-0.0,0.0,-0.0,0.0,37110.13780935513
88.84,0.0,0.0,0.0,-0.0,0.0,-0.0,0.0,37110.13780935513
72.16,-0.0,-0.0,0.0,-0.0,0.0,-0.0,0.0,37110.13780935513
45.93,0.0,0.0,0.0,0.0,0.0,0.0,0.0,37110.13780935513
20.04,0.05131670194948623,0.10263340389897246,0.10818510677891963,0.0,0.10263340389897246,0.0,-4.906194592424004,37105.231614762706
14.23,0.5256583509747431,1.0513167019494862,1.0,0.0,0.9486832980505138,0.0,-39.54,37065.691614762705
18.34,1.0,2.0,1.0,0.0,0.9486832980505138,0.0,-43.65,37022.041614762704
54.56,1.0,2.0,0.0,-0.0,0.0,-0.0,0.0,37022.041614762704
70.94,1.0,2.0,0.0,-0.0,0.0,-0.0,0.0,37022.041614762704
90.32,1.0,2.0,0.0,-0.0,0.0,-0.0,0.0,37022.041614762704
109.87,1.0,2.0,-0.0,0.0,-0.0,0.0,0.0,37022.041614762704
185.5,0.5270462766947299,1.0540925533894598,0.0,0.8973665961010275,0.0,0.9459074466105402,164.20911342052702,37186.25072818323
193.96,0.0,0.0,0.0,1.0,0.0,1.0540925533894598,191.45000000000002,37377.70072818323
124.67,-0.0,-0.0,0.0,0.0,0.0,0.0,0.0,37377.70072818323
107.49,0.0,0.0,-0.0,0.0,-0.0,0.0,0.0,37377.70072818323
102.0,-0.0,-0.0,0.0,0.0,0.0,0.0,0.0,37377.70072818323
101.01,-0.0,-0.0,0.0,0.0,0.0,0.0,0.0,37377.70072818323
94.82,-0.0,-0.0,0.0,0.0,0.0,0.0,0.0,37377.70072818323
88.2,-0.0,-0.0,0.0,0.0,0.0,0.0,0.0,37377.70072818323
86.37,-0.0,-0.0,0.0,0.0,0.0,0.0,0.0,37377.70072818323
90.09,-0.0,-0.0,0.0,0.0,0.0,0.0,0.0,37377.70072818323
101.02,-0.0,-0.0,0.0,0.0,0.0,0.0,0.0,37377.70072818323
111.1,-0.0,-0.0,0.0,-0.0,0.0,-0.0,0.0,37377.70072818323
109.95,0.0,0.0,0.0,0.0,0.0,0.0,0.0,37377.70072818323
98.05,-0.0,-0.0,0.0,0.0,0.0,0.0,0.0,37377.70072818323
88.57,-0.0,-0.0,0.0,0.0,0.0,0.0,0.0,37377.70072818323
69.64,0.0,0.0,-0.0,0.0,-0.0,0.0,0.0,37377.70072818323
43.23,-0.0,-0.0,0.0,0.0,0.0,0.0,0.0,37377.70072818323
22.85,0.05131670194948623,0.10263340389897246,0.10818510677891963,0.0,0.10263340389897246,0.0,-5.210194742472769,37372.49053344075
9.02,0.5256583509747431,1.0513167019494862,1.0,0.0,0.9486832980505138,0.0,-34.33,37338.16053344075
15.26,1.0,2.0,1.0,0.0,0.9486832980505138,0.0,-40.57,37297.59053344075
30.89,1.0,2.0,0.0,0.0,0.0,0.0,0.0,37297.59053344075
60.6,1.0,2.0,0.0,-0.0,0.0,-0.0,0.0,37297.59053344075
91.48,1.0,2.0,0.0,0.0,0.0,0.0,0.0,37297.59053344075
101.91,1.0,2.0,0.0,0.0,0.0,0.0,0.0,37297.59053344075
120.51,0.5270462766947299,1.0540925533894598,0.0,0.8973665961010275,0.0,0.9459074466105402,105.88925833992126,37403.47979178067
128.62,0.0,0.0,0.0,1.0,0.0,1.0540925533894598,126.11,37529.58979178067
111.06,-0.0,-0.0,0.0,0.0,0.0,0.0,0.0,37529.58979178067
104.41,-0.0,-0.0,0.0,0.0,0.0,0.0,0.0,37529.58979178067
96.78,-0.0,-0.0,0.0,0.0,0.0,0.0,0.0,37529.58979178067
95.47,-0.0,-0.0,0.0,0.0,0.0,0.0,0.0,37529.58979178067
91.22,-0.0,-0.0,0.0,0.0,0.0,0.0,0.0,37529.58979178067
85.71,0.0,0.0,-0.0,0.0,-0.0,0.0,0.0,37529.58979178067
80.67,-0.0,-0.0,0.0,0.0,0.0,0.0,0.0,37529.58979178067
79.37,-0.0,-0.0,0.0,0.0,0.0,0.0,0.0,37529.58979178067
88.36,-0.0,-0.0,0.0,0.0,0.0,0.0,0.0,37529.58979178067
102.28,-0.0,-0.0,0.0,0.0,0.0,0.0,0.0,37529.58979178067
110.12,-0.0,-0.0,0.0,-0.0,0.0,-0.0,0.0,37529.58979178067
103.91,0.0,0.0,0.0,0.0,0.0,0.0,0.0,37529.58979178067
90.05,-0.0,-0.0,0.0,-0.0,0.0,-0.0,0.0,37529.58979178067
80.98,-0.0,-0.0,0.0,0.0,0.0,0.0,0.0,37529.58979178067
69.06,0.0,0.0,0.0,0.0,0.0,0.0,0.0,37529.58979178067
49.07,0.05131670194948623,0.10263340389897246,0.10818510677891963,0.0,0.10263340389897246,0.0,-8.046808242216041,37521.54298353846
35.0,0.5256583509747431,1.0513167019494862,1.0,0.0,0.9486832980505138,0.0,-60.31,37461.23298353846
42.03,1.0,2.0,1.0,0.0,0.9486832980505138,0.0,-67.34,37393.89298353846
73.02,1.0,2.0,0.0,0.0,0.0,0.0,0.0,37393.89298353846
81.45,1.0,2.0,0.0,0.0,0.0,0.0,0.0,37393.89298353846
101.69,1.0,2.0,0.0,0.0,0.0,0.0,0.0,37393.89298353846
109.16,1.0,2.0,0.0,0.0,0.0,0.0,0.0,37393.89298353846
135.15,0.4729537233052701,0.9459074466105402,0.0,1.0,0.0,1.0540925533894598,132.64000000000001,37526.53298353846
126.11,0.0,0.0,0.0,0.8973665961010275,0.0,0.9459074466105402,110.914511278087,37637.44749481655
114.95,-0.0,-0.0,0.0,0.0,0.0,0.0,0.0,37637.44749481655
103.49,-0.0,-0.0,0.0,0.0,0.0,0.0,0.0,37637.44749481655
97.34,-0.0,-0.0,0.0,0.0,0.0,0.0,0.0,37637.44749481655
96.11,-0.0,-0.0,0.0,0.0,0.0,0.0,0.0,37637.44749481655
90.73,-0.0,-0.0,0.0,0.0,0.0,0.0,0.0,37637.44749481655
87.52,0.0,0.0,-0.0,0.0,-0.0,0.0,0.0,37637.44749481655
90.88,-0.0,-0.0,0.0,0.0,0.0,0.0,0.0,37637.44749481655
92.37,-0.0,-0.0,0.0,0.0,0.0,0.0,0.0,37637.44749481655
97.96,-0.0,-0.0,0.0,0.0,0.0,0.0,0.0,37637.44749481655
105.9,-0.0,-0.0,0.0,0.0,0.0,0.0,0.0,37637.44749481655
116.89,-0.0,-0.0,0.0,-0.0,0.0,-0.0,0.0,37637.44749481655
107.79,0.0,0.0,0.0,0.0,0.0,0.0,0.0,37637.44749481655
97.32,-0.0,-0.0,0.0,0.0,0.0,0.0,0.0,37637.44749481655
85.85,-0.0,-0.0,0.0,0.0,0.0,0.0,0.0,37637.44749481655
77.64,-0.0,-0.0,0.0,0.0,0.0,0.0,0.0,37637.44749481655
69.49,-0.0,-0.0,0.0,0.0,0.0,0.0,0.0,37637.44749481655
66.09,0.4743416490252569,0.9486832980505138,1.0,0.0,0.9486832980505138,0.0,-91.4,37546.04749481655
56.26,0.9486832980505138,1.8973665961010275,1.0,0.0,0.9486832980505138,0.0,-81.57,37464.47749481655
68.2,1.0,2.0,0.10818510677891963,0.0,0.10263340389897246,0.0,-10.116389334896773,37454.36110548165
72.39,1.0,2.0,0.0,0.0,0.0,0.0,0.0,37454.36110548165
87.67,1.0,2.0,0.0,0.0,0.0,0.0,0.0,37454.36110548165
94.0,1.0,2.0,0.0,0.0,0.0,0.0,0.0,37454.36110548165
106.39,1.0,2.0,0.0,0.0,0.0,0.0,0.0,37454.36110548165
110.73,0.4729537233052701,0.9459074466105402,0.0,1.0,0.0,1.0540925533894598,108.22,37562.58110548165
110.73,0.0,0.0,0.0,0.8973665961010275,0.0,0.9459074466105402,97.11301303005321,37659.6941185117
105.0,-0.0,-0.0,0.0,-0.0,0.0,-0.0,0.0,37659.6941185117
95.78,-0.0,-0.0,0.0,0.0,0.0,0.0,0.0,37659.6941185117
89.27,-0.0,-0.0,0.0,0.0,0.0,0.0,0.0,37659.6941185117
81.99,-0.0,-0.0,0.0,0.0,0.0,0.0,0.0,37659.6941185117
78.59,-0.0,-0.0,0.0,0.0,0.0,0.0,0.0,37659.6941185117
77.52,-0.0,-0.0,0.0,0.0,0.0,0.0,0.0,37659.6941185117
77.65,-0.0,-0.0,0.0,0.0,0.0,0.0,0.0,37659.6941185117
87.9,-0.0,-0.0,0.0,0.0,0.0,0.0,0.0,37659.6941185117
95.99,-0.0,-0.0,0.0,0.0,0.0,0.0,0.0,37659.6941185117
99.1,-0.0,-0.0,0.0,0.0,0.0,0.0,0.0,37659.6941185117
87.8,0.0,0.0,0.0,0.0,0.0,0.0,0.0,37659.6941185117
24.69,0.0,0.0,-0.0,0.0,-0.0,0.0,0.0,37659.6941185117
10.92,-0.0,-0.0,0.0,0.0,0.0,0.0,0.0,37659.6941185117
6.7,-0.0,-0.0,0.0,0.0,0.0,0.0,0.0,37659.6941185117
7.38,-0.0,-0.0,0.0,0.0,0.0,0.0,0.0,37659.6941185117
3.85,0.4743416490252569,0.9486832980505138,1.0,0.0,0.9486832980505138,0.0,-22.630000000000003,37637.064118511706
3.9,0.9486832980505138,1.8973665961010275,1.0,0.0,0.9486832980505138,0.0,-22.68,37614.384118511705
4.01,1.0,2.0,0.10818510677891963,0.0,0.10263340389897246,0.0,-2.465538583491578,37611.91857992821
32.06,1.0,2.0,0.0,-0.0,0.0,-0.0,0.0,37611.91857992821
58.43,1.0,2.0,0.0,-0.0,0.0,-0.0,0.0,37611.91857992821
83.08,1.0,2.0,0.0,-0.0,0.0,-0.0,0.0,37611.91857992821
106.07,1.0,2.0,0.0,0.0,0.0,0.0,0.0,37611.91857992821
113.0,0.4729537233052701,0.9459074466105402,0.0,1.0,0.0,1.0540925533894598,110.49,37722.40857992821
107.63,-0.0,-0.0,0.0,0.8973665961010275,0.0,0.9459074466105402,94.33117658214002,37816.73975651035
103.09,-0.0,-0.0,0.0,0.0,0.0,0.0,0.0,37816.73975651035
94.37,-0.0,-0.0,0.0,0.0,0.0,0.0,0.0,37816.73975651035
95.33,-0.0,-0.0,0.0,0.0,0.0,0.0,0.0,37816.73975651035
89.32,-0.0,-0.0,0.0,0.0,0.0,0.0,0.0,37816.73975651035
87.76,0.0,0.0,0.0,0.0,0.0,0.0,0.0,37816.73975651035
85.21,-0.0,-0.0,0.0,0.0,0.0,0.0,0.0,37816.73975651035
85.56,-0.0,-0.0,0.0,0.0,0.0,0.0,0.0,37816.73975651035
85.6,-0.0,-0.0,0.0,0.0,0.0,0.0,0.0,37816.73975651035
86.67,-0.0,-0.0,0.0,0.0,0.0,0.0,0.0,37816.73975651035
86.78,-0.0,-0.0,0.0,-0.0,0.0,-0.0,0.0,37816.73975651035
83.57,-0.0,-0.0,0.0,0.0,0.0,0.0,0.0,37816.73975651035
62.9,0.0,0.0,0.0,0.0,0.0,0.0,0.0,37816.73975651035
14.69,-0.0,-0.0,0.0,0.0,0.0,0.0,0.0,37816.73975651035
4.01,-0.0,-0.0,0.0,0.0,0.0,0.0,0.0,37816.73975651035
3.0,0.05131670194948623,0.10263340389897246,0.10818510677891963,0.0,0.10263340389897246,0.0,-2.3562716256448697,37814.38348488471
2.01,0.5256583509747431,1.0513167019494862,1.0,0.0,0.9486832980505138,0.0,-20.79,37793.59348488471
1.84,1.0,2.0,1.0,0.0,0.9486832980505138,0.0,-20.62,37772.97348488471
3.52,1.0,2.0,0.0,0.0,0.0,0.0,0.0,37772.97348488471
12.1,1.0,2.0,0.0,0.0,0.0,0.0,0.0,37772.97348488471
72.19,1.0,2.0,0.0,-0.0,0.0,-0.0,0.0,37772.97348488471
100.31,1.0,2.0,0.0,0.0,0.0,0.0,0.0,37772.97348488471
112.22,1.0,2.0,0.0,0.0,0.0,0.0,0.0,37772.97348488471
123.67,0.4729537233052701,0.9459074466105402,0.0,1.0,0.0,1.0540925533894598,121.16,37894.13348488471
120.43,-0.0,-0.0,0.0,0.8973665961010275,0.0,0.9459074466105402,105.81746901223318,37999.95095389694
111.16,-0.0,-0.0,0.0,0.0,0.0,0.0,0.0,37999.95095389694
105.28,-0.0,-0.0,0.0,0.0,0.0,0.0,0.0,37999.95095389694
100.5,-0.0,-0.0,0.0,0.0,0.0,0.0,0.0,37999.95095389694
95.13,-0.0,-0.0,0.0,0.0,0.0,0.0,0.0,37999.95095389694
94.41,0.0,0.0,0.0,0.0,0.0,0.0,0.0,37999.95095389694
92.13,0.0,0.0,0.0,-0.0,0.0,-0.0,0.0,37999.95095389694
91.2,0.0,0.0,0.0,-0.0,0.0,-0.0,0.0,37999.95095389694
90.97,-0.0,-0.0,0.0,-0.0,0.0,-0.0,0.0,37999.95095389694
90.0,0.0,0.0,0.0,0.0,0.0,0.0,0.0,37999.95095389694
85.01,0.0,0.0,0.0,-0.0,0.0,-0.0,0.0,37999.95095389694
72.84,0.0,0.0,0.0,-0.0,0.0,-0.0,0.0,37999.95095389694
4.8,0.0,0.0,-0.0,0.0,-0.0,0.0,0.0,37999.95095389694
0.31,-0.0,-0.0,0.0,0.0,0.0,0.0,0.0,37999.95095389694
0.0,-0.0,-0.0,0.0,0.0,0.0,0.0,0.0,37999.95095389694
0.0,-0.0,-0.0,0.0,0.0,0.0,0.0,0.0,37999.95095389694
-0.13,0.4743416490252569,0.9486832980505138,1.0,0.0,0.9486832980505138,0.0,-25.18,37974.77095389694
-0.27,0.9486832980505138,1.8973665961010275,1.0,0.0,0.9486832980505138,0.0,-25.04,37949.73095389694
-0.07,1.0,2.0,0.10818510677891963,0.0,0.10263340389897246,0.0,-2.730592095099931,37947.000361801845
0.0,1.0,2.0,0.0,0.0,0.0,0.0,0.0,37947.000361801845
63.36,1.0,2.0,0.0,-0.0,0.0,-0.0,0.0,37947.000361801845
99.81,1.0,2.0,0.0,0.0,0.0,0.0,0.0,37947.000361801845
110.5,1.0,2.0,0.0,0.0,0.0,0.0,0.0,37947.000361801845
117.31,0.4729537233052701,0.9459074466105402,0.0,1.0,0.0,1.0540925533894598,114.8,38061.80036180185
114.32,0.4729537233052701,0.9459074466105402,0.0,0.0,0.0,0.0,0.0,38061.80036180185
107.5,0.4729537233052701,0.9459074466105402,0.0,0.0,0.0,0.0,0.0,38061.80036180185
100.52,0.4729537233052701,0.9459074466105402,0.0,0.0,0.0,0.0,0.0,38061.80036180185
95.28,0.4729537233052701,0.9459074466105402,0.0,0.0,0.0,0.0,0.0,38061.80036180185
87.03,0.4729537233052701,0.9459074466105402,0.0,0.0,0.0,0.0,0.0,38061.80036180185
84.02,0.4729537233052701,0.9459074466105402,0.0,0.0,0.0,0.0,0.0,38061.80036180185
82.9,0.5270462766947299,1.0540925533894598,0.1140371154433028,0.0,0.10818510677891968,0.0,-11.59529389827503,38050.205067903575
83.46,0.5270462766947299,1.0540925533894598,0.0,0.0,0.0,0.0,0.0,38050.205067903575
100.12,0.5270462766947299,1.0540925533894598,0.0,0.0,0.0,0.0,0.0,38050.205067903575
115.38,0.5270462766947299,1.0540925533894598,0.0,0.0,0.0,0.0,0.0,38050.205067903575
125.0,-0.0,-0.0,0.0,1.0,0.0,1.0540925533894598,122.49,38172.69506790357
110.04,0.0,0.0,0.0,0.0,0.0,0.0,0.0,38172.69506790357
91.97,-0.0,-0.0,0.0,-0.0,0.0,-0.0,0.0,38172.69506790357
72.98,0.0,0.0,0.0,0.0,0.0,0.0,0.0,38172.69506790357
35.02,-0.0,-0.0,0.0,0.0,0.0,0.0,0.0,38172.69506790357
10.0,0.05131670194948623,0.10263340389897246,0.10818510677891963,0.0,0.10263340389897246,0.0,-3.820016120363652,38168.87505178321
5.93,0.5256583509747431,1.0513167019494862,1.0,0.0,0.9486832980505138,0.0,-31.24,38137.63505178321
6.78,1.0,2.0,1.0,0.0,0.9486832980505138,0.0,-32.089999999999996,38105.545051783214
25.2,1.0,2.0,0.0,0.0,0.0,0.0,0.0,38105.545051783214
56.43,1.0,2.0,0.0,-0.0,0.0,-0.0,0.0,38105.545051783214
86.67,1.0,2.0,0.0,-0.0,0.0,-0.0,0.0,38105.545051783214
111.54,1.0,2.0,-0.0,0.0,-0.0,0.0,0.0,38105.545051783214
159.03,0.5270462766947299,1.0540925533894598,0.0,0.8973665961010275,0.0,0.9459074466105402,140.45581962173284,38246.00087140495
232.82,0.0,0.0,0.0,1.0,0.0,1.0540925533894598,230.31,38476.310871404945
138.04,-0.0,-0.0,0.0,-0.0,0.0,-0.0,0.0,38476.310871404945
115.04,-0.0,-0.0,0.0,0.0,0.0,0.0,0.0,38476.310871404945
105.15,-0.0,-0.0,0.0,0.0,0.0,0.0,0.0,38476.310871404945
105.8,-0.0,-0.0,0.0,0.0,0.0,0.0,0.0,38476.310871404945
100.44,0.0,0.0,0.0,0.0,0.0,0.0,0.0,38476.310871404945
96.58,0.0,0.0,-0.0,0.0,-0.0,0.0,0.0,38476.310871404945
94.79,-0.0,-0.0,0.0,0.0,0.0,0.0,0.0,38476.310871404945
96.27,-0.0,-0.0,0.0,0.0,0.0,0.0,0.0,38476.310871404945
106.6,-0.0,-0.0,0.0,0.0,0.0,0.0,0.0,38476.310871404945
124.59,-0.0,-0.0,0.0,-0.0,0.0,-0.0,0.0,38476.310871404945
123.45,-0.0,-0.0,0.0,0.0,0.0,0.0,0.0,38476.310871404945
106.79,0.0,0.0,0.0,0.0,0.0,0.0,0.0,38476.310871404945
90.0,-0.0,-0.0,0.0,0.0,0.0,0.0,0.0,38476.310871404945
80.54,-0.0,-0.0,0.0,0.0,0.0,0.0,0.0,38476.310871404945
64.04,0.0,0.0,-0.0,0.0,-0.0,0.0,0.0,38476.310871404945
50.0,0.4743416490252569,0.9486832980505138,1.0,0.0,0.9486832980505138,0.0,-75.31,38401.00087140495
36.59,0.9486832980505138,1.8973665961010275,1.0,0.0,0.9486832980505138,0.0,-61.900000000000006,38339.100871404946
50.08,1.0,2.0,0.10818510677891963,0.0,0.10263340389897246,0.0,-8.15607520006275,38330.94479620488
72.39,1.0,2.0,0.0,0.0,0.0,0.0,0.0,38330.94479620488
88.26,1.0,2.0,-0.0,0.0,-0.0,0.0,0.0,38330.94479620488
105.05,1.0,2.0,0.0,0.0,0.0,0.0,0.0,38330.94479620488
131.09,1.0,2.0,0.0,-0.0,0.0,-0.0,0.0,38330.94479620488
196.88,0.4729537233052701,0.9459074466105402,0.0,1.0,0.0,1.0540925533894598,194.37,38525.31479620488
180.17,0.0,0.0,0.0,0.8973665961010275,0.0,0.9459074466105402,159.42614946330855,38684.74094566819
123.3,-0.0,-0.0,0.0,0.0,0.0,0.0,0.0,38684.74094566819
109.47,-0.0,-0.0,0.0,0.0,0.0,0.0,0.0,38684.74094566819
97.67,-0.0,-0.0,0.0,0.0,0.0,0.0,0.0,38684.74094566819
96.59,0.0,0.0,-0.0,0.0,-0.0,0.0,0.0,38684.74094566819
89.98,0.0,0.0,-0.0,0.0,-0.0,0.0,0.0,38684.74094566819
86.52,0.0,0.0,-0.0,0.0,-0.0,0.0,0.0,38684.74094566819
87.25,-0.0,-0.0,0.0,0.0,0.0,0.0,0.0,38684.74094566819
90.0,-0.0,-0.0,0.0,0.0,0.0,0.0,0.0,38684.74094566819
96.07,-0.0,-0.0,0.0,0.0,0.0,0.0,0.0,38684.74094566819
109.1,-0.0,-0.0,0.0,0.0,0.0,0.0,0.0,38684.74094566819
115.38,-0.0,-0.0,0.0,-0.0,0.0,-0.0,0.0,38684.74094566819
113.72,0.0,0.0,0.0,0.0,0.0,0.0,0.0,38684.74094566819
101.63,-0.0,-0.0,0.0,0.0,0.0,0.0,0.0,38684.74094566819
86.57,-0.0,-0.0,0.0,0.0,0.0,0.0,0.0,38684.74094566819
80.03,-0.0,-0.0,0.0,0.0,0.0,0.0,0.0,38684.74094566819
64.64,0.05131670194948623,0.10263340389897246,0.10818510677891963,0.0,0.10263340389897246,0.0,-9.73125035476382,38675.00969531343
53.42,0.5256583509747431,1.0513167019494862,1.0,0.0,0.9486832980505138,0.0,-78.73,38596.279695313424
54.83,1.0,2.0,1.0,0.0,0.9486832980505138,0.0,-80.14,38516.139695313424
76.67,1.0,2.0,0.0,0.0,0.0,0.0,0.0,38516.139695313424
85.51,1.0,2.0,0.0,0.0,0.0,0.0,0.0,38516.139695313424
104.94,1.0,2.0,-0.0,0.0,-0.0,0.0,0.0,38516.139695313424
134.64,1.0,2.0,0.0,0.0,0.0,0.0,0.0,38516.139695313424
222.07,0.4729537233052701,0.9459074466105402,0.0,1.0,0.0,1.0540925533894598,219.56,38735.69969531342
222.04,0.0,0.0,0.0,0.8973665961010275,0.0,0.9459074466105402,196.99888884205856,38932.69858415548
128.88,-0.0,-0.0,0.0,-0.0,0.0,-0.0,0.0,38932.69858415548
113.63,-0.0,-0.0,0.0,0.0,0.0,0.0,0.0,38932.69858415548
103.57,-0.0,-0.0,0.0,0.0,0.0,0.0,0.0,38932.69858415548
97.15,-0.0,-0.0,0.0,0.0,0.0,0.0,0.0,38932.69858415548
91.92,0.0,0.0,0.0,0.0,0.0,0.0,0.0,38932.69858415548
87.89,0.4743416490252569,0.9486832980505138,1.0,0.0,0.9486832980505138,0.0,-106.67,38826.02858415548
87.09,0.9486832980505138,1.8973665961010275,1.0,0.0,0.9486832980505138,0.0,-105.87,38720.15858415548
90.23,1.0,2.0,0.10818510677891963,0.0,0.10263340389897246,0.0,-11.793258489970029,38708.36532566551
98.72,1.0,2.0,0.0,0.0,0.0,0.0,0.0,38708.36532566551
121.63,1.0,2.0,0.0,0.0,0.0,0.0,0.0,38708.36532566551
143.79,0.5270462766947299,1.0540925533894598,0.0,0.8973665961010275,0.0,0.9459074466105402,126.77995269715316,38835.14527836266
144.13,0.0,0.0,0.0,1.0,0.0,1.0540925533894598,141.62,38976.76527836266
121.99,-0.0,-0.0,0.0,0.0,0.0,0.0,0.0,38976.76527836266
112.27,-0.0,-0.0,0.0,0.0,0.0,0.0,0.0,38976.76527836266
108.13,-0.0,-0.0,0.0,0.0,0.0,0.0,0.0,38976.76527836266
100.89,0.0,0.0,-0.0,0.0,-0.0,0.0,0.0,38976.76527836266
100.96,-0.0,-0.0,0.0,0.0,0.0,0.0,0.0,38976.76527836266
100.89,0.05131670194948623,0.10263340389897246,0.10818510677891963,0.0,0.10263340389897246,0.0,-13.652960475499656,38963.112317887164
100.66,0.5256583509747431,1.0513167019494862,1.0,0.0,0.9486832980505138,0.0,-125.97,38837.14231788716
96.22,1.0,2.0,1.0,0.0,0.9486832980505138,0.0,-121.53,38715.612317887164
130.0,1.0,2.0,0.0,0.0,0.0,0.0,0.0,38715.612317887164
160.98,0.5270462766947299,1.0540925533894598,0.0,0.8973665961010275,0.0,0.9459074466105402,142.20568448412982,38857.81800237129
210.0,0.0,0.0,0.0,1.0,0.0,1.0540925533894598,207.49,39065.30800237129
153.16,-0.0,-0.0,0.0,-0.0,0.0,-0.0,0.0,39065.30800237129
124.18,0.0,0.0,0.0,0.0,0.0,0.0,0.0,39065.30800237129
107.11,0.0,0.0,-0.0,0.0,-0.0,0.0,0.0,39065.30800237129
92.15,0.0,0.0,-0.0,0.0,-0.0,0.0,0.0,39065.30800237129
85.04,-0.0,-0.0,0.0,0.0,0.0,0.0,0.0,39065.30800237129
83.27,0.0,0.0,-0.0,0.0,-0.0,0.0,0.0,39065.30800237129
83.1,0.05131670194948623,0.10263340389897246,0.10818510677891963,0.0,0.10263340389897246,0.0,-11.021898678636331,39054.286103692655
81.59,0.5256583509747431,1.0513167019494862,1.0,0.0,0.9486832980505138,0.0,-100.37,38953.91610369265
83.01,1.0,2.0,1.0,0.0,0.9486832980505138,0.0,-101.79,38852.12610369265
91.0,1.0,2.0,0.0,0.0,0.0,0.0,0.0,38852.12610369265
117.55,1.0,2.0,0.0,-0.0,0.0,-0.0,0.0,38852.12610369265
121.39,0.4729537233052701,0.9459074466105402,0.0,1.0,0.0,1.0540925533894598,118.88,38971.00610369265
120.0,0.0,0.0,0.0,0.8973665961010275,0.0,0.9459074466105402,105.43160137590972,39076.43770506856
110.39,-0.0,-0.0,0.0,-0.0,0.0,-0.0,0.0,39076.43770506856
84.46,-0.0,-0.0,0.0,0.0,0.0,0.0,0.0,39076.43770506856
78.78,0.0,0.0,0.0,0.0,0.0,0.0,0.0,39076.43770506856
68.45,0.05131670194948623,0.10263340389897246,0.10818510677891963,0.0,0.10263340389897246,0.0,-9.43698686432516,39067.00071820423
54.92,0.5256583509747431,1.0513167019494862,1.0,0.0,0.9486832980505138,0.0,-73.7,38993.300718204235
60.46,1.0,2.0,1.0,0.0,0.9486832980505138,0.0,-79.24000000000001,38914.06071820424
74.3,1.0,2.0,0.0,0.0,0.0,0.0,0.0,38914.06071820424
85.0,1.0,2.0,0.0,0.0,0.0,0.0,0.0,38914.06071820424
104.82,1.0,2.0,0.0,-0.0,0.0,-0.0,0.0,38914.06071820424
118.64,0.5270462766947299,1.0540925533894598,0.0,0.8973665961010275,0.0,0.9459074466105402,104.21118280521233,39018.27190100945
147.68,0.0,0.0,0.0,1.0,0.0,1.0540925533894598,145.17000000000002,39163.44190100945
116.5,-0.0,-0.0,0.0,-0.0,0.0,-0.0,0.0,39163.44190100945
111.96,0.0,0.0,0.0,0.0,0.0,0.0,0.0,39163.44190100945
95.7,-0.0,-0.0,0.0,0.0,0.0,0.0,0.0,39163.44190100945
86.07,-0.0,-0.0,0.0,0.0,0.0,0.0,0.0,39163.44190100945
92.5,-0.0,-0.0,0.0,0.0,0.0,0.0,0.0,39163.44190100945
86.56,-0.0,-0.0,0.0,0.0,0.0,0.0,0.0,39163.44190100945
83.28,-0.0,-0.0,0.0,0.0,0.0,0.0,0.0,39163.44190100945
81.51,-0.0,-0.0,0.0,0.0,0.0,0.0,0.0,39163.44190100945
83.39,-0.0,-0.0,0.0,0.0,0.0,0.0,0.0,39163.44190100945
87.41,-0.0,-0.0,0.0,0.0,0.0,0.0,0.0,39163.44190100945
95.02,-0.0,-0.0,0.0,0.0,0.0,0.0,0.0,39163.44190100945
98.09,-0.0,-0.0,0.0,-0.0,0.0,-0.0,0.0,39163.44190100945
89.64,-0.0,-0.0,0.0,0.0,0.0,0.0,0.0,39163.44190100945
78.6,0.0,0.0,0.0,0.0,0.0,0.0,0.0,39163.44190100945
36.46,0.0,0.0,-0.0,0.0,-0.0,0.0,0.0,39163.44190100945
5.23,-0.0,-0.0,0.0,0.0,0.0,0.0,0.0,39163.44190100945
3.7,0.05131670194948623,0.10263340389897246,0.10818510677891963,0.0,0.10263340389897246,0.0,-2.4320012003901135,39161.00989980906
3.25,0.5256583509747431,1.0513167019494862,1.0,0.0,0.9486832980505138,0.0,-22.03,39138.97989980906
2.88,1.0,2.0,1.0,0.0,0.9486832980505138,0.0,-21.66,39117.31989980906
8.62,1.0,2.0,0.0,0.0,0.0,0.0,0.0,39117.31989980906
9.48,1.0,2.0,0.0,0.0,0.0,0.0,0.0,39117.31989980906
73.04,1.0,2.0,0.0,-0.0,0.0,-0.0,0.0,39117.31989980906
94.7,1.0,2.0,0.0,-0.0,0.0,-0.0,0.0,39117.31989980906
115.22,0.5270462766947299,1.0540925533894598,0.0,0.8973665961010275,0.0,0.9459074466105402,101.14218904654682,39218.46208885561
127.06,-0.0,-0.0,0.0,1.0,0.0,1.0540925533894598,124.55,39343.01208885561
110.57,-0.0,-0.0,0.0,0.0,0.0,0.0,0.0,39343.01208885561
99.29,0.0,0.0,0.0,0.0,0.0,0.0,0.0,39343.01208885561
87.8,0.0,0.0,0.0,-0.0,0.0,-0.0,0.0,39343.01208885561
85.46,0.0,0.0,0.0,-0.0,0.0,-0.0,0.0,39343.01208885561
78.91,-0.0,-0.0,0.0,-0.0,0.0,-0.0,0.0,39343.01208885561
67.72,-0.0,-0.0,0.0,0.0,0.0,0.0,0.0,39343.01208885561
64.09,0.0,0.0,0.0,0.0,0.0,0.0,0.0,39343.01208885561
60.93,-0.0,-0.0,0.0,0.0,0.0,0.0,0.0,39343.01208885561
60.79,-0.0,-0.0,0.0,0.0,0.0,0.0,0.0,39343.01208885561
61.12,-0.0,-0.0,0.0,-0.0,0.0,-0.0,0.0,39343.01208885561
54.52,0.0,0.0,0.0,0.0,0.0,0.0,0.0,39343.01208885561
22.3,-0.0,-0.0,0.0,0.0,0.0,0.0,0.0,39343.01208885561
5.2,-0.0,-0.0,0.0,0.0,0.0,0.0,0.0,39343.01208885561
1.94,-0.0,-0.0,0.0,0.0,0.0,0.0,0.0,39343.01208885561
1.64,0.05131670194948623,0.10263340389897246,0.10818510677891963,0.0,0.10263340389897246,0.0,-2.9155886276918834,39340.09650022792
1.83,0.05131670194948623,0.10263340389897246,0.0,0.0,0.0,0.0,0.0,39340.09650022792
1.66,0.05131670194948623,0.10263340389897246,0.0,0.0,0.0,0.0,0.0,39340.09650022792
0.0,0.5256583509747431,1.0513167019494862,1.0,0.0,0.9486832980505138,0.0,-25.31,39314.78650022792
0.0,1.0,2.0,1.0,0.0,0.9486832980505138,0.0,-25.31,39289.476500227924
25.47,1.0,2.0,0.0,0.0,0.0,0.0,0.0,39289.476500227924
79.74,1.0,2.0,0.0,-0.0,0.0,-0.0,0.0,39289.476500227924
116.36,1.0,2.0,0.0,0.0,0.0,0.0,0.0,39289.476500227924
135.1,0.4729537233052701,0.9459074466105402,0.0,1.0,0.0,1.0540925533894598,132.59,39422.06650022792
131.39,-0.0,-0.0,0.0,0.8973665961010275,0.0,0.9459074466105402,115.65260690550042,39537.719107133424
114.15,-0.0,-0.0,0.0,0.0,0.0,0.0,0.0,39537.719107133424
100.86,0.0,0.0,0.0,0.0,0.0,0.0,0.0,39537.719107133424
88.8,-0.0,-0.0,0.0,0.0,0.0,0.0,0.0,39537.719107133424
81.45,-0.0,-0.0,0.0,0.0,0.0,0.0,0.0,39537.719107133424
80.59,-0.0,-0.0,0.0,0.0,0.0,0.0,0.0,39537.719107133424
78.98,0.05131670194948623,0.10263340389897246,0.10818510677891963,0.0,0.10263340389897246,0.0,-10.576176038707183,39527.14293109471
74.94,0.5256583509747431,1.0513167019494862,1.0,0.0,0.9486832980505138,0.0,-93.72,39433.42293109471
74.33,1.0,2.0,1.0,0.0,0.9486832980505138,0.0,-93.11,39340.31293109471
85.76,1.0,2.0,0.0,0.0,0.0,0.0,0.0,39340.31293109471
113.97,1.0,2.0,0.0,0.0,0.0,0.0,0.0,39340.31293109471
123.13,0.4729537233052701,0.9459074466105402,0.0,1.0,0.0,1.0540925533894598,120.61999999999999,39460.932931094714
114.24,-0.0,-0.0,0.0,0.8973665961010275,0.0,0.9459074466105402,100.2627697823678,39561.195700877084
98.19,-0.0,-0.0,0.0,0.0,0.0,0.0,0.0,39561.195700877084
82.0,0.0,0.0,0.0,0.0,0.0,0.0,0.0,39561.195700877084
69.4,-0.0,-0.0,0.0,0.0,0.0,0.0,0.0,39561.195700877084
38.27,0.4743416490252569,0.9486832980505138,1.0,0.0,0.9486832980505138,0.0,-63.58,39497.61570087708
25.03,0.9486832980505138,1.8973665961010275,1.0,0.0,0.9486832980505138,0.0,-50.34,39447.275700877086
42.73,1.0,2.0,0.10818510677891963,0.0,0.10263340389897246,0.0,-7.360914665237691,39439.91478621185
67.76,1.0,2.0,0.0,0.0,0.0,0.0,0.0,39439.91478621185
84.67,1.0,2.0,0.0,-0.0,0.0,-0.0,0.0,39439.91478621185
109.7,1.0,2.0,-0.0,0.0,-0.0,0.0,0.0,39439.91478621185
155.32,1.0,2.0,0.0,-0.0,0.0,-0.0,0.0,39439.91478621185
250.65,0.4729537233052701,0.9459074466105402,0.0,1.0,0.0,1.0540925533894598,248.14000000000001,39688.05478621185
210.56,0.0,0.0,0.0,0.8973665961010275,0.0,0.9459074466105402,186.69712031881878,39874.75190653067
125.2,-0.0,-0.0,0.0,0.0,0.0,0.0,0.0,39874.75190653067
112.4,-0.0,-0.0,0.0,0.0,0.0,0.0,0.0,39874.75190653067
100.53,-0.0,-0.0,0.0,0.0,0.0,0.0,0.0,39874.75190653067
95.01,0.0,0.0,-0.0,0.0,-0.0,0.0,0.0,39874.75190653067
90.11,0.0,0.0,-0.0,0.0,-0.0,0.0,0.0,39874.75190653067
90.84,0.4743416490252569,0.9486832980505138,1.0,0.0,0.9486832980505138,0.0,-109.62,39765.13190653067
92.5,0.9486832980505138,1.8973665961010275,1.0,0.0,0.9486832980505138,0.0,-111.28,39653.85190653067
94.8,1.0,2.0,0.10818510677891963,0.0,0.10263340389897246,0.0,-12.287664427949691,39641.564242102715
106.85,1.0,2.0,0.0,0.0,0.0,0.0,0.0,39641.564242102715
118.47,1.0,2.0,0.0,0.0,0.0,0.0,0.0,39641.564242102715
153.67,0.4729537233052701,0.9459074466105402,0.0,1.0,0.0,1.0540925533894598,151.16,39792.72424210272
147.48,0.0,0.0,0.0,0.8973665961010275,0.0,0.9459074466105402,130.09123543676594,39922.81547753949
121.05,-0.0,-0.0,0.0,-0.0,0.0,-0.0,0.0,39922.81547753949
102.14,-0.0,-0.0,0.0,0.0,0.0,0.0,0.0,39922.81547753949
84.66,0.0,0.0,0.0,0.0,0.0,0.0,0.0,39922.81547753949
78.94,0.4743416490252569,0.9486832980505138,1.0,0.0,0.9486832980505138,0.0,-104.25,39818.56547753949
79.73,0.5256583509747431,1.0513167019494862,0.10818510677891963,0.0,0.10263340389897246,0.0,-11.363763616057717,39807.20171392343
78.54,1.0,2.0,1.0,0.0,0.9486832980505138,0.0,-103.85000000000001,39703.35171392343
84.37,1.0,2.0,-0.0,0.0,-0.0,0.0,0.0,39703.35171392343
95.0,1.0,2.0,0.0,0.0,0.0,0.0,0.0,39703.35171392343
108.97,1.0,2.0,-0.0,0.0,-0.0,0.0,0.0,39703.35171392343
173.16,1.0,2.0,0.0,-0.0,0.0,-0.0,0.0,39703.35171392343
311.51,0.4729537233052701,0.9459074466105402,0.0,1.0,0.0,1.0540925533894598,309.0,40012.35171392343
263.79,0.0,0.0,0.0,0.8973665961010275,0.0,0.9459074466105402,234.4639442292765,40246.81565815271
140.92,-0.0,-0.0,0.0,-0.0,0.0,-0.0,0.0,40246.81565815271
110.47,0.0,0.0,0.0,0.0,0.0,0.0,0.0,40246.81565815271
91.21,-0.0,-0.0,-0.0,0.0,-0.0,0.0,0.0,40246.81565815271
97.25,0.0,0.0,0.0,0.0,0.0,0.0,0.0,40246.81565815271
90.74,-0.0,-0.0,0.0,0.0,0.0,0.0,0.0,40246.81565815271
85.95,-0.0,-0.0,0.0,0.0,0.0,0.0,0.0,40246.81565815271
81.72,-0.0,-0.0,0.0,0.0,0.0,0.0,0.0,40246.81565815271
81.23,-0.0,-0.0,0.0,0.0,0.0,0.0,0.0,40246.81565815271
79.5,-0.0,-0.0,0.0,0.0,0.0,0.0,0.0,40246.81565815271
93.45,-0.0,-0.0,0.0,0.0,0.0,0.0,0.0,40246.81565815271
105.61,0.0,0.0,0.0,-0.0,0.0,-0.0,0.0,40246.81565815271
105.2,0.0,0.0,0.0,-0.0,0.0,-0.0,0.0,40246.81565815271
85.3,0.0,0.0,0.0,-0.0,0.0,-0.0,0.0,40246.81565815271
29.04,-0.0,-0.0,0.0,0.0,0.0,0.0,0.0,40246.81565815271
2.84,-0.0,-0.0,0.0,0.0,0.0,0.0,0.0,40246.81565815271
2.38,-0.0,-0.0,0.0,0.0,0.0,0.0,0.0,40246.81565815271
2.11,0.4743416490252569,0.9486832980505138,1.0,0.0,0.9486832980505138,0.0,-27.419999999999998,40219.39565815271
2.31,0.5256583509747431,1.0513167019494862,0.10818510677891963,0.0,0.10263340389897246,0.0,-2.98807264923376,40216.407585503475
2.02,1.0,2.0,1.0,0.0,0.9486832980505138,0.0,-27.33,40189.07758550347
10.0,1.0,2.0,0.0,0.0,0.0,0.0,0.0,40189.07758550347
63.46,1.0,2.0,0.0,-0.0,0.0,-0.0,0.0,40189.07758550347
80.93,1.0,2.0,0.0,0.0,0.0,0.0,0.0,40189.07758550347
96.31,0.4729537233052701,0.9459074466105402,0.0,1.0,0.0,1.0540925533894598,93.8,40282.87758550348
90.3,0.0,0.0,0.0,0.8973665961010275,0.0,0.9459074466105402,78.7798134717092,40361.657398975185
60.88,-0.0,-0.0,0.0,0.0,0.0,0.0,0.0,40361.657398975185
44.19,0.0,0.0,-0.0,0.0,-0.0,0.0,0.0,40361.657398975185
38.35,0.0,0.0,-0.0,0.0,-0.0,0.0,0.0,40361.657398975185
15.1,-0.0,-0.0,0.0,0.0,0.0,0.0,0.0,40361.657398975185
15.04,0.05131670194948623,0.10263340389897246,0.10818510677891963,0.0,0.10263340389897246,0.0,-4.365269058529407,40357.292129916656
14.88,0.5256583509747431,1.0513167019494862,1.0,0.0,0.9486832980505138,0.0,-33.660000000000004,40323.63212991665
15.09,1.0,2.0,1.0,0.0,0.9486832980505138,0.0,-33.870000000000005,40289.76212991665
24.28,1.0,2.0,-0.0,0.0,-0.0,0.0,0.0,40289.76212991665
44.6,1.0,2.0,0.0,0.0,0.0,0.0,0.0,40289.76212991665
73.09,1.0,2.0,0.0,0.0,0.0,0.0,0.0,40289.76212991665
96.82,0.5270462766947299,1.0540925533894598,0.0,0.8973665961010275,0.0,0.9459074466105402,84.6306436782879,40374.39277359494
98.0,-0.0,-0.0,0.0,1.0,0.0,1.0540925533894598,95.49,40469.88277359494
77.81,0.0,0.0,0.0,0.0,0.0,0.0,0.0,40469.88277359494
41.45,0.0,0.0,0.0,-0.0,0.0,-0.0,0.0,40469.88277359494
5.79,0.05131670194948623,0.10263340389897246,0.10818510677891963,0.0,0.10263340389897246,0.0,-3.3645568208244,40466.518216774115
3.2,0.5256583509747431,1.0513167019494862,1.0,0.0,0.9486832980505138,0.0,-28.509999999999998,40438.00821677411
3.36,1.0,2.0,1.0,0.0,0.9486832980505138,0.0,-28.669999999999998,40409.338216774115
34.89,1.0,2.0,0.0,0.0,0.0,0.0,0.0,40409.338216774115
71.0,1.0,2.0,0.0,-0.0,0.0,-0.0,0.0,40409.338216774115
89.52,1.0,2.0,0.0,-0.0,0.0,-0.0,0.0,40409.338216774115
109.13,1.0,2.0,-0.0,0.0,-0.0,0.0,0.0,40409.338216774115
191.8,1.0,2.0,0.0,0.0,0.0,0.0,0.0,40409.338216774115
350.0,0.4729537233052701,0.9459074466105402,0.0,1.0,0.0,1.0540925533894598,347.49,40756.82821677411
218.82,0.0,0.0,0.0,0.8973665961010275,0.0,0.9459074466105402,194.10936840261326,40950.937585176725
124.93,0.0,0.0,-0.0,0.0,-0.0,0.0,0.0,40950.937585176725
112.14,0.0,0.0,-0.0,0.0,-0.0,0.0,0.0,40950.937585176725
101.3,0.0,0.0,-0.0,0.0,-0.0,0.0,0.0,40950.937585176725
95.25,-0.0,-0.0,0.0,0.0,0.0,0.0,0.0,40950.937585176725
86.1,-0.0,-0.0,0.0,0.0,0.0,0.0,0.0,40950.937585176725
85.26,0.4743416490252569,0.9486832980505138,1.0,0.0,0.9486832980505138,0.0,-104.04,40846.897585176725
85.2,0.9486832980505138,1.8973665961010275,1.0,0.0,0.9486832980505138,0.0,-103.98,40742.91758517672
85.6,1.0,2.0,0.10818510677891963,0.0,0.10263340389897246,0.0,-11.29236144558363,40731.625223731135
97.36,1.0,2.0,0.0,0.0,0.0,0.0,0.0,40731.625223731135
119.16,1.0,2.0,0.0,-0.0,0.0,-0.0,0.0,40731.625223731135
132.13,0.4729537233052701,0.9459074466105402,0.0,1.0,0.0,1.0540925533894598,129.62,40861.24522373114
125.75,0.0,0.0,0.0,0.8973665961010275,0.0,0.9459074466105402,110.59145930349064,40971.83668303463
100.4,-0.0,-0.0,0.0,0.0,0.0,0.0,0.0,40971.83668303463
87.83,-0.0,-0.0,0.0,0.0,0.0,0.0,0.0,40971.83668303463
84.15,-0.0,-0.0,0.0,0.0,0.0,0.0,0.0,40971.83668303463
78.25,-0.0,-0.0,0.0,0.0,0.0,0.0,0.0,40971.83668303463
72.19,0.4743416490252569,0.9486832980505138,1.0,0.0,0.9486832980505138,0.0,-90.97,40880.86668303463
70.17,0.9486832980505138,1.8973665961010275,1.0,0.0,0.9486832980505138,0.0,-88.95,40791.91668303463
77.53,1.0,2.0,0.10818510677891963,0.0,0.10263340389897246,0.0,-10.41930763387775,40781.49737540075
85.0,1.0,2.0,0.0,0.0,0.0,0.0,0.0,40781.49737540075
90.96,1.0,2.0,0.0,0.0,0.0,0.0,0.0,40781.49737540075
108.95,1.0,2.0,-0.0,0.0,-0.0,0.0,0.0,40781.49737540075
154.53,0.4729537233052701,0.9459074466105402,0.0,1.0,0.0,1.0540925533894598,152.02,40933.51737540075
150.75,0.0,0.0,0.0,0.8973665961010275,0.0,0.9459074466105402,133.02562420601632,41066.54299960676
117.1,-0.0,-0.0,0.0,0.0,0.0,0.0,0.0,41066.54299960676
107.71,-0.0,-0.0,0.0,0.0,0.0,0.0,0.0,41066.54299960676
100.7,-0.0,-0.0,0.0,0.0,0.0,0.0,0.0,41066.54299960676
101.21,-0.0,-0.0,0.0,0.0,0.0,0.0,0.0,41066.54299960676
100.59,-0.0,-0.0,0.0,0.0,0.0,0.0,0.0,41066.54299960676
99.57,-0.0,-0.0,0.0,0.0,0.0,0.0,0.0,41066.54299960676
97.84,0.0,0.0,-0.0,0.0,-0.0,0.0,0.0,41066.54299960676
96.96,-0.0,-0.0,0.0,0.0,0.0,0.0,0.0,41066.54299960676
98.01,-0.0,-0.0,0.0,0.0,0.0,0.0,0.0,41066.54299960676
97.87,-0.0,-0.0,0.0,0.0,0.0,0.0,0.0,41066.54299960676
100.91,-0.0,-0.0,0.0,-0.0,0.0,-0.0,0.0,41066.54299960676
95.98,-0.0,-0.0,0.0,0.0,0.0,0.0,0.0,41066.54299960676
79.11,0.0,0.0,0.0,0.0,0.0,0.0,0.0,41066.54299960676
11.35,-0.0,-0.0,0.0,0.0,0.0,0.0,0.0,41066.54299960676
2.08,-0.0,-0.0,0.0,0.0,0.0,0.0,0.0,41066.54299960676
2.06,-0.0,-0.0,0.0,0.0,0.0,0.0,0.0,41066.54299960676
0.26,0.05131670194948623,0.10263340389897246,0.10818510677891963,0.0,0.10263340389897246,0.0,-2.0598444330706296,41064.48315517369
0.0,0.5256583509747431,1.0513167019494862,1.0,0.0,0.9486832980505138,0.0,-18.78,41045.703155173695
-0.01,1.0,2.0,1.0,0.0,0.9486832980505138,0.0,-18.77,41026.9331551737
40.99,1.0,2.0,0.0,-0.0,0.0,-0.0,0.0,41026.9331551737
87.6,1.0,2.0,0.0,-0.0,0.0,-0.0,0.0,41026.9331551737
116.47,1.0,2.0,0.0,-0.0,0.0,-0.0,0.0,41026.9331551737
158.39,0.4729537233052701,0.9459074466105402,0.0,1.0,0.0,1.0540925533894598,155.88,41182.813155173695
139.54,0.0,0.0,0.0,0.8973665961010275,0.0,0.9459074466105402,122.9661446637238,41305.77929983742
109.95,-0.0,-0.0,0.0,-0.0,0.0,-0.0,0.0,41305.77929983742
92.95,-0.0,-0.0,0.0,0.0,0.0,0.0,0.0,41305.77929983742
82.56,-0.0,-0.0,0.0,0.0,0.0,0.0,0.0,41305.77929983742
89.72,0.0,0.0,0.0,0.0,0.0,0.0,0.0,41305.77929983742
85.02,0.0,0.0,0.0,-0.0,0.0,-0.0,0.0,41305.77929983742
80.77,0.0,0.0,0.0,-0.0,0.0,-0.0,0.0,41305.77929983742
78.04,0.0,0.0,0.0,-0.0,0.0,-0.0,0.0,41305.77929983742
77.57,-0.0,-0.0,0.0,0.0,0.0,0.0,0.0,41305.77929983742
77.44,-0.0,-0.0,0.0,0.0,0.0,0.0,0.0,41305.77929983742
78.04,0.0,0.0,0.0,-0.0,0.0,-0.0,0.0,41305.77929983742
55.48,0.0,0.0,0.0,-0.0,0.0,-0.0,0.0,41305.77929983742
0.0,0.0,0.0,0.0,0.0,0.0,0.0,0.0,41305.77929983742
-0.09,0.0,0.0,0.0,0.0,0.0,0.0,-0.0,41305.77929983742
-0.01,0.0,0.0,0.0,0.0,0.0,0.0,-0.0,41305.77929983742
-8.96,0.0,0.0,0.0,0.0,0.0,0.0,-0.0,41305.77929983742
-25.32,0.05131670194948623,0.10263340389897246,0.10818510677891963,0.0,0.10263340389897246,0.0,0.0010818510677896853,41305.78038168849
-34.04,0.5256583509747431,1.0513167019494862,1.0,0.0,0.9486832980505138,0.0,8.73,41314.510381688495
-31.79,1.0,2.0,1.0,0.0,0.9486832980505138,0.0,6.48,41320.9903816885
-12.1,1.0,2.0,0.0,0.0,0.0,0.0,-0.0,41320.9903816885
1.66,1.0,2.0,0.0,0.0,0.0,0.0,0.0,41320.9903816885
3.36,1.0,2.0,0.0,-0.0,0.0,-0.0,0.0,41320.9903816885
92.56,1.0,2.0,0.0,0.0,0.0,0.0,0.0,41320.9903816885
108.11,0.4729537233052701,0.9459074466105402,0.0,1.0,0.0,1.0540925533894598,105.6,41426.5903816885
96.25,0.4729537233052701,0.9459074466105402,0.0,0.0,0.0,0.0,0.0,41426.5903816885
86.02,0.4729537233052701,0.9459074466105402,0.0,0.0,0.0,0.0,0.0,41426.5903816885
85.01,0.4729537233052701,0.9459074466105402,0.0,0.0,0.0,0.0,0.0,41426.5903816885
82.57,0.4729537233052701,0.9459074466105402,0.0,0.0,0.0,0.0,0.0,41426.5903816885
69.2,0.4729537233052701,0.9459074466105402,0.0,0.0,0.0,0.0,0.0,41426.5903816885
69.04,0.4729537233052701,0.9459074466105402,0.0,0.0,0.0,0.0,0.0,41426.5903816885
70.48,0.5256583509747431,1.0513167019494862,0.11111111111111122,0.0,0.10540925533894607,0.0,-9.917777777777788,41416.672603910716
70.41,1.0,2.0,1.0,0.0,0.9486832980505138,0.0,-89.19,41327.482603910714
72.45,1.0,2.0,0.0,0.0,0.0,0.0,0.0,41327.482603910714
74.94,1.0,2.0,0.0,0.0,0.0,0.0,0.0,41327.482603910714
94.29,1.0,2.0,0.0,0.0,0.0,0.0,0.0,41327.482603910714
106.49,0.5270462766947299,1.0540925533894598,0.0,0.8973665961010275,0.0,0.9459074466105402,93.30817866258484,41420.7907825733
113.55,0.0,0.0,0.0,1.0,0.0,1.0540925533894598,111.03999999999999,41531.8307825733
101.85,-0.0,-0.0,0.0,0.0,0.0,0.0,0.0,41531.8307825733
85.83,-0.0,-0.0,0.0,0.0,0.0,0.0,0.0,41531.8307825733
73.91,-0.0,-0.0,0.0,0.0,0.0,0.0,0.0,41531.8307825733
63.62,0.4743416490252569,0.9486832980505138,1.0,0.0,0.9486832980505138,0.0,-88.92999999999999,41442.9007825733
58.02,0.9486832980505138,1.8973665961010275,1.0,0.0,0.9486832980505138,0.0,-83.33,41359.5707825733
65.61,1.0,2.0,0.10818510677891963,0.0,0.10263340389897246,0.0,-9.836189908339371,41349.73459266496
72.16,1.0,2.0,0.0,0.0,0.0,0.0,0.0,41349.73459266496
90.08,1.0,2.0,0.0,0.0,0.0,0.0,0.0,41349.73459266496
124.28,1.0,2.0,-0.0,0.0,-0.0,0.0,0.0,41349.73459266496
196.61,1.0,2.0,0.0,-0.0,0.0,-0.0,0.0,41349.73459266496
413.66,0.4729537233052701,0.9459074466105402,0.0,1.0,0.0,1.0540925533894598,411.15000000000003,41760.88459266496
308.52,0.0,0.0,0.0,0.8973665961010275,0.0,0.9459074466105402,274.60315207287545,42035.48774473783
152.0,-0.0,-0.0,0.0,-0.0,0.0,-0.0,0.0,42035.48774473783
123.93,-0.0,-0.0,0.0,0.0,0.0,0.0,0.0,42035.48774473783
113.12,-0.0,-0.0,0.0,0.0,0.0,0.0,0.0,42035.48774473783
114.52,-0.0,-0.0,0.0,0.0,0.0,0.0,0.0,42035.48774473783
112.46,0.0,0.0,0.0,0.0,0.0,0.0,0.0,42035.48774473783
110.35,0.05131670194948623,0.10263340389897246,0.10818510677891963,0.0,0.10263340389897246,0.0,-13.969942838361892,42021.51780189947
109.8,0.5256583509747431,1.0513167019494862,1.0,0.0,0.9486832980505138,0.0,-128.57999999999998,41892.93780189947
109.99,1.0,2.0,1.0,0.0,0.9486832980505138,0.0,-128.76999999999998,41764.16780189947
118.18,1.0,2.0,-0.0,0.0,-0.0,0.0,0.0,41764.16780189947
182.39,1.0,2.0,0.0,-0.0,0.0,-0.0,0.0,41764.16780189947
293.5,0.4729537233052701,0.9459074466105402,0.0,1.0,0.0,1.0540925533894598,290.99,42055.15780189947
196.98,0.0,0.0,0.0,0.8973665961010275,0.0,0.9459074466105402,174.5108819437668,42229.668683843236
127.59,0.0,0.0,-0.0,0.0,-0.0,0.0,0.0,42229.668683843236
101.73,-0.0,-0.0,0.0,0.0,0.0,0.0,0.0,42229.668683843236
98.92,-0.0,-0.0,0.0,0.0,0.0,0.0,0.0,42229.668683843236
85.68,0.05131670194948623,0.10263340389897246,0.10818510677891963,0.0,0.10263340389897246,0.0,-12.00746500139229,42217.661218841844
83.23,0.5256583509747431,1.0513167019494862,1.0,0.0,0.9486832980505138,0.0,-108.54,42109.12121884184
82.94,1.0,2.0,1.0,0.0,0.9486832980505138,0.0,-108.25,42000.87121884184
89.6,1.0,2.0,0.0,0.0,0.0,0.0,0.0,42000.87121884184
99.96,1.0,2.0,-0.0,0.0,-0.0,0.0,0.0,42000.87121884184
127.41,1.0,2.0,0.0,0.0,0.0,0.0,0.0,42000.87121884184
192.68,1.0,2.0,0.0,0.0,0.0,0.0,0.0,42000.87121884184
386.4,0.4729537233052701,0.9459074466105402,0.0,1.0,0.0,1.0540925533894598,383.89,42384.76121884184
215.59,0.0,0.0,0.0,0.8973665961010275,0.0,0.9459074466105402,191.21087429720694,42575.97209313905
132.37,-0.0,-0.0,0.0,0.0,0.0,0.0,0.0,42575.97209313905
113.71,-0.0,-0.0,0.0,0.0,0.0,0.0,0.0,42575.97209313905
106.0,-0.0,-0.0,0.0,0.0,0.0,0.0,0.0,42575.97209313905
100.72,-0.0,-0.0,-0.0,0.0,-0.0,0.0,0.0,42575.97209313905
101.16,0.0,0.0,0.0,0.0,0.0,0.0,0.0,42575.97209313905
98.48,0.4743416490252569,0.9486832980505138,1.0,0.0,0.9486832980505138,0.0,-117.26,42458.712093139045
99.17,0.9486832980505138,1.8973665961010275,1.0,0.0,0.9486832980505138,0.0,-117.95,42340.76209313905
100.14,1.0,2.0,0.10818510677891963,0.0,0.10263340389897246,0.0,-12.865372898149122,42327.8967202409
107.64,1.0,2.0,0.0,0.0,0.0,0.0,0.0,42327.8967202409
131.04,1.0,2.0,0.0,0.0,0.0,0.0,0.0,42327.8967202409
218.81,0.4729537233052701,0.9459074466105402,0.0,1.0,0.0,1.0540925533894598,216.3,42544.1967202409
171.92,0.0,0.0,0.0,0.8973665961010275,0.0,0.9459074466105402,152.02287504547508,42696.21959528638
125.9,-0.0,-0.0,0.0,-0.0,0.0,-0.0,0.0,42696.21959528638
107.33,-0.0,-0.0,0.0,0.0,0.0,0.0,0.0,42696.21959528638
97.2,0.0,0.0,0.0,0.0,0.0,0.0,0.0,42696.21959528638
80.3,0.4743416490252569,0.9486832980505138,1.0,0.0,0.9486832980505138,0.0,-105.61,42590.609595286376
78.0,0.9486832980505138,1.8973665961010275,1.0,0.0,0.9486832980505138,0.0,-103.31,42487.29959528638
82.1,1.0,2.0,0.10818510677891963,0.0,0.10263340389897246,0.0,-11.620162319123756,42475.679432967256
83.2,1.0,2.0,-0.0,0.0,-0.0,0.0,0.0,42475.679432967256
96.71,1.0,2.0,0.0,0.0,0.0,0.0,0.0,42475.679432967256
123.66,1.0,2.0,0.0,-0.0,0.0,-0.0,0.0,42475.679432967256
170.59,0.5270462766947299,1.0540925533894598,0.0,0.8973665961010275,0.0,0.9459074466105402,150.82937747266072,42626.50881043992
275.19,-0.0,-0.0,0.0,1.0,0.0,1.0540925533894598,272.68,42899.18881043992
169.07,0.0,0.0,0.0,0.0,0.0,0.0,0.0,42899.18881043992
122.94,-0.0,-0.0,0.0,0.0,0.0,0.0,0.0,42899.18881043992
101.58,0.0,0.0,-0.0,0.0,-0.0,0.0,0.0,42899.18881043992
87.63,0.0,0.0,-0.0,0.0,-0.0,0.0,0.0,42899.18881043992
82.57,0.0,0.0,-0.0,0.0,-0.0,0.0,0.0,42899.18881043992
79.24,-0.0,-0.0,0.0,0.0,0.0,0.0,0.0,42899.18881043992
71.54,-0.0,-0.0,0.0,0.0,0.0,0.0,0.0,42899.18881043992
65.23,-0.0,-0.0,0.0,0.0,0.0,0.0,0.0,42899.18881043992
65.17,-0.0,-0.0,0.0,0.0,0.0,0.0,0.0,42899.18881043992
66.6,-0.0,-0.0,0.0,0.0,0.0,0.0,0.0,42899.18881043992
85.87,-0.0,-0.0,0.0,0.0,0.0,0.0,0.0,42899.18881043992
85.8,-0.0,-0.0,0.0,0.0,0.0,0.0,0.0,42899.18881043992
87.0,-0.0,-0.0,0.0,-0.0,0.0,-0.0,0.0,42899.18881043992
63.63,0.0,0.0,0.0,0.0,0.0,0.0,0.0,42899.18881043992
41.09,0.0,0.0,-0.0,0.0,-0.0,0.0,0.0,42899.18881043992
8.23,-0.0,-0.0,0.0,0.0,0.0,0.0,0.0,42899.18881043992
4.08,0.05131670194948623,0.10263340389897246,0.10818510677891963,0.0,0.10263340389897246,0.0,-3.1795602882324476,42896.009250151685
2.97,0.5256583509747431,1.0513167019494862,1.0,0.0,0.9486832980505138,0.0,-28.279999999999998,42867.729250151686
4.25,0.5256583509747431,1.0513167019494862,0.0,0.0,0.0,0.0,0.0,42867.729250151686
2.82,1.0,2.0,1.0,0.0,0.9486832980505138,0.0,-28.13,42839.59925015169
8.96,1.0,2.0,0.0,0.0,0.0,0.0,0.0,42839.59925015169
68.0,1.0,2.0,0.0,-0.0,0.0,-0.0,0.0,42839.59925015169
106.68,1.0,2.0,0.0,0.0,0.0,0.0,0.0,42839.59925015169
128.0,0.4729537233052701,0.9459074466105402,0.0,1.0,0.0,1.0540925533894598,125.49,42965.08925015169
123.02,-0.0,-0.0,0.0,0.8973665961010275,0.0,0.9459074466105402,108.14164849613482,43073.230898647824
103.19,0.0,0.0,0.0,0.0,0.0,0.0,0.0,43073.230898647824
81.2,0.0,0.0,0.0,-0.0,0.0,-0.0,0.0,43073.230898647824
63.89,0.0,0.0,0.0,-0.0,0.0,-0.0,0.0,43073.230898647824
18.19,-0.0,-0.0,0.0,0.0,0.0,0.0,0.0,43073.230898647824
18.04,-0.0,-0.0,0.0,0.0,0.0,0.0,0.0,43073.230898647824
15.19,0.0,0.0,-0.0,0.0,-0.0,0.0,0.0,43073.230898647824
11.13,0.4743416490252569,0.9486832980505138,1.0,0.0,0.9486832980505138,0.0,-29.910000000000004,43043.32089864782
13.14,0.5256583509747431,1.0513167019494862,0.10818510677891963,0.0,0.10263340389897246,0.0,-3.4532686083831146,43039.867630039436
13.07,1.0,2.0,1.0,0.0,0.9486832980505138,0.0,-31.85,43008.01763003944
30.1,1.0,2.0,0.0,0.0,0.0,0.0,0.0,43008.01763003944
60.0,0.5270462766947299,1.0540925533894598,0.0,0.8973665961010275,0.0,0.9459074466105402,51.58960560984807,43059.60723564929
71.2,-0.0,-0.0,0.0,1.0,0.0,1.0540925533894598,68.69,43128.29723564929
44.42,0.0,0.0,0.0,0.0,0.0,0.0,0.0,43128.29723564929
2.33,-0.0,-0.0,0.0,0.0,0.0,0.0,0.0,43128.29723564929
0.0,-0.0,-0.0,0.0,0.0,0.0,0.0,0.0,43128.29723564929
-1.83,0.05131670194948623,0.10263340389897246,0.10818510677891963,0.0,0.10263340389897246,0.0,-1.8337375599026877,43126.46349808939
-4.06,0.5256583509747431,1.0513167019494862,1.0,0.0,0.9486832980505138,0.0,-14.720000000000002,43111.74349808939
-2.01,1.0,2.0,1.0,0.0,0.9486832980505138,0.0,-16.770000000000003,43094.97349808939
-0.96,1.0,2.0,0.0,0.0,0.0,0.0,-0.0,43094.97349808939
-0.01,1.0,2.0,0.0,0.0,0.0,0.0,-0.0,43094.97349808939
51.63,1.0,2.0,0.0,-0.0,0.0,-0.0,0.0,43094.97349808939
90.89,1.0,2.0,0.0,0.0,0.0,0.0,0.0,43094.97349808939
120.0,0.5270462766947299,1.0540925533894598,0.0,0.8973665961010275,0.0,0.9459074466105402,105.43160137590972,43200.4050994653
123.8,-0.0,-0.0,0.0,1.0,0.0,1.0540925533894598,121.28999999999999,43321.6950994653
102.99,0.0,0.0,0.0,0.0,0.0,0.0,0.0,43321.6950994653
89.5,0.0,0.0,0.0,-0.0,0.0,-0.0,0.0,43321.6950994653
72.26,0.0,0.0,0.0,-0.0,0.0,-0.0,0.0,43321.6950994653
46.84,0.0,0.0,0.0,-0.0,0.0,-0.0,0.0,43321.6950994653
34.5,-0.0,-0.0,0.0,0.0,0.0,0.0,0.0,43321.6950994653
24.4,-0.0,-0.0,0.0,0.0,0.0,0.0,0.0,43321.6950994653
19.65,-0.0,-0.0,0.0,0.0,0.0,0.0,0.0,43321.6950994653
19.71,-0.0,-0.0,0.0,0.0,0.0,0.0,0.0,43321.6950994653
18.99,-0.0,-0.0,0.0,0.0,0.0,0.0,0.0,43321.6950994653
21.09,-0.0,-0.0,0.0,0.0,0.0,0.0,0.0,43321.6950994653
36.55,-0.0,-0.0,0.0,0.0,0.0,0.0,0.0,43321.6950994653
39.0,0.0,0.0,0.0,-0.0,0.0,-0.0,0.0,43321.6950994653
37.0,0.0,0.0,0.0,-0.0,0.0,-0.0,0.0,43321.6950994653
14.3,-0.0,-0.0,0.0,0.0,0.0,0.0,0.0,43321.6950994653
2.37,-0.0,-0.0,0.0,0.0,0.0,0.0,0.0,43321.6950994653
1.36,0.05131670194948623,0.10263340389897246,0.10818510677891963,0.0,0.10263340389897246,0.0,-2.1788480505274412,43319.516251414774
1.32,0.5256583509747431,1.0513167019494862,1.0,0.0,0.9486832980505138,0.0,-20.1,43299.416251414776
1.37,0.5256583509747431,1.0513167019494862,0.0,0.0,0.0,0.0,0.0,43299.416251414776
0.0,1.0,2.0,1.0,0.0,0.9486832980505138,0.0,-18.78,43280.63625141478
3.88,1.0,2.0,0.0,0.0,0.0,0.0,0.0,43280.63625141478
63.0,1.0,2.0,0.0,-0.0,0.0,-0.0,0.0,43280.63625141478
97.51,1.0,2.0,0.0,-0.0,0.0,-0.0,0.0,43280.63625141478
116.93,0.5270462766947299,1.0540925533894598,0.0,0.8973665961010275,0.0,0.9459074466105402,102.67668592587958,43383.312937340655
118.77,0.0,0.0,0.0,1.0,0.0,1.0540925533894598,116.25999999999999,43499.57293734066
111.17,-0.0,-0.0,0.0,-0.0,0.0,-0.0,0.0,43499.57293734066
100.0,-0.0,-0.0,0.0,0.0,0.0,0.0,0.0,43499.57293734066
87.18,-0.0,-0.0,0.0,0.0,0.0,0.0,0.0,43499.57293734066
85.69,0.0,0.0,0.0,0.0,0.0,0.0,0.0,43499.57293734066
77.57,-0.0,-0.0,-0.0,0.0,-0.0,0.0,0.0,43499.57293734066
80.61,-0.0,-0.0,0.0,0.0,0.0,0.0,0.0,43499.57293734066
85.93,-0.0,-0.0,0.0,0.0,0.0,0.0,0.0,43499.57293734066
93.77,-0.0,-0.0,0.0,0.0,0.0,0.0,0.0,43499.57293734066
99.82,0.0,0.0,0.0,0.0,0.0,0.0,0.0,43499.57293734066
100.75,-0.0,-0.0,0.0,0.0,0.0,0.0,0.0,43499.57293734066
105.36,-0.0,-0.0,0.0,0.0,0.0,0.0,0.0,43499.57293734066
108.48,0.0,0.0,0.0,-0.0,0.0,-0.0,0.0,43499.57293734066
87.78,0.0,0.0,0.0,-0.0,0.0,-0.0,0.0,43499.57293734066
61.68,0.0,0.0,0.0,-0.0,0.0,-0.0,0.0,43499.57293734066
17.58,-0.0,-0.0,0.0,0.0,0.0,0.0,0.0,43499.57293734066
6.52,0.0,0.0,-0.0,0.0,-0.0,0.0,0.0,43499.57293734066
0.01,0.05131670194948623,0.10263340389897246,0.10818510677891963,0.0,0.10263340389897246,0.0,-2.7392469036422447,43496.833690437015
0.0,0.5256583509747431,1.0513167019494862,1.0,0.0,0.9486832980505138,0.0,-25.31,43471.52369043702
0.0,1.0,2.0,1.0,0.0,0.9486832980505138,0.0,-25.31,43446.21369043702
19.33,1.0,2.0,-0.0,0.0,-0.0,0.0,0.0,43446.21369043702
98.2,1.0,2.0,0.0,0.0,0.0,0.0,0.0,43446.21369043702
124.34,0.5270462766947299,1.0540925533894598,0.0,0.8973665961010275,0.0,0.9459074466105402,109.32617240298819,43555.53986284001
142.02,-0.0,-0.0,0.0,1.0,0.0,1.0540925533894598,139.51000000000002,43695.04986284001
123.22,0.0,0.0,0.0,0.0,0.0,0.0,0.0,43695.04986284001
89.67,-0.0,-0.0,0.0,-0.0,0.0,-0.0,0.0,43695.04986284001
71.64,0.0,0.0,0.0,0.0,0.0,0.0,0.0,43695.04986284001
14.27,-0.0,-0.0,-0.0,0.0,-0.0,0.0,0.0,43695.04986284001
15.81,0.0,0.0,0.0,0.0,0.0,0.0,0.0,43695.04986284001
3.87,-0.0,-0.0,0.0,0.0,0.0,0.0,0.0,43695.04986284001
1.39,-0.0,-0.0,0.0,0.0,0.0,0.0,0.0,43695.04986284001
0.01,-0.0,-0.0,0.0,0.0,0.0,0.0,0.0,43695.04986284001
0.0,0.052704627669473036,0.10540925533894607,0.11111111111111122,0.0,0.10540925533894607,0.0,-2.0866666666666687,43692.96319617334
0.9,0.052704627669473036,0.10540925533894607,0.0,0.0,0.0,0.0,0.0,43692.96319617334
-0.06,0.5270462766947299,1.0540925533894598,1.0,0.0,0.9486832980505138,0.0,-18.720000000000002,43674.24319617334
0.0,0.5270462766947299,1.0540925533894598,0.0,0.0,0.0,0.0,0.0,43674.24319617334
3.34,0.5270462766947299,1.0540925533894598,0.0,0.0,0.0,0.0,0.0,43674.24319617334
2.34,0.5270462766947299,1.0540925533894598,0.0,0.0,0.0,0.0,0.0,43674.24319617334
4.28,0.5270462766947299,1.0540925533894598,0.0,0.0,0.0,0.0,0.0,43674.24319617334
0.42,0.5270462766947299,1.0540925533894598,0.0,0.0,0.0,0.0,0.0,43674.24319617334
0.0,0.5270462766947299,1.0540925533894598,0.0,0.0,0.0,0.0,0.0,43674.24319617334
-0.01,0.5270462766947299,1.0540925533894598,0.0,0.0,0.0,0.0,-0.0,43674.24319617334
-0.01,0.5270462766947299,1.0540925533894598,0.0,0.0,0.0,0.0,-0.0,43674.24319617334
-0.07,0.5270462766947299,1.0540925533894598,0.0,0.0,0.0,0.0,-0.0,43674.24319617334
0.0,0.5270462766947299,1.0540925533894598,0.0,0.0,0.0,0.0,0.0,43674.24319617334
1.74,0.5270462766947299,1.0540925533894598,0.0,0.0,0.0,0.0,0.0,43674.24319617334
3.9,0.5270462766947299,1.0540925533894598,0.0,0.0,0.0,0.0,0.0,43674.24319617334
25.58,-0.0,-0.0,0.0,1.0,0.0,1.0540925533894598,23.07,43697.31319617334
4.01,-0.0,-0.0,0.0,0.0,0.0,0.0,0.0,43697.31319617334
2.84,-0.0,-0.0,0.0,0.0,0.0,0.0,0.0,43697.31319617334
2.91,-0.0,-0.0,0.0,0.0,0.0,0.0,0.0,43697.31319617334
0.06,-0.0,-0.0,0.0,0.0,0.0,0.0,0.0,43697.31319617334
1.64,-0.0,-0.0,0.0,0.0,0.0,0.0,0.0,43697.31319617334
-0.05,0.0,0.0,0.0,0.0,0.0,0.0,-0.0,43697.31319617334
-0.11,0.4743416490252569,0.9486832980505138,1.0,0.0,0.9486832980505138,0.0,-18.67,43678.64319617334
-0.56,0.9486832980505138,1.8973665961010275,1.0,0.0,0.9486832980505138,0.0,-18.220000000000002,43660.42319617334
0.0,1.0,2.0,0.10818510677891963,0.0,0.10263340389897246,0.0,-2.0317163053081106,43658.39147986803
0.19,1.0,2.0,0.0,0.0,0.0,0.0,0.0,43658.39147986803
2.32,1.0,2.0,0.0,0.0,0.0,0.0,0.0,43658.39147986803
18.68,1.0,2.0,0.0,0.0,0.0,0.0,0.0,43658.39147986803
24.0,1.0,2.0,0.0,-0.0,0.0,-0.0,0.0,43658.39147986803
10.0,1.0,2.0,0.0,0.0,0.0,0.0,0.0,43658.39147986803
2.85,1.0,2.0,0.0,0.0,0.0,0.0,0.0,43658.39147986803
1.27,1.0,2.0,0.0,0.0,0.0,0.0,0.0,43658.39147986803
0.13,1.0,2.0,0.0,0.0,0.0,0.0,0.0,43658.39147986803
0.65,1.0,2.0,0.0,0.0,0.0,0.0,0.0,43658.39147986803
1.69,1.0,2.0,0.0,0.0,0.0,0.0,0.0,43658.39147986803
0.77,1.0,2.0,0.0,0.0,0.0,0.0,0.0,43658.39147986803
1.67,1.0,2.0,0.0,0.0,0.0,0.0,0.0,43658.39147986803
2.84,1.0,2.0,0.0,0.0,0.0,0.0,0.0,43658.39147986803
4.46,1.0,2.0,0.0,0.0,0.0,0.0,0.0,43658.39147986803
6.7,1.0,2.0,0.0,0.0,0.0,0.0,0.0,43658.39147986803
5.74,1.0,2.0,0.0,0.0,0.0,0.0,0.0,43658.39147986803
2.9,1.0,2.0,0.0,0.0,0.0,0.0,0.0,43658.39147986803
4.14,1.0,2.0,0.0,0.0,0.0,0.0,0.0,43658.39147986803
4.0,1.0,2.0,0.0,0.0,0.0,0.0,0.0,43658.39147986803
2.37,1.0,2.0,0.0,0.0,0.0,0.0,0.0,43658.39147986803
3.02,1.0,2.0,0.0,0.0,0.0,0.0,0.0,43658.39147986803
3.07,1.0,2.0,0.0,0.0,0.0,0.0,0.0,43658.39147986803
3.07,1.0,2.0,0.0,0.0,0.0,0.0,0.0,43658.39147986803
3.09,1.0,2.0,0.0,0.0,0.0,0.0,0.0,43658.39147986803
4.13,1.0,2.0,-0.0,0.0,-0.0,0.0,0.0,43658.39147986803
10.0,1.0,2.0,0.0,0.0,0.0,0.0,0.0,43658.39147986803
59.89,0.4729537233052701,0.9459074466105402,0.0,1.0,0.0,1.0540925533894598,57.38,43715.771479868024
52.35,0.0,0.0,0.0,0.8973665961010275,0.0,0.9459074466105402,44.724751149675214,43760.4962310177
4.29,-0.0,-0.0,0.0,0.0,0.0,0.0,0.0,43760.4962310177
4.1,0.4743416490252569,0.9486832980505138,1.0,0.0,0.9486832980505138,0.0,-29.409999999999997,43731.086231017696
4.12,0.9486832980505138,1.8973665961010275,1.0,0.0,0.9486832980505138,0.0,-29.43,43701.656231017696
9.1,0.9486832980505138,1.8973665961010275,0.0,0.0,0.0,0.0,0.0,43701.656231017696
4.29,1.0,2.0,0.10818510677891963,0.0,0.10263340389897246,0.0,-3.202279160656021,43698.45395185704
5.63,1.0,2.0,0.0,0.0,0.0,0.0,0.0,43698.45395185704
7.12,1.0,2.0,0.0,0.0,0.0,0.0,0.0,43698.45395185704
6.69,1.0,2.0,0.0,0.0,0.0,0.0,0.0,43698.45395185704
50.0,1.0,2.0,0.0,-0.0,0.0,-0.0,0.0,43698.45395185704
92.77,1.0,2.0,0.0,-0.0,0.0,-0.0,0.0,43698.45395185704
116.21,0.4729537233052701,0.9459074466105402,0.0,1.0,0.0,1.0540925533894598,113.69999999999999,43812.153951857035
110.79,-0.0,-0.0,0.0,0.8973665961010275,0.0,0.9459074466105402,97.16685502581927,43909.32080688285
90.82,-0.0,-0.0,0.0,0.0,0.0,0.0,0.0,43909.32080688285
76.2,0.0,0.0,0.0,0.0,0.0,0.0,0.0,43909.32080688285
60.0,0.0,0.0,0.0,-0.0,0.0,-0.0,0.0,43909.32080688285
34.51,-0.0,-0.0,0.0,0.0,0.0,0.0,0.0,43909.32080688285
27.7,-0.0,-0.0,0.0,0.0,0.0,0.0,0.0,43909.32080688285
19.48,-0.0,-0.0,0.0,0.0,0.0,0.0,0.0,43909.32080688285
14.42,0.05131670194948623,0.10263340389897246,0.10818510677891963,0.0,0.10263340389897246,0.0,-3.5917455450601317,43905.72906133779
9.08,0.5256583509747431,1.0513167019494862,1.0,0.0,0.9486832980505138,0.0,-27.86,43877.86906133779
9.1,1.0,2.0,1.0,0.0,0.9486832980505138,0.0,-27.880000000000003,43849.989061337794
45.06,1.0,2.0,0.0,-0.0,0.0,-0.0,0.0,43849.989061337794
80.2,0.5270462766947299,1.0540925533894598,0.0,0.8973665961010275,0.0,0.9459074466105402,69.71641085108884,43919.705472188885
92.0,0.0,0.0,0.0,1.0,0.0,1.0540925533894598,89.49,44009.19547218888
72.94,0.0,0.0,0.0,-0.0,0.0,-0.0,0.0,44009.19547218888
52.24,0.0,0.0,0.0,-0.0,0.0,-0.0,0.0,44009.19547218888
5.89,-0.0,-0.0,0.0,0.0,0.0,0.0,0.0,44009.19547218888
2.36,0.0,0.0,-0.0,0.0,-0.0,0.0,0.0,44009.19547218888
2.22,0.4743416490252569,0.9486832980505138,1.0,0.0,0.9486832980505138,0.0,-27.529999999999998,43981.665472188884
2.0,0.9486832980505138,1.8973665961010275,1.0,0.0,0.9486832980505138,0.0,-27.31,43954.35547218889
2.34,1.0,2.0,0.10818510677891963,0.0,0.10263340389897246,0.0,-2.991318202437127,43951.36415398645
15.31,1.0,2.0,0.0,0.0,0.0,0.0,0.0,43951.36415398645
49.9,1.0,2.0,0.0,0.0,0.0,0.0,0.0,43951.36415398645
79.24,0.5270462766947299,1.0540925533894598,0.0,0.8973665961010275,0.0,0.9459074466105402,68.85493891883183,44020.21909290528
98.46,0.0,0.0,0.0,1.0,0.0,1.0540925533894598,95.94999999999999,44116.16909290528
15.0,-0.0,-0.0,0.0,0.0,0.0,0.0,0.0,44116.16909290528
9.05,-0.0,-0.0,0.0,0.0,0.0,0.0,0.0,44116.16909290528
5.73,-0.0,-0.0,0.0,0.0,0.0,0.0,0.0,44116.16909290528
4.0,-0.0,-0.0,0.0,0.0,0.0,0.0,0.0,44116.16909290528
1.68,-0.0,-0.0,-0.0,0.0,-0.0,0.0,0.0,44116.16909290528
6.84,0.0,0.0,0.0,0.0,0.0,0.0,0.0,44116.16909290528
3.6,0.4743416490252569,0.9486832980505138,1.0,0.0,0.9486832980505138,0.0,-22.380000000000003,44093.78909290528
6.39,0.9486832980505138,1.8973665961010275,1.0,0.0,0.9486832980505138,0.0,-25.17,44068.61909290528
8.19,1.0,2.0,0.10818510677891963,0.0,0.10263340389897246,0.0,-2.9177523298274624,44065.701340575455
34.03,1.0,2.0,-0.0,0.0,-0.0,0.0,0.0,44065.701340575455
56.0,1.0,2.0,-0.0,0.0,-0.0,0.0,0.0,44065.701340575455
89.0,1.0,2.0,0.0,-0.0,0.0,-0.0,0.0,44065.701340575455
103.97,0.4729537233052701,0.9459074466105402,0.0,1.0,0.0,1.0540925533894598,101.46,44167.161340575454
95.18,0.0,0.0,0.0,0.8973665961010275,0.0,0.9459074466105402,83.15896246068223,44250.32030303613
53.7,0.0,0.0,-0.0,0.0,-0.0,0.0,0.0,44250.32030303613
13.03,-0.0,-0.0,0.0,0.0,0.0,0.0,0.0,44250.32030303613
2.36,0.4743416490252569,0.9486832980505138,1.0,0.0,0.9486832980505138,0.0,-21.14,44229.18030303613
2.43,0.5256583509747431,1.0513167019494862,0.10818510677891963,0.0,0.10263340389897246,0.0,-2.294606114780885,44226.88569692135
2.18,1.0,2.0,1.0,0.0,0.9486832980505138,0.0,-20.96,44205.92569692135
11.97,1.0,2.0,0.0,0.0,0.0,0.0,0.0,44205.92569692135
49.84,1.0,2.0,0.0,-0.0,0.0,-0.0,0.0,44205.92569692135
84.78,1.0,2.0,-0.0,0.0,-0.0,0.0,0.0,44205.92569692135
103.0,1.0,2.0,0.0,0.0,0.0,0.0,0.0,44205.92569692135
141.4,0.5270462766947299,1.0540925533894598,0.0,0.8973665961010275,0.0,0.9459074466105402,124.63524653247173,44330.56094345383
142.7,-0.0,-0.0,0.0,1.0,0.0,1.0540925533894598,140.19,44470.75094345383
111.82,0.0,0.0,0.0,0.0,0.0,0.0,0.0,44470.75094345383
86.04,-0.0,-0.0,0.0,0.0,0.0,0.0,0.0,44470.75094345383
78.93,-0.0,-0.0,0.0,0.0,0.0,0.0,0.0,44470.75094345383
87.24,-0.0,-0.0,0.0,0.0,0.0,0.0,0.0,44470.75094345383
77.91,0.0,0.0,-0.0,0.0,-0.0,0.0,0.0,44470.75094345383
74.99,0.0,0.0,-0.0,0.0,-0.0,0.0,0.0,44470.75094345383
74.8,-0.0,-0.0,0.0,0.0,0.0,0.0,0.0,44470.75094345383
74.79,-0.0,-0.0,0.0,0.0,0.0,0.0,0.0,44470.75094345383
80.21,-0.0,-0.0,0.0,0.0,0.0,0.0,0.0,44470.75094345383
88.51,0.0,0.0,0.0,-0.0,0.0,-0.0,0.0,44470.75094345383
86.97,-0.0,-0.0,0.0,-0.0,0.0,-0.0,0.0,44470.75094345383
75.29,0.0,0.0,0.0,0.0,0.0,0.0,0.0,44470.75094345383
24.9,-0.0,-0.0,0.0,0.0,0.0,0.0,0.0,44470.75094345383
3.02,-0.0,-0.0,0.0,0.0,0.0,0.0,0.0,44470.75094345383
2.0,-0.0,-0.0,0.0,0.0,0.0,0.0,0.0,44470.75094345383
1.59,-0.0,-0.0,0.0,0.0,0.0,0.0,0.0,44470.75094345383
0.25,0.4743416490252569,0.9486832980505138,1.0,0.0,0.9486832980505138,0.0,-19.03,44451.72094345383
0.08,0.9486832980505138,1.8973665961010275,1.0,0.0,0.9486832980505138,0.0,-18.86,44432.86094345383
1.43,1.0,2.0,0.10818510677891963,0.0,0.10263340389897246,0.0,-2.1864210080019655,44430.67452244583
26.36,1.0,2.0,-0.0,0.0,-0.0,0.0,0.0,44430.67452244583
93.84,1.0,2.0,0.0,0.0,0.0,0.0,0.0,44430.67452244583
122.73,0.5270462766947299,1.0540925533894598,0.0,0.8973665961010275,0.0,0.9459074466105402,107.88141218326554,44538.55593462909
128.62,-0.0,-0.0,0.0,1.0,0.0,1.0540925533894598,126.11,44664.66593462909
99.08,0.0,0.0,0.0,0.0,0.0,0.0,0.0,44664.66593462909
81.95,-0.0,-0.0,0.0,-0.0,0.0,-0.0,0.0,44664.66593462909
70.06,0.0,0.0,0.0,0.0,0.0,0.0,0.0,44664.66593462909
47.21,0.0,0.0,0.0,-0.0,0.0,-0.0,0.0,44664.66593462909
8.07,0.0,0.0,-0.0,0.0,-0.0,0.0,0.0,44664.66593462909
3.7,-0.0,-0.0,0.0,0.0,0.0,0.0,0.0,44664.66593462909
3.4,-0.0,-0.0,0.0,0.0,0.0,0.0,0.0,44664.66593462909
1.65,-0.0,-0.0,0.0,0.0,0.0,0.0,0.0,44664.66593462909
1.62,-0.0,-0.0,0.0,0.0,0.0,0.0,0.0,44664.66593462909
-0.01,0.4743416490252569,0.9486832980505138,1.0,0.0,0.9486832980505138,0.0,-18.77,44645.895934629094
-0.01,0.9486832980505138,1.8973665961010275,1.0,0.0,0.9486832980505138,0.0,-18.77,44627.1259346291
1.04,1.0,2.0,0.10818510677891963,0.0,0.10263340389897246,0.0,-2.144228816358187,44624.98170581274
3.01,1.0,2.0,0.0,0.0,0.0,0.0,0.0,44624.98170581274
1.31,1.0,2.0,0.0,0.0,0.0,0.0,0.0,44624.98170581274
0.0,1.0,2.0,0.0,0.0,0.0,0.0,0.0,44624.98170581274
-0.09,1.0,2.0,0.0,0.0,0.0,0.0,-0.0,44624.98170581274
-1.2,1.0,2.0,0.0,0.0,0.0,0.0,-0.0,44624.98170581274
-1.61,1.0,2.0,0.0,0.0,0.0,0.0,-0.0,44624.98170581274
-1.31,1.0,2.0,0.0,0.0,0.0,0.0,-0.0,44624.98170581274
-0.01,1.0,2.0,0.0,0.0,0.0,0.0,-0.0,44624.98170581274
0.27,1.0,2.0,0.0,0.0,0.0,0.0,0.0,44624.98170581274
3.05,1.0,2.0,0.0,0.0,0.0,0.0,0.0,44624.98170581274
4.3,1.0,2.0,0.0,0.0,0.0,0.0,0.0,44624.98170581274
69.94,0.4729537233052701,0.9459074466105402,0.0,1.0,0.0,1.0540925533894598,67.42999999999999,44692.41170581274
40.4,0.4729537233052701,0.9459074466105402,0.0,0.0,0.0,0.0,0.0,44692.41170581274
41.99,-0.0,-0.0,0.0,0.8973665961010275,0.0,0.9459074466105402,35.42803321406857,44727.83973902681
14.07,0.0,0.0,0.0,0.0,0.0,0.0,0.0,44727.83973902681
20.05,-0.0,-0.0,0.0,0.0,0.0,0.0,0.0,44727.83973902681
3.07,-0.0,-0.0,0.0,0.0,0.0,0.0,0.0,44727.83973902681
3.9,-0.0,-0.0,0.0,0.0,0.0,0.0,0.0,44727.83973902681
4.02,0.05131670194948623,0.10263340389897246,0.10818510677891963,0.0,0.10263340389897246,0.0,-2.4666204345593674,44725.37311859225
4.02,0.05131670194948623,0.10263340389897246,0.0,0.0,0.0,0.0,0.0,44725.37311859225
3.1,0.5256583509747431,1.0513167019494862,1.0,0.0,0.9486832980505138,0.0,-21.880000000000003,44703.493118592254
3.34,1.0,2.0,1.0,0.0,0.9486832980505138,0.0,-22.12,44681.37311859225
5.92,1.0,2.0,-0.0,0.0,-0.0,0.0,0.0,44681.37311859225
50.0,0.5270462766947299,1.0540925533894598,0.0,0.8973665961010275,0.0,0.9459074466105402,42.615939648837795,44723.98905824109
100.72,0.0,0.0,0.0,1.0,0.0,1.0540925533894598,98.21,44822.19905824109
22.72,-0.0,-0.0,0.0,0.0,0.0,0.0,0.0,44822.19905824109
4.4,-0.0,-0.0,0.0,0.0,0.0,0.0,0.0,44822.19905824109
3.02,-0.0,-0.0,0.0,0.0,0.0,0.0,0.0,44822.19905824109
2.31,0.4743416490252569,0.9486832980505138,1.0,0.0,0.9486832980505138,0.0,-27.619999999999997,44794.579058241085
2.4,0.5256583509747431,1.0513167019494862,0.10818510677891963,0.0,0.10263340389897246,0.0,-2.9978093088438627,44791.58124893224
3.03,0.5256583509747431,1.0513167019494862,0.0,0.0,0.0,0.0,0.0,44791.58124893224
2.4,1.0,2.0,1.0,0.0,0.9486832980505138,0.0,-27.709999999999997,44763.87124893224
3.06,1.0,2.0,0.0,0.0,0.0,0.0,0.0,44763.87124893224
77.91,1.0,2.0,0.0,-0.0,0.0,-0.0,0.0,44763.87124893224
128.08,1.0,2.0,0.0,0.0,0.0,0.0,0.0,44763.87124893224
140.92,0.4729537233052701,0.9459074466105402,0.0,1.0,0.0,1.0540925533894598,138.41,44902.281248932246
130.0,0.0,0.0,0.0,0.8973665961010275,0.0,0.9459074466105402,114.40526733692,45016.68651626917
114.24,-0.0,-0.0,0.0,0.0,0.0,0.0,0.0,45016.68651626917
97.72,-0.0,-0.0,0.0,0.0,0.0,0.0,0.0,45016.68651626917
89.99,-0.0,-0.0,0.0,0.0,0.0,0.0,0.0,45016.68651626917
88.6,0.0,0.0,-0.0,0.0,-0.0,0.0,0.0,45016.68651626917
90.0,-0.0,-0.0,0.0,0.0,0.0,0.0,0.0,45016.68651626917
89.73,0.4743416490252569,0.9486832980505138,1.0,0.0,0.9486832980505138,0.0,-108.51,44908.176516269166
89.93,0.9486832980505138,1.8973665961010275,1.0,0.0,0.9486832980505138,0.0,-108.71000000000001,44799.46651626917
91.34,1.0,2.0,0.10818510677891963,0.0,0.10263340389897246,0.0,-11.91334395849463,44787.553172310676
98.11,1.0,2.0,-0.0,0.0,-0.0,0.0,0.0,44787.553172310676
122.01,1.0,2.0,0.0,0.0,0.0,0.0,0.0,44787.553172310676
172.36,0.4729537233052701,0.9459074466105402,0.0,1.0,0.0,1.0540925533894598,169.85000000000002,44957.403172310675
162.8,-0.0,-0.0,0.0,0.8973665961010275,0.0,0.9459074466105402,143.83889168903372,45101.24206399971
125.76,0.0,0.0,0.0,0.0,0.0,0.0,0.0,45101.24206399971
93.92,-0.0,-0.0,0.0,0.0,0.0,0.0,0.0,45101.24206399971
85.51,0.0,0.0,-0.0,0.0,-0.0,0.0,0.0,45101.24206399971
77.54,0.05131670194948623,0.10263340389897246,0.10818510677891963,0.0,0.10263340389897246,0.0,-11.126838232211885,45090.1152257675
74.24,0.5256583509747431,1.0513167019494862,1.0,0.0,0.9486832980505138,0.0,-99.55,44990.565225767496
74.25,1.0,2.0,1.0,0.0,0.9486832980505138,0.0,-99.56,44891.0052257675
84.11,1.0,2.0,0.0,0.0,0.0,0.0,0.0,44891.0052257675
85.76,1.0,2.0,0.0,0.0,0.0,0.0,0.0,44891.0052257675
102.9,1.0,2.0,0.0,0.0,0.0,0.0,0.0,44891.0052257675
136.83,0.5270462766947299,1.0540925533894598,0.0,0.8973665961010275,0.0,0.9459074466105402,120.53428118829002,45011.539506955785
149.58,-0.0,-0.0,0.0,1.0,0.0,1.0540925533894598,147.07000000000002,45158.609506955785
115.82,0.0,0.0,0.0,0.0,0.0,0.0,0.0,45158.609506955785
94.02,-0.0,-0.0,0.0,0.0,0.0,0.0,0.0,45158.609506955785
84.91,-0.0,-0.0,0.0,0.0,0.0,0.0,0.0,45158.609506955785
84.1,-0.0,-0.0,0.0,0.0,0.0,0.0,0.0,45158.609506955785
82.67,-0.0,-0.0,0.0,0.0,0.0,0.0,0.0,45158.609506955785
82.32,-0.0,-0.0,0.0,0.0,0.0,0.0,0.0,45158.609506955785
81.61,0.05131670194948623,0.10263340389897246,0.10818510677891963,0.0,0.10263340389897246,0.0,-10.860702869535741,45147.74880408625
77.95,0.5256583509747431,1.0513167019494862,1.0,0.0,0.9486832980505138,0.0,-96.73,45051.01880408625
78.59,1.0,2.0,1.0,0.0,0.9486832980505138,0.0,-97.37,44953.648804086246
82.67,1.0,2.0,0.0,0.0,0.0,0.0,0.0,44953.648804086246
109.76,1.0,2.0,0.0,0.0,0.0,0.0,0.0,44953.648804086246
118.01,0.5270462766947299,1.0540925533894598,0.0,0.8973665961010275,0.0,0.9459074466105402,103.64584184966868,45057.294645935915
120.45,-0.0,-0.0,0.0,1.0,0.0,1.0540925533894598,117.94,45175.23464593592
107.0,0.0,0.0,0.0,0.0,0.0,0.0,0.0,45175.23464593592
85.54,-0.0,-0.0,0.0,-0.0,0.0,-0.0,0.0,45175.23464593592
70.09,0.0,0.0,0.0,0.0,0.0,0.0,0.0,45175.23464593592
27.1,0.0,0.0,-0.0,0.0,-0.0,0.0,0.0,45175.23464593592
10.66,0.4743416490252569,0.9486832980505138,1.0,0.0,0.9486832980505138,0.0,-35.97,45139.26464593592
9.9,0.9486832980505138,1.8973665961010275,1.0,0.0,0.9486832980505138,0.0,-35.21,45104.05464593592
15.0,1.0,2.0,0.10818510677891963,0.0,0.10263340389897246,0.0,-4.36094165425825,45099.69370428166
66.1,1.0,2.0,0.0,-0.0,0.0,-0.0,0.0,45099.69370428166
85.69,1.0,2.0,0.0,0.0,0.0,0.0,0.0,45099.69370428166
113.08,1.0,2.0,0.0,0.0,0.0,0.0,0.0,45099.69370428166
115.93,0.4729537233052701,0.9459074466105402,0.0,1.0,0.0,1.0540925533894598,113.42,45213.113704281655
113.95,0.0,0.0,0.0,0.8973665961010275,0.0,0.9459074466105402,100.00253346949852,45313.11623775116
91.29,-0.0,-0.0,0.0,0.0,0.0,0.0,0.0,45313.11623775116
85.5,-0.0,-0.0,0.0,0.0,0.0,0.0,0.0,45313.11623775116
69.68,-0.0,-0.0,-0.0,0.0,-0.0,0.0,0.0,45313.11623775116
73.3,-0.0,-0.0,0.0,0.0,0.0,0.0,0.0,45313.11623775116
69.69,0.0,0.0,0.0,0.0,0.0,0.0,0.0,45313.11623775116
67.81,0.4743416490252569,0.9486832980505138,1.0,0.0,0.9486832980505138,0.0,-86.59,45226.52623775116
68.09,0.9486832980505138,1.8973665961010275,1.0,0.0,0.9486832980505138,0.0,-86.87,45139.65623775116
71.69,1.0,2.0,0.10818510677891963,0.0,0.10263340389897246,0.0,-9.787506610288858,45129.86873114087
77.33,1.0,2.0,0.0,0.0,0.0,0.0,0.0,45129.86873114087
108.55,1.0,2.0,0.0,0.0,0.0,0.0,0.0,45129.86873114087
124.26,0.5270462766947299,1.0540925533894598,0.0,0.8973665961010275,0.0,0.9459074466105402,109.25438307530011,45239.12311421617
125.58,0.0,0.0,0.0,1.0,0.0,1.0540925533894598,123.07,45362.19311421617
104.88,-0.0,-0.0,0.0,0.0,0.0,0.0,0.0,45362.19311421617
77.95,0.0,0.0,-0.0,0.0,-0.0,0.0,0.0,45362.19311421617
69.24,0.0,0.0,-0.0,0.0,-0.0,0.0,0.0,45362.19311421617
38.18,0.05131670194948623,0.10263340389897246,0.10818510677891963,0.0,0.10263340389897246,0.0,-6.868672429393607,45355.324441786775
16.03,0.5256583509747431,1.0513167019494862,1.0,0.0,0.9486832980505138,0.0,-41.34,45313.98444178678
20.1,1.0,2.0,1.0,0.0,0.9486832980505138,0.0,-45.41,45268.574441786775
43.66,1.0,2.0,0.0,0.0,0.0,0.0,0.0,45268.574441786775
75.0,1.0,2.0,0.0,-0.0,0.0,-0.0,0.0,45268.574441786775
88.79,1.0,2.0,0.0,0.0,0.0,0.0,0.0,45268.574441786775
117.04,1.0,2.0,0.0,-0.0,0.0,-0.0,0.0,45268.574441786775
121.47,0.5270462766947299,1.0540925533894598,0.0,0.8973665961010275,0.0,0.9459074466105402,106.75073027217823,45375.325172058954
123.75,0.0,0.0,0.0,1.0,0.0,1.0540925533894598,121.24,45496.56517205895
105.83,-0.0,-0.0,0.0,0.0,0.0,0.0,0.0,45496.56517205895
94.77,-0.0,-0.0,0.0,0.0,0.0,0.0,0.0,45496.56517205895
81.09,-0.0,-0.0,0.0,0.0,0.0,0.0,0.0,45496.56517205895
78.48,0.0,0.0,-0.0,0.0,-0.0,0.0,0.0,45496.56517205895
75.0,0.0,0.0,-0.0,0.0,-0.0,0.0,0.0,45496.56517205895
73.17,0.4743416490252569,0.9486832980505138,1.0,0.0,0.9486832980505138,0.0,-91.95,45404.615172058955
73.18,0.9486832980505138,1.8973665961010275,1.0,0.0,0.9486832980505138,0.0,-91.96000000000001,45312.655172058956
74.93,1.0,2.0,0.10818510677891963,0.0,0.10263340389897246,0.0,-10.138026356252558,45302.5171457027
79.73,1.0,2.0,0.0,0.0,0.0,0.0,0.0,45302.5171457027
90.77,1.0,2.0,0.0,0.0,0.0,0.0,0.0,45302.5171457027
117.1,0.5270462766947299,1.0540925533894598,0.0,0.8973665961010275,0.0,0.9459074466105402,102.82923824721674,45405.346383949916
123.56,-0.0,-0.0,0.0,1.0,0.0,1.0540925533894598,121.05,45526.39638394992
103.73,0.0,0.0,0.0,0.0,0.0,0.0,0.0,45526.39638394992
61.35,0.0,0.0,-0.0,0.0,-0.0,0.0,0.0,45526.39638394992
6.7,-0.0,-0.0,0.0,0.0,0.0,0.0,0.0,45526.39638394992
4.1,0.4743416490252569,0.9486832980505138,1.0,0.0,0.9486832980505138,0.0,-22.880000000000003,45503.51638394992
5.4,0.5256583509747431,1.0513167019494862,0.10818510677891963,0.0,0.10263340389897246,0.0,-2.615915881914277,45500.90046806801
4.4,1.0,2.0,1.0,0.0,0.9486832980505138,0.0,-23.18,45477.72046806801
6.84,1.0,2.0,0.0,0.0,0.0,0.0,0.0,45477.72046806801
6.7,1.0,2.0,-0.0,0.0,-0.0,0.0,0.0,45477.72046806801
39.36,1.0,2.0,0.0,-0.0,0.0,-0.0,0.0,45477.72046806801
86.3,1.0,2.0,0.0,0.0,0.0,0.0,0.0,45477.72046806801
104.74,0.5270462766947299,1.0540925533894598,0.0,0.8973665961010275,0.0,0.9459074466105402,91.73778711940804,45569.45825518742
94.8,0.5270462766947299,1.0540925533894598,0.0,0.0,0.0,0.0,0.0,45569.45825518742
80.0,0.5270462766947299,1.0540925533894598,0.0,0.0,0.0,0.0,0.0,45569.45825518742
76.4,0.5270462766947299,1.0540925533894598,0.0,0.0,0.0,0.0,0.0,45569.45825518742
79.78,0.5270462766947299,1.0540925533894598,0.0,0.0,0.0,0.0,0.0,45569.45825518742
84.99,0.5270462766947299,1.0540925533894598,0.0,0.0,0.0,0.0,0.0,45569.45825518742
83.26,0.5270462766947299,1.0540925533894598,0.0,0.0,0.0,0.0,0.0,45569.45825518742
82.7,0.5270462766947299,1.0540925533894598,0.0,0.0,0.0,0.0,0.0,45569.45825518742
81.57,0.5270462766947299,1.0540925533894598,0.0,0.0,0.0,0.0,0.0,45569.45825518742
80.32,0.5270462766947299,1.0540925533894598,0.0,0.0,0.0,0.0,0.0,45569.45825518742
81.62,0.5270462766947299,1.0540925533894598,0.0,0.0,0.0,0.0,0.0,45569.45825518742
90.29,0.5270462766947299,1.0540925533894598,0.0,0.0,0.0,0.0,0.0,45569.45825518742
100.99,0.5270462766947299,1.0540925533894598,0.0,0.0,0.0,0.0,0.0,45569.45825518742
106.54,-0.0,-0.0,0.0,1.0,0.0,1.0540925533894598,104.03,45673.48825518742
94.44,0.0,0.0,0.0,0.0,0.0,0.0,0.0,45673.48825518742
54.37,0.0,0.0,-0.0,0.0,-0.0,0.0,0.0,45673.48825518742
15.09,-0.0,-0.0,0.0,0.0,0.0,0.0,0.0,45673.48825518742
5.99,0.4743416490252569,0.9486832980505138,1.0,0.0,0.9486832980505138,0.0,-24.770000000000003,45648.71825518742
7.4,0.9486832980505138,1.8973665961010275,1.0,0.0,0.9486832980505138,0.0,-26.18,45622.53825518742
10.0,1.0,2.0,0.10818510677891963,0.0,0.10263340389897246,0.0,-3.113567373097307,45619.424687814324
54.69,1.0,2.0,0.0,-0.0,0.0,-0.0,0.0,45619.424687814324
85.67,1.0,2.0,0.0,-0.0,0.0,-0.0,0.0,45619.424687814324
106.5,1.0,2.0,0.0,0.0,0.0,0.0,0.0,45619.424687814324
132.93,0.5270462766947299,1.0540925533894598,0.0,0.8973665961010275,0.0,0.9459074466105402,117.03455146349602,45736.45923927782
145.92,0.0,0.0,0.0,1.0,0.0,1.0540925533894598,143.41,45879.869239277825
122.53,-0.0,-0.0,0.0,0.0,0.0,0.0,0.0,45879.869239277825
113.02,-0.0,-0.0,0.0,0.0,0.0,0.0,0.0,45879.869239277825
104.64,-0.0,-0.0,0.0,0.0,0.0,0.0,0.0,45879.869239277825
99.54,-0.0,-0.0,0.0,0.0,0.0,0.0,0.0,45879.869239277825
95.35,-0.0,-0.0,0.0,0.0,0.0,0.0,0.0,45879.869239277825
92.33,-0.0,-0.0,0.0,0.0,0.0,0.0,0.0,45879.869239277825
91.97,0.0,0.0,-0.0,0.0,-0.0,0.0,0.0,45879.869239277825
91.47,-0.0,-0.0,0.0,0.0,0.0,0.0,0.0,45879.869239277825
97.77,-0.0,-0.0,0.0,0.0,0.0,0.0,0.0,45879.869239277825
97.58,-0.0,-0.0,0.0,0.0,0.0,0.0,0.0,45879.869239277825
100.91,-0.0,-0.0,0.0,0.0,0.0,0.0,0.0,45879.869239277825
105.79,-0.0,-0.0,0.0,-0.0,0.0,-0.0,0.0,45879.869239277825
98.77,-0.0,-0.0,0.0,0.0,0.0,0.0,0.0,45879.869239277825
95.04,-0.0,-0.0,0.0,0.0,0.0,0.0,0.0,45879.869239277825
82.08,0.0,0.0,0.0,0.0,0.0,0.0,0.0,45879.869239277825
37.47,-0.0,-0.0,0.0,0.0,0.0,0.0,0.0,45879.869239277825
17.11,0.05131670194948623,0.10263340389897246,0.10818510677891963,0.0,0.10263340389897246,0.0,-4.58921222956177,45875.28002704826
8.53,0.5256583509747431,1.0513167019494862,1.0,0.0,0.9486832980505138,0.0,-33.839999999999996,45841.440027048266
13.0,1.0,2.0,1.0,0.0,0.9486832980505138,0.0,-38.31,45803.13002704827
61.33,1.0,2.0,0.0,-0.0,0.0,-0.0,0.0,45803.13002704827
86.0,1.0,2.0,0.0,-0.0,0.0,-0.0,0.0,45803.13002704827
105.89,1.0,2.0,0.0,0.0,0.0,0.0,0.0,45803.13002704827
131.02,0.5270462766947299,1.0540925533894598,0.0,0.8973665961010275,0.0,0.9459074466105402,115.32058126494306,45918.450608313215
137.97,0.0,0.0,0.0,1.0,0.0,1.0540925533894598,135.46,46053.910608313214
125.93,-0.0,-0.0,0.0,-0.0,0.0,-0.0,0.0,46053.910608313214
113.51,-0.0,-0.0,0.0,0.0,0.0,0.0,0.0,46053.910608313214
102.29,-0.0,-0.0,0.0,0.0,0.0,0.0,0.0,46053.910608313214
95.74,-0.0,-0.0,0.0,0.0,0.0,0.0,0.0,46053.910608313214
90.95,-0.0,-0.0,0.0,0.0,0.0,0.0,0.0,46053.910608313214
88.76,0.0,0.0,0.0,0.0,0.0,0.0,0.0,46053.910608313214
87.88,0.4743416490252569,0.9486832980505138,1.0,0.0,0.9486832980505138,0.0,-106.66,45947.25060831321
87.94,0.9486832980505138,1.8973665961010275,1.0,0.0,0.9486832980505138,0.0,-106.72,45840.53060831321
88.31,1.0,2.0,0.10818510677891963,0.0,0.10263340389897246,0.0,-11.585543084954503,45828.945065228254
98.37,1.0,2.0,0.0,0.0,0.0,0.0,0.0,45828.945065228254
127.93,1.0,2.0,-0.0,0.0,-0.0,0.0,0.0,45828.945065228254
222.44,0.4729537233052701,0.9459074466105402,0.0,1.0,0.0,1.0540925533894598,219.93,46048.875065228254
166.91,0.0,0.0,0.0,0.8973665961010275,0.0,0.9459074466105402,147.52706839900893,46196.40213362726
122.06,-0.0,-0.0,0.0,0.0,0.0,0.0,0.0,46196.40213362726
90.21,-0.0,-0.0,0.0,0.0,0.0,0.0,0.0,46196.40213362726
84.95,0.0,0.0,-0.0,0.0,-0.0,0.0,0.0,46196.40213362726
78.71,0.4743416490252569,0.9486832980505138,1.0,0.0,0.9486832980505138,0.0,-104.02,46092.38213362727
77.08,0.9486832980505138,1.8973665961010275,1.0,0.0,0.9486832980505138,0.0,-102.39,45989.99213362727
83.33,1.0,2.0,0.10818510677891963,0.0,0.10263340389897246,0.0,-11.753230000461828,45978.23890362681
87.4,1.0,2.0,0.0,0.0,0.0,0.0,0.0,45978.23890362681
99.98,1.0,2.0,-0.0,0.0,-0.0,0.0,0.0,45978.23890362681
140.79,1.0,2.0,-0.0,0.0,-0.0,0.0,0.0,45978.23890362681
302.65,0.5270462766947299,1.0540925533894598,0.0,0.8973665961010275,0.0,0.9459074466105402,269.33561015376233,46247.57451378057
406.78,0.0,0.0,0.0,1.0,0.0,1.0540925533894598,404.27,46651.84451378057
167.6,0.0,0.0,0.0,-0.0,0.0,-0.0,0.0,46651.84451378057
123.85,-0.0,-0.0,0.0,0.0,0.0,0.0,0.0,46651.84451378057
108.3,-0.0,-0.0,0.0,0.0,0.0,0.0,0.0,46651.84451378057
93.68,-0.0,-0.0,-0.0,0.0,-0.0,0.0,0.0,46651.84451378057
97.43,0.0,0.0,0.0,0.0,0.0,0.0,0.0,46651.84451378057
91.45,0.4743416490252569,0.9486832980505138,1.0,0.0,0.9486832980505138,0.0,-116.76,46535.084513780566
98.48,0.4743416490252569,0.9486832980505138,0.0,0.0,0.0,0.0,0.0,46535.084513780566
92.22,0.9486832980505138,1.8973665961010275,1.0,0.0,0.9486832980505138,0.0,-111.0,46424.084513780566
98.46,1.0,2.0,0.10818510677891963,0.0,0.10263340389897246,0.0,-12.683621918760537,46411.400891861806
107.99,1.0,2.0,0.0,0.0,0.0,0.0,0.0,46411.400891861806
141.86,1.0,2.0,0.0,-0.0,0.0,-0.0,0.0,46411.400891861806
244.0,0.4729537233052701,0.9459074466105402,0.0,1.0,0.0,1.0540925533894598,241.49,46652.8908918618
209.23,0.0,0.0,0.0,0.8973665961010275,0.0,0.9459074466105402,185.5036227460044,46838.39451460781
141.85,0.0,0.0,0.0,-0.0,0.0,-0.0,0.0,46838.39451460781
115.2,-0.0,-0.0,0.0,0.0,0.0,0.0,0.0,46838.39451460781
96.72,-0.0,-0.0,0.0,0.0,0.0,0.0,0.0,46838.39451460781
87.91,0.05131670194948623,0.10263340389897246,0.10818510677891963,0.0,0.10263340389897246,0.0,-12.24871778950928,46826.1457968183
86.04,0.5256583509747431,1.0513167019494862,1.0,0.0,0.9486832980505138,0.0,-111.35000000000001,46714.795796818304
87.26,1.0,2.0,1.0,0.0,0.9486832980505138,0.0,-112.57000000000001,46602.225796818304
96.8,1.0,2.0,-0.0,0.0,-0.0,0.0,0.0,46602.225796818304
104.03,1.0,2.0,-0.0,0.0,-0.0,0.0,0.0,46602.225796818304
142.64,1.0,2.0,0.0,0.0,0.0,0.0,0.0,46602.225796818304
294.54,0.5270462766947299,1.0540925533894598,0.0,0.8973665961010275,0.0,0.9459074466105402,262.05796705938315,46864.283763877684
357.77,0.0,0.0,0.0,1.0,0.0,1.0540925533894598,355.26,47219.543763877686
147.28,0.0,0.0,-0.0,0.0,-0.0,0.0,0.0,47219.543763877686
116.04,-0.0,-0.0,0.0,0.0,0.0,0.0,0.0,47219.543763877686
101.63,-0.0,-0.0,0.0,0.0,0.0,0.0,0.0,47219.543763877686
92.54,0.0,0.0,-0.0,0.0,-0.0,0.0,0.0,47219.543763877686
91.565,-0.0,-0.0,0.0,0.0,0.0,0.0,0.0,47219.543763877686
89.99,0.0,0.0,-0.0,0.0,-0.0,0.0,0.0,47219.543763877686
84.8725,0.4743416490252569,0.9486832980505138,1.0,0.0,0.9486832980505138,0.0,-103.6525,47115.89126387769
88.325,0.5256583509747431,1.0513167019494862,0.10818510677891963,0.0,0.10263340389897246,0.0,-11.587165861556187,47104.30409801613
87.655,1.0,2.0,1.0,0.0,0.9486832980505138,0.0,-106.435,46997.869098016134
95.3275,1.0,2.0,0.0,0.0,0.0,0.0,0.0,46997.869098016134
119.1425,1.0,2.0,0.0,0.0,0.0,0.0,0.0,46997.869098016134
173.3,0.4729537233052701,0.9459074466105402,0.0,1.0,0.0,1.0540925533894598,170.79000000000002,47168.659098016135
139.0875,0.0,0.0,0.0,0.8973665961010275,0.0,0.9459074466105402,122.5600862789881,47291.21918429512
105.25,-0.0,-0.0,0.0,0.0,0.0,0.0,0.0,47291.21918429512
86.0975,0.0,0.0,-0.0,0.0,-0.0,0.0,0.0,47291.21918429512
70.675,0.05131670194948623,0.10263340389897246,0.10818510677891963,0.0,0.10263340389897246,0.0,-11.4454433716758,47279.77374092345
66.025,0.5256583509747431,1.0513167019494862,1.0,0.0,0.9486832980505138,0.0,-101.14500000000001,47178.62874092345
68.4,1.0,2.0,1.0,0.0,0.9486832980505138,0.0,-103.52000000000001,47075.10874092345
72.6275,1.0,2.0,0.0,0.0,0.0,0.0,0.0,47075.10874092345
81.7225,1.0,2.0,0.0,0.0,0.0,0.0,0.0,47075.10874092345
89.6725,1.0,2.0,0.0,0.0,0.0,0.0,0.0,47075.10874092345
131.15,1.0,2.0,0.0,-0.0,0.0,-0.0,0.0,47075.10874092345
253.2375,0.5270462766947299,1.0540925533894598,0.0,0.8973665961010275,0.0,0.9459074466105402,224.99448322392038,47300.10322414737
339.9925,0.0,0.0,0.0,1.0,0.0,1.0540925533894598,337.4825,47637.58572414737
152.025,0.0,0.0,0.0,-0.0,0.0,-0.0,0.0,47637.58572414737
113.035,-0.0,-0.0,0.0,0.0,0.0,0.0,0.0,47637.58572414737
98.51,-0.0,-0.0,0.0,0.0,0.0,0.0,0.0,47637.58572414737
90.6475,-0.0,-0.0,0.0,0.0,0.0,0.0,0.0,47637.58572414737
90.805,-0.0,-0.0,0.0,0.0,0.0,0.0,0.0,47637.58572414737
88.0,-0.0,-0.0,0.0,0.0,0.0,0.0,0.0,47637.58572414737
85.8225,0.4743416490252569,0.9486832980505138,1.0,0.0,0.9486832980505138,0.0,-104.6025,47532.98322414737
85.795,0.9486832980505138,1.8973665961010275,1.0,0.0,0.9486832980505138,0.0,-104.575,47428.40822414737
87.685,1.0,2.0,0.10818510677891963,0.0,0.10263340389897246,0.0,-11.517927393217679,47416.89029675416
93.355,1.0,2.0,-0.0,0.0,-0.0,0.0,0.0,47416.89029675416
121.3075,1.0,2.0,0.0,0.0,0.0,0.0,0.0,47416.89029675416
162.23,0.4729537233052701,0.9459074466105402,0.0,1.0,0.0,1.0540925533894598,159.72,47576.61029675416
134.215,-0.0,-0.0,0.0,0.8973665961010275,0.0,0.9459074466105402,118.18766753948583,47694.79796429365
100.7225,-0.0,-0.0,0.0,0.0,0.0,0.0,0.0,47694.79796429365
91.48,0.0,0.0,0.0,0.0,0.0,0.0,0.0,47694.79796429365
78.285,-0.0,-0.0,0.0,0.0,0.0,0.0,0.0,47694.79796429365
65.77,0.4743416490252569,0.9486832980505138,1.0,0.0,0.9486832980505138,0.0,-100.88999999999999,47593.90796429365
60.5,0.9486832980505138,1.8973665961010275,1.0,0.0,0.9486832980505138,0.0,-95.62,47498.287964293646
71.29,1.0,2.0,0.10818510677891963,0.0,0.10263340389897246,0.0,-11.511977212344839,47486.7759870813
80.2875,1.0,2.0,0.0,0.0,0.0,0.0,0.0,47486.7759870813
86.2325,1.0,2.0,0.0,0.0,0.0,0.0,0.0,47486.7759870813
109.8375,1.0,2.0,0.0,0.0,0.0,0.0,0.0,47486.7759870813
160.44,0.5270462766947299,1.0540925533894598,0.0,0.8973665961010275,0.0,0.9459074466105402,141.7211065222353,47628.49709360354
169.3175,0.0,0.0,0.0,1.0,0.0,1.0540925533894598,166.8075,47795.30459360354
106.925,-0.0,-0.0,0.0,0.0,0.0,0.0,0.0,47795.30459360354
84.6675,-0.0,-0.0,0.0,0.0,0.0,0.0,0.0,47795.30459360354
70.0,0.0,0.0,-0.0,0.0,-0.0,0.0,0.0,47795.30459360354
44.0,-0.0,-0.0,0.0,-0.0,0.0,-0.0,0.0,47795.30459360354
22.5,-0.0,-0.0,0.0,0.0,0.0,0.0,0.0,47795.30459360354
14.4,0.0,0.0,0.0,0.0,0.0,0.0,0.0,47795.30459360354
14.955,0.05131670194948623,0.10263340389897246,0.10818510677891963,0.0,0.10263340389897246,0.0,-3.6496245771868536,47791.65496902636
20.9975,0.05131670194948623,0.10263340389897246,0.0,0.0,0.0,0.0,0.0,47791.65496902636
12.0,0.5256583509747431,1.0513167019494862,1.0,0.0,0.9486832980505138,0.0,-30.78,47760.87496902636
13.6825,1.0,2.0,1.0,0.0,0.9486832980505138,0.0,-32.4625,47728.412469026356
30.1125,1.0,2.0,-0.0,0.0,-0.0,0.0,0.0,47728.412469026356
77.9975,0.5270462766947299,1.0540925533894598,0.0,0.8973665961010275,0.0,0.9459074466105402,67.73996092317631,47796.152429949536
100.0,0.0,0.0,0.0,1.0,0.0,1.0540925533894598,97.49,47893.642429949534
64.68,0.0,0.0,0.0,-0.0,0.0,-0.0,0.0,47893.642429949534
44.885,-0.0,-0.0,0.0,0.0,0.0,0.0,0.0,47893.642429949534
40.5025,-0.0,-0.0,0.0,0.0,0.0,0.0,0.0,47893.642429949534
19.71,0.0,0.0,-0.0,0.0,-0.0,0.0,0.0,47893.642429949534
16.5025,-0.0,-0.0,-0.0,0.0,-0.0,0.0,0.0,47893.642429949534
20.095,0.0,0.0,0.0,0.0,0.0,0.0,0.0,47893.642429949534
15.0,-0.0,-0.0,0.0,0.0,0.0,0.0,0.0,47893.642429949534
13.25,-0.0,-0.0,0.0,0.0,0.0,0.0,0.0,47893.642429949534
15.16,-0.0,-0.0,0.0,0.0,0.0,0.0,0.0,47893.642429949534
34.73,-0.0,-0.0,0.0,0.0,0.0,0.0,0.0,47893.642429949534
24.875,-0.0,-0.0,0.0,0.0,0.0,0.0,0.0,47893.642429949534
40.4,0.0,0.0,0.0,-0.0,0.0,-0.0,0.0,47893.642429949534
25.5725,0.0,0.0,0.0,-0.0,0.0,-0.0,0.0,47893.642429949534
9.9775,-0.0,-0.0,0.0,0.0,0.0,0.0,0.0,47893.642429949534
3.9225,-0.0,-0.0,0.0,0.0,0.0,0.0,0.0,47893.642429949534
0.725,-0.0,-0.0,0.0,0.0,0.0,0.0,0.0,47893.642429949534
-0.01,-0.0,-0.0,0.0,0.0,0.0,0.0,-0.0,47893.642429949534
-0.0425,-0.0,-0.0,0.0,0.0,0.0,0.0,-0.0,47893.642429949534
-0.0975,-0.0,-0.0,0.0,0.0,0.0,0.0,-0.0,47893.642429949534
-1.1275,-0.0,-0.0,0.0,0.0,0.0,0.0,-0.0,47893.642429949534
-1.89,-0.0,-0.0,0.0,0.0,0.0,0.0,-0.0,47893.642429949534
-1.915,-0.0,-0.0,0.0,0.0,0.0,0.0,-0.0,47893.642429949534
-0.775,-0.0,-0.0,0.0,0.0,0.0,0.0,-0.0,47893.642429949534
-0.3,-0.0,-0.0,0.0,0.0,0.0,0.0,-0.0,47893.642429949534
0.07,-0.0,-0.0,0.0,0.0,0.0,0.0,0.0,47893.642429949534
0.24,-0.0,-0.0,0.0,0.0,0.0,0.0,0.0,47893.642429949534
0.105,-0.0,-0.0,0.0,0.0,0.0,0.0,0.0,47893.642429949534
0.0,-0.0,-0.0,0.0,0.0,0.0,0.0,0.0,47893.642429949534
-0.36,-0.0,-0.0,0.0,0.0,0.0,0.0,-0.0,47893.642429949534
-2.045,-0.0,-0.0,0.0,0.0,0.0,0.0,-0.0,47893.642429949534
-1.94,-0.0,-0.0,0.0,0.0,0.0,0.0,-0.0,47893.642429949534
-0.035,-0.0,-0.0,0.0,0.0,0.0,0.0,-0.0,47893.642429949534
0.325,-0.0,-0.0,0.0,0.0,0.0,0.0,0.0,47893.642429949534
1.7225,-0.0,-0.0,0.0,0.0,0.0,0.0,0.0,47893.642429949534
3.67,-0.0,-0.0,0.0,0.0,0.0,0.0,0.0,47893.642429949534
1.98,-0.0,-0.0,0.0,0.0,0.0,0.0,0.0,47893.642429949534
0.38,-0.0,-0.0,0.0,0.0,0.0,0.0,0.0,47893.642429949534
0.5,-0.0,-0.0,0.0,0.0,0.0,0.0,0.0,47893.642429949534
-0.1075,-0.0,-0.0,0.0,0.0,0.0,0.0,-0.0,47893.642429949534
-0.37,-0.0,-0.0,0.0,0.0,0.0,0.0,-0.0,47893.642429949534
-1.0525,-0.0,-0.0,0.0,0.0,0.0,0.0,-0.0,47893.642429949534
-2.76,-0.0,-0.0,0.0,0.0,0.0,0.0,-0.0,47893.642429949534
-3.59,0.05131670194948623,0.10263340389897246,0.10818510677891963,0.0,0.10263340389897246,0.0,-1.6433317719717893,47891.99909817756
-3.655,0.5256583509747431,1.0513167019494862,1.0,0.0,0.9486832980505138,0.0,-15.125000000000002,47876.87409817756
-3.6075,1.0,2.0,1.0,0.0,0.9486832980505138,0.0,-15.172500000000001,47861.70159817756
-3.3225,1.0,2.0,0.0,0.0,0.0,0.0,-0.0,47861.70159817756
-1.2675,1.0,2.0,0.0,0.0,0.0,0.0,-0.0,47861.70159817756
-0.0175,1.0,2.0,0.0,0.0,0.0,0.0,-0.0,47861.70159817756
-0.465,1.0,2.0,0.0,0.0,0.0,0.0,-0.0,47861.70159817756
-3.33,1.0,2.0,0.0,0.0,0.0,0.0,-0.0,47861.70159817756
-2.0175,1.0,2.0,0.0,0.0,0.0,0.0,-0.0,47861.70159817756
-3.43,1.0,2.0,0.0,0.0,0.0,0.0,-0.0,47861.70159817756
-3.255,1.0,2.0,0.0,0.0,0.0,0.0,-0.0,47861.70159817756
-2.875,1.0,2.0,0.0,0.0,0.0,0.0,-0.0,47861.70159817756
-2.4025,1.0,2.0,0.0,0.0,0.0,0.0,-0.0,47861.70159817756
-0.6875,1.0,2.0,0.0,0.0,0.0,0.0,-0.0,47861.70159817756
2.0075,1.0,2.0,0.0,0.0,0.0,0.0,0.0,47861.70159817756
16.0825,1.0,2.0,0.0,0.0,0.0,0.0,0.0,47861.70159817756
35.0475,0.5256583509747431,1.0513167019494862,0.0,0.8999999999999999,0.0,0.9486832980505138,29.283749999999998,47890.985348177564
19.83,0.5256583509747431,1.0513167019494862,0.0,0.0,0.0,0.0,0.0,47890.985348177564
5.4775,0.5256583509747431,1.0513167019494862,0.0,0.0,0.0,0.0,0.0,47890.985348177564
5.2025,0.5256583509747431,1.0513167019494862,0.0,0.0,0.0,0.0,0.0,47890.985348177564
4.075,0.5256583509747431,1.0513167019494862,0.0,0.0,0.0,0.0,0.0,47890.985348177564
20.845,0.5256583509747431,1.0513167019494862,0.0,0.0,0.0,0.0,0.0,47890.985348177564
10.055,0.5256583509747431,1.0513167019494862,0.0,0.0,0.0,0.0,0.0,47890.985348177564
9.1025,1.0,2.0,1.0,0.0,0.9486832980505138,0.0,-27.8825,47863.102848177565
10.7325,1.0,2.0,0.0,0.0,0.0,0.0,0.0,47863.102848177565
16.8,1.0,2.0,0.0,0.0,0.0,0.0,0.0,47863.102848177565
22.6025,1.0,2.0,0.0,0.0,0.0,0.0,0.0,47863.102848177565
58.515,1.0,2.0,0.0,-0.0,0.0,-0.0,0.0,47863.102848177565
102.0,1.0,2.0,0.0,-0.0,0.0,-0.0,0.0,47863.102848177565
95.5475,1.0,2.0,0.0,0.0,0.0,0.0,0.0,47863.102848177565
86.695,1.0,2.0,0.0,0.0,0.0,0.0,0.0,47863.102848177565
83.115,1.0,2.0,0.0,0.0,0.0,0.0,0.0,47863.102848177565
80.0025,1.0,2.0,0.0,0.0,0.0,0.0,0.0,47863.102848177565
78.6075,1.0,2.0,0.0,0.0,0.0,0.0,0.0,47863.102848177565
84.0,1.0,2.0,0.0,0.0,0.0,0.0,0.0,47863.102848177565
87.725,1.0,2.0,0.0,0.0,0.0,0.0,0.0,47863.102848177565
94.53,1.0,2.0,0.0,0.0,0.0,0.0,0.0,47863.102848177565
104.5525,1.0,2.0,0.0,-0.0,0.0,-0.0,0.0,47863.102848177565
120.39,1.0,2.0,0.0,0.0,0.0,0.0,0.0,47863.102848177565
141.8175,0.5270462766947299,1.0540925533894598,0.0,0.8973665961010275,0.0,0.9459074466105402,125.00989708634388,47988.11274526391
168.465,-0.0,-0.0,0.0,1.0,0.0,1.0540925533894598,165.955,48154.067745263914
133.6775,0.0,0.0,0.0,0.0,0.0,0.0,0.0,48154.067745263914
120.2025,-0.0,-0.0,0.0,0.0,0.0,0.0,0.0,48154.067745263914
118.665,-0.0,-0.0,0.0,0.0,0.0,0.0,0.0,48154.067745263914
105.5,-0.0,-0.0,0.0,0.0,0.0,0.0,0.0,48154.067745263914
100.265,-0.0,-0.0,0.0,0.0,0.0,0.0,0.0,48154.067745263914
93.9875,-0.0,-0.0,0.0,0.0,0.0,0.0,0.0,48154.067745263914
89.8175,0.4743416490252569,0.9486832980505138,1.0,0.0,0.9486832980505138,0.0,-108.5975,48045.47024526391
89.55,0.9486832980505138,1.8973665961010275,1.0,0.0,0.9486832980505138,0.0,-108.33,47937.14024526391
92.975,1.0,2.0,0.10818510677891963,0.0,0.10263340389897246,0.0,-12.090226608078162,47925.05001865583
96.74,1.0,2.0,0.0,0.0,0.0,0.0,0.0,47925.05001865583
130.5025,1.0,2.0,-0.0,0.0,-0.0,0.0,0.0,47925.05001865583
214.3275,0.5270462766947299,1.0540925533894598,0.0,0.8973665961010275,0.0,0.9459074466105402,190.07794896962938,48115.127967625456
269.77,0.0,0.0,0.0,1.0,0.0,1.0540925533894598,267.26,48382.38796762546
204.875,0.0,0.0,0.0,-0.0,0.0,-0.0,0.0,48382.38796762546
151.4725,-0.0,-0.0,0.0,0.0,0.0,0.0,0.0,48382.38796762546
128.2925,-0.0,-0.0,0.0,0.0,0.0,0.0,0.0,48382.38796762546
110.94,0.05131670194948623,0.10263340389897246,0.10818510677891963,0.0,0.10263340389897246,0.0,-15.801516696129001,48366.58645092933
106.1825,0.5256583509747431,1.0513167019494862,1.0,0.0,0.9486832980505138,0.0,-141.3025,48225.28395092933
104.135,1.0,2.0,1.0,0.0,0.9486832980505138,0.0,-139.255,48086.028950929336
112.9775,1.0,2.0,-0.0,0.0,-0.0,0.0,0.0,48086.028950929336
115.0575,1.0,2.0,0.0,0.0,0.0,0.0,0.0,48086.028950929336
145.9675,1.0,2.0,0.0,0.0,0.0,0.0,0.0,48086.028950929336
197.8475,0.5270462766947299,1.0540925533894598,0.0,0.8973665961010275,0.0,0.9459074466105402,175.28934746588448,48261.31829839522
213.28,-0.0,-0.0,0.0,1.0,0.0,1.0540925533894598,210.77,48472.08829839522
146.345,0.0,0.0,0.0,0.0,0.0,0.0,0.0,48472.08829839522
123.2425,-0.0,-0.0,0.0,0.0,0.0,0.0,0.0,48472.08829839522
107.425,-0.0,-0.0,0.0,0.0,0.0,0.0,0.0,48472.08829839522
97.485,-0.0,-0.0,0.0,0.0,0.0,0.0,0.0,48472.08829839522
93.4525,-0.0,-0.0,0.0,0.0,0.0,0.0,0.0,48472.08829839522
88.4375,0.0,0.0,-0.0,0.0,-0.0,0.0,0.0,48472.08829839522
87.56,0.4743416490252569,0.9486832980505138,1.0,0.0,0.9486832980505138,0.0,-106.34,48365.74829839522
86.975,0.9486832980505138,1.8973665961010275,1.0,0.0,0.9486832980505138,0.0,-105.755,48259.993298395224
89.6725,1.0,2.0,0.10818510677891963,0.0,0.10263340389897246,0.0,-11.73294529294078,48248.26035310228
97.395,1.0,2.0,-0.0,0.0,-0.0,0.0,0.0,48248.26035310228
115.24,1.0,2.0,0.0,0.0,0.0,0.0,0.0,48248.26035310228
153.67,0.5270462766947299,1.0540925533894598,0.0,0.8973665961010275,0.0,0.9459074466105402,135.64593466663132,48383.906287768914
166.395,0.0,0.0,0.0,1.0,0.0,1.0540925533894598,163.88500000000002,48547.791287768916
135.175,-0.0,-0.0,0.0,0.0,0.0,0.0,0.0,48547.791287768916
118.445,-0.0,-0.0,0.0,0.0,0.0,0.0,0.0,48547.791287768916
103.325,-0.0,-0.0,0.0,0.0,0.0,0.0,0.0,48547.791287768916
90.8225,0.05131670194948623,0.10263340389897246,0.10818510677891963,0.0,0.10263340389897246,0.0,-13.625102810504085,48534.16618495841
89.085,0.5256583509747431,1.0513167019494862,1.0,0.0,0.9486832980505138,0.0,-124.20499999999998,48409.96118495841
90.215,1.0,2.0,1.0,0.0,0.9486832980505138,0.0,-125.33500000000001,48284.62618495841
95.0925,1.0,2.0,0.0,0.0,0.0,0.0,0.0,48284.62618495841
109.815,1.0,2.0,0.0,0.0,0.0,0.0,0.0,48284.62618495841
144.6975,1.0,2.0,0.0,-0.0,0.0,-0.0,0.0,48284.62618495841
183.81,0.5270462766947299,1.0540925533894598,0.0,0.8973665961010275,0.0,0.9459074466105402,162.69256387311628,48447.31874883153
199.0025,-0.0,-0.0,0.0,1.0,0.0,1.0540925533894598,196.4925,48643.81124883153
141.695,0.0,0.0,0.0,0.0,0.0,0.0,0.0,48643.81124883153
114.05,-0.0,-0.0,0.0,0.0,0.0,0.0,0.0,48643.81124883153
108.24,-0.0,-0.0,0.0,0.0,0.0,0.0,0.0,48643.81124883153
97.8325,-0.0,-0.0,0.0,0.0,0.0,0.0,0.0,48643.81124883153
97.2175,-0.0,-0.0,0.0,0.0,0.0,0.0,0.0,48643.81124883153
92.585,-0.0,-0.0,0.0,0.0,0.0,0.0,0.0,48643.81124883153
93.2625,0.05131670194948623,0.10263340389897246,0.10818510677891963,0.0,0.10263340389897246,0.0,-12.121329826277103,48631.68991900526
88.5575,0.5256583509747431,1.0513167019494862,1.0,0.0,0.9486832980505138,0.0,-107.3375,48524.352419005256
92.7,1.0,2.0,1.0,0.0,0.9486832980505138,0.0,-111.48,48412.87241900525
96.16,1.0,2.0,-0.0,0.0,-0.0,0.0,0.0,48412.87241900525
121.8525,1.0,2.0,0.0,0.0,0.0,0.0,0.0,48412.87241900525
142.8525,0.5270462766947299,1.0540925533894598,0.0,0.8973665961010275,0.0,0.9459074466105402,125.93867151330846,48538.81109051856
147.6725,0.0,0.0,0.0,1.0,0.0,1.0540925533894598,145.16250000000002,48683.97359051856
130.2675,0.0,0.0,0.0,-0.0,0.0,-0.0,0.0,48683.97359051856
107.465,-0.0,-0.0,0.0,0.0,0.0,0.0,0.0,48683.97359051856
94.8575,-0.0,-0.0,0.0,0.0,0.0,0.0,0.0,48683.97359051856
78.2875,0.0,0.0,-0.0,0.0,-0.0,0.0,0.0,48683.97359051856
67.555,-0.0,-0.0,0.0,0.0,0.0,0.0,0.0,48683.97359051856
63.4425,-0.0,-0.0,0.0,0.0,0.0,0.0,0.0,48683.97359051856
62.8725,-0.0,-0.0,0.0,0.0,0.0,0.0,0.0,48683.97359051856
62.1425,-0.0,-0.0,0.0,0.0,0.0,0.0,0.0,48683.97359051856
65.01,-0.0,-0.0,0.0,0.0,0.0,0.0,0.0,48683.97359051856
71.8975,-0.0,-0.0,0.0,0.0,0.0,0.0,0.0,48683.97359051856
70.4425,-0.0,-0.0,0.0,0.0,0.0,0.0,0.0,48683.97359051856
62.8475,-0.0,-0.0,0.0,0.0,0.0,0.0,0.0,48683.97359051856
52.14,-0.0,-0.0,0.0,0.0,0.0,0.0,0.0,48683.97359051856
49.715,-0.0,-0.0,0.0,0.0,0.0,0.0,0.0,48683.97359051856
42.7925,-0.0,-0.0,0.0,0.0,0.0,0.0,0.0,48683.97359051856
55.02,-0.0,-0.0,0.0,0.0,0.0,0.0,0.0,48683.97359051856
45.88,-0.0,-0.0,0.0,0.0,0.0,0.0,0.0,48683.97359051856
49.0325,-0.0,-0.0,0.0,0.0,0.0,0.0,0.0,48683.97359051856
45.02,0.05131670194948623,0.10263340389897246,0.10818510677891963,0.0,0.10263340389897246,0.0,-6.902209812495072,48677.07138070607
42.1275,0.5256583509747431,1.0513167019494862,1.0,0.0,0.9486832980505138,0.0,-60.9075,48616.163880706066
44.6375,1.0,2.0,1.0,0.0,0.9486832980505138,0.0,-63.417500000000004,48552.74638070606
68.82,1.0,2.0,0.0,0.0,0.0,0.0,0.0,48552.74638070606
88.895,0.5783629786442162,1.1567259572884323,0.0,0.7999999999999998,0.0,0.8432740427115677,69.10799999999999,48621.85438070606
95.0,0.05131670194948623,0.10263340389897246,0.0,1.0,0.0,1.0540925533894598,92.49,48714.34438070606
74.8975,0.05131670194948623,0.10263340389897246,0.0,0.0,0.0,0.0,0.0,48714.34438070606
64.7225,0.05131670194948623,0.10263340389897246,0.0,0.0,0.0,0.0,0.0,48714.34438070606
58.6675,0.05131670194948623,0.10263340389897246,0.0,0.0,0.0,0.0,0.0,48714.34438070606
54.1575,0.05131670194948623,0.10263340389897246,0.0,0.0,0.0,0.0,0.0,48714.34438070606
52.935,0.05131670194948623,0.10263340389897246,0.0,0.0,0.0,0.0,0.0,48714.34438070606
50.3275,0.5256583509747431,1.0513167019494862,1.0,0.0,0.9486832980505138,0.0,-75.6375,48638.706880706064
49.65,1.0,2.0,1.0,0.0,0.9486832980505138,0.0,-74.96,48563.746880706065
59.32,1.0,2.0,0.0,0.0,0.0,0.0,0.0,48563.746880706065
75.975,1.0,2.0,0.0,0.0,0.0,0.0,0.0,48563.746880706065
93.1925,0.5270462766947299,1.0540925533894598,0.0,0.8973665961010275,0.0,0.9459074466105402,81.37544635093143,48645.122327057
93.2525,-0.0,-0.0,0.0,1.0,0.0,1.0540925533894598,90.74249999999999,48735.864827057
75.2325,-0.0,-0.0,0.0,0.0,0.0,0.0,0.0,48735.864827057
66.6125,-0.0,-0.0,0.0,0.0,0.0,0.0,0.0,48735.864827057
64.82,-0.0,-0.0,0.0,0.0,0.0,0.0,0.0,48735.864827057
61.5475,-0.0,-0.0,0.0,0.0,0.0,0.0,0.0,48735.864827057
57.8125,0.0,0.0,0.0,0.0,0.0,0.0,0.0,48735.864827057
59.9375,-0.0,-0.0,0.0,0.0,0.0,0.0,0.0,48735.864827057
60.27,-0.0,-0.0,0.0,0.0,0.0,0.0,0.0,48735.864827057
57.935,-0.0,-0.0,0.0,0.0,0.0,0.0,0.0,48735.864827057
55.945,0.4743416490252569,0.9486832980505138,1.0,0.0,0.9486832980505138,0.0,-74.725,48661.139827057
57.4925,0.5256583509747431,1.0513167019494862,0.10818510677891963,0.0,0.10263340389897246,0.0,-8.251548556795147,48652.888278500206
65.8,0.5256583509747431,1.0513167019494862,0.0,0.0,0.0,0.0,0.0,48652.888278500206
69.9975,0.5256583509747431,1.0513167019494862,0.0,0.0,0.0,0.0,0.0,48652.888278500206
73.3625,0.5256583509747431,1.0513167019494862,0.0,0.0,0.0,0.0,0.0,48652.888278500206
70.225,0.5256583509747431,1.0513167019494862,0.0,0.0,0.0,0.0,0.0,48652.888278500206
68.8175,0.5256583509747431,1.0513167019494862,0.0,0.0,0.0,0.0,0.0,48652.888278500206
63.94,0.5256583509747431,1.0513167019494862,0.0,0.0,0.0,0.0,0.0,48652.888278500206
54.23,0.5256583509747431,1.0513167019494862,0.0,0.0,0.0,0.0,0.0,48652.888278500206
46.7725,1.0,2.0,1.0,0.0,0.9486832980505138,0.0,-72.0825,48580.80577850021
51.03,1.0,2.0,0.0,0.0,0.0,0.0,0.0,48580.80577850021
66.9625,1.0,2.0,0.0,0.0,0.0,0.0,0.0,48580.80577850021
82.965,1.0,2.0,0.0,0.0,0.0,0.0,0.0,48580.80577850021
105.085,1.0,2.0,0.0,0.0,0.0,0.0,0.0,48580.80577850021
120.915,0.5270462766947299,1.0540925533894598,0.0,0.8973665961010275,0.0,0.9459074466105402,106.25269181134217,48687.05847031155
127.19,0.0,0.0,0.0,1.0,0.0,1.0540925533894598,124.67999999999999,48811.73847031155
113.7625,-0.0,-0.0,0.0,-0.0,0.0,-0.0,0.0,48811.73847031155
106.93,-0.0,-0.0,0.0,0.0,0.0,0.0,0.0,48811.73847031155
103.315,-0.0,-0.0,0.0,0.0,0.0,0.0,0.0,48811.73847031155
94.825,-0.0,-0.0,0.0,0.0,0.0,0.0,0.0,48811.73847031155
91.0,-0.0,-0.0,0.0,0.0,0.0,0.0,0.0,48811.73847031155
84.28,0.0,0.0,0.0,0.0,0.0,0.0,0.0,48811.73847031155
80.0475,0.0,0.0,-0.0,0.0,-0.0,0.0,0.0,48811.73847031155
71.535,-0.0,-0.0,0.0,0.0,0.0,0.0,0.0,48811.73847031155
70.035,-0.0,-0.0,0.0,0.0,0.0,0.0,0.0,48811.73847031155
65.5525,0.4743416490252569,0.9486832980505138,1.0,0.0,0.9486832980505138,0.0,-84.3325,48727.405970311556
67.35,0.9486832980505138,1.8973665961010275,1.0,0.0,0.9486832980505138,0.0,-86.13,48641.27597031156
69.84,0.9486832980505138,1.8973665961010275,0.0,0.0,0.0,0.0,0.0,48641.27597031156
70.905,0.9486832980505138,1.8973665961010275,0.0,0.0,0.0,0.0,0.0,48641.27597031156
73.3225,0.9486832980505138,1.8973665961010275,0.0,0.0,0.0,0.0,0.0,48641.27597031156
70.9475,0.9486832980505138,1.8973665961010275,0.0,0.0,0.0,0.0,0.0,48641.27597031156
71.9,0.9486832980505138,1.8973665961010275,0.0,0.0,0.0,0.0,0.0,48641.27597031156
66.8875,0.9486832980505138,1.8973665961010275,0.0,0.0,0.0,0.0,0.0,48641.27597031156
52.16,1.0,2.0,0.10818510677891963,0.0,0.10263340389897246,0.0,-9.442396119664105,48631.83357419189
62.475,1.0,2.0,0.0,0.0,0.0,0.0,0.0,48631.83357419189
79.985,1.0,2.0,0.0,0.0,0.0,0.0,0.0,48631.83357419189
88.0025,1.0,2.0,0.0,0.0,0.0,0.0,0.0,48631.83357419189
105.55,1.0,2.0,0.0,0.0,0.0,0.0,0.0,48631.83357419189
108.905,1.0,2.0,0.0,0.0,0.0,0.0,0.0,48631.83357419189
116.64,1.0,2.0,0.0,-0.0,0.0,-0.0,0.0,48631.83357419189
115.5275,1.0,2.0,0.0,0.0,0.0,0.0,0.0,48631.83357419189
110.4475,1.0,2.0,0.0,0.0,0.0,0.0,0.0,48631.83357419189
107.79,1.0,2.0,0.0,0.0,0.0,0.0,0.0,48631.83357419189
93.445,1.0,2.0,0.0,0.0,0.0,0.0,0.0,48631.83357419189
93.4525,1.0,2.0,0.0,0.0,0.0,0.0,0.0,48631.83357419189
90.26,1.0,2.0,0.0,0.0,0.0,0.0,0.0,48631.83357419189
90.8325,1.0,2.0,0.0,0.0,0.0,0.0,0.0,48631.83357419189
89.1225,1.0,2.0,0.0,0.0,0.0,0.0,0.0,48631.83357419189
93.4525,1.0,2.0,-0.0,0.0,-0.0,0.0,0.0,48631.83357419189
98.095,1.0,2.0,-0.0,0.0,-0.0,0.0,0.0,48631.83357419189
131.41,1.0,2.0,0.0,0.0,0.0,0.0,0.0,48631.83357419189
218.6375,0.4729537233052701,0.9459074466105402,0.0,1.0,0.0,1.0540925533894598,216.1275,48847.961074191895
199.5575,0.0,0.0,0.0,0.8973665961010275,0.0,0.9459074466105402,176.82384434521722,49024.78491853711
150.185,-0.0,-0.0,0.0,-0.0,0.0,-0.0,0.0,49024.78491853711
125.0975,-0.0,-0.0,0.0,0.0,0.0,0.0,0.0,49024.78491853711
110.0,0.0,0.0,0.0,0.0,0.0,0.0,0.0,49024.78491853711
95.1,0.05131670194948623,0.10263340389897246,0.10818510677891963,0.0,0.10263340389897246,0.0,-14.087864604750912,49010.69705393236
89.8575,0.5256583509747431,1.0513167019494862,1.0,0.0,0.9486832980505138,0.0,-124.97749999999999,48885.71955393236
92.0975,1.0,2.0,1.0,0.0,0.9486832980505138,0.0,-127.2175,48758.50205393236
101.84,1.0,2.0,0.0,0.0,0.0,0.0,0.0,48758.50205393236
117.9025,1.0,2.0,0.0,0.0,0.0,0.0,0.0,48758.50205393236
180.6,1.0,2.0,-0.0,0.0,-0.0,0.0,0.0,48758.50205393236
287.0275,0.5270462766947299,1.0540925533894598,0.0,0.8973665961010275,0.0,0.9459074466105402,255.3165005061741,49013.818554438534
289.9475,0.0,0.0,0.0,1.0,0.0,1.0540925533894598,287.4375,49301.256054438534
186.9525,-0.0,-0.0,0.0,0.0,0.0,0.0,0.0,49301.256054438534
136.61,0.0,0.0,-0.0,0.0,-0.0,0.0,0.0,49301.256054438534
117.6575,-0.0,-0.0,0.0,0.0,0.0,0.0,0.0,49301.256054438534
106.5825,-0.0,-0.0,0.0,0.0,0.0,0.0,0.0,49301.256054438534
105.175,-0.0,-0.0,0.0,0.0,0.0,0.0,0.0,49301.256054438534
100.58,-0.0,-0.0,0.0,0.0,0.0,0.0,0.0,49301.256054438534
96.6925,0.05131670194948623,0.10263340389897246,0.10818510677891963,0.0,0.10263340389897246,0.0,-12.492404742528796,49288.763649696004
96.02,0.5256583509747431,1.0513167019494862,1.0,0.0,0.9486832980505138,0.0,-114.8,49173.963649696
94.825,1.0,2.0,1.0,0.0,0.9486832980505138,0.0,-113.605,49060.358649696
98.1075,1.0,2.0,0.0,0.0,0.0,0.0,0.0,49060.358649696
117.465,1.0,2.0,-0.0,0.0,-0.0,0.0,0.0,49060.358649696
160.93,0.5783629786442162,1.1567259572884323,0.0,0.7999999999999998,0.0,0.8432740427115677,126.73599999999998,49187.094649695995
194.4075,0.05131670194948623,0.10263340389897246,0.0,1.0,0.0,1.0540925533894598,191.8975,49378.992149695994
160.55,0.05131670194948623,0.10263340389897246,0.0,0.0,0.0,0.0,0.0,49378.992149695994
136.3425,0.05131670194948623,0.10263340389897246,0.0,0.0,0.0,0.0,0.0,49378.992149695994
122.1675,0.05131670194948623,0.10263340389897246,0.0,0.0,0.0,0.0,0.0,49378.992149695994
108.6875,0.05131670194948623,0.10263340389897246,0.0,0.0,0.0,0.0,0.0,49378.992149695994
102.9975,0.5256583509747431,1.0513167019494862,1.0,0.0,0.9486832980505138,0.0,-138.1175,49240.874649695994
106.3775,1.0,2.0,1.0,0.0,0.9486832980505138,0.0,-141.4975,49099.377149695996
122.5475,1.0,2.0,0.0,0.0,0.0,0.0,0.0,49099.377149695996
147.2725,1.0,2.0,-0.0,0.0,-0.0,0.0,0.0,49099.377149695996
223.3,1.0,2.0,0.0,-0.0,0.0,-0.0,0.0,49099.377149695996
404.9575,0.5270462766947299,1.0540925533894598,0.0,0.8973665961010275,0.0,0.9459074466105402,361.1429431843683,49460.52009288037
407.205,0.0,0.0,0.0,1.0,0.0,1.0540925533894598,404.695,49865.21509288037
225.48,0.0,0.0,-0.0,0.0,-0.0,0.0,0.0,49865.21509288037
163.04,0.0,0.0,-0.0,0.0,-0.0,0.0,0.0,49865.21509288037
129.8575,-0.0,-0.0,0.0,0.0,0.0,0.0,0.0,49865.21509288037
115.36,-0.0,-0.0,0.0,0.0,0.0,0.0,0.0,49865.21509288037
115.4625,-0.0,-0.0,0.0,0.0,0.0,0.0,0.0,49865.21509288037
111.865,-0.0,-0.0,0.0,0.0,0.0,0.0,0.0,49865.21509288037
107.6825,0.05131670194948623,0.10263340389897246,0.10818510677891963,0.0,0.10263340389897246,0.0,-13.681359066029124,49851.533733814336
103.6175,0.5256583509747431,1.0513167019494862,1.0,0.0,0.9486832980505138,0.0,-122.39750000000001,49729.13623381434
100.8325,1.0,2.0,1.0,0.0,0.9486832980505138,0.0,-119.6125,49609.523733814334
108.2825,1.0,2.0,-0.0,0.0,-0.0,0.0,0.0,49609.523733814334
129.7075,1.0,2.0,-0.0,0.0,-0.0,0.0,0.0,49609.523733814334
204.5775,0.5270462766947299,1.0540925533894598,0.0,0.8973665961010275,0.0,0.9459074466105402,181.32862465764438,49790.85235847198
255.88,0.0,0.0,0.0,1.0,0.0,1.0540925533894598,253.37,50044.22235847198
172.915,0.0,0.0,0.0,-0.0,0.0,-0.0,0.0,50044.22235847198
138.14,-0.0,-0.0,0.0,0.0,0.0,0.0,0.0,50044.22235847198
119.825,-0.0,-0.0,0.0,0.0,0.0,0.0,0.0,50044.22235847198
112.4625,-0.0,-0.0,0.0,0.0,0.0,0.0,0.0,50044.22235847198
104.73,0.4743416490252569,0.9486832980505138,1.0,0.0,0.9486832980505138,0.0,-139.85,49904.372358471985
103.455,0.9486832980505138,1.8973665961010275,1.0,0.0,0.9486832980505138,0.0,-138.575,49765.79735847199
111.7175,1.0,2.0,0.10818510677891963,0.0,0.10263340389897246,0.0,-15.88563061664961,49749.91172785534
125.2125,1.0,2.0,0.0,0.0,0.0,0.0,0.0,49749.91172785534
159.875,1.0,2.0,0.0,0.0,0.0,0.0,0.0,49749.91172785534
213.065,0.5270462766947299,1.0540925533894598,0.0,0.8973665961010275,0.0,0.9459074466105402,188.94502364205186,49938.85675149739
217.995,0.0,0.0,0.0,1.0,0.0,1.0540925533894598,215.485,50154.34175149739
152.0125,0.0,0.0,-0.0,0.0,-0.0,0.0,0.0,50154.34175149739
120.4425,-0.0,-0.0,0.0,0.0,0.0,0.0,0.0,50154.34175149739
97.1025,-0.0,-0.0,0.0,0.0,0.0,0.0,0.0,50154.34175149739
87.62,0.0,0.0,-0.0,0.0,-0.0,0.0,0.0,50154.34175149739
86.6475,-0.0,-0.0,0.0,0.0,0.0,0.0,0.0,50154.34175149739
82.6225,0.0,0.0,-0.0,0.0,-0.0,0.0,0.0,50154.34175149739
84.265,0.0,0.0,-0.0,0.0,-0.0,0.0,0.0,50154.34175149739
80.2325,0.05131670194948623,0.10263340389897246,0.10818510677891963,0.0,0.10263340389897246,0.0,-10.711677884947779,50143.63007361245
76.0,0.5256583509747431,1.0513167019494862,1.0,0.0,0.9486832980505138,0.0,-94.78,50048.85007361245
78.4925,1.0,2.0,1.0,0.0,0.9486832980505138,0.0,-97.27250000000001,49951.57757361245
87.0775,1.0,2.0,0.0,0.0,0.0,0.0,0.0,49951.57757361245
102.6925,1.0,2.0,0.0,0.0,0.0,0.0,0.0,49951.57757361245
123.275,0.4729537233052701,0.9459074466105402,0.0,1.0,0.0,1.0540925533894598,120.765,50072.34257361245
115.4225,0.4729537233052701,0.9459074466105402,0.0,0.0,0.0,0.0,0.0,50072.34257361245
88.6525,0.4729537233052701,0.9459074466105402,0.0,0.0,0.0,0.0,0.0,50072.34257361245
78.0025,0.4729537233052701,0.9459074466105402,0.0,0.0,0.0,0.0,0.0,50072.34257361245
67.96,0.947295372330527,1.894590744661054,1.0,0.0,0.9486832980505138,0.0,-103.07999999999998,49969.26257361245
69.0025,0.947295372330527,1.894590744661054,0.0,0.0,0.0,0.0,0.0,49969.26257361245
68.67,1.0,2.0,0.11111111111111122,0.0,0.10540925533894607,0.0,-11.532222222222233,49957.73035139022
73.1025,1.0,2.0,0.0,0.0,0.0,0.0,0.0,49957.73035139022
84.855,1.0,2.0,0.0,0.0,0.0,0.0,0.0,49957.73035139022
113.125,1.0,2.0,0.0,0.0,0.0,0.0,0.0,49957.73035139022
128.76,0.5270462766947299,1.0540925533894598,0.0,0.8973665961010275,0.0,0.9459074466105402,113.29253275775471,50071.02288414798
140.365,0.0,0.0,0.0,1.0,0.0,1.0540925533894598,137.85500000000002,50208.87788414798
120.8925,-0.0,-0.0,0.0,0.0,0.0,0.0,0.0,50208.87788414798
100.91,-0.0,-0.0,0.0,0.0,0.0,0.0,0.0,50208.87788414798
95.3,-0.0,-0.0,0.0,0.0,0.0,0.0,0.0,50208.87788414798
92.6725,-0.0,-0.0,0.0,0.0,0.0,0.0,0.0,50208.87788414798
87.8775,-0.0,-0.0,0.0,0.0,0.0,0.0,0.0,50208.87788414798
85.8775,0.0,0.0,-0.0,0.0,-0.0,0.0,0.0,50208.87788414798
87.34,0.4743416490252569,0.9486832980505138,1.0,0.0,0.9486832980505138,0.0,-106.12,50102.75788414798
87.1375,0.9486832980505138,1.8973665961010275,1.0,0.0,0.9486832980505138,0.0,-105.9175,49996.840384147974
87.9325,1.0,2.0,0.10818510677891963,0.0,0.10263340389897246,0.0,-11.544703207145462,49985.29568094083
92.16,1.0,2.0,-0.0,0.0,-0.0,0.0,0.0,49985.29568094083
100.4525,1.0,2.0,0.0,0.0,0.0,0.0,0.0,49985.29568094083
127.675,1.0,2.0,0.0,0.0,0.0,0.0,0.0,49985.29568094083
144.26,0.4729537233052701,0.9459074466105402,0.0,1.0,0.0,1.0540925533894598,141.75,50127.04568094083
129.02,0.0,0.0,0.0,0.8973665961010275,0.0,0.9459074466105402,113.525848072741,50240.57152901357
114.07,-0.0,-0.0,0.0,0.0,0.0,0.0,0.0,50240.57152901357
96.4025,-0.0,-0.0,0.0,0.0,0.0,0.0,0.0,50240.57152901357
84.9975,-0.0,-0.0,0.0,0.0,0.0,0.0,0.0,50240.57152901357
79.7175,0.4743416490252569,0.9486832980505138,1.0,0.0,0.9486832980505138,0.0,-105.0275,50135.544029013574
78.895,0.9486832980505138,1.8973665961010275,1.0,0.0,0.9486832980505138,0.0,-104.205,50031.33902901357
80.3175,1.0,2.0,0.10818510677891963,0.0,0.10263340389897246,0.0,-11.427322366290332,50019.91170664728
89.7625,1.0,2.0,0.0,0.0,0.0,0.0,0.0,50019.91170664728
115.775,1.0,2.0,0.0,0.0,0.0,0.0,0.0,50019.91170664728
129.31,0.5270462766947299,1.0540925533894598,0.0,0.8973665961010275,0.0,0.9459074466105402,113.7860843856103,50133.69779103289
130.69,0.0,0.0,0.0,1.0,0.0,1.0540925533894598,128.18,50261.87779103289
116.9875,-0.0,-0.0,0.0,0.0,0.0,0.0,0.0,50261.87779103289
104.055,-0.0,-0.0,0.0,0.0,0.0,0.0,0.0,50261.87779103289
102.1825,-0.0,-0.0,0.0,0.0,0.0,0.0,0.0,50261.87779103289
92.4975,-0.0,-0.0,0.0,0.0,0.0,0.0,0.0,50261.87779103289
94.615,-0.0,-0.0,0.0,0.0,0.0,0.0,0.0,50261.87779103289
89.86,-0.0,-0.0,0.0,0.0,0.0,0.0,0.0,50261.87779103289
89.8125,0.0,0.0,-0.0,0.0,-0.0,0.0,0.0,50261.87779103289
88.3375,-0.0,-0.0,0.0,0.0,0.0,0.0,0.0,50261.87779103289
88.35,-0.0,-0.0,0.0,0.0,0.0,0.0,0.0,50261.87779103289
88.315,-0.0,-0.0,0.0,0.0,0.0,0.0,0.0,50261.87779103289
91.955,-0.0,-0.0,0.0,0.0,0.0,0.0,0.0,50261.87779103289
109.4725,-0.0,-0.0,0.0,0.0,0.0,0.0,0.0,50261.87779103289
114.5475,-0.0,-0.0,0.0,-0.0,0.0,-0.0,0.0,50261.87779103289
102.2425,-0.0,-0.0,0.0,0.0,0.0,0.0,0.0,50261.87779103289
91.4675,-0.0,-0.0,0.0,0.0,0.0,0.0,0.0,50261.87779103289
80.7875,0.0,0.0,0.0,0.0,0.0,0.0,0.0,50261.87779103289
73.9425,0.05131670194948623,0.10263340389897246,0.10818510677891963,0.0,0.10263340389897246,0.0,-10.737642310574719,50251.14014872232
67.5325,0.5256583509747431,1.0513167019494862,1.0,0.0,0.9486832980505138,0.0,-92.8425,50158.29764872232
72.3,1.0,2.0,1.0,0.0,0.9486832980505138,0.0,-97.61,50060.68764872232
83.5,1.0,2.0,-0.0,0.0,-0.0,0.0,0.0,50060.68764872232
96.55,1.0,2.0,0.0,0.0,0.0,0.0,0.0,50060.68764872232
116.6125,1.0,2.0,0.0,0.0,0.0,0.0,0.0,50060.68764872232
133.235,0.4729537233052701,0.9459074466105402,0.0,1.0,0.0,1.0540925533894598,130.72500000000002,50191.41264872232
124.8225,-0.0,-0.0,0.0,0.8973665961010275,0.0,0.9459074466105402,109.75915178560693,50301.171800507924
112.0425,-0.0,-0.0,0.0,0.0,0.0,0.0,0.0,50301.171800507924
92.5525,-0.0,-0.0,0.0,0.0,0.0,0.0,0.0,50301.171800507924
95.58,-0.0,-0.0,0.0,0.0,0.0,0.0,0.0,50301.171800507924
94.3275,-0.0,-0.0,0.0,0.0,0.0,0.0,0.0,50301.171800507924
90.9625,-0.0,-0.0,0.0,0.0,0.0,0.0,0.0,50301.171800507924
85.275,0.0,0.0,0.0,0.0,0.0,0.0,0.0,50301.171800507924
79.3425,-0.0,-0.0,0.0,0.0,0.0,0.0,0.0,50301.171800507924
73.765,-0.0,-0.0,0.0,0.0,0.0,0.0,0.0,50301.171800507924
73.67,-0.0,-0.0,0.0,0.0,0.0,0.0,0.0,50301.171800507924
76.465,-0.0,-0.0,0.0,0.0,0.0,0.0,0.0,50301.171800507924
75.1425,-0.0,-0.0,0.0,0.0,0.0,0.0,0.0,50301.171800507924
76.795,-0.0,-0.0,0.0,0.0,0.0,0.0,0.0,50301.171800507924
79.1975,-0.0,-0.0,0.0,0.0,0.0,0.0,0.0,50301.171800507924
70.9475,-0.0,-0.0,0.0,0.0,0.0,0.0,0.0,50301.171800507924
66.4025,-0.0,-0.0,0.0,0.0,0.0,0.0,0.0,50301.171800507924
60.3,-0.0,-0.0,0.0,0.0,0.0,0.0,0.0,50301.171800507924
34.5675,0.4743416490252569,0.9486832980505138,1.0,0.0,0.9486832980505138,0.0,-69.6875,50231.484300507924
20.295,0.9486832980505138,1.8973665961010275,1.0,0.0,0.9486832980505138,0.0,-55.415,50176.06930050792
36.2175,1.0,2.0,0.10818510677891963,0.0,0.10263340389897246,0.0,-7.717655054841179,50168.35164545308
66.7725,1.0,2.0,0.0,0.0,0.0,0.0,0.0,50168.35164545308
75.695,1.0,2.0,0.0,0.0,0.0,0.0,0.0,50168.35164545308
89.5975,0.5270462766947299,1.0540925533894598,0.0,0.8973665961010275,0.0,0.9459074466105402,78.14941343794823,50246.50105889103
94.355,-0.0,-0.0,0.0,1.0,0.0,1.0540925533894598,91.845,50338.34605889103
84.075,0.0,0.0,0.0,0.0,0.0,0.0,0.0,50338.34605889103
70.35,-0.0,-0.0,0.0,0.0,0.0,0.0,0.0,50338.34605889103
66.97,-0.0,-0.0,0.0,0.0,0.0,0.0,0.0,50338.34605889103
64.07,-0.0,-0.0,0.0,0.0,0.0,0.0,0.0,50338.34605889103
55.5625,-0.0,-0.0,0.0,0.0,0.0,0.0,0.0,50338.34605889103
58.59,-0.0,-0.0,0.0,0.0,0.0,0.0,0.0,50338.34605889103
54.4075,-0.0,-0.0,0.0,0.0,0.0,0.0,0.0,50338.34605889103
53.375,0.0,0.0,-0.0,0.0,-0.0,0.0,0.0,50338.34605889103
52.0775,0.4743416490252569,0.9486832980505138,1.0,0.0,0.9486832980505138,0.0,-70.8575,50267.48855889103
52.2,0.9486832980505138,1.8973665961010275,1.0,0.0,0.9486832980505138,0.0,-70.98,50196.50855889103
52.9475,1.0,2.0,0.10818510677891963,0.0,0.10263340389897246,0.0,-7.7598472464849575,50188.74871164455
63.7075,1.0,2.0,0.0,0.0,0.0,0.0,0.0,50188.74871164455
80.455,1.0,2.0,0.0,0.0,0.0,0.0,0.0,50188.74871164455
87.4175,1.0,2.0,0.0,-0.0,0.0,-0.0,0.0,50188.74871164455
79.445,1.0,2.0,0.0,0.0,0.0,0.0,0.0,50188.74871164455
67.7725,1.0,2.0,0.0,0.0,0.0,0.0,0.0,50188.74871164455
63.34,1.0,2.0,0.0,0.0,0.0,0.0,0.0,50188.74871164455
57.745,1.0,2.0,0.0,0.0,0.0,0.0,0.0,50188.74871164455
60.2775,1.0,2.0,0.0,0.0,0.0,0.0,0.0,50188.74871164455
65.1775,1.0,2.0,0.0,0.0,0.0,0.0,0.0,50188.74871164455
70.4625,1.0,2.0,0.0,0.0,0.0,0.0,0.0,50188.74871164455
74.7975,1.0,2.0,0.0,0.0,0.0,0.0,0.0,50188.74871164455
89.87,0.5270462766947299,1.0540925533894598,0.0,0.8973665961010275,0.0,0.9459074466105402,78.39394583538576,50267.14265747993
92.4575,-0.0,-0.0,0.0,1.0,0.0,1.0540925533894598,89.94749999999999,50357.090157479935
84.9925,0.0,0.0,0.0,0.0,0.0,0.0,0.0,50357.090157479935
63.3225,-0.0,-0.0,0.0,0.0,0.0,0.0,0.0,50357.090157479935
64.9625,-0.0,-0.0,0.0,-0.0,0.0,-0.0,0.0,50357.090157479935
60.0325,-0.0,-0.0,0.0,0.0,0.0,0.0,0.0,50357.090157479935
51.0,-0.0,-0.0,0.0,0.0,0.0,0.0,0.0,50357.090157479935
61.48,-0.0,-0.0,0.0,0.0,0.0,0.0,0.0,50357.090157479935
43.8325,0.0,0.0,0.0,0.0,0.0,0.0,0.0,50357.090157479935
33.0725,0.05131670194948623,0.10263340389897246,0.10818510677891963,0.0,0.10263340389897246,0.0,-5.60966824925393,50351.48048923068
22.2775,0.5256583509747431,1.0513167019494862,1.0,0.0,0.9486832980505138,0.0,-41.057500000000005,50310.422989230676
25.9125,1.0,2.0,1.0,0.0,0.9486832980505138,0.0,-44.6925,50265.73048923068
47.46,1.0,2.0,-0.0,0.0,-0.0,0.0,0.0,50265.73048923068
67.6525,1.0,2.0,0.0,0.0,0.0,0.0,0.0,50265.73048923068
80.4275,0.5783629786442162,1.1567259572884323,0.0,0.7999999999999998,0.0,0.8432740427115677,62.33399999999998,50328.06448923068
80.8,0.05131670194948623,0.10263340389897246,0.0,1.0,0.0,1.0540925533894598,78.28999999999999,50406.35448923068
77.47,0.05131670194948623,0.10263340389897246,0.0,0.0,0.0,0.0,0.0,50406.35448923068
74.27,0.05131670194948623,0.10263340389897246,0.0,0.0,0.0,0.0,0.0,50406.35448923068
65.1125,0.05131670194948623,0.10263340389897246,0.0,0.0,0.0,0.0,0.0,50406.35448923068
47.455,0.05131670194948623,0.10263340389897246,0.0,0.0,0.0,0.0,0.0,50406.35448923068
31.5825,0.5256583509747431,1.0513167019494862,1.0,0.0,0.9486832980505138,0.0,-66.7025,50339.65198923068
33.06,1.0,2.0,1.0,0.0,0.9486832980505138,0.0,-68.18,50271.47198923068
60.23,1.0,2.0,0.0,0.0,0.0,0.0,0.0,50271.47198923068
63.5275,1.0,2.0,0.0,0.0,0.0,0.0,0.0,50271.47198923068
77.095,1.0,2.0,0.0,0.0,0.0,0.0,0.0,50271.47198923068
83.21,1.0,2.0,0.0,-0.0,0.0,-0.0,0.0,50271.47198923068
74.81,1.0,2.0,0.0,0.0,0.0,0.0,0.0,50271.47198923068
69.4775,1.0,2.0,0.0,0.0,0.0,0.0,0.0,50271.47198923068
62.33,1.0,2.0,0.0,0.0,0.0,0.0,0.0,50271.47198923068
63.07,1.0,2.0,0.0,0.0,0.0,0.0,0.0,50271.47198923068
62.645,1.0,2.0,0.0,0.0,0.0,0.0,0.0,50271.47198923068
58.3825,1.0,2.0,0.0,0.0,0.0,0.0,0.0,50271.47198923068
57.0,1.0,2.0,0.0,0.0,0.0,0.0,0.0,50271.47198923068
57.5625,1.0,2.0,0.0,0.0,0.0,0.0,0.0,50271.47198923068
58.9525,1.0,2.0,0.0,0.0,0.0,0.0,0.0,50271.47198923068
61.0,1.0,2.0,0.0,0.0,0.0,0.0,0.0,50271.47198923068
61.8475,1.0,2.0,0.0,0.0,0.0,0.0,0.0,50271.47198923068
67.72,1.0,2.0,0.0,0.0,0.0,0.0,0.0,50271.47198923068
82.315,1.0,2.0,0.0,0.0,0.0,0.0,0.0,50271.47198923068
87.465,1.0,2.0,0.0,0.0,0.0,0.0,0.0,50271.47198923068
97.225,1.0,2.0,0.0,-0.0,0.0,-0.0,0.0,50271.47198923068
95.5925,1.0,2.0,0.0,0.0,0.0,0.0,0.0,50271.47198923068
82.8325,1.0,2.0,0.0,0.0,0.0,0.0,0.0,50271.47198923068
79.335,1.0,2.0,0.0,0.0,0.0,0.0,0.0,50271.47198923068
79.1775,1.0,2.0,0.0,0.0,0.0,0.0,0.0,50271.47198923068
86.7425,1.0,2.0,0.0,0.0,0.0,0.0,0.0,50271.47198923068
105.0525,1.0,2.0,0.0,-0.0,0.0,-0.0,0.0,50271.47198923068
123.685,1.0,2.0,-0.0,0.0,-0.0,0.0,0.0,50271.47198923068
183.94,1.0,2.0,-0.0,0.0,-0.0,0.0,0.0,50271.47198923068
291.325,0.4729537233052701,0.9459074466105402,0.0,1.0,0.0,1.0540925533894598,288.815,50560.286989230684
278.7175,0.0,0.0,0.0,0.8973665961010275,0.0,0.9459074466105402,247.85938409257454,50808.14637332326
175.7825,-0.0,-0.0,0.0,0.0,0.0,0.0,0.0,50808.14637332326
133.9475,0.0,0.0,-0.0,0.0,-0.0,0.0,0.0,50808.14637332326
122.065,0.0,0.0,-0.0,0.0,-0.0,0.0,0.0,50808.14637332326
105.0025,-0.0,-0.0,0.0,0.0,0.0,0.0,0.0,50808.14637332326
116.0725,-0.0,-0.0,0.0,-0.0,0.0,-0.0,0.0,50808.14637332326
98.7475,-0.0,-0.0,0.0,0.0,0.0,0.0,0.0,50808.14637332326
95.0675,0.0,0.0,0.0,0.0,0.0,0.0,0.0,50808.14637332326
79.9225,-0.0,-0.0,0.0,0.0,0.0,0.0,0.0,50808.14637332326
70.9975,-0.0,-0.0,0.0,0.0,0.0,0.0,0.0,50808.14637332326
67.52,0.0,0.0,-0.0,0.0,-0.0,0.0,0.0,50808.14637332326
72.25,-0.0,-0.0,0.0,0.0,0.0,0.0,0.0,50808.14637332326
82.2825,-0.0,-0.0,0.0,0.0,0.0,0.0,0.0,50808.14637332326
90.0,-0.0,-0.0,0.0,0.0,0.0,0.0,0.0,50808.14637332326
83.0175,-0.0,-0.0,0.0,0.0,0.0,0.0,0.0,50808.14637332326
79.7025,-0.0,-0.0,0.0,0.0,0.0,0.0,0.0,50808.14637332326
68.97,-0.0,-0.0,0.0,0.0,0.0,0.0,0.0,50808.14637332326
65.96,-0.0,-0.0,0.0,0.0,0.0,0.0,0.0,50808.14637332326
64.105,-0.0,-0.0,0.0,0.0,0.0,0.0,0.0,50808.14637332326
63.535,-0.0,-0.0,0.0,0.0,0.0,0.0,0.0,50808.14637332326
71.8275,-0.0,-0.0,0.0,0.0,0.0,0.0,0.0,50808.14637332326
74.645,-0.0,-0.0,0.0,0.0,0.0,0.0,0.0,50808.14637332326
86.985,-0.0,-0.0,0.0,0.0,0.0,0.0,0.0,50808.14637332326
96.9425,-0.0,-0.0,0.0,0.0,0.0,0.0,0.0,50808.14637332326
97.4925,-0.0,-0.0,0.0,-0.0,0.0,-0.0,0.0,50808.14637332326
87.7125,-0.0,-0.0,0.0,0.0,0.0,0.0,0.0,50808.14637332326
82.815,-0.0,-0.0,0.0,0.0,0.0,0.0,0.0,50808.14637332326
77.6575,0.0,0.0,0.0,0.0,0.0,0.0,0.0,50808.14637332326
60.0825,0.0,0.0,-0.0,0.0,-0.0,0.0,0.0,50808.14637332326
18.195,0.0,0.0,-0.0,0.0,-0.0,0.0,0.0,50808.14637332326
9.835,-0.0,-0.0,0.0,0.0,0.0,0.0,0.0,50808.14637332326
6.5575,0.05131670194948623,0.10263340389897246,0.10818510677891963,0.0,0.10263340389897246,0.0,-2.741140143010876,50805.405233180245
3.6125,0.5256583509747431,1.0513167019494862,1.0,0.0,0.9486832980505138,0.0,-22.392500000000002,50783.01273318024
3.3425,1.0,2.0,1.0,0.0,0.9486832980505138,0.0,-22.122500000000002,50760.890233180246
7.525,1.0,2.0,0.0,0.0,0.0,0.0,0.0,50760.890233180246
23.2775,1.0,2.0,0.0,0.0,0.0,0.0,0.0,50760.890233180246
64.985,1.0,2.0,0.0,-0.0,0.0,-0.0,0.0,50760.890233180246
84.8725,0.4729537233052701,0.9459074466105402,0.0,1.0,0.0,1.0540925533894598,82.3625,50843.25273318025
76.5475,0.0,0.0,0.0,0.8973665961010275,0.0,0.9459074466105402,66.43877935882982,50909.69151253908
58.6725,-0.0,-0.0,0.0,0.0,0.0,0.0,0.0,50909.69151253908
38.54,-0.0,-0.0,0.0,0.0,0.0,0.0,0.0,50909.69151253908
38.7625,-0.0,-0.0,0.0,0.0,0.0,0.0,0.0,50909.69151253908
31.8175,0.05131670194948623,0.10263340389897246,0.10818510677891963,0.0,0.10263340389897246,0.0,-6.180344687512731,50903.51116785157
28.27,0.5256583509747431,1.0513167019494862,1.0,0.0,0.9486832980505138,0.0,-53.58,50849.931167851566
24.865,1.0,2.0,1.0,0.0,0.9486832980505138,0.0,-50.175,50799.75616785156
39.9525,1.0,2.0,0.0,0.0,0.0,0.0,0.0,50799.75616785156
66.2625,1.0,2.0,0.0,0.0,0.0,0.0,0.0,50799.75616785156
74.61,0.5270462766947299,1.0540925533894598,0.0,0.8973665961010275,0.0,0.9459074466105402,64.70013157888408,50864.45629943045
74.6125,-0.0,-0.0,0.0,1.0,0.0,1.0540925533894598,72.10249999999999,50936.55879943045
57.05,0.0,0.0,0.0,0.0,0.0,0.0,0.0,50936.55879943045
41.5075,0.0,0.0,0.0,-0.0,0.0,-0.0,0.0,50936.55879943045
28.9225,0.0,0.0,0.0,-0.0,0.0,-0.0,0.0,50936.55879943045
9.9975,-0.0,-0.0,0.0,0.0,0.0,0.0,0.0,50936.55879943045
3.525,-0.0,-0.0,0.0,0.0,0.0,0.0,0.0,50936.55879943045
1.32,-0.0,-0.0,0.0,0.0,0.0,0.0,0.0,50936.55879943045
0.925,-0.0,-0.0,0.0,0.0,0.0,0.0,0.0,50936.55879943045
0.2975,0.4743416490252569,0.9486832980505138,1.0,0.0,0.9486832980505138,0.0,-19.0775,50917.48129943045
0.1375,0.9486832980505138,1.8973665961010275,1.0,0.0,0.9486832980505138,0.0,-18.9175,50898.56379943045
0.3125,1.0,2.0,0.10818510677891963,0.0,0.10263340389897246,0.0,-2.065524151176523,50896.49827527927
0.545,1.0,2.0,0.0,0.0,0.0,0.0,0.0,50896.49827527927
1.2875,1.0,2.0,0.0,0.0,0.0,0.0,0.0,50896.49827527927
4.19,1.0,2.0,0.0,0.0,0.0,0.0,0.0,50896.49827527927
8.89,1.0,2.0,0.0,0.0,0.0,0.0,0.0,50896.49827527927
8.0475,1.0,2.0,0.0,0.0,0.0,0.0,0.0,50896.49827527927
6.1975,1.0,2.0,0.0,0.0,0.0,0.0,0.0,50896.49827527927
6.1875,1.0,2.0,0.0,0.0,0.0,0.0,0.0,50896.49827527927
4.8925,1.0,2.0,0.0,0.0,0.0,0.0,0.0,50896.49827527927
5.2075,1.0,2.0,0.0,0.0,0.0,0.0,0.0,50896.49827527927
4.8275,1.0,2.0,-0.0,0.0,-0.0,0.0,0.0,50896.49827527927
6.085,1.0,2.0,0.0,0.0,0.0,0.0,0.0,50896.49827527927
27.17,1.0,2.0,0.0,0.0,0.0,0.0,0.0,50896.49827527927
55.255,0.5270462766947299,1.0540925533894598,0.0,0.8973665961010275,0.0,0.9459074466105402,47.3316011113487,50943.82987639062
61.265,-0.0,-0.0,0.0,1.0,0.0,1.0540925533894598,58.755,51002.58487639062
41.98,0.0,0.0,0.0,0.0,0.0,0.0,0.0,51002.58487639062
20.0825,-0.0,-0.0,0.0,0.0,0.0,0.0,0.0,51002.58487639062
16.6825,-0.0,-0.0,0.0,0.0,0.0,0.0,0.0,51002.58487639062
8.1725,0.0,0.0,-0.0,0.0,-0.0,0.0,0.0,51002.58487639062
5.5725,0.0,0.0,-0.0,0.0,-0.0,0.0,0.0,51002.58487639062
3.6975,-0.0,-0.0,0.0,0.0,0.0,0.0,0.0,51002.58487639062
3.19,-0.0,-0.0,0.0,0.0,0.0,0.0,0.0,51002.58487639062
2.09,-0.0,-0.0,0.0,0.0,0.0,0.0,0.0,51002.58487639062
0.715,0.05131670194948623,0.10263340389897246,0.10818510677891963,0.0,0.10263340389897246,0.0,-2.109068656655038,51000.475807733965
0.425,0.5256583509747431,1.0513167019494862,1.0,0.0,0.9486832980505138,0.0,-19.205000000000002,50981.27080773396
0.48,1.0,2.0,1.0,0.0,0.9486832980505138,0.0,-19.26,50962.01080773396
1.0575,1.0,2.0,0.0,0.0,0.0,0.0,0.0,50962.01080773396
2.3925,1.0,2.0,0.0,0.0,0.0,0.0,0.0,50962.01080773396
4.3325,1.0,2.0,0.0,0.0,0.0,0.0,0.0,50962.01080773396
3.9025,1.0,2.0,0.0,0.0,0.0,0.0,0.0,50962.01080773396
3.9,1.0,2.0,0.0,0.0,0.0,0.0,0.0,50962.01080773396
4.2425,1.0,2.0,0.0,0.0,0.0,0.0,0.0,50962.01080773396
4.3575,1.0,2.0,0.0,0.0,0.0,0.0,0.0,50962.01080773396
5.14,1.0,2.0,0.0,0.0,0.0,0.0,0.0,50962.01080773396
6.0125,1.0,2.0,0.0,0.0,0.0,0.0,0.0,50962.01080773396
10.6725,1.0,2.0,0.0,0.0,0.0,0.0,0.0,50962.01080773396
29.0625,1.0,2.0,0.0,0.0,0.0,0.0,0.0,50962.01080773396
46.3775,0.4729537233052701,0.9459074466105402,0.0,1.0,0.0,1.0540925533894598,43.8675,51005.87830773396
45.9125,-0.0,-0.0,0.0,0.8973665961010275,0.0,0.9459074466105402,38.94795368727485,51044.826261421236
40.4825,-0.0,-0.0,0.0,0.0,0.0,0.0,0.0,51044.826261421236
36.03,0.0,0.0,0.0,0.0,0.0,0.0,0.0,51044.826261421236
21.4275,-0.0,-0.0,0.0,0.0,0.0,0.0,0.0,51044.826261421236
19.4725,-0.0,-0.0,0.0,0.0,0.0,0.0,0.0,51044.826261421236
6.215,-0.0,-0.0,0.0,0.0,0.0,0.0,0.0,51044.826261421236
3.0425,-0.0,-0.0,0.0,0.0,0.0,0.0,0.0,51044.826261421236
2.9325,0.05131670194948623,0.10263340389897246,0.10818510677891963,0.0,0.10263340389897246,0.0,-2.3489691309372924,51042.4772922903
2.8725,0.5256583509747431,1.0513167019494862,1.0,0.0,0.9486832980505138,0.0,-21.6525,51020.8247922903
2.7425,1.0,2.0,1.0,0.0,0.9486832980505138,0.0,-21.5225,50999.302292290304
2.975,1.0,2.0,0.0,0.0,0.0,0.0,0.0,50999.302292290304
10.7825,1.0,2.0,0.0,0.0,0.0,0.0,0.0,50999.302292290304
55.0,1.0,2.0,0.0,-0.0,0.0,-0.0,0.0,50999.302292290304
86.065,1.0,2.0,0.0,-0.0,0.0,-0.0,0.0,50999.302292290304
100.1475,1.0,2.0,0.0,-0.0,0.0,-0.0,0.0,50999.302292290304
101.86,1.0,2.0,0.0,0.0,0.0,0.0,0.0,50999.302292290304
96.7375,1.0,2.0,0.0,0.0,0.0,0.0,0.0,50999.302292290304
94.6325,1.0,2.0,0.0,0.0,0.0,0.0,0.0,50999.302292290304
82.6975,1.0,2.0,0.0,0.0,0.0,0.0,0.0,50999.302292290304
81.1225,1.0,2.0,0.0,0.0,0.0,0.0,0.0,50999.302292290304
83.3475,1.0,2.0,0.0,0.0,0.0,0.0,0.0,50999.302292290304
83.665,1.0,2.0,0.0,0.0,0.0,0.0,0.0,50999.302292290304
99.2325,1.0,2.0,0.0,0.0,0.0,0.0,0.0,50999.302292290304
110.72,1.0,2.0,0.0,0.0,0.0,0.0,0.0,50999.302292290304
126.5375,0.4729537233052701,0.9459074466105402,0.0,1.0,0.0,1.0540925533894598,124.02749999999999,51123.3297922903
113.4975,-0.0,-0.0,0.0,0.8973665961010275,0.0,0.9459074466105402,99.5964750847628,51222.92626737506
95.035,0.0,0.0,0.0,0.0,0.0,0.0,0.0,51222.92626737506
77.94,-0.0,-0.0,0.0,-0.0,0.0,-0.0,0.0,51222.92626737506
74.48,-0.0,-0.0,0.0,0.0,0.0,0.0,0.0,51222.92626737506
62.425,-0.0,-0.0,0.0,0.0,0.0,0.0,0.0,51222.92626737506
44.11,0.0,0.0,0.0,0.0,0.0,0.0,0.0,51222.92626737506
28.8825,-0.0,-0.0,0.0,0.0,0.0,0.0,0.0,51222.92626737506
18.5425,0.05131670194948623,0.10263340389897246,0.10818510677891963,0.0,0.10263340389897246,0.0,-4.037738647756228,51218.88852872731
10.2225,0.5256583509747431,1.0513167019494862,1.0,0.0,0.9486832980505138,0.0,-29.0025,51189.886028727306
10.9525,1.0,2.0,1.0,0.0,0.9486832980505138,0.0,-29.7325,51160.15352872731
30.4075,1.0,2.0,0.0,0.0,0.0,0.0,0.0,51160.15352872731
58.4375,1.0,2.0,0.0,-0.0,0.0,-0.0,0.0,51160.15352872731
79.64,1.0,2.0,0.0,0.0,0.0,0.0,0.0,51160.15352872731
89.395,1.0,2.0,0.0,-0.0,0.0,-0.0,0.0,51160.15352872731
87.365,1.0,2.0,0.0,0.0,0.0,0.0,0.0,51160.15352872731
81.0025,1.0,2.0,0.0,0.0,0.0,0.0,0.0,51160.15352872731
75.415,1.0,2.0,0.0,0.0,0.0,0.0,0.0,51160.15352872731
67.8,1.0,2.0,0.0,0.0,0.0,0.0,0.0,51160.15352872731
62.7875,1.0,2.0,0.0,0.0,0.0,0.0,0.0,51160.15352872731
67.9825,1.0,2.0,0.0,0.0,0.0,0.0,0.0,51160.15352872731
78.1,1.0,2.0,0.0,0.0,0.0,0.0,0.0,51160.15352872731
86.96,1.0,2.0,0.0,0.0,0.0,0.0,0.0,51160.15352872731
99.795,1.0,2.0,0.0,0.0,0.0,0.0,0.0,51160.15352872731
111.0225,0.4729537233052701,0.9459074466105402,0.0,1.0,0.0,1.0540925533894598,108.51249999999999,51268.666028727304
107.21,0.0,0.0,0.0,0.8973665961010275,0.0,0.9459074466105402,93.95428261177757,51362.62031133908
91.925,-0.0,-0.0,0.0,0.0,0.0,0.0,0.0,51362.62031133908
80.8375,-0.0,-0.0,0.0,0.0,0.0,0.0,0.0,51362.62031133908
79.58,-0.0,-0.0,0.0,0.0,0.0,0.0,0.0,51362.62031133908
73.2225,-0.0,-0.0,0.0,0.0,0.0,0.0,0.0,51362.62031133908
58.8025,0.0,0.0,-0.0,0.0,-0.0,0.0,0.0,51362.62031133908
54.035,0.4743416490252569,0.9486832980505138,1.0,0.0,0.9486832980505138,0.0,-72.815,51289.80531133908
54.155,0.9486832980505138,1.8973665961010275,1.0,0.0,0.9486832980505138,0.0,-72.935,51216.87031133908
56.3475,0.9486832980505138,1.8973665961010275,0.0,0.0,0.0,0.0,0.0,51216.87031133908
54.725,1.0,2.0,0.10818510677891963,0.0,0.10263340389897246,0.0,-7.9521462737844875,51208.9181650653
64.655,1.0,2.0,0.0,0.0,0.0,0.0,0.0,51208.9181650653
81.92,1.0,2.0,0.0,0.0,0.0,0.0,0.0,51208.9181650653
98.94,1.0,2.0,0.0,-0.0,0.0,-0.0,0.0,51208.9181650653
100.265,1.0,2.0,0.0,-0.0,0.0,-0.0,0.0,51208.9181650653
85.805,1.0,2.0,0.0,0.0,0.0,0.0,0.0,51208.9181650653
71.9525,1.0,2.0,0.0,0.0,0.0,0.0,0.0,51208.9181650653
70.2125,1.0,2.0,0.0,0.0,0.0,0.0,0.0,51208.9181650653
70.8375,1.0,2.0,0.0,0.0,0.0,0.0,0.0,51208.9181650653
77.1125,1.0,2.0,0.0,0.0,0.0,0.0,0.0,51208.9181650653
88.8525,1.0,2.0,0.0,0.0,0.0,0.0,0.0,51208.9181650653
96.8975,1.0,2.0,0.0,0.0,0.0,0.0,0.0,51208.9181650653
101.935,1.0,2.0,0.0,0.0,0.0,0.0,0.0,51208.9181650653
120.9975,0.5270462766947299,1.0540925533894598,0.0,0.8973665961010275,0.0,0.9459074466105402,106.3267245555205,51315.244889620815
125.2775,-0.0,-0.0,0.0,1.0,0.0,1.0540925533894598,122.7675,51438.01238962082
113.5425,-0.0,-0.0,0.0,0.0,0.0,0.0,0.0,51438.01238962082
102.65,0.0,0.0,0.0,0.0,0.0,0.0,0.0,51438.01238962082
96.5025,-0.0,-0.0,0.0,0.0,0.0,0.0,0.0,51438.01238962082
94.4225,-0.0,-0.0,0.0,0.0,0.0,0.0,0.0,51438.01238962082
87.1425,-0.0,-0.0,0.0,0.0,0.0,0.0,0.0,51438.01238962082
75.245,-0.0,-0.0,0.0,0.0,0.0,0.0,0.0,51438.01238962082
70.105,0.0,0.0,-0.0,0.0,-0.0,0.0,0.0,51438.01238962082
65.525,-0.0,-0.0,0.0,0.0,0.0,0.0,0.0,51438.01238962082
60.4175,0.0,0.0,-0.0,0.0,-0.0,0.0,0.0,51438.01238962082
57.1525,0.05131670194948623,0.10263340389897246,0.10818510677891963,0.0,0.10263340389897246,0.0,-8.214765620490315,51429.797624000326
60.0125,0.05131670194948623,0.10263340389897246,0.0,0.0,0.0,0.0,0.0,51429.797624000326
69.1775,0.05131670194948623,0.10263340389897246,0.0,0.0,0.0,0.0,0.0,51429.797624000326
79.9375,0.05131670194948623,0.10263340389897246,0.0,0.0,0.0,0.0,0.0,51429.797624000326
85.2975,0.05131670194948623,0.10263340389897246,0.0,0.0,0.0,0.0,0.0,51429.797624000326
66.7225,0.05131670194948623,0.10263340389897246,0.0,0.0,0.0,0.0,0.0,51429.797624000326
55.985,0.05131670194948623,0.10263340389897246,0.0,0.0,0.0,0.0,0.0,51429.797624000326
47.8775,0.05131670194948623,0.10263340389897246,0.0,0.0,0.0,0.0,0.0,51429.797624000326
43.0075,0.05131670194948623,0.10263340389897246,0.0,0.0,0.0,0.0,0.0,51429.797624000326
40.1825,0.5256583509747431,1.0513167019494862,1.0,0.0,0.9486832980505138,0.0,-75.3025,51354.49512400033
35.995,1.0,2.0,1.0,0.0,0.9486832980505138,0.0,-71.115,51283.38012400033
69.8,1.0,2.0,0.0,0.0,0.0,0.0,0.0,51283.38012400033
85.295,1.0,2.0,0.0,0.0,0.0,0.0,0.0,51283.38012400033
91.6675,1.0,2.0,0.0,0.0,0.0,0.0,0.0,51283.38012400033
97.945,1.0,2.0,0.0,0.0,0.0,0.0,0.0,51283.38012400033
98.6175,1.0,2.0,0.0,-0.0,0.0,-0.0,0.0,51283.38012400033
87.515,1.0,2.0,0.0,0.0,0.0,0.0,0.0,51283.38012400033
82.905,1.0,2.0,0.0,0.0,0.0,0.0,0.0,51283.38012400033
77.4375,1.0,2.0,0.0,0.0,0.0,0.0,0.0,51283.38012400033
76.9825,1.0,2.0,0.0,0.0,0.0,0.0,0.0,51283.38012400033
81.2325,1.0,2.0,0.0,0.0,0.0,0.0,0.0,51283.38012400033
78.1575,1.0,2.0,0.0,0.0,0.0,0.0,0.0,51283.38012400033
74.74,1.0,2.0,0.0,0.0,0.0,0.0,0.0,51283.38012400033
75.6775,1.0,2.0,0.0,0.0,0.0,0.0,0.0,51283.38012400033
79.7625,1.0,2.0,0.0,0.0,0.0,0.0,0.0,51283.38012400033
71.2,1.0,2.0,0.0,0.0,0.0,0.0,0.0,51283.38012400033
82.8775,1.0,2.0,0.0,0.0,0.0,0.0,0.0,51283.38012400033
108.7675,0.4729537233052701,0.9459074466105402,0.0,1.0,0.0,1.0540925533894598,106.2575,51389.63762400033
100.18,0.4729537233052701,0.9459074466105402,0.0,0.0,0.0,0.0,0.0,51389.63762400033
83.09,0.4729537233052701,0.9459074466105402,0.0,0.0,0.0,0.0,0.0,51389.63762400033
75.67,0.4729537233052701,0.9459074466105402,0.0,0.0,0.0,0.0,0.0,51389.63762400033
74.0875,0.4729537233052701,0.9459074466105402,0.0,0.0,0.0,0.0,0.0,51389.63762400033
75.99,0.4729537233052701,0.9459074466105402,0.0,0.0,0.0,0.0,0.0,51389.63762400033
81.9325,0.4729537233052701,0.9459074466105402,0.0,0.0,0.0,0.0,0.0,51389.63762400033
95.7675,0.4729537233052701,0.9459074466105402,0.0,0.0,0.0,0.0,0.0,51389.63762400033
102.2575,0.0,0.0,0.0,0.8973665961010275,0.0,0.9459074466105402,89.51007454458724,51479.14769854492
100.4025,0.0,0.0,0.0,-0.0,0.0,-0.0,0.0,51479.14769854492
88.8475,-0.0,-0.0,0.0,0.0,0.0,0.0,0.0,51479.14769854492
95.42,-0.0,-0.0,0.0,-0.0,0.0,-0.0,0.0,51479.14769854492
83.0175,-0.0,-0.0,0.0,0.0,0.0,0.0,0.0,51479.14769854492
76.71,-0.0,-0.0,0.0,0.0,0.0,0.0,0.0,51479.14769854492
74.115,-0.0,-0.0,0.0,0.0,0.0,0.0,0.0,51479.14769854492
67.665,0.0,0.0,0.0,0.0,0.0,0.0,0.0,51479.14769854492
53.6025,-0.0,-0.0,0.0,0.0,0.0,0.0,0.0,51479.14769854492
50.2925,0.0,0.0,-0.0,0.0,-0.0,0.0,0.0,51479.14769854492
32.5975,-0.0,-0.0,0.0,0.0,0.0,0.0,0.0,51479.14769854492
21.965,-0.0,-0.0,0.0,0.0,0.0,0.0,0.0,51479.14769854492
18.2975,0.0,0.0,-0.0,0.0,-0.0,0.0,0.0,51479.14769854492
14.795,0.05131670194948623,0.10263340389897246,0.10818510677891963,0.0,0.10263340389897246,0.0,-3.632314960102226,51475.51538358482
12.145,0.5256583509747431,1.0513167019494862,1.0,0.0,0.9486832980505138,0.0,-30.925,51444.590383584815
11.615,1.0,2.0,1.0,0.0,0.9486832980505138,0.0,-30.395000000000003,51414.19538358482
17.5925,1.0,2.0,0.0,0.0,0.0,0.0,0.0,51414.19538358482
29.95,1.0,2.0,0.0,0.0,0.0,0.0,0.0,51414.19538358482
27.045,1.0,2.0,0.0,0.0,0.0,0.0,0.0,51414.19538358482
18.3,1.0,2.0,0.0,0.0,0.0,0.0,0.0,51414.19538358482
15.7575,1.0,2.0,0.0,0.0,0.0,0.0,0.0,51414.19538358482
21.015,1.0,2.0,0.0,0.0,0.0,0.0,0.0,51414.19538358482
31.74,1.0,2.0,0.0,0.0,0.0,0.0,0.0,51414.19538358482
48.4075,1.0,2.0,0.0,-0.0,0.0,-0.0,0.0,51414.19538358482
51.985,1.0,2.0,0.0,0.0,0.0,0.0,0.0,51414.19538358482
67.0,1.0,2.0,0.0,0.0,0.0,0.0,0.0,51414.19538358482
73.2575,1.0,2.0,0.0,-0.0,0.0,-0.0,0.0,51414.19538358482
75.8975,1.0,2.0,0.0,-0.0,0.0,-0.0,0.0,51414.19538358482
68.75,1.0,2.0,0.0,0.0,0.0,0.0,0.0,51414.19538358482
66.6025,1.0,2.0,0.0,0.0,0.0,0.0,0.0,51414.19538358482
65.675,1.0,2.0,0.0,0.0,0.0,0.0,0.0,51414.19538358482
66.7975,1.0,2.0,0.0,0.0,0.0,0.0,0.0,51414.19538358482
65.7625,1.0,2.0,0.0,0.0,0.0,0.0,0.0,51414.19538358482
51.885,1.0,2.0,0.0,0.0,0.0,0.0,0.0,51414.19538358482
53.3175,1.0,2.0,0.0,0.0,0.0,0.0,0.0,51414.19538358482
53.5625,1.0,2.0,0.0,0.0,0.0,0.0,0.0,51414.19538358482
54.8025,1.0,2.0,0.0,0.0,0.0,0.0,0.0,51414.19538358482
57.54,1.0,2.0,0.0,0.0,0.0,0.0,0.0,51414.19538358482
56.115,1.0,2.0,0.0,0.0,0.0,0.0,0.0,51414.19538358482
57.0225,1.0,2.0,0.0,0.0,0.0,0.0,0.0,51414.19538358482
63.4075,1.0,2.0,0.0,0.0,0.0,0.0,0.0,51414.19538358482
68.695,1.0,2.0,0.0,0.0,0.0,0.0,0.0,51414.19538358482
67.3975,1.0,2.0,0.0,0.0,0.0,0.0,0.0,51414.19538358482
65.5975,1.0,2.0,0.0,0.0,0.0,0.0,0.0,51414.19538358482
64.5825,1.0,2.0,0.0,0.0,0.0,0.0,0.0,51414.19538358482
65.6725,1.0,2.0,0.0,0.0,0.0,0.0,0.0,51414.19538358482
68.8975,1.0,2.0,0.0,0.0,0.0,0.0,0.0,51414.19538358482
80.7125,1.0,2.0,0.0,-0.0,0.0,-0.0,0.0,51414.19538358482
98.3925,1.0,2.0,0.0,0.0,0.0,0.0,0.0,51414.19538358482
105.0725,1.0,2.0,0.0,0.0,0.0,0.0,0.0,51414.19538358482
130.9225,0.4729537233052701,0.9459074466105402,0.0,1.0,0.0,1.0540925533894598,128.41250000000002,51542.60788358482
130.315,-0.0,-0.0,0.0,0.8973665961010275,0.0,0.9459074466105402,114.68793781469182,51657.29582139951
113.6075,-0.0,-0.0,0.0,0.0,0.0,0.0,0.0,51657.29582139951
98.6,0.0,0.0,0.0,0.0,0.0,0.0,0.0,51657.29582139951
91.4825,-0.0,-0.0,0.0,0.0,0.0,0.0,0.0,51657.29582139951
85.28,-0.0,-0.0,0.0,0.0,0.0,0.0,0.0,51657.29582139951
78.215,-0.0,-0.0,0.0,0.0,0.0,0.0,0.0,51657.29582139951
79.6125,-0.0,-0.0,0.0,0.0,0.0,0.0,0.0,51657.29582139951
75.915,-0.0,-0.0,0.0,0.0,0.0,0.0,0.0,51657.29582139951
69.8175,-0.0,-0.0,0.0,0.0,0.0,0.0,0.0,51657.29582139951
68.875,-0.0,-0.0,0.0,0.0,0.0,0.0,0.0,51657.29582139951
67.5825,-0.0,-0.0,0.0,0.0,0.0,0.0,0.0,51657.29582139951
65.0125,0.0,0.0,-0.0,0.0,-0.0,0.0,0.0,51657.29582139951
84.4525,-0.0,-0.0,0.0,0.0,0.0,0.0,0.0,51657.29582139951
88.58,-0.0,-0.0,0.0,0.0,0.0,0.0,0.0,51657.29582139951
86.4275,-0.0,-0.0,0.0,0.0,0.0,0.0,0.0,51657.29582139951
83.6275,-0.0,-0.0,0.0,0.0,0.0,0.0,0.0,51657.29582139951
73.7425,-0.0,-0.0,0.0,0.0,0.0,0.0,0.0,51657.29582139951
67.8925,-0.0,-0.0,0.0,0.0,0.0,0.0,0.0,51657.29582139951
66.6275,-0.0,-0.0,0.0,0.0,0.0,0.0,0.0,51657.29582139951
66.51,-0.0,-0.0,0.0,0.0,0.0,0.0,0.0,51657.29582139951
66.9525,-0.0,-0.0,0.0,0.0,0.0,0.0,0.0,51657.29582139951
68.395,-0.0,-0.0,0.0,0.0,0.0,0.0,0.0,51657.29582139951
69.9975,-0.0,-0.0,0.0,0.0,0.0,0.0,0.0,51657.29582139951
90.0,0.0,0.0,0.0,-0.0,0.0,-0.0,0.0,51657.29582139951
78.44,-0.0,-0.0,0.0,-0.0,0.0,-0.0,0.0,51657.29582139951
64.615,-0.0,-0.0,0.0,0.0,0.0,0.0,0.0,51657.29582139951
62.725,0.0,0.0,0.0,0.0,0.0,0.0,0.0,51657.29582139951
57.8125,-0.0,-0.0,0.0,0.0,0.0,0.0,0.0,51657.29582139951
46.245,-0.0,-0.0,0.0,0.0,0.0,0.0,0.0,51657.29582139951
27.43,0.0,0.0,-0.0,0.0,-0.0,0.0,0.0,51657.29582139951
15.55,-0.0,-0.0,0.0,0.0,0.0,0.0,0.0,51657.29582139951
7.2575,-0.0,-0.0,0.0,0.0,0.0,0.0,0.0,51657.29582139951
4.925,0.4743416490252569,0.9486832980505138,1.0,0.0,0.9486832980505138,0.0,-23.705000000000002,51633.590821399506
5.68,0.9486832980505138,1.8973665961010275,1.0,0.0,0.9486832980505138,0.0,-24.46,51609.13082139951
6.3325,1.0,2.0,0.10818510677891963,0.0,0.10263340389897246,0.0,-2.7167984939856193,51606.41402290552
11.895,1.0,2.0,0.0,0.0,0.0,0.0,0.0,51606.41402290552
27.98,1.0,2.0,0.0,0.0,0.0,0.0,0.0,51606.41402290552
47.1225,1.0,2.0,0.0,-0.0,0.0,-0.0,0.0,51606.41402290552
63.7525,1.0,2.0,0.0,-0.0,0.0,-0.0,0.0,51606.41402290552
60.0,1.0,2.0,0.0,0.0,0.0,0.0,0.0,51606.41402290552
58.465,1.0,2.0,0.0,0.0,0.0,0.0,0.0,51606.41402290552
52.87,1.0,2.0,0.0,0.0,0.0,0.0,0.0,51606.41402290552
50.1525,1.0,2.0,0.0,0.0,0.0,0.0,0.0,51606.41402290552
60.7225,1.0,2.0,0.0,0.0,0.0,0.0,0.0,51606.41402290552
64.1125,1.0,2.0,0.0,0.0,0.0,0.0,0.0,51606.41402290552
69.74,1.0,2.0,0.0,0.0,0.0,0.0,0.0,51606.41402290552
73.8275,1.0,2.0,0.0,0.0,0.0,0.0,0.0,51606.41402290552
99.0675,0.4729537233052701,0.9459074466105402,0.0,1.0,0.0,1.0540925533894598,96.55749999999999,51702.97152290552
89.9975,0.4729537233052701,0.9459074466105402,0.0,0.0,0.0,0.0,0.0,51702.97152290552
80.0,0.4729537233052701,0.9459074466105402,0.0,0.0,0.0,0.0,0.0,51702.97152290552
69.0325,0.4729537233052701,0.9459074466105402,0.0,0.0,0.0,0.0,0.0,51702.97152290552
66.255,0.4729537233052701,0.9459074466105402,0.0,0.0,0.0,0.0,0.0,51702.97152290552
67.9425,0.4729537233052701,0.9459074466105402,0.0,0.0,0.0,0.0,0.0,51702.97152290552
67.2875,0.4729537233052701,0.9459074466105402,0.0,0.0,0.0,0.0,0.0,51702.97152290552
58.0,0.4729537233052701,0.9459074466105402,0.0,0.0,0.0,0.0,0.0,51702.97152290552
66.455,0.4729537233052701,0.9459074466105402,0.0,0.0,0.0,0.0,0.0,51702.97152290552
64.9975,0.4729537233052701,0.9459074466105402,0.0,0.0,0.0,0.0,0.0,51702.97152290552
63.9975,0.5256583509747431,1.0513167019494862,0.11111111111111122,0.0,0.10540925533894607,0.0,-9.197500000000009,51693.77402290552
62.44,1.0,2.0,1.0,0.0,0.9486832980505138,0.0,-81.22,51612.55402290552
64.4,1.0,2.0,0.0,0.0,0.0,0.0,0.0,51612.55402290552
72.6725,1.0,2.0,0.0,0.0,0.0,0.0,0.0,51612.55402290552
80.4675,1.0,2.0,0.0,0.0,0.0,0.0,0.0,51612.55402290552
78.48,1.0,2.0,0.0,0.0,0.0,0.0,0.0,51612.55402290552
72.9075,1.0,2.0,0.0,0.0,0.0,0.0,0.0,51612.55402290552
62.8825,1.0,2.0,0.0,0.0,0.0,0.0,0.0,51612.55402290552
62.0075,1.0,2.0,0.0,0.0,0.0,0.0,0.0,51612.55402290552
62.07,1.0,2.0,0.0,0.0,0.0,0.0,0.0,51612.55402290552
71.735,1.0,2.0,0.0,0.0,0.0,0.0,0.0,51612.55402290552
81.0225,1.0,2.0,0.0,0.0,0.0,0.0,0.0,51612.55402290552
91.465,1.0,2.0,0.0,0.0,0.0,0.0,0.0,51612.55402290552
116.77,1.0,2.0,0.0,-0.0,0.0,-0.0,0.0,51612.55402290552
128.2225,0.4729537233052701,0.9459074466105402,0.0,1.0,0.0,1.0540925533894598,125.71249999999999,51738.26652290552
112.8075,0.4729537233052701,0.9459074466105402,0.0,0.0,0.0,0.0,0.0,51738.26652290552
103.7775,0.4729537233052701,0.9459074466105402,0.0,0.0,0.0,0.0,0.0,51738.26652290552
94.1275,0.4729537233052701,0.9459074466105402,0.0,0.0,0.0,0.0,0.0,51738.26652290552
90.5225,0.4729537233052701,0.9459074466105402,0.0,0.0,0.0,0.0,0.0,51738.26652290552
86.045,0.4729537233052701,0.9459074466105402,0.0,0.0,0.0,0.0,0.0,51738.26652290552
81.38,0.4729537233052701,0.9459074466105402,0.0,0.0,0.0,0.0,0.0,51738.26652290552
87.095,0.4729537233052701,0.9459074466105402,0.0,0.0,0.0,0.0,0.0,51738.26652290552
88.56,0.4729537233052701,0.9459074466105402,0.0,0.0,0.0,0.0,0.0,51738.26652290552
87.88,0.4729537233052701,0.9459074466105402,0.0,0.0,0.0,0.0,0.0,51738.26652290552
87.8375,0.4729537233052701,0.9459074466105402,0.0,0.0,0.0,0.0,0.0,51738.26652290552
83.7975,0.947295372330527,1.894590744661054,1.0,0.0,0.9486832980505138,0.0,-102.5775,51635.68902290552
84.3525,1.0,2.0,0.11111111111111122,0.0,0.10540925533894607,0.0,-11.459166666666679,51624.22985623885
106.5375,1.0,2.0,0.0,0.0,0.0,0.0,0.0,51624.22985623885
126.69,1.0,2.0,0.0,-0.0,0.0,-0.0,0.0,51624.22985623885
118.33,1.0,2.0,0.0,0.0,0.0,0.0,0.0,51624.22985623885
93.2125,1.0,2.0,0.0,0.0,0.0,0.0,0.0,51624.22985623885
85.1575,1.0,2.0,0.0,0.0,0.0,0.0,0.0,51624.22985623885
83.7,1.0,2.0,0.0,0.0,0.0,0.0,0.0,51624.22985623885
83.9925,1.0,2.0,0.0,0.0,0.0,0.0,0.0,51624.22985623885
87.18,1.0,2.0,0.0,0.0,0.0,0.0,0.0,51624.22985623885
99.485,1.0,2.0,0.0,0.0,0.0,0.0,0.0,51624.22985623885
123.5125,1.0,2.0,0.0,0.0,0.0,0.0,0.0,51624.22985623885
147.495,0.5270462766947299,1.0540925533894598,0.0,0.8973665961010275,0.0,0.9459074466105402,130.10469593570747,51754.33455217456
154.255,-0.0,-0.0,0.0,1.0,0.0,1.0540925533894598,151.745,51906.07955217456
137.4475,-0.0,-0.0,0.0,0.0,0.0,0.0,0.0,51906.07955217456
126.46,0.0,0.0,0.0,0.0,0.0,0.0,0.0,51906.07955217456
114.965,-0.0,-0.0,0.0,0.0,0.0,0.0,0.0,51906.07955217456
100.98,-0.0,-0.0,0.0,0.0,0.0,0.0,0.0,51906.07955217456
97.48,-0.0,-0.0,0.0,0.0,0.0,0.0,0.0,51906.07955217456
90.55,-0.0,-0.0,0.0,0.0,0.0,0.0,0.0,51906.07955217456
90.1725,-0.0,-0.0,0.0,0.0,0.0,0.0,0.0,51906.07955217456
88.815,0.05131670194948623,0.10263340389897246,0.10818510677891963,0.0,0.10263340389897246,0.0,-11.640176563877857,51894.43937561068
89.5975,0.05131670194948623,0.10263340389897246,0.0,0.0,0.0,0.0,0.0,51894.43937561068
89.605,0.05131670194948623,0.10263340389897246,0.0,0.0,0.0,0.0,0.0,51894.43937561068
85.9,0.5256583509747431,1.0513167019494862,1.0,0.0,0.9486832980505138,0.0,-104.68,51789.75937561068
87.55,1.0,2.0,1.0,0.0,0.9486832980505138,0.0,-106.33,51683.42937561068
107.81,1.0,2.0,0.0,0.0,0.0,0.0,0.0,51683.42937561068
127.1875,1.0,2.0,0.0,-0.0,0.0,-0.0,0.0,51683.42937561068
123.5325,1.0,2.0,0.0,0.0,0.0,0.0,0.0,51683.42937561068
104.9025,1.0,2.0,0.0,0.0,0.0,0.0,0.0,51683.42937561068
93.38,1.0,2.0,0.0,0.0,0.0,0.0,0.0,51683.42937561068
89.9875,1.0,2.0,0.0,0.0,0.0,0.0,0.0,51683.42937561068
88.8025,1.0,2.0,0.0,0.0,0.0,0.0,0.0,51683.42937561068
92.0525,1.0,2.0,0.0,0.0,0.0,0.0,0.0,51683.42937561068
97.9275,1.0,2.0,-0.0,0.0,-0.0,0.0,0.0,51683.42937561068
121.4575,1.0,2.0,0.0,0.0,0.0,0.0,0.0,51683.42937561068
165.1225,0.5270462766947299,1.0540925533894598,0.0,0.8973665961010275,0.0,0.9459074466105402,145.92302560847835,51829.352401219156
178.54,0.0,0.0,0.0,1.0,0.0,1.0540925533894598,176.03,52005.382401219154
145.685,-0.0,-0.0,0.0,-0.0,0.0,-0.0,0.0,52005.382401219154
129.2275,-0.0,-0.0,0.0,0.0,0.0,0.0,0.0,52005.382401219154
115.9975,-0.0,-0.0,0.0,0.0,0.0,0.0,0.0,52005.382401219154
106.6525,0.0,0.0,0.0,0.0,0.0,0.0,0.0,52005.382401219154
98.27,0.0,0.0,-0.0,0.0,-0.0,0.0,0.0,52005.382401219154
92.0525,0.0,0.0,-0.0,0.0,-0.0,0.0,0.0,52005.382401219154
96.53,-0.0,-0.0,0.0,0.0,0.0,0.0,0.0,52005.382401219154
96.325,-0.0,-0.0,0.0,0.0,0.0,0.0,0.0,52005.382401219154
93.9925,0.05131670194948623,0.10263340389897246,0.10818510677891963,0.0,0.10263340389897246,0.0,-12.200304954225714,51993.18209626493
93.9725,0.5256583509747431,1.0513167019494862,1.0,0.0,0.9486832980505138,0.0,-112.7525,51880.42959626493
93.565,1.0,2.0,1.0,0.0,0.9486832980505138,0.0,-112.345,51768.084596264925
94.195,1.0,2.0,0.0,0.0,0.0,0.0,0.0,51768.084596264925
94.3375,1.0,2.0,0.0,0.0,0.0,0.0,0.0,51768.084596264925
103.835,1.0,2.0,0.0,0.0,0.0,0.0,0.0,51768.084596264925
105.5,1.0,2.0,0.0,0.0,0.0,0.0,0.0,51768.084596264925
103.62,1.0,2.0,0.0,0.0,0.0,0.0,0.0,51768.084596264925
102.1775,1.0,2.0,0.0,0.0,0.0,0.0,0.0,51768.084596264925
96.9475,1.0,2.0,0.0,0.0,0.0,0.0,0.0,51768.084596264925
95.16,1.0,2.0,0.0,0.0,0.0,0.0,0.0,51768.084596264925
95.9125,1.0,2.0,0.0,0.0,0.0,0.0,0.0,51768.084596264925
101.5425,1.0,2.0,0.0,0.0,0.0,0.0,0.0,51768.084596264925
117.6175,1.0,2.0,0.0,0.0,0.0,0.0,0.0,51768.084596264925
124.635,1.0,2.0,0.0,0.0,0.0,0.0,0.0,51768.084596264925
134.915,0.5270462766947299,1.0540925533894598,0.0,0.8973665961010275,0.0,0.9459074466105402,118.81582415675655,51886.90042042168
136.5325,-0.0,-0.0,0.0,1.0,0.0,1.0540925533894598,134.0225,52020.92292042168
131.235,-0.0,-0.0,0.0,0.0,0.0,0.0,0.0,52020.92292042168
119.69,-0.0,-0.0,0.0,0.0,0.0,0.0,0.0,52020.92292042168
112.3025,0.0,0.0,0.0,0.0,0.0,0.0,0.0,52020.92292042168
106.26,-0.0,-0.0,0.0,0.0,0.0,0.0,0.0,52020.92292042168
96.9025,-0.0,-0.0,0.0,0.0,0.0,0.0,0.0,52020.92292042168
94.785,-0.0,-0.0,0.0,0.0,0.0,0.0,0.0,52020.92292042168
94.555,-0.0,-0.0,0.0,0.0,0.0,0.0,0.0,52020.92292042168
92.825,-0.0,-0.0,0.0,0.0,0.0,0.0,0.0,52020.92292042168
91.13,0.4743416490252569,0.9486832980505138,1.0,0.0,0.9486832980505138,0.0,-109.91,51911.01292042168
91.6425,0.4743416490252569,0.9486832980505138,0.0,0.0,0.0,0.0,0.0,51911.01292042168
91.68,0.4743416490252569,0.9486832980505138,0.0,0.0,0.0,0.0,0.0,51911.01292042168
89.9325,0.9486832980505138,1.8973665961010275,1.0,0.0,0.9486832980505138,0.0,-108.7125,51802.30042042168
88.61,0.9486832980505138,1.8973665961010275,0.0,0.0,0.0,0.0,0.0,51802.30042042168
97.27,0.9486832980505138,1.8973665961010275,0.0,0.0,0.0,0.0,0.0,51802.30042042168
97.61,0.9486832980505138,1.8973665961010275,0.0,0.0,0.0,0.0,0.0,51802.30042042168
97.0325,0.9486832980505138,1.8973665961010275,0.0,0.0,0.0,0.0,0.0,51802.30042042168
97.3025,0.9486832980505138,1.8973665961010275,0.0,0.0,0.0,0.0,0.0,51802.30042042168
97.835,0.9486832980505138,1.8973665961010275,0.0,0.0,0.0,0.0,0.0,51802.30042042168
96.4,0.9486832980505138,1.8973665961010275,0.0,0.0,0.0,0.0,0.0,51802.30042042168
97.315,0.9486832980505138,1.8973665961010275,0.0,0.0,0.0,0.0,0.0,51802.30042042168
97.7925,0.9486832980505138,1.8973665961010275,0.0,0.0,0.0,0.0,0.0,51802.30042042168
109.8475,0.9486832980505138,1.8973665961010275,0.0,0.0,0.0,0.0,0.0,51802.30042042168
125.1,0.5270462766947299,1.0540925533894598,0.0,0.7999999999999998,0.0,0.8432740427115677,98.07199999999997,51900.37242042168
126.1025,-0.0,-0.0,0.0,1.0,0.0,1.0540925533894598,123.5925,52023.96492042168
117.955,-0.0,-0.0,0.0,0.0,0.0,0.0,0.0,52023.96492042168
106.0,-0.0,-0.0,0.0,0.0,0.0,0.0,0.0,52023.96492042168
93.5375,-0.0,-0.0,0.0,0.0,0.0,0.0,0.0,52023.96492042168
92.3125,-0.0,-0.0,0.0,0.0,0.0,0.0,0.0,52023.96492042168
89.9275,-0.0,-0.0,0.0,0.0,0.0,0.0,0.0,52023.96492042168
88.98,0.0,0.0,0.0,0.0,0.0,0.0,0.0,52023.96492042168
87.635,-0.0,-0.0,0.0,0.0,0.0,0.0,0.0,52023.96492042168
83.96,0.4743416490252569,0.9486832980505138,1.0,0.0,0.9486832980505138,0.0,-102.74,51921.22492042168
87.52,0.5256583509747431,1.0513167019494862,0.10818510677891963,0.0,0.10263340389897246,0.0,-11.500076850599156,51909.72484357108
87.175,1.0,2.0,1.0,0.0,0.9486832980505138,0.0,-105.955,51803.76984357108
92.3125,1.0,2.0,0.0,0.0,0.0,0.0,0.0,51803.76984357108
110.3825,1.0,2.0,0.0,0.0,0.0,0.0,0.0,51803.76984357108
142.995,0.5270462766947299,1.0540925533894598,0.0,0.8973665961010275,0.0,0.9459074466105402,126.06654625325285,51929.83638982433
157.875,-0.0,-0.0,0.0,1.0,0.0,1.0540925533894598,155.365,52085.20138982433
141.9975,-0.0,-0.0,0.0,0.0,0.0,0.0,0.0,52085.20138982433
126.275,-0.0,-0.0,0.0,0.0,0.0,0.0,0.0,52085.20138982433
115.245,-0.0,-0.0,0.0,0.0,0.0,0.0,0.0,52085.20138982433
105.9225,0.0,0.0,0.0,0.0,0.0,0.0,0.0,52085.20138982433
108.41,-0.0,-0.0,0.0,0.0,0.0,0.0,0.0,52085.20138982433
115.565,-0.0,-0.0,0.0,0.0,0.0,0.0,0.0,52085.20138982433
121.7675,-0.0,-0.0,0.0,0.0,0.0,0.0,0.0,52085.20138982433
130.12,-0.0,-0.0,0.0,0.0,0.0,0.0,0.0,52085.20138982433
139.295,0.0,0.0,0.0,-0.0,0.0,-0.0,0.0,52085.20138982433
120.725,0.0,0.0,0.0,-0.0,0.0,-0.0,0.0,52085.20138982433
103.6775,0.0,0.0,0.0,-0.0,0.0,-0.0,0.0,52085.20138982433
90.125,-0.0,-0.0,0.0,0.0,0.0,0.0,0.0,52085.20138982433
86.275,-0.0,-0.0,0.0,0.0,0.0,0.0,0.0,52085.20138982433
83.455,-0.0,-0.0,0.0,0.0,0.0,0.0,0.0,52085.20138982433
77.8375,-0.0,-0.0,0.0,0.0,0.0,0.0,0.0,52085.20138982433
77.69,-0.0,-0.0,0.0,0.0,0.0,0.0,0.0,52085.20138982433
76.6525,-0.0,-0.0,0.0,0.0,0.0,0.0,0.0,52085.20138982433
70.8725,-0.0,-0.0,0.0,0.0,0.0,0.0,0.0,52085.20138982433
67.565,0.4743416490252569,0.9486832980505138,1.0,0.0,0.9486832980505138,0.0,-86.345,51998.85638982433
67.22,0.9486832980505138,1.8973665961010275,1.0,0.0,0.9486832980505138,0.0,-86.0,51912.85638982433
68.0525,1.0,2.0,0.10818510677891963,0.0,0.10263340389897246,0.0,-9.393983284380539,51903.46240653995
77.6925,1.0,2.0,0.0,0.0,0.0,0.0,0.0,51903.46240653995
91.8025,1.0,2.0,0.0,0.0,0.0,0.0,0.0,51903.46240653995
100.0,1.0,2.0,0.0,-0.0,0.0,-0.0,0.0,51903.46240653995
96.605,1.0,2.0,0.0,0.0,0.0,0.0,0.0,51903.46240653995
89.3625,1.0,2.0,0.0,0.0,0.0,0.0,0.0,51903.46240653995
83.98,1.0,2.0,0.0,0.0,0.0,0.0,0.0,51903.46240653995
80.3025,1.0,2.0,0.0,0.0,0.0,0.0,0.0,51903.46240653995
81.0,1.0,2.0,0.0,0.0,0.0,0.0,0.0,51903.46240653995
94.5425,1.0,2.0,0.0,0.0,0.0,0.0,0.0,51903.46240653995
104.765,1.0,2.0,0.0,-0.0,0.0,-0.0,0.0,51903.46240653995
123.42,0.5270462766947299,1.0540925533894598,0.0,0.8973665961010275,0.0,0.9459074466105402,108.50059513457524,52011.96300167452
133.3,0.0,0.0,0.0,1.0,0.0,1.0540925533894598,130.79000000000002,52142.75300167452
107.885,0.0,0.0,0.0,-0.0,0.0,-0.0,0.0,52142.75300167452
93.5125,0.0,0.0,0.0,-0.0,0.0,-0.0,0.0,52142.75300167452
85.6225,0.0,0.0,0.0,-0.0,0.0,-0.0,0.0,52142.75300167452
79.7975,0.0,0.0,0.0,-0.0,0.0,-0.0,0.0,52142.75300167452
66.61,-0.0,-0.0,0.0,0.0,0.0,0.0,0.0,52142.75300167452
58.4475,-0.0,-0.0,0.0,0.0,0.0,0.0,0.0,52142.75300167452
60.0025,-0.0,-0.0,0.0,0.0,0.0,0.0,0.0,52142.75300167452
56.23,-0.0,-0.0,0.0,0.0,0.0,0.0,0.0,52142.75300167452
52.335,-0.0,-0.0,0.0,0.0,0.0,0.0,0.0,52142.75300167452
48.61,0.0,0.0,-0.0,0.0,-0.0,0.0,0.0,52142.75300167452
43.615,0.4743416490252569,0.9486832980505138,1.0,0.0,0.9486832980505138,0.0,-62.395,52080.358001674525
46.0425,0.4743416490252569,0.9486832980505138,0.0,0.0,0.0,0.0,0.0,52080.358001674525
50.0,0.4743416490252569,0.9486832980505138,0.0,0.0,0.0,0.0,0.0,52080.358001674525
51.975,0.4743416490252569,0.9486832980505138,0.0,0.0,0.0,0.0,0.0,52080.358001674525
51.3975,0.4743416490252569,0.9486832980505138,0.0,0.0,0.0,0.0,0.0,52080.358001674525
50.005,0.4743416490252569,0.9486832980505138,0.0,0.0,0.0,0.0,0.0,52080.358001674525
45.435,0.4743416490252569,0.9486832980505138,0.0,0.0,0.0,0.0,0.0,52080.358001674525
47.7425,0.4743416490252569,0.9486832980505138,0.0,0.0,0.0,0.0,0.0,52080.358001674525
49.1475,0.4743416490252569,0.9486832980505138,0.0,0.0,0.0,0.0,0.0,52080.358001674525
49.54,0.4743416490252569,0.9486832980505138,0.0,0.0,0.0,0.0,0.0,52080.358001674525
52.3975,0.4743416490252569,0.9486832980505138,0.0,0.0,0.0,0.0,0.0,52080.358001674525
57.8575,0.4743416490252569,0.9486832980505138,0.0,0.0,0.0,0.0,0.0,52080.358001674525
53.9525,0.4743416490252569,0.9486832980505138,0.0,0.0,0.0,0.0,0.0,52080.358001674525
74.5025,0.0,0.0,0.0,0.8999999999999999,0.0,0.9486832980505138,64.79324999999999,52145.15125167453
68.6175,-0.0,-0.0,0.0,-0.0,0.0,-0.0,0.0,52145.15125167453
65.7375,-0.0,-0.0,0.0,0.0,0.0,0.0,0.0,52145.15125167453
54.775,-0.0,-0.0,0.0,0.0,0.0,0.0,0.0,52145.15125167453
56.415,-0.0,-0.0,0.0,0.0,0.0,0.0,0.0,52145.15125167453
57.285,0.0,0.0,0.0,0.0,0.0,0.0,0.0,52145.15125167453
51.835,-0.0,-0.0,0.0,-0.0,0.0,-0.0,0.0,52145.15125167453
30.495,0.0,0.0,0.0,0.0,0.0,0.0,0.0,52145.15125167453
18.9725,-0.0,-0.0,0.0,0.0,0.0,0.0,0.0,52145.15125167453
11.1875,0.05131670194948623,0.10263340389897246,0.10818510677891963,0.0,0.10263340389897246,0.0,-3.242037187397274,52141.90921448713
7.78,0.5256583509747431,1.0513167019494862,1.0,0.0,0.9486832980505138,0.0,-26.560000000000002,52115.349214487134
6.0,1.0,2.0,1.0,0.0,0.9486832980505138,0.0,-24.78,52090.569214487135
25.49,1.0,2.0,0.0,0.0,0.0,0.0,0.0,52090.569214487135
42.3075,1.0,2.0,0.0,-0.0,0.0,-0.0,0.0,52090.569214487135
54.4825,1.0,2.0,0.0,-0.0,0.0,-0.0,0.0,52090.569214487135
64.9225,1.0,2.0,0.0,-0.0,0.0,-0.0,0.0,52090.569214487135
53.61,1.0,2.0,0.0,0.0,0.0,0.0,0.0,52090.569214487135
49.7925,1.0,2.0,0.0,0.0,0.0,0.0,0.0,52090.569214487135
42.525,1.0,2.0,0.0,0.0,0.0,0.0,0.0,52090.569214487135
47.595,1.0,2.0,0.0,0.0,0.0,0.0,0.0,52090.569214487135
59.8875,1.0,2.0,0.0,0.0,0.0,0.0,0.0,52090.569214487135
64.2075,1.0,2.0,0.0,0.0,0.0,0.0,0.0,52090.569214487135
67.8875,1.0,2.0,0.0,-0.0,0.0,-0.0,0.0,52090.569214487135
74.265,1.0,2.0,0.0,0.0,0.0,0.0,0.0,52090.569214487135
102.78,1.0,2.0,0.0,-0.0,0.0,-0.0,0.0,52090.569214487135
110.8525,1.0,2.0,0.0,-0.0,0.0,-0.0,0.0,52090.569214487135
101.0,1.0,2.0,0.0,0.0,0.0,0.0,0.0,52090.569214487135
97.23,1.0,2.0,0.0,0.0,0.0,0.0,0.0,52090.569214487135
96.0025,1.0,2.0,0.0,0.0,0.0,0.0,0.0,52090.569214487135
97.6975,1.0,2.0,0.0,0.0,0.0,0.0,0.0,52090.569214487135
91.36,1.0,2.0,0.0,0.0,0.0,0.0,0.0,52090.569214487135
90.7275,1.0,2.0,0.0,0.0,0.0,0.0,0.0,52090.569214487135
90.5675,1.0,2.0,0.0,0.0,0.0,0.0,0.0,52090.569214487135
84.1525,1.0,2.0,0.0,0.0,0.0,0.0,0.0,52090.569214487135
81.3225,1.0,2.0,0.0,0.0,0.0,0.0,0.0,52090.569214487135
79.67,1.0,2.0,0.0,0.0,0.0,0.0,0.0,52090.569214487135
79.255,1.0,2.0,0.0,0.0,0.0,0.0,0.0,52090.569214487135
102.33,1.0,2.0,0.0,0.0,0.0,0.0,0.0,52090.569214487135
126.955,0.5270462766947299,1.0540925533894598,0.0,0.8973665961010275,0.0,0.9459074466105402,111.67278605179237,52202.24200053893
136.385,0.0,0.0,0.0,1.0,0.0,1.0540925533894598,133.875,52336.11700053893
120.9,-0.0,-0.0,0.0,0.0,0.0,0.0,0.0,52336.11700053893
111.9225,-0.0,-0.0,0.0,0.0,0.0,0.0,0.0,52336.11700053893
105.27,-0.0,-0.0,0.0,0.0,0.0,0.0,0.0,52336.11700053893
101.225,-0.0,-0.0,0.0,0.0,0.0,0.0,0.0,52336.11700053893
102.1975,-0.0,-0.0,0.0,0.0,0.0,0.0,0.0,52336.11700053893
102.59,-0.0,-0.0,0.0,0.0,0.0,0.0,0.0,52336.11700053893
111.675,-0.0,-0.0,0.0,0.0,0.0,0.0,0.0,52336.11700053893
109.16,-0.0,-0.0,0.0,0.0,0.0,0.0,0.0,52336.11700053893
121.4025,-0.0,-0.0,0.0,-0.0,0.0,-0.0,0.0,52336.11700053893
101.67,-0.0,-0.0,0.0,0.0,0.0,0.0,0.0,52336.11700053893
92.57,0.0,0.0,0.0,0.0,0.0,0.0,0.0,52336.11700053893
82.76,-0.0,-0.0,0.0,0.0,0.0,0.0,0.0,52336.11700053893
76.5725,-0.0,-0.0,0.0,0.0,0.0,0.0,0.0,52336.11700053893
63.3,-0.0,-0.0,0.0,0.0,0.0,0.0,0.0,52336.11700053893
59.785,-0.0,-0.0,0.0,0.0,0.0,0.0,0.0,52336.11700053893
61.0,-0.0,-0.0,0.0,0.0,0.0,0.0,0.0,52336.11700053893
60.7675,-0.0,-0.0,0.0,0.0,0.0,0.0,0.0,52336.11700053893
57.62,-0.0,-0.0,0.0,0.0,0.0,0.0,0.0,52336.11700053893
55.01,0.05131670194948623,0.10263340389897246,0.10818510677891963,0.0,0.10263340389897246,0.0,-7.982979029216479,52328.134021509715
52.68,0.5256583509747431,1.0513167019494862,1.0,0.0,0.9486832980505138,0.0,-71.46000000000001,52256.674021509716
53.5675,1.0,2.0,1.0,0.0,0.9486832980505138,0.0,-72.3475,52184.32652150971
56.7475,1.0,2.0,0.0,0.0,0.0,0.0,0.0,52184.32652150971
62.6225,1.0,2.0,0.0,0.0,0.0,0.0,0.0,52184.32652150971
72.815,1.0,2.0,0.0,0.0,0.0,0.0,0.0,52184.32652150971
81.3325,1.0,2.0,0.0,0.0,0.0,0.0,0.0,52184.32652150971
81.525,1.0,2.0,0.0,0.0,0.0,0.0,0.0,52184.32652150971
83.07,1.0,2.0,0.0,0.0,0.0,0.0,0.0,52184.32652150971
83.0825,1.0,2.0,0.0,0.0,0.0,0.0,0.0,52184.32652150971
86.53,1.0,2.0,0.0,-0.0,0.0,-0.0,0.0,52184.32652150971
88.3275,1.0,2.0,0.0,-0.0,0.0,-0.0,0.0,52184.32652150971
92.6175,1.0,2.0,0.0,-0.0,0.0,-0.0,0.0,52184.32652150971
96.32,1.0,2.0,0.0,0.0,0.0,0.0,0.0,52184.32652150971
111.82,1.0,2.0,0.0,0.0,0.0,0.0,0.0,52184.32652150971
115.9175,0.5256583509747431,1.0513167019494862,0.0,0.8999999999999999,0.0,0.9486832980505138,102.06675,52286.39327150971
105.12,0.5256583509747431,1.0513167019494862,0.0,0.0,0.0,0.0,0.0,52286.39327150971
94.4425,0.5256583509747431,1.0513167019494862,0.0,0.0,0.0,0.0,0.0,52286.39327150971
93.375,0.5256583509747431,1.0513167019494862,0.0,0.0,0.0,0.0,0.0,52286.39327150971
95.0,0.5256583509747431,1.0513167019494862,0.0,0.0,0.0,0.0,0.0,52286.39327150971
95.61,0.5256583509747431,1.0513167019494862,0.0,0.0,0.0,0.0,0.0,52286.39327150971
93.7475,0.5256583509747431,1.0513167019494862,0.0,0.0,0.0,0.0,0.0,52286.39327150971
95.0,0.5256583509747431,1.0513167019494862,0.0,0.0,0.0,0.0,0.0,52286.39327150971
93.3475,0.5256583509747431,1.0513167019494862,0.0,0.0,0.0,0.0,0.0,52286.39327150971
91.45,0.5256583509747431,1.0513167019494862,0.0,0.0,0.0,0.0,0.0,52286.39327150971
88.2125,0.5256583509747431,1.0513167019494862,0.0,0.0,0.0,0.0,0.0,52286.39327150971
84.8575,0.5256583509747431,1.0513167019494862,0.0,0.0,0.0,0.0,0.0,52286.39327150971
79.27,1.0,2.0,1.0,0.0,0.9486832980505138,0.0,-98.05,52188.34327150971
82.8675,1.0,2.0,0.0,0.0,0.0,0.0,0.0,52188.34327150971
86.5225,1.0,2.0,0.0,0.0,0.0,0.0,0.0,52188.34327150971
91.3075,1.0,2.0,0.0,0.0,0.0,0.0,0.0,52188.34327150971
87.6275,1.0,2.0,0.0,0.0,0.0,0.0,0.0,52188.34327150971
90.5075,1.0,2.0,0.0,0.0,0.0,0.0,0.0,52188.34327150971
95.035,1.0,2.0,0.0,0.0,0.0,0.0,0.0,52188.34327150971
92.495,1.0,2.0,0.0,0.0,0.0,0.0,0.0,52188.34327150971
95.5675,1.0,2.0,0.0,0.0,0.0,0.0,0.0,52188.34327150971
99.4875,1.0,2.0,0.0,0.0,0.0,0.0,0.0,52188.34327150971
108.4925,1.0,2.0,0.0,0.0,0.0,0.0,0.0,52188.34327150971
118.1225,0.4729537233052701,0.9459074466105402,0.0,1.0,0.0,1.0540925533894598,115.6125,52303.95577150971
117.405,-0.0,-0.0,0.0,0.8973665961010275,0.0,0.9459074466105402,103.10293505902756,52407.058706568736
109.1175,-0.0,-0.0,0.0,0.0,0.0,0.0,0.0,52407.058706568736
93.9325,0.0,0.0,0.0,0.0,0.0,0.0,0.0,52407.058706568736
83.38,-0.0,-0.0,0.0,0.0,0.0,0.0,0.0,52407.058706568736
79.9875,-0.0,-0.0,0.0,0.0,0.0,0.0,0.0,52407.058706568736
68.1625,-0.0,-0.0,0.0,0.0,0.0,0.0,0.0,52407.058706568736
68.995,-0.0,-0.0,0.0,0.0,0.0,0.0,0.0,52407.058706568736
65.99,-0.0,-0.0,0.0,0.0,0.0,0.0,0.0,52407.058706568736
63.3425,-0.0,-0.0,0.0,0.0,0.0,0.0,0.0,52407.058706568736
58.9775,0.4743416490252569,0.9486832980505138,1.0,0.0,0.9486832980505138,0.0,-77.7575,52329.301206568736
58.28,0.9486832980505138,1.8973665961010275,1.0,0.0,0.9486832980505138,0.0,-77.06,52252.24120656874
63.205,1.0,2.0,0.10818510677891963,0.0,0.10263340389897246,0.0,-8.869555979269727,52243.37165058947
73.64,1.0,2.0,0.0,0.0,0.0,0.0,0.0,52243.37165058947
93.0025,1.0,2.0,0.0,0.0,0.0,0.0,0.0,52243.37165058947
105.0025,1.0,2.0,0.0,-0.0,0.0,-0.0,0.0,52243.37165058947
103.635,1.0,2.0,0.0,0.0,0.0,0.0,0.0,52243.37165058947
96.36,1.0,2.0,0.0,0.0,0.0,0.0,0.0,52243.37165058947
84.1825,1.0,2.0,0.0,0.0,0.0,0.0,0.0,52243.37165058947
77.805,1.0,2.0,0.0,0.0,0.0,0.0,0.0,52243.37165058947
77.785,1.0,2.0,0.0,0.0,0.0,0.0,0.0,52243.37165058947
86.9,1.0,2.0,0.0,0.0,0.0,0.0,0.0,52243.37165058947
95.09,1.0,2.0,0.0,0.0,0.0,0.0,0.0,52243.37165058947
98.6725,1.0,2.0,0.0,0.0,0.0,0.0,0.0,52243.37165058947
116.9575,0.4729537233052701,0.9459074466105402,0.0,1.0,0.0,1.0540925533894598,114.44749999999999,52357.81915058947
116.4925,0.0,0.0,0.0,0.8973665961010275,0.0,0.9459074466105402,102.28408804008538,52460.103238629556
110.7025,-0.0,-0.0,0.0,0.0,0.0,0.0,0.0,52460.103238629556
102.735,-0.0,-0.0,0.0,0.0,0.0,0.0,0.0,52460.103238629556
92.5075,-0.0,-0.0,0.0,0.0,0.0,0.0,0.0,52460.103238629556
87.8375,-0.0,-0.0,0.0,0.0,0.0,0.0,0.0,52460.103238629556
81.025,-0.0,-0.0,0.0,0.0,0.0,0.0,0.0,52460.103238629556
84.59,-0.0,-0.0,0.0,0.0,0.0,0.0,0.0,52460.103238629556
82.7025,-0.0,-0.0,0.0,0.0,0.0,0.0,0.0,52460.103238629556
78.9925,0.4743416490252569,0.9486832980505138,1.0,0.0,0.9486832980505138,0.0,-97.77250000000001,52362.33073862956
77.7025,0.9486832980505138,1.8973665961010275,1.0,0.0,0.9486832980505138,0.0,-96.4825,52265.84823862956
79.9925,1.0,2.0,0.10818510677891963,0.0,0.10263340389897246,0.0,-10.685713459320839,52255.162525170235
82.9975,1.0,2.0,-0.0,0.0,-0.0,0.0,0.0,52255.162525170235
91.0475,1.0,2.0,0.0,0.0,0.0,0.0,0.0,52255.162525170235
104.6825,1.0,2.0,0.0,0.0,0.0,0.0,0.0,52255.162525170235
119.9275,1.0,2.0,0.0,-0.0,0.0,-0.0,0.0,52255.162525170235
107.86,1.0,2.0,0.0,0.0,0.0,0.0,0.0,52255.162525170235
92.4325,1.0,2.0,0.0,0.0,0.0,0.0,0.0,52255.162525170235
89.095,1.0,2.0,0.0,0.0,0.0,0.0,0.0,52255.162525170235
89.7725,1.0,2.0,0.0,0.0,0.0,0.0,0.0,52255.162525170235
92.5675,1.0,2.0,0.0,0.0,0.0,0.0,0.0,52255.162525170235
99.9225,1.0,2.0,0.0,0.0,0.0,0.0,0.0,52255.162525170235
120.595,1.0,2.0,0.0,0.0,0.0,0.0,0.0,52255.162525170235
144.265,1.0,2.0,0.0,0.0,0.0,0.0,0.0,52255.162525170235
152.27,0.4729537233052701,0.9459074466105402,0.0,1.0,0.0,1.0540925533894598,149.76000000000002,52404.92252517024
146.515,-0.0,-0.0,0.0,0.8973665961010275,0.0,0.9459074466105402,129.22527667152846,52534.14780184177
132.245,0.0,0.0,0.0,0.0,0.0,0.0,0.0,52534.14780184177
107.715,-0.0,-0.0,0.0,0.0,0.0,0.0,0.0,52534.14780184177
94.9475,-0.0,-0.0,0.0,0.0,0.0,0.0,0.0,52534.14780184177
97.5625,-0.0,-0.0,0.0,0.0,0.0,0.0,0.0,52534.14780184177
89.9625,-0.0,-0.0,0.0,0.0,0.0,0.0,0.0,52534.14780184177
87.3775,-0.0,-0.0,0.0,0.0,0.0,0.0,0.0,52534.14780184177
86.225,-0.0,-0.0,0.0,0.0,0.0,0.0,0.0,52534.14780184177
84.1675,0.4743416490252569,0.9486832980505138,1.0,0.0,0.9486832980505138,0.0,-102.9475,52431.20030184177
83.185,0.9486832980505138,1.8973665961010275,1.0,0.0,0.9486832980505138,0.0,-101.965,52329.23530184177
84.3925,1.0,2.0,0.10818510677891963,0.0,0.10263340389897246,0.0,-11.161727929148086,52318.073573912625
87.1525,1.0,2.0,0.0,0.0,0.0,0.0,0.0,52318.073573912625
100.5175,1.0,2.0,0.0,0.0,0.0,0.0,0.0,52318.073573912625
129.355,1.0,2.0,0.0,-0.0,0.0,-0.0,0.0,52318.073573912625
139.8725,0.4729537233052701,0.9459074466105402,0.0,1.0,0.0,1.0540925533894598,137.3625,52455.43607391263
119.5875,0.4729537233052701,0.9459074466105402,0.0,0.0,0.0,0.0,0.0,52455.43607391263
102.0525,0.4729537233052701,0.9459074466105402,0.0,0.0,0.0,0.0,0.0,52455.43607391263
95.6375,0.4729537233052701,0.9459074466105402,0.0,0.0,0.0,0.0,0.0,52455.43607391263
93.795,0.4729537233052701,0.9459074466105402,0.0,0.0,0.0,0.0,0.0,52455.43607391263
97.7625,0.4729537233052701,0.9459074466105402,0.0,0.0,0.0,0.0,0.0,52455.43607391263
108.07,0.4729537233052701,0.9459074466105402,0.0,0.0,0.0,0.0,0.0,52455.43607391263
120.48,0.4729537233052701,0.9459074466105402,0.0,0.0,0.0,0.0,0.0,52455.43607391263
125.785,0.4729537233052701,0.9459074466105402,0.0,0.0,0.0,0.0,0.0,52455.43607391263
133.1375,-0.0,-0.0,0.0,0.8973665961010275,0.0,0.9459074466105402,117.22075503218696,52572.65682894481
122.8475,-0.0,-0.0,0.0,0.0,0.0,0.0,0.0,52572.65682894481
120.115,0.0,0.0,0.0,0.0,0.0,0.0,0.0,52572.65682894481
106.0725,-0.0,-0.0,0.0,0.0,0.0,0.0,0.0,52572.65682894481
100.4425,-0.0,-0.0,0.0,0.0,0.0,0.0,0.0,52572.65682894481
99.17,-0.0,-0.0,0.0,0.0,0.0,0.0,0.0,52572.65682894481
91.885,-0.0,-0.0,0.0,0.0,0.0,0.0,0.0,52572.65682894481
90.6275,-0.0,-0.0,0.0,0.0,0.0,0.0,0.0,52572.65682894481
88.0925,-0.0,-0.0,0.0,0.0,0.0,0.0,0.0,52572.65682894481
87.0325,0.05131670194948623,0.10263340389897246,0.10818510677891963,0.0,0.10263340389897246,0.0,-11.447336611044433,52561.209492333765
86.795,0.5256583509747431,1.0513167019494862,1.0,0.0,0.9486832980505138,0.0,-105.575,52455.63449233377
86.945,1.0,2.0,1.0,0.0,0.9486832980505138,0.0,-105.725,52349.90949233377
90.12,1.0,2.0,0.0,0.0,0.0,0.0,0.0,52349.90949233377
103.055,1.0,2.0,0.0,0.0,0.0,0.0,0.0,52349.90949233377
144.07,1.0,2.0,0.0,0.0,0.0,0.0,0.0,52349.90949233377
155.4075,1.0,2.0,0.0,-0.0,0.0,-0.0,0.0,52349.90949233377
153.16,1.0,2.0,0.0,0.0,0.0,0.0,0.0,52349.90949233377
140.8925,1.0,2.0,0.0,0.0,0.0,0.0,0.0,52349.90949233377
128.925,1.0,2.0,0.0,0.0,0.0,0.0,0.0,52349.90949233377
124.6875,1.0,2.0,0.0,0.0,0.0,0.0,0.0,52349.90949233377
123.615,1.0,2.0,0.0,0.0,0.0,0.0,0.0,52349.90949233377
131.6275,1.0,2.0,0.0,0.0,0.0,0.0,0.0,52349.90949233377
149.3125,1.0,2.0,0.0,0.0,0.0,0.0,0.0,52349.90949233377
173.315,0.5270462766947299,1.0540925533894598,0.0,0.8973665961010275,0.0,0.9459074466105402,153.274701447036,52503.184193780806
175.1,-0.0,-0.0,0.0,1.0,0.0,1.0540925533894598,172.59,52675.7741937808
162.9975,-0.0,-0.0,0.0,0.0,0.0,0.0,0.0,52675.7741937808
155.77,-0.0,-0.0,0.0,0.0,0.0,0.0,0.0,52675.7741937808
135.9525,0.0,0.0,0.0,0.0,0.0,0.0,0.0,52675.7741937808
118.45,-0.0,-0.0,0.0,0.0,0.0,0.0,0.0,52675.7741937808
107.28,-0.0,-0.0,0.0,0.0,0.0,0.0,0.0,52675.7741937808
93.635,-0.0,-0.0,0.0,0.0,0.0,0.0,0.0,52675.7741937808
98.5875,-0.0,-0.0,0.0,0.0,0.0,0.0,0.0,52675.7741937808
93.49,0.0,0.0,-0.0,0.0,-0.0,0.0,0.0,52675.7741937808
89.56,0.4743416490252569,0.9486832980505138,1.0,0.0,0.9486832980505138,0.0,-108.34,52567.434193780806
88.875,0.9486832980505138,1.8973665961010275,1.0,0.0,0.9486832980505138,0.0,-107.655,52459.77919378081
91.2825,1.0,2.0,0.10818510677891963,0.0,0.10263340389897246,0.0,-11.907123314854841,52447.87207046595
98.8025,1.0,2.0,0.0,0.0,0.0,0.0,0.0,52447.87207046595
128.5875,1.0,2.0,0.0,-0.0,0.0,-0.0,0.0,52447.87207046595
180.42,1.0,2.0,0.0,-0.0,0.0,-0.0,0.0,52447.87207046595
205.3825,0.4729537233052701,0.9459074466105402,0.0,1.0,0.0,1.0540925533894598,202.8725,52650.74457046595
181.83,0.05131670194948623,0.10263340389897246,0.0,0.7999999999999998,0.0,0.8432740427115677,143.45599999999996,52794.200570465946
151.015,0.05131670194948623,0.10263340389897246,0.0,0.0,0.0,0.0,0.0,52794.200570465946
137.72,0.05131670194948623,0.10263340389897246,0.0,0.0,0.0,0.0,0.0,52794.200570465946
130.3425,0.5256583509747431,1.0513167019494862,1.0,0.0,0.9486832980505138,0.0,-155.6525,52638.54807046595
135.575,1.0,2.0,1.0,0.0,0.9486832980505138,0.0,-160.885,52477.66307046595
153.7525,1.0,2.0,0.0,0.0,0.0,0.0,0.0,52477.66307046595
196.61,1.0,2.0,-0.0,0.0,-0.0,0.0,0.0,52477.66307046595
251.3175,0.4729537233052701,0.9459074466105402,0.0,1.0,0.0,1.0540925533894598,248.8075,52726.47057046595
250.0075,0.0,0.0,0.0,0.8973665961010275,0.0,0.9459074466105402,222.09598911851407,52948.56655958446
205.0875,-0.0,-0.0,0.0,-0.0,0.0,-0.0,0.0,52948.56655958446
171.3675,0.0,0.0,0.0,0.0,0.0,0.0,0.0,52948.56655958446
141.95,0.0,0.0,-0.0,0.0,-0.0,0.0,0.0,52948.56655958446
117.3075,0.0,0.0,-0.0,0.0,-0.0,0.0,0.0,52948.56655958446
103.7325,-0.0,-0.0,0.0,0.0,0.0,0.0,0.0,52948.56655958446
94.225,-0.0,-0.0,0.0,0.0,0.0,0.0,0.0,52948.56655958446
100.4225,-0.0,-0.0,0.0,0.0,0.0,0.0,0.0,52948.56655958446
94.4275,-0.0,-0.0,0.0,0.0,0.0,0.0,0.0,52948.56655958446
88.44,-0.0,-0.0,0.0,0.0,0.0,0.0,0.0,52948.56655958446
85.2775,-0.0,-0.0,0.0,0.0,0.0,0.0,0.0,52948.56655958446
81.37,0.0,0.0,-0.0,0.0,-0.0,0.0,0.0,52948.56655958446
78.0,0.0,0.0,-0.0,0.0,-0.0,0.0,0.0,52948.56655958446
78.1725,-0.0,-0.0,0.0,0.0,0.0,0.0,0.0,52948.56655958446
82.1575,-0.0,-0.0,0.0,0.0,0.0,0.0,0.0,52948.56655958446
83.675,-0.0,-0.0,0.0,0.0,0.0,0.0,0.0,52948.56655958446
81.5,-0.0,-0.0,0.0,0.0,0.0,0.0,0.0,52948.56655958446
82.01,-0.0,-0.0,0.0,0.0,0.0,0.0,0.0,52948.56655958446
78.5575,-0.0,-0.0,0.0,0.0,0.0,0.0,0.0,52948.56655958446
76.2575,-0.0,-0.0,0.0,0.0,0.0,0.0,0.0,52948.56655958446
75.3675,-0.0,-0.0,0.0,0.0,0.0,0.0,0.0,52948.56655958446
80.3975,-0.0,-0.0,0.0,0.0,0.0,0.0,0.0,52948.56655958446
77.54,-0.0,-0.0,0.0,0.0,0.0,0.0,0.0,52948.56655958446
85.51,-0.0,-0.0,0.0,0.0,0.0,0.0,0.0,52948.56655958446
88.3525,-0.0,-0.0,0.0,-0.0,0.0,-0.0,0.0,52948.56655958446
84.0325,-0.0,-0.0,0.0,0.0,0.0,0.0,0.0,52948.56655958446
73.865,0.0,0.0,0.0,0.0,0.0,0.0,0.0,52948.56655958446
70.82,-0.0,-0.0,0.0,0.0,0.0,0.0,0.0,52948.56655958446
70.0,-0.0,-0.0,0.0,0.0,0.0,0.0,0.0,52948.56655958446
68.5,-0.0,-0.0,0.0,0.0,0.0,0.0,0.0,52948.56655958446
66.6925,-0.0,-0.0,0.0,0.0,0.0,0.0,0.0,52948.56655958446
50.8925,-0.0,-0.0,0.0,0.0,0.0,0.0,0.0,52948.56655958446
48.43,-0.0,-0.0,0.0,0.0,0.0,0.0,0.0,52948.56655958446
46.485,0.4743416490252569,0.9486832980505138,1.0,0.0,0.9486832980505138,0.0,-65.265,52883.30155958446
50.29,0.4743416490252569,0.9486832980505138,0.0,0.0,0.0,0.0,0.0,52883.30155958446
48.195,0.4743416490252569,0.9486832980505138,0.0,0.0,0.0,0.0,0.0,52883.30155958446
45.5875,0.9486832980505138,1.8973665961010275,1.0,0.0,0.9486832980505138,0.0,-64.3675,52818.93405958446
46.9675,1.0,2.0,0.10818510677891963,0.0,0.10263340389897246,0.0,-7.112900307947018,52811.821159276515
56.76,1.0,2.0,0.0,0.0,0.0,0.0,0.0,52811.821159276515
61.7575,1.0,2.0,0.0,0.0,0.0,0.0,0.0,52811.821159276515
63.1775,1.0,2.0,0.0,0.0,0.0,0.0,0.0,52811.821159276515
65.975,1.0,2.0,0.0,0.0,0.0,0.0,0.0,52811.821159276515
66.69,1.0,2.0,0.0,0.0,0.0,0.0,0.0,52811.821159276515
67.8625,1.0,2.0,0.0,0.0,0.0,0.0,0.0,52811.821159276515
65.4575,1.0,2.0,0.0,0.0,0.0,0.0,0.0,52811.821159276515
69.4275,1.0,2.0,0.0,0.0,0.0,0.0,0.0,52811.821159276515
77.29,1.0,2.0,0.0,-0.0,0.0,-0.0,0.0,52811.821159276515
77.8875,1.0,2.0,0.0,-0.0,0.0,-0.0,0.0,52811.821159276515
80.84,1.0,2.0,0.0,-0.0,0.0,-0.0,0.0,52811.821159276515
82.5425,1.0,2.0,0.0,0.0,0.0,0.0,0.0,52811.821159276515
83.795,1.0,2.0,0.0,-0.0,0.0,-0.0,0.0,52811.821159276515
77.4125,1.0,2.0,0.0,0.0,0.0,0.0,0.0,52811.821159276515
74.16,1.0,2.0,0.0,0.0,0.0,0.0,0.0,52811.821159276515
73.42,1.0,2.0,0.0,0.0,0.0,0.0,0.0,52811.821159276515
69.3125,1.0,2.0,0.0,0.0,0.0,0.0,0.0,52811.821159276515
68.925,1.0,2.0,0.0,0.0,0.0,0.0,0.0,52811.821159276515
68.9975,1.0,2.0,0.0,0.0,0.0,0.0,0.0,52811.821159276515
70.1475,1.0,2.0,0.0,0.0,0.0,0.0,0.0,52811.821159276515
69.675,1.0,2.0,0.0,0.0,0.0,0.0,0.0,52811.821159276515
68.8175,1.0,2.0,0.0,0.0,0.0,0.0,0.0,52811.821159276515
75.68,1.0,2.0,0.0,0.0,0.0,0.0,0.0,52811.821159276515
87.675,1.0,2.0,0.0,-0.0,0.0,-0.0,0.0,52811.821159276515
93.5725,1.0,2.0,0.0,-0.0,0.0,-0.0,0.0,52811.821159276515
98.995,1.0,2.0,0.0,-0.0,0.0,-0.0,0.0,52811.821159276515
104.42,1.0,2.0,0.0,-0.0,0.0,-0.0,0.0,52811.821159276515
117.4475,1.0,2.0,0.0,-0.0,0.0,-0.0,0.0,52811.821159276515
127.9425,1.0,2.0,0.0,-0.0,0.0,-0.0,0.0,52811.821159276515
128.35,1.0,2.0,0.0,-0.0,0.0,-0.0,0.0,52811.821159276515
149.7325,1.0,2.0,-0.0,0.0,-0.0,0.0,0.0,52811.821159276515
163.55,1.0,2.0,0.0,0.0,0.0,0.0,0.0,52811.821159276515
183.16,1.0,2.0,0.0,0.0,0.0,0.0,0.0,52811.821159276515
218.785,0.5270462766947299,1.0540925533894598,0.0,0.8973665961010275,0.0,0.9459074466105402,194.0779605717497,53005.89911984826
247.74,-0.0,-0.0,0.0,1.0,0.0,1.0540925533894598,245.23000000000002,53251.129119848265
217.55,-0.0,-0.0,0.0,0.0,0.0,0.0,0.0,53251.129119848265
180.26,0.0,0.0,0.0,0.0,0.0,0.0,0.0,53251.129119848265
147.7925,0.0,0.0,-0.0,0.0,-0.0,0.0,0.0,53251.129119848265
132.4875,-0.0,-0.0,0.0,-0.0,0.0,-0.0,0.0,53251.129119848265
118.7175,-0.0,-0.0,0.0,0.0,0.0,0.0,0.0,53251.129119848265
100.4,-0.0,-0.0,0.0,0.0,0.0,0.0,0.0,53251.129119848265
95.02,0.0,0.0,0.0,0.0,0.0,0.0,0.0,53251.129119848265
91.4,-0.0,-0.0,0.0,0.0,0.0,0.0,0.0,53251.129119848265
90.1125,0.05131670194948623,0.10263340389897246,0.10818510677891963,0.0,0.10263340389897246,0.0,-11.780546739923505,53239.34857310834
86.3775,0.5256583509747431,1.0513167019494862,1.0,0.0,0.9486832980505138,0.0,-105.1575,53134.19107310834
88.445,1.0,2.0,1.0,0.0,0.9486832980505138,0.0,-107.225,53026.96607310834
90.58,1.0,2.0,0.0,0.0,0.0,0.0,0.0,53026.96607310834
109.6525,1.0,2.0,0.0,0.0,0.0,0.0,0.0,53026.96607310834
242.0875,1.0,2.0,0.0,-0.0,0.0,-0.0,0.0,53026.96607310834
297.1175,1.0,2.0,0.0,-0.0,0.0,-0.0,0.0,53026.96607310834
260.815,1.0,2.0,0.0,0.0,0.0,0.0,0.0,53026.96607310834
273.085,1.0,2.0,0.0,0.0,0.0,0.0,0.0,53026.96607310834
320.58,1.0,2.0,0.0,-0.0,0.0,-0.0,0.0,53026.96607310834
299.9975,1.0,2.0,0.0,0.0,0.0,0.0,0.0,53026.96607310834
273.9975,1.0,2.0,0.0,0.0,0.0,0.0,0.0,53026.96607310834
283.31,1.0,2.0,0.0,0.0,0.0,0.0,0.0,53026.96607310834
300.0025,1.0,2.0,0.0,0.0,0.0,0.0,0.0,53026.96607310834
332.41,0.5270462766947299,1.0540925533894598,0.0,0.8973665961010275,0.0,0.9459074466105402,296.041240053729,53323.007313162074
374.8825,-0.0,-0.0,0.0,1.0,0.0,1.0540925533894598,372.3725,53695.37981316207
298.7625,0.0,0.0,0.0,0.0,0.0,0.0,0.0,53695.37981316207
249.3725,0.0,0.0,-0.0,0.0,-0.0,0.0,0.0,53695.37981316207
172.835,-0.0,-0.0,0.0,-0.0,0.0,-0.0,0.0,53695.37981316207
135.02,0.0,0.0,0.0,0.0,0.0,0.0,0.0,53695.37981316207
119.155,0.0,0.0,-0.0,0.0,-0.0,0.0,0.0,53695.37981316207
102.035,-0.0,-0.0,0.0,0.0,0.0,0.0,0.0,53695.37981316207
92.855,-0.0,-0.0,0.0,0.0,0.0,0.0,0.0,53695.37981316207
89.95,-0.0,-0.0,0.0,0.0,0.0,0.0,0.0,53695.37981316207
88.325,0.4743416490252569,0.9486832980505138,1.0,0.0,0.9486832980505138,0.0,-107.105,53588.27481316207
89.435,0.9486832980505138,1.8973665961010275,1.0,0.0,0.9486832980505138,0.0,-108.215,53480.05981316207
89.8025,1.0,2.0,0.10818510677891963,0.0,0.10263340389897246,0.0,-11.74700935682204,53468.31280380525
97.25,1.0,2.0,0.0,0.0,0.0,0.0,0.0,53468.31280380525
129.8225,1.0,2.0,0.0,-0.0,0.0,-0.0,0.0,53468.31280380525
191.17,1.0,2.0,0.0,-0.0,0.0,-0.0,0.0,53468.31280380525
237.2225,0.4729537233052701,0.9459074466105402,0.0,1.0,0.0,1.0540925533894598,234.7125,53703.025303805254
211.8475,0.4729537233052701,0.9459074466105402,0.0,0.0,0.0,0.0,0.0,53703.025303805254
197.1375,0.4729537233052701,0.9459074466105402,0.0,0.0,0.0,0.0,0.0,53703.025303805254
170.4975,0.4729537233052701,0.9459074466105402,0.0,0.0,0.0,0.0,0.0,53703.025303805254
164.6825,0.947295372330527,1.894590744661054,1.0,0.0,0.9486832980505138,0.0,-199.8025,53503.222803805256
168.2375,1.0,2.0,0.11111111111111122,0.0,0.10540925533894607,0.0,-22.5952777777778,53480.62752602748
184.49,1.0,2.0,-0.0,0.0,-0.0,0.0,0.0,53480.62752602748
223.7225,1.0,2.0,0.0,0.0,0.0,0.0,0.0,53480.62752602748
294.3775,0.5270462766947299,1.0540925533894598,0.0,0.8973665961010275,0.0,0.9459074466105402,261.9121449875166,53742.539671014994
294.61,0.0,0.0,0.0,1.0,0.0,1.0540925533894598,292.1,54034.63967101499
228.93,-0.0,-0.0,0.0,-0.0,0.0,-0.0,0.0,54034.63967101499
183.675,0.0,0.0,0.0,0.0,0.0,0.0,0.0,54034.63967101499
141.26,-0.0,-0.0,0.0,0.0,0.0,0.0,0.0,54034.63967101499
114.9475,0.0,0.0,-0.0,0.0,-0.0,0.0,0.0,54034.63967101499
101.9925,-0.0,-0.0,0.0,-0.0,0.0,-0.0,0.0,54034.63967101499
90.1875,-0.0,-0.0,0.0,0.0,0.0,0.0,0.0,54034.63967101499
89.945,-0.0,-0.0,0.0,0.0,0.0,0.0,0.0,54034.63967101499
83.9575,-0.0,-0.0,0.0,0.0,0.0,0.0,0.0,54034.63967101499
79.18,-0.0,-0.0,0.0,0.0,0.0,0.0,0.0,54034.63967101499
73.255,0.0,0.0,0.0,0.0,0.0,0.0,0.0,54034.63967101499
67.725,-0.0,-0.0,0.0,0.0,0.0,0.0,0.0,54034.63967101499
65.9675,0.0,0.0,-0.0,0.0,-0.0,0.0,0.0,54034.63967101499
73.1,-0.0,-0.0,0.0,0.0,0.0,0.0,0.0,54034.63967101499
86.8975,-0.0,-0.0,0.0,0.0,0.0,0.0,0.0,54034.63967101499
90.5775,0.0,0.0,0.0,-0.0,0.0,-0.0,0.0,54034.63967101499
80.5475,-0.0,-0.0,0.0,-0.0,0.0,-0.0,0.0,54034.63967101499
76.905,-0.0,-0.0,0.0,0.0,0.0,0.0,0.0,54034.63967101499
75.75,-0.0,-0.0,0.0,0.0,0.0,0.0,0.0,54034.63967101499
72.995,-0.0,-0.0,0.0,0.0,0.0,0.0,0.0,54034.63967101499
69.995,-0.0,-0.0,0.0,0.0,0.0,0.0,0.0,54034.63967101499
70.62,-0.0,-0.0,0.0,0.0,0.0,0.0,0.0,54034.63967101499
69.685,-0.0,-0.0,0.0,0.0,0.0,0.0,0.0,54034.63967101499
73.68,-0.0,-0.0,0.0,0.0,0.0,0.0,0.0,54034.63967101499
76.69,-0.0,-0.0,0.0,0.0,0.0,0.0,0.0,54034.63967101499
71.9975,-0.0,-0.0,0.0,0.0,0.0,0.0,0.0,54034.63967101499
67.8125,0.0,0.0,0.0,0.0,0.0,0.0,0.0,54034.63967101499
60.875,-0.0,-0.0,0.0,0.0,0.0,0.0,0.0,54034.63967101499
57.86,-0.0,-0.0,0.0,0.0,0.0,0.0,0.0,54034.63967101499
55.0075,-0.0,-0.0,0.0,0.0,0.0,0.0,0.0,54034.63967101499
52.4575,-0.0,-0.0,0.0,0.0,0.0,0.0,0.0,54034.63967101499
39.6825,-0.0,-0.0,0.0,0.0,0.0,0.0,0.0,54034.63967101499
40.805,-0.0,-0.0,0.0,0.0,0.0,0.0,0.0,54034.63967101499
37.9975,0.4743416490252569,0.9486832980505138,1.0,0.0,0.9486832980505138,0.0,-56.7775,53977.862171015
37.985,0.9486832980505138,1.8973665961010275,1.0,0.0,0.9486832980505138,0.0,-56.765,53921.097171015
38.885,1.0,2.0,0.10818510677891963,0.0,0.10263340389897246,0.0,-6.2384941824064,53914.85867683259
42.38,1.0,2.0,0.0,0.0,0.0,0.0,0.0,53914.85867683259
48.5025,1.0,2.0,0.0,0.0,0.0,0.0,0.0,53914.85867683259
72.5275,1.0,2.0,0.0,0.0,0.0,0.0,0.0,53914.85867683259
76.3225,1.0,2.0,0.0,-0.0,0.0,-0.0,0.0,53914.85867683259
73.72,1.0,2.0,0.0,0.0,0.0,0.0,0.0,53914.85867683259
73.695,1.0,2.0,0.0,0.0,0.0,0.0,0.0,53914.85867683259
67.6225,1.0,2.0,0.0,0.0,0.0,0.0,0.0,53914.85867683259
68.4425,1.0,2.0,0.0,0.0,0.0,0.0,0.0,53914.85867683259
69.2,1.0,2.0,0.0,0.0,0.0,0.0,0.0,53914.85867683259
69.56,1.0,2.0,0.0,0.0,0.0,0.0,0.0,53914.85867683259
71.995,1.0,2.0,0.0,0.0,0.0,0.0,0.0,53914.85867683259
70.09,1.0,2.0,0.0,0.0,0.0,0.0,0.0,53914.85867683259
68.225,1.0,2.0,0.0,0.0,0.0,0.0,0.0,53914.85867683259
65.295,1.0,2.0,0.0,0.0,0.0,0.0,0.0,53914.85867683259
58.88,1.0,2.0,0.0,0.0,0.0,0.0,0.0,53914.85867683259
56.3925,1.0,2.0,0.0,0.0,0.0,0.0,0.0,53914.85867683259
53.4425,1.0,2.0,0.0,0.0,0.0,0.0,0.0,53914.85867683259
52.6525,1.0,2.0,0.0,0.0,0.0,0.0,0.0,53914.85867683259
54.04,1.0,2.0,0.0,0.0,0.0,0.0,0.0,53914.85867683259
47.0,1.0,2.0,0.0,0.0,0.0,0.0,0.0,53914.85867683259
53.0225,1.0,2.0,0.0,0.0,0.0,0.0,0.0,53914.85867683259
54.97,1.0,2.0,0.0,0.0,0.0,0.0,0.0,53914.85867683259
57.0,1.0,2.0,0.0,0.0,0.0,0.0,0.0,53914.85867683259
56.6925,1.0,2.0,0.0,0.0,0.0,0.0,0.0,53914.85867683259
56.5,1.0,2.0,0.0,0.0,0.0,0.0,0.0,53914.85867683259
58.28,1.0,2.0,0.0,0.0,0.0,0.0,0.0,53914.85867683259
63.745,1.0,2.0,0.0,0.0,0.0,0.0,0.0,53914.85867683259
68.3925,1.0,2.0,0.0,0.0,0.0,0.0,0.0,53914.85867683259
72.4025,1.0,2.0,0.0,0.0,0.0,0.0,0.0,53914.85867683259
72.115,1.0,2.0,0.0,0.0,0.0,0.0,0.0,53914.85867683259
72.2525,1.0,2.0,0.0,0.0,0.0,0.0,0.0,53914.85867683259
72.3975,1.0,2.0,0.0,0.0,0.0,0.0,0.0,53914.85867683259
77.41,1.0,2.0,0.0,-0.0,0.0,-0.0,0.0,53914.85867683259
85.8475,1.0,2.0,0.0,0.0,0.0,0.0,0.0,53914.85867683259
88.9975,1.0,2.0,0.0,0.0,0.0,0.0,0.0,53914.85867683259
92.9975,1.0,2.0,0.0,0.0,0.0,0.0,0.0,53914.85867683259
99.5175,0.4729537233052701,0.9459074466105402,0.0,1.0,0.0,1.0540925533894598,97.0075,54011.86617683259
96.9975,-0.0,-0.0,0.0,0.8973665961010275,0.0,0.9459074466105402,84.78992624909584,54096.65610308169
88.43,-0.0,-0.0,0.0,0.0,0.0,0.0,0.0,54096.65610308169
81.1125,0.0,0.0,0.0,0.0,0.0,0.0,0.0,54096.65610308169
78.3875,-0.0,-0.0,0.0,0.0,0.0,0.0,0.0,54096.65610308169
75.4525,-0.0,-0.0,0.0,0.0,0.0,0.0,0.0,54096.65610308169
74.4875,-0.0,-0.0,0.0,0.0,0.0,0.0,0.0,54096.65610308169
61.215,-0.0,-0.0,0.0,0.0,0.0,0.0,0.0,54096.65610308169
64.06,-0.0,-0.0,0.0,0.0,0.0,0.0,0.0,54096.65610308169
60.9225,-0.0,-0.0,0.0,0.0,0.0,0.0,0.0,54096.65610308169
56.2,-0.0,-0.0,0.0,0.0,0.0,0.0,0.0,54096.65610308169
53.5075,-0.0,-0.0,0.0,0.0,0.0,0.0,0.0,54096.65610308169
48.925,0.4743416490252569,0.9486832980505138,1.0,0.0,0.9486832980505138,0.0,-67.705,54028.95110308169
53.12,0.4743416490252569,0.9486832980505138,0.0,0.0,0.0,0.0,0.0,54028.95110308169
56.9975,0.4743416490252569,0.9486832980505138,0.0,0.0,0.0,0.0,0.0,54028.95110308169
58.1075,0.4743416490252569,0.9486832980505138,0.0,0.0,0.0,0.0,0.0,54028.95110308169
59.3,0.4743416490252569,0.9486832980505138,0.0,0.0,0.0,0.0,0.0,54028.95110308169
56.6325,0.4743416490252569,0.9486832980505138,0.0,0.0,0.0,0.0,0.0,54028.95110308169
54.8825,0.4743416490252569,0.9486832980505138,0.0,0.0,0.0,0.0,0.0,54028.95110308169
55.8375,0.4743416490252569,0.9486832980505138,0.0,0.0,0.0,0.0,0.0,54028.95110308169
55.675,0.4743416490252569,0.9486832980505138,0.0,0.0,0.0,0.0,0.0,54028.95110308169
56.8,0.4743416490252569,0.9486832980505138,0.0,0.0,0.0,0.0,0.0,54028.95110308169
60.12,0.4743416490252569,0.9486832980505138,0.0,0.0,0.0,0.0,0.0,54028.95110308169
64.1475,0.4743416490252569,0.9486832980505138,0.0,0.0,0.0,0.0,0.0,54028.95110308169
70.555,0.4743416490252569,0.9486832980505138,0.0,0.0,0.0,0.0,0.0,54028.95110308169
68.2975,0.4743416490252569,0.9486832980505138,0.0,0.0,0.0,0.0,0.0,54028.95110308169
66.7375,0.4743416490252569,0.9486832980505138,0.0,0.0,0.0,0.0,0.0,54028.95110308169
65.3925,0.4743416490252569,0.9486832980505138,0.0,0.0,0.0,0.0,0.0,54028.95110308169
64.505,0.4743416490252569,0.9486832980505138,0.0,0.0,0.0,0.0,0.0,54028.95110308169
63.7625,0.4743416490252569,0.9486832980505138,0.0,0.0,0.0,0.0,0.0,54028.95110308169
64.565,0.4743416490252569,0.9486832980505138,0.0,0.0,0.0,0.0,0.0,54028.95110308169
62.9975,0.4743416490252569,0.9486832980505138,0.0,0.0,0.0,0.0,0.0,54028.95110308169
61.8,0.4743416490252569,0.9486832980505138,0.0,0.0,0.0,0.0,0.0,54028.95110308169
60.6,0.4743416490252569,0.9486832980505138,0.0,0.0,0.0,0.0,0.0,54028.95110308169
54.735,0.4743416490252569,0.9486832980505138,0.0,0.0,0.0,0.0,0.0,54028.95110308169
57.715,0.4743416490252569,0.9486832980505138,0.0,0.0,0.0,0.0,0.0,54028.95110308169
56.2125,0.4743416490252569,0.9486832980505138,0.0,0.0,0.0,0.0,0.0,54028.95110308169
61.595,0.4743416490252569,0.9486832980505138,0.0,0.0,0.0,0.0,0.0,54028.95110308169
78.7725,0.4743416490252569,0.9486832980505138,0.0,0.0,0.0,0.0,0.0,54028.95110308169
79.02,0.4743416490252569,0.9486832980505138,0.0,0.0,0.0,0.0,0.0,54028.95110308169
81.9975,0.0,0.0,0.0,0.8999999999999999,0.0,0.9486832980505138,71.53875,54100.489853081686
81.605,-0.0,-0.0,0.0,-0.0,0.0,-0.0,0.0,54100.489853081686
79.3375,-0.0,-0.0,0.0,0.0,0.0,0.0,0.0,54100.489853081686
76.81,-0.0,-0.0,0.0,0.0,0.0,0.0,0.0,54100.489853081686
78.8275,-0.0,-0.0,0.0,0.0,0.0,0.0,0.0,54100.489853081686
78.0025,-0.0,-0.0,0.0,0.0,0.0,0.0,0.0,54100.489853081686
78.8075,-0.0,-0.0,0.0,0.0,0.0,0.0,0.0,54100.489853081686
81.2775,-0.0,-0.0,0.0,0.0,0.0,0.0,0.0,54100.489853081686
81.0025,-0.0,-0.0,0.0,0.0,0.0,0.0,0.0,54100.489853081686
75.145,0.0,0.0,0.0,0.0,0.0,0.0,0.0,54100.489853081686
70.585,-0.0,-0.0,0.0,0.0,0.0,0.0,0.0,54100.489853081686
67.3825,-0.0,-0.0,0.0,0.0,0.0,0.0,0.0,54100.489853081686
64.4925,-0.0,-0.0,0.0,0.0,0.0,0.0,0.0,54100.489853081686
61.79,-0.0,-0.0,0.0,0.0,0.0,0.0,0.0,54100.489853081686
59.355,-0.0,-0.0,0.0,0.0,0.0,0.0,0.0,54100.489853081686
53.9725,-0.0,-0.0,0.0,0.0,0.0,0.0,0.0,54100.489853081686
51.9825,-0.0,-0.0,0.0,0.0,0.0,0.0,0.0,54100.489853081686
47.985,0.05131670194948623,0.10263340389897246,0.10818510677891963,0.0,0.10263340389897246,0.0,-7.222978654094569,54093.266874427594
45.47,0.5256583509747431,1.0513167019494862,1.0,0.0,0.9486832980505138,0.0,-64.25,54029.016874427594
46.6525,1.0,2.0,1.0,0.0,0.9486832980505138,0.0,-65.4325,53963.58437442759
50.545,1.0,2.0,0.0,0.0,0.0,0.0,0.0,53963.58437442759
60.615,1.0,2.0,0.0,0.0,0.0,0.0,0.0,53963.58437442759
67.2375,1.0,2.0,0.0,0.0,0.0,0.0,0.0,53963.58437442759
70.5525,1.0,2.0,0.0,0.0,0.0,0.0,0.0,53963.58437442759
70.0425,1.0,2.0,0.0,0.0,0.0,0.0,0.0,53963.58437442759
78.2425,1.0,2.0,0.0,-0.0,0.0,-0.0,0.0,53963.58437442759
74.9175,1.0,2.0,0.0,0.0,0.0,0.0,0.0,53963.58437442759
78.98,1.0,2.0,0.0,-0.0,0.0,-0.0,0.0,53963.58437442759
88.46,1.0,2.0,0.0,-0.0,0.0,-0.0,0.0,53963.58437442759
90.1125,1.0,2.0,0.0,-0.0,0.0,-0.0,0.0,53963.58437442759
96.5825,1.0,2.0,0.0,-0.0,0.0,-0.0,0.0,53963.58437442759
120.72,1.0,2.0,0.0,0.0,0.0,0.0,0.0,53963.58437442759
140.4875,0.4729537233052701,0.9459074466105402,0.0,1.0,0.0,1.0540925533894598,137.97750000000002,54101.56187442759
119.53,0.4729537233052701,0.9459074466105402,0.0,0.0,0.0,0.0,0.0,54101.56187442759
122.0,0.05131670194948623,0.10263340389897246,0.0,0.7999999999999998,0.0,0.8432740427115677,95.59199999999998,54197.15387442759
104.19,0.05131670194948623,0.10263340389897246,0.0,0.0,0.0,0.0,0.0,54197.15387442759
99.8725,0.05131670194948623,0.10263340389897246,0.0,0.0,0.0,0.0,0.0,54197.15387442759
94.515,0.05131670194948623,0.10263340389897246,0.0,0.0,0.0,0.0,0.0,54197.15387442759
96.0325,0.05131670194948623,0.10263340389897246,0.0,0.0,0.0,0.0,0.0,54197.15387442759
90.8025,0.05131670194948623,0.10263340389897246,0.0,0.0,0.0,0.0,0.0,54197.15387442759
89.0725,0.05131670194948623,0.10263340389897246,0.0,0.0,0.0,0.0,0.0,54197.15387442759
90.1575,0.05131670194948623,0.10263340389897246,0.0,0.0,0.0,0.0,0.0,54197.15387442759
87.8575,0.5256583509747431,1.0513167019494862,1.0,0.0,0.9486832980505138,0.0,-106.6375,54090.51637442759
85.0,1.0,2.0,1.0,0.0,0.9486832980505138,0.0,-103.78,53986.73637442759
92.6225,1.0,2.0,0.0,0.0,0.0,0.0,0.0,53986.73637442759
107.2325,1.0,2.0,0.0,0.0,0.0,0.0,0.0,53986.73637442759
140.695,1.0,2.0,0.0,-0.0,0.0,-0.0,0.0,53986.73637442759
188.08,1.0,2.0,0.0,-0.0,0.0,-0.0,0.0,53986.73637442759
169.835,1.0,2.0,0.0,0.0,0.0,0.0,0.0,53986.73637442759
149.9425,1.0,2.0,0.0,0.0,0.0,0.0,0.0,53986.73637442759
145.355,1.0,2.0,0.0,0.0,0.0,0.0,0.0,53986.73637442759
142.6775,1.0,2.0,-0.0,0.0,-0.0,0.0,0.0,53986.73637442759
148.1025,1.0,2.0,0.0,0.0,0.0,0.0,0.0,53986.73637442759
180.605,1.0,2.0,0.0,0.0,0.0,0.0,0.0,53986.73637442759
221.6225,1.0,2.0,0.0,0.0,0.0,0.0,0.0,53986.73637442759
275.5675,0.4729537233052701,0.9459074466105402,0.0,1.0,0.0,1.0540925533894598,273.0575,54259.793874427596
248.6675,0.0,0.0,0.0,0.8973665961010275,0.0,0.9459074466105402,220.89351787973868,54480.687392307336
198.285,-0.0,-0.0,0.0,0.0,0.0,0.0,0.0,54480.687392307336
168.52,0.0,0.0,-0.0,0.0,-0.0,0.0,0.0,54480.687392307336
142.1575,0.0,0.0,-0.0,0.0,-0.0,0.0,0.0,54480.687392307336
117.8925,-0.0,-0.0,0.0,0.0,0.0,0.0,0.0,54480.687392307336
104.55,-0.0,-0.0,0.0,0.0,0.0,0.0,0.0,54480.687392307336
91.635,-0.0,-0.0,0.0,0.0,0.0,0.0,0.0,54480.687392307336
97.3825,-0.0,-0.0,0.0,0.0,0.0,0.0,0.0,54480.687392307336
93.8825,0.0,0.0,-0.0,0.0,-0.0,0.0,0.0,54480.687392307336
90.8325,0.4743416490252569,0.9486832980505138,1.0,0.0,0.9486832980505138,0.0,-109.6125,54371.07489230733
90.3575,0.9486832980505138,1.8973665961010275,1.0,0.0,0.9486832980505138,0.0,-109.1375,54261.937392307336
92.3275,1.0,2.0,0.10818510677891963,0.0,0.10263340389897246,0.0,-12.020176751438813,54249.9172155559
96.755,1.0,2.0,0.0,0.0,0.0,0.0,0.0,54249.9172155559
112.305,1.0,2.0,0.0,0.0,0.0,0.0,0.0,54249.9172155559
128.41,1.0,2.0,0.0,-0.0,0.0,-0.0,0.0,54249.9172155559
144.7025,1.0,2.0,0.0,0.0,0.0,0.0,0.0,54249.9172155559
145.57,1.0,2.0,0.0,0.0,0.0,0.0,0.0,54249.9172155559
138.405,1.0,2.0,0.0,0.0,0.0,0.0,0.0,54249.9172155559
148.0925,1.0,2.0,0.0,0.0,0.0,0.0,0.0,54249.9172155559
141.96,1.0,2.0,0.0,0.0,0.0,0.0,0.0,54249.9172155559
145.1825,1.0,2.0,0.0,0.0,0.0,0.0,0.0,54249.9172155559
152.0575,0.4729537233052701,0.9459074466105402,0.0,1.0,0.0,1.0540925533894598,149.5475,54399.4647155559
150.9925,-0.0,-0.0,0.0,0.8973665961010275,0.0,0.9459074466105402,133.24323560557082,54532.70795116147
144.7575,-0.0,-0.0,0.0,0.0,0.0,0.0,0.0,54532.70795116147
144.6975,-0.0,-0.0,0.0,0.0,0.0,0.0,0.0,54532.70795116147
142.3325,-0.0,-0.0,0.0,0.0,0.0,0.0,0.0,54532.70795116147
134.56,0.0,0.0,0.0,0.0,0.0,0.0,0.0,54532.70795116147
118.1075,-0.0,-0.0,0.0,0.0,0.0,0.0,0.0,54532.70795116147
103.3525,-0.0,-0.0,0.0,0.0,0.0,0.0,0.0,54532.70795116147
97.0525,-0.0,-0.0,0.0,0.0,0.0,0.0,0.0,54532.70795116147
90.2125,-0.0,-0.0,0.0,0.0,0.0,0.0,0.0,54532.70795116147
95.6175,-0.0,-0.0,0.0,0.0,0.0,0.0,0.0,54532.70795116147
93.8625,-0.0,-0.0,0.0,0.0,0.0,0.0,0.0,54532.70795116147
90.1175,0.05131670194948623,0.10263340389897246,0.10818510677891963,0.0,0.10263340389897246,0.0,-11.7810876654574,54520.92686349602
85.6625,0.5256583509747431,1.0513167019494862,1.0,0.0,0.9486832980505138,0.0,-104.4425,54416.48436349602
81.8175,1.0,2.0,1.0,0.0,0.9486832980505138,0.0,-100.5975,54315.886863496016
90.485,1.0,2.0,0.0,0.0,0.0,0.0,0.0,54315.886863496016
117.9325,1.0,2.0,0.0,0.0,0.0,0.0,0.0,54315.886863496016
162.415,1.0,2.0,0.0,0.0,0.0,0.0,0.0,54315.886863496016
184.4325,0.4729537233052701,0.9459074466105402,0.0,1.0,0.0,1.0540925533894598,181.9225,54497.80936349602
184.1425,-0.0,-0.0,0.0,0.8973665961010275,0.0,0.9459074466105402,162.9909382663199,54660.800301762334
171.3475,-0.0,-0.0,0.0,0.0,0.0,0.0,0.0,54660.800301762334
167.515,-0.0,-0.0,0.0,0.0,0.0,0.0,0.0,54660.800301762334
161.56,0.0,0.0,0.0,0.0,0.0,0.0,0.0,54660.800301762334
157.4475,-0.0,-0.0,0.0,0.0,0.0,0.0,0.0,54660.800301762334
161.1775,-0.0,-0.0,0.0,0.0,0.0,0.0,0.0,54660.800301762334
162.3475,-0.0,-0.0,0.0,0.0,0.0,0.0,0.0,54660.800301762334
169.4975,-0.0,-0.0,0.0,-0.0,0.0,-0.0,0.0,54660.800301762334
157.3825,-0.0,-0.0,0.0,0.0,0.0,0.0,0.0,54660.800301762334
142.325,0.0,0.0,0.0,0.0,0.0,0.0,0.0,54660.800301762334
117.9125,0.0,0.0,-0.0,0.0,-0.0,0.0,0.0,54660.800301762334
108.3525,-0.0,-0.0,0.0,0.0,0.0,0.0,0.0,54660.800301762334
97.555,-0.0,-0.0,0.0,0.0,0.0,0.0,0.0,54660.800301762334
86.96,0.0,0.0,-0.0,0.0,-0.0,0.0,0.0,54660.800301762334
84.1225,-0.0,-0.0,0.0,0.0,0.0,0.0,0.0,54660.800301762334
78.145,-0.0,-0.0,0.0,0.0,0.0,0.0,0.0,54660.800301762334
75.09,-0.0,-0.0,0.0,0.0,0.0,0.0,0.0,54660.800301762334
70.87,-0.0,-0.0,0.0,0.0,0.0,0.0,0.0,54660.800301762334
65.075,-0.0,-0.0,0.0,0.0,0.0,0.0,0.0,54660.800301762334
61.74,-0.0,-0.0,0.0,0.0,0.0,0.0,0.0,54660.800301762334
57.0325,0.4743416490252569,0.9486832980505138,1.0,0.0,0.9486832980505138,0.0,-75.8125,54584.987801762334
56.605,0.9486832980505138,1.8973665961010275,1.0,0.0,0.9486832980505138,0.0,-75.38499999999999,54509.60280176233
61.745,0.9486832980505138,1.8973665961010275,0.0,0.0,0.0,0.0,0.0,54509.60280176233
71.145,0.9486832980505138,1.8973665961010275,0.0,0.0,0.0,0.0,0.0,54509.60280176233
76.135,0.9486832980505138,1.8973665961010275,0.0,0.0,0.0,0.0,0.0,54509.60280176233
76.3425,0.9486832980505138,1.8973665961010275,0.0,0.0,0.0,0.0,0.0,54509.60280176233
77.415,0.9486832980505138,1.8973665961010275,0.0,0.0,0.0,0.0,0.0,54509.60280176233
76.1125,0.9486832980505138,1.8973665961010275,0.0,0.0,0.0,0.0,0.0,54509.60280176233
77.025,0.9486832980505138,1.8973665961010275,0.0,0.0,0.0,0.0,0.0,54509.60280176233
77.98,0.9486832980505138,1.8973665961010275,0.0,0.0,0.0,0.0,0.0,54509.60280176233
80.2575,0.9486832980505138,1.8973665961010275,0.0,0.0,0.0,0.0,0.0,54509.60280176233
80.7375,0.9486832980505138,1.8973665961010275,0.0,0.0,0.0,0.0,0.0,54509.60280176233
82.5,0.9486832980505138,1.8973665961010275,0.0,0.0,0.0,0.0,0.0,54509.60280176233
80.645,0.9486832980505138,1.8973665961010275,0.0,0.0,0.0,0.0,0.0,54509.60280176233
79.185,0.9486832980505138,1.8973665961010275,0.0,0.0,0.0,0.0,0.0,54509.60280176233
76.095,0.9486832980505138,1.8973665961010275,0.0,0.0,0.0,0.0,0.0,54509.60280176233
73.2475,0.9486832980505138,1.8973665961010275,0.0,0.0,0.0,0.0,0.0,54509.60280176233
71.3425,0.9486832980505138,1.8973665961010275,0.0,0.0,0.0,0.0,0.0,54509.60280176233
69.53,0.9486832980505138,1.8973665961010275,0.0,0.0,0.0,0.0,0.0,54509.60280176233
67.3225,0.9486832980505138,1.8973665961010275,0.0,0.0,0.0,0.0,0.0,54509.60280176233
60.995,0.9486832980505138,1.8973665961010275,0.0,0.0,0.0,0.0,0.0,54509.60280176233
59.4225,0.9486832980505138,1.8973665961010275,0.0,0.0,0.0,0.0,0.0,54509.60280176233
58.56,1.0,2.0,0.10818510677891963,0.0,0.10263340389897246,0.0,-8.367036158281644,54501.23576560405
62.075,1.0,2.0,0.0,0.0,0.0,0.0,0.0,54501.23576560405
62.005,1.0,2.0,0.0,0.0,0.0,0.0,0.0,54501.23576560405
63.72,1.0,2.0,0.0,0.0,0.0,0.0,0.0,54501.23576560405
71.835,1.0,2.0,0.0,0.0,0.0,0.0,0.0,54501.23576560405
77.9975,1.0,2.0,0.0,0.0,0.0,0.0,0.0,54501.23576560405
85.555,1.0,2.0,0.0,0.0,0.0,0.0,0.0,54501.23576560405
90.53,1.0,2.0,0.0,0.0,0.0,0.0,0.0,54501.23576560405
91.9225,1.0,2.0,0.0,0.0,0.0,0.0,0.0,54501.23576560405
97.4375,1.0,2.0,0.0,0.0,0.0,0.0,0.0,54501.23576560405
99.5725,1.0,2.0,0.0,0.0,0.0,0.0,0.0,54501.23576560405
104.145,1.0,2.0,0.0,0.0,0.0,0.0,0.0,54501.23576560405
105.735,1.0,2.0,0.0,0.0,0.0,0.0,0.0,54501.23576560405
108.5,0.5270462766947299,1.0540925533894598,0.0,0.8973665961010275,0.0,0.9459074466105402,95.1118855207479,54596.34765112479
111.82,-0.0,-0.0,0.0,1.0,0.0,1.0540925533894598,109.30999999999999,54705.65765112479
96.88,0.0,0.0,0.0,0.0,0.0,0.0,0.0,54705.65765112479
87.4625,0.0,0.0,0.0,-0.0,0.0,-0.0,0.0,54705.65765112479
80.37,0.0,0.0,0.0,-0.0,0.0,-0.0,0.0,54705.65765112479
71.8075,-0.0,-0.0,0.0,-0.0,0.0,-0.0,0.0,54705.65765112479
64.795,0.0,0.0,0.0,0.0,0.0,0.0,0.0,54705.65765112479
41.7375,-0.0,-0.0,0.0,-0.0,0.0,-0.0,0.0,54705.65765112479
19.27,0.0,0.0,0.0,0.0,0.0,0.0,0.0,54705.65765112479
12.4775,0.05131670194948623,0.10263340389897246,0.10818510677891963,0.0,0.10263340389897246,0.0,-3.38159597514208,54702.27605514965
11.7,0.5256583509747431,1.0513167019494862,1.0,0.0,0.9486832980505138,0.0,-30.48,54671.79605514964
6.995,1.0,2.0,1.0,0.0,0.9486832980505138,0.0,-25.775000000000002,54646.02105514964
12.89,1.0,2.0,0.0,0.0,0.0,0.0,0.0,54646.02105514964
26.965,1.0,2.0,0.0,0.0,0.0,0.0,0.0,54646.02105514964
46.975,1.0,2.0,0.0,-0.0,0.0,-0.0,0.0,54646.02105514964
64.5475,1.0,2.0,0.0,-0.0,0.0,-0.0,0.0,54646.02105514964
67.18,1.0,2.0,0.0,0.0,0.0,0.0,0.0,54646.02105514964
67.75,1.0,2.0,0.0,-0.0,0.0,-0.0,0.0,54646.02105514964
66.98,1.0,2.0,0.0,0.0,0.0,0.0,0.0,54646.02105514964
66.435,1.0,2.0,0.0,0.0,0.0,0.0,0.0,54646.02105514964
67.3675,1.0,2.0,0.0,0.0,0.0,0.0,0.0,54646.02105514964
66.345,1.0,2.0,0.0,0.0,0.0,0.0,0.0,54646.02105514964
66.0725,1.0,2.0,0.0,0.0,0.0,0.0,0.0,54646.02105514964
69.645,1.0,2.0,0.0,-0.0,0.0,-0.0,0.0,54646.02105514964
69.6075,1.0,2.0,0.0,0.0,0.0,0.0,0.0,54646.02105514964
72.0925,1.0,2.0,0.0,-0.0,0.0,-0.0,0.0,54646.02105514964
69.6025,1.0,2.0,0.0,0.0,0.0,0.0,0.0,54646.02105514964
66.08,1.0,2.0,0.0,0.0,0.0,0.0,0.0,54646.02105514964
64.9025,1.0,2.0,0.0,0.0,0.0,0.0,0.0,54646.02105514964
64.13,1.0,2.0,0.0,0.0,0.0,0.0,0.0,54646.02105514964
62.8025,1.0,2.0,0.0,0.0,0.0,0.0,0.0,54646.02105514964
61.5775,1.0,2.0,0.0,0.0,0.0,0.0,0.0,54646.02105514964
68.065,1.0,2.0,0.0,0.0,0.0,0.0,0.0,54646.02105514964
66.0775,1.0,2.0,0.0,0.0,0.0,0.0,0.0,54646.02105514964
66.9425,1.0,2.0,0.0,0.0,0.0,0.0,0.0,54646.02105514964
67.515,1.0,2.0,0.0,0.0,0.0,0.0,0.0,54646.02105514964
64.2425,1.0,2.0,0.0,0.0,0.0,0.0,0.0,54646.02105514964
62.16,1.0,2.0,0.0,0.0,0.0,0.0,0.0,54646.02105514964
80.7725,1.0,2.0,0.0,-0.0,0.0,-0.0,0.0,54646.02105514964
98.9425,1.0,2.0,0.0,-0.0,0.0,-0.0,0.0,54646.02105514964
103.2,0.5270462766947299,1.0540925533894598,0.0,0.8973665961010275,0.0,0.9459074466105402,90.35584256141246,54736.37689771105
104.6675,-0.0,-0.0,0.0,1.0,0.0,1.0540925533894598,102.1575,54838.53439771105
95.3275,-0.0,-0.0,0.0,0.0,0.0,0.0,0.0,54838.53439771105
92.805,-0.0,-0.0,0.0,0.0,0.0,0.0,0.0,54838.53439771105
89.3725,-0.0,-0.0,0.0,0.0,0.0,0.0,0.0,54838.53439771105
91.9125,-0.0,-0.0,0.0,0.0,0.0,0.0,0.0,54838.53439771105
91.11,-0.0,-0.0,0.0,0.0,0.0,0.0,0.0,54838.53439771105
99.685,-0.0,-0.0,0.0,0.0,0.0,0.0,0.0,54838.53439771105
96.6025,-0.0,-0.0,0.0,0.0,0.0,0.0,0.0,54838.53439771105
97.6675,-0.0,-0.0,0.0,0.0,0.0,0.0,0.0,54838.53439771105
89.105,-0.0,-0.0,0.0,0.0,0.0,0.0,0.0,54838.53439771105
80.4475,0.0,0.0,0.0,0.0,0.0,0.0,0.0,54838.53439771105
76.2575,-0.0,-0.0,0.0,0.0,0.0,0.0,0.0,54838.53439771105
68.7125,-0.0,-0.0,0.0,0.0,0.0,0.0,0.0,54838.53439771105
62.595,-0.0,-0.0,0.0,0.0,0.0,0.0,0.0,54838.53439771105
48.0025,-0.0,-0.0,0.0,0.0,0.0,0.0,0.0,54838.53439771105
41.1825,0.0,0.0,-0.0,0.0,-0.0,0.0,0.0,54838.53439771105
33.38,-0.0,-0.0,0.0,0.0,0.0,0.0,0.0,54838.53439771105
27.915,0.4743416490252569,0.9486832980505138,1.0,0.0,0.9486832980505138,0.0,-46.695,54791.83939771105
28.86,0.9486832980505138,1.8973665961010275,1.0,0.0,0.9486832980505138,0.0,-47.64,54744.199397711054
29.305,1.0,2.0,0.10818510677891963,0.0,0.10263340389897246,0.0,-5.202080859464351,54738.997316851586
34.0375,1.0,2.0,0.0,0.0,0.0,0.0,0.0,54738.997316851586
43.9925,1.0,2.0,0.0,0.0,0.0,0.0,0.0,54738.997316851586
61.1475,1.0,2.0,0.0,-0.0,0.0,-0.0,0.0,54738.997316851586
73.53,0.4729537233052701,0.9459074466105402,0.0,1.0,0.0,1.0540925533894598,71.02,54810.01731685158
68.6525,0.4729537233052701,0.9459074466105402,0.0,0.0,0.0,0.0,0.0,54810.01731685158
69.205,-0.0,-0.0,0.0,0.8973665961010275,0.0,0.9459074466105402,59.84986512695803,54869.86718197854
66.14,-0.0,-0.0,0.0,0.0,0.0,0.0,0.0,54869.86718197854
63.29,-0.0,-0.0,0.0,0.0,0.0,0.0,0.0,54869.86718197854
62.8575,0.0,0.0,0.0,0.0,0.0,0.0,0.0,54869.86718197854
64.375,-0.0,-0.0,0.0,0.0,0.0,0.0,0.0,54869.86718197854
63.5375,-0.0,-0.0,0.0,0.0,0.0,0.0,0.0,54869.86718197854
65.0525,-0.0,-0.0,0.0,0.0,0.0,0.0,0.0,54869.86718197854
65.0925,-0.0,-0.0,0.0,-0.0,0.0,-0.0,0.0,54869.86718197854
62.74,-0.0,-0.0,0.0,0.0,0.0,0.0,0.0,54869.86718197854
58.175,-0.0,-0.0,0.0,0.0,0.0,0.0,0.0,54869.86718197854
55.6075,-0.0,-0.0,0.0,0.0,0.0,0.0,0.0,54869.86718197854
55.785,-0.0,-0.0,0.0,0.0,0.0,0.0,0.0,54869.86718197854
54.7175,-0.0,-0.0,0.0,0.0,0.0,0.0,0.0,54869.86718197854
54.005,-0.0,-0.0,0.0,0.0,0.0,0.0,0.0,54869.86718197854
49.9275,-0.0,-0.0,0.0,0.0,0.0,0.0,0.0,54869.86718197854
46.055,0.0,0.0,0.0,0.0,0.0,0.0,0.0,54869.86718197854
42.145,-0.0,-0.0,0.0,0.0,0.0,0.0,0.0,54869.86718197854
36.8875,-0.0,-0.0,0.0,0.0,0.0,0.0,0.0,54869.86718197854
33.99,-0.0,-0.0,0.0,0.0,0.0,0.0,0.0,54869.86718197854
40.6275,-0.0,-0.0,0.0,0.0,0.0,0.0,0.0,54869.86718197854
51.9875,-0.0,-0.0,0.0,0.0,0.0,0.0,0.0,54869.86718197854
43.9375,-0.0,-0.0,0.0,0.0,0.0,0.0,0.0,54869.86718197854
44.85,-0.0,-0.0,0.0,0.0,0.0,0.0,0.0,54869.86718197854
50.1175,-0.0,-0.0,0.0,0.0,0.0,0.0,0.0,54869.86718197854
46.44,-0.0,-0.0,0.0,0.0,0.0,0.0,0.0,54869.86718197854
9.37,0.4743416490252569,0.9486832980505138,1.0,0.0,0.9486832980505138,0.0,-44.489999999999995,54825.37718197854
7.0225,0.9486832980505138,1.8973665961010275,1.0,0.0,0.9486832980505138,0.0,-42.1425,54783.23468197854
12.2125,1.0,2.0,0.10818510677891963,0.0,0.10263340389897246,0.0,-5.120671566613213,54778.114010411926
53.825,1.0,2.0,0.0,0.0,0.0,0.0,0.0,54778.114010411926
70.295,1.0,2.0,0.0,-0.0,0.0,-0.0,0.0,54778.114010411926
67.5575,1.0,2.0,0.0,0.0,0.0,0.0,0.0,54778.114010411926
73.2925,1.0,2.0,0.0,-0.0,0.0,-0.0,0.0,54778.114010411926
85.6575,1.0,2.0,0.0,0.0,0.0,0.0,0.0,54778.114010411926
87.33,1.0,2.0,0.0,-0.0,0.0,-0.0,0.0,54778.114010411926
87.875,1.0,2.0,0.0,-0.0,0.0,-0.0,0.0,54778.114010411926
81.9975,1.0,2.0,0.0,0.0,0.0,0.0,0.0,54778.114010411926
83.465,1.0,2.0,0.0,0.0,0.0,0.0,0.0,54778.114010411926
86.35,1.0,2.0,0.0,0.0,0.0,0.0,0.0,54778.114010411926
74.5075,1.0,2.0,0.0,0.0,0.0,0.0,0.0,54778.114010411926
81.965,1.0,2.0,0.0,0.0,0.0,0.0,0.0,54778.114010411926
84.705,1.0,2.0,0.0,0.0,0.0,0.0,0.0,54778.114010411926
85.205,1.0,2.0,0.0,0.0,0.0,0.0,0.0,54778.114010411926
82.83,1.0,2.0,0.0,0.0,0.0,0.0,0.0,54778.114010411926
83.4425,1.0,2.0,0.0,0.0,0.0,0.0,0.0,54778.114010411926
92.91,1.0,2.0,0.0,-0.0,0.0,-0.0,0.0,54778.114010411926
120.26,1.0,2.0,0.0,-0.0,0.0,-0.0,0.0,54778.114010411926
130.8525,1.0,2.0,0.0,-0.0,0.0,-0.0,0.0,54778.114010411926
126.9025,1.0,2.0,0.0,0.0,0.0,0.0,0.0,54778.114010411926
121.955,1.0,2.0,0.0,0.0,0.0,0.0,0.0,54778.114010411926
118.305,1.0,2.0,0.0,0.0,0.0,0.0,0.0,54778.114010411926
113.0675,1.0,2.0,0.0,0.0,0.0,0.0,0.0,54778.114010411926
116.045,1.0,2.0,0.0,0.0,0.0,0.0,0.0,54778.114010411926
122.235,1.0,2.0,0.0,0.0,0.0,0.0,0.0,54778.114010411926
127.62,1.0,2.0,0.0,0.0,0.0,0.0,0.0,54778.114010411926
143.1,0.5270462766947299,1.0540925533894598,0.0,0.8973665961010275,0.0,0.9459074466105402,126.16076974584345,54904.27478015777
145.3375,-0.0,-0.0,0.0,1.0,0.0,1.0540925533894598,142.82750000000001,55047.10228015777
130.5675,-0.0,-0.0,0.0,0.0,0.0,0.0,0.0,55047.10228015777
118.11,-0.0,-0.0,0.0,0.0,0.0,0.0,0.0,55047.10228015777
103.325,0.0,0.0,0.0,0.0,0.0,0.0,0.0,55047.10228015777
96.4675,-0.0,-0.0,0.0,0.0,0.0,0.0,0.0,55047.10228015777
91.19,-0.0,-0.0,0.0,0.0,0.0,0.0,0.0,55047.10228015777
90.1125,-0.0,-0.0,0.0,0.0,0.0,0.0,0.0,55047.10228015777
91.8775,-0.0,-0.0,0.0,0.0,0.0,0.0,0.0,55047.10228015777
90.5025,-0.0,-0.0,0.0,0.0,0.0,0.0,0.0,55047.10228015777
86.9975,-0.0,-0.0,0.0,0.0,0.0,0.0,0.0,55047.10228015777
82.995,-0.0,-0.0,0.0,0.0,0.0,0.0,0.0,55047.10228015777
80.53,-0.0,-0.0,0.0,0.0,0.0,0.0,0.0,55047.10228015777
81.4575,-0.0,-0.0,0.0,0.0,0.0,0.0,0.0,55047.10228015777
77.1475,-0.0,-0.0,0.0,0.0,0.0,0.0,0.0,55047.10228015777
79.375,-0.0,-0.0,0.0,0.0,0.0,0.0,0.0,55047.10228015777
93.99,-0.0,-0.0,0.0,0.0,0.0,0.0,0.0,55047.10228015777
102.3825,-0.0,-0.0,0.0,0.0,0.0,0.0,0.0,55047.10228015777
98.3375,-0.0,-0.0,0.0,0.0,0.0,0.0,0.0,55047.10228015777
91.375,-0.0,-0.0,0.0,0.0,0.0,0.0,0.0,55047.10228015777
79.96,-0.0,-0.0,0.0,0.0,0.0,0.0,0.0,55047.10228015777
79.48,-0.0,-0.0,0.0,0.0,0.0,0.0,0.0,55047.10228015777
80.9975,-0.0,-0.0,0.0,0.0,0.0,0.0,0.0,55047.10228015777
88.3725,-0.0,-0.0,0.0,0.0,0.0,0.0,0.0,55047.10228015777
100.7,-0.0,-0.0,0.0,0.0,0.0,0.0,0.0,55047.10228015777
106.25,-0.0,-0.0,0.0,0.0,0.0,0.0,0.0,55047.10228015777
108.615,-0.0,-0.0,0.0,-0.0,0.0,-0.0,0.0,55047.10228015777
100.12,-0.0,-0.0,0.0,0.0,0.0,0.0,0.0,55047.10228015777
86.99,-0.0,-0.0,0.0,0.0,0.0,0.0,0.0,55047.10228015777
75.8025,0.0,0.0,0.0,0.0,0.0,0.0,0.0,55047.10228015777
62.53,0.0,0.0,-0.0,0.0,-0.0,0.0,0.0,55047.10228015777
56.3175,-0.0,-0.0,0.0,0.0,0.0,0.0,0.0,55047.10228015777
52.0,-0.0,-0.0,0.0,0.0,0.0,0.0,0.0,55047.10228015777
48.11,-0.0,-0.0,0.0,0.0,0.0,0.0,0.0,55047.10228015777
47.7875,-0.0,-0.0,0.0,0.0,0.0,0.0,0.0,55047.10228015777
41.535,-0.0,-0.0,0.0,0.0,0.0,0.0,0.0,55047.10228015777
34.4,-0.0,-0.0,0.0,0.0,0.0,0.0,0.0,55047.10228015777
31.2425,0.0,0.0,-0.0,0.0,-0.0,0.0,0.0,55047.10228015777
30.0275,0.05131670194948623,0.10263340389897246,0.10818510677891963,0.0,0.10263340389897246,0.0,-5.28024459911212,55041.82203555866
33.5975,0.05131670194948623,0.10263340389897246,0.0,0.0,0.0,0.0,0.0,55041.82203555866
35.03,0.05131670194948623,0.10263340389897246,0.0,0.0,0.0,0.0,0.0,55041.82203555866
35.8,0.05131670194948623,0.10263340389897246,0.0,0.0,0.0,0.0,0.0,55041.82203555866
37.1,0.05131670194948623,0.10263340389897246,0.0,0.0,0.0,0.0,0.0,55041.82203555866
40.0,0.05131670194948623,0.10263340389897246,0.0,0.0,0.0,0.0,0.0,55041.82203555866
37.01,0.05131670194948623,0.10263340389897246,0.0,0.0,0.0,0.0,0.0,55041.82203555866
37.1,0.05131670194948623,0.10263340389897246,0.0,0.0,0.0,0.0,0.0,55041.82203555866
37.855,0.05131670194948623,0.10263340389897246,0.0,0.0,0.0,0.0,0.0,55041.82203555866
39.7425,0.05131670194948623,0.10263340389897246,0.0,0.0,0.0,0.0,0.0,55041.82203555866
50.5575,0.05131670194948623,0.10263340389897246,0.0,0.0,0.0,0.0,0.0,55041.82203555866
51.145,0.05131670194948623,0.10263340389897246,0.0,0.0,0.0,0.0,0.0,55041.82203555866
50.8425,0.05131670194948623,0.10263340389897246,0.0,0.0,0.0,0.0,0.0,55041.82203555866
50.0425,0.05131670194948623,0.10263340389897246,0.0,0.0,0.0,0.0,0.0,55041.82203555866
44.5375,0.05131670194948623,0.10263340389897246,0.0,0.0,0.0,0.0,0.0,55041.82203555866
47.9875,0.05131670194948623,0.10263340389897246,0.0,0.0,0.0,0.0,0.0,55041.82203555866
45.58,0.05131670194948623,0.10263340389897246,0.0,0.0,0.0,0.0,0.0,55041.82203555866
42.8475,0.05131670194948623,0.10263340389897246,0.0,0.0,0.0,0.0,0.0,55041.82203555866
30.45,0.05131670194948623,0.10263340389897246,0.0,0.0,0.0,0.0,0.0,55041.82203555866
31.29,0.05131670194948623,0.10263340389897246,0.0,0.0,0.0,0.0,0.0,55041.82203555866
29.4925,0.5256583509747431,1.0513167019494862,1.0,0.0,0.9486832980505138,0.0,-48.2725,54993.54953555866
29.035,1.0,2.0,1.0,0.0,0.9486832980505138,0.0,-47.815,54945.73453555866
30.7775,1.0,2.0,0.0,0.0,0.0,0.0,0.0,54945.73453555866
33.9975,1.0,2.0,0.0,0.0,0.0,0.0,0.0,54945.73453555866
43.705,1.0,2.0,0.0,0.0,0.0,0.0,0.0,54945.73453555866
57.44,1.0,2.0,0.0,-0.0,0.0,-0.0,0.0,54945.73453555866
66.975,1.0,2.0,0.0,-0.0,0.0,-0.0,0.0,54945.73453555866
68.15,1.0,2.0,0.0,-0.0,0.0,-0.0,0.0,54945.73453555866
70.1625,1.0,2.0,0.0,-0.0,0.0,-0.0,0.0,54945.73453555866
75.065,1.0,2.0,0.0,-0.0,0.0,-0.0,0.0,54945.73453555866
75.9875,1.0,2.0,0.0,-0.0,0.0,-0.0,0.0,54945.73453555866
79.9725,1.0,2.0,0.0,0.0,0.0,0.0,0.0,54945.73453555866
87.0025,1.0,2.0,0.0,0.0,0.0,0.0,0.0,54945.73453555866
95.0825,1.0,2.0,0.0,0.0,0.0,0.0,0.0,54945.73453555866
100.0,1.0,2.0,0.0,-0.0,0.0,-0.0,0.0,54945.73453555866
103.0,1.0,2.0,0.0,-0.0,0.0,-0.0,0.0,54945.73453555866
97.4925,1.0,2.0,0.0,0.0,0.0,0.0,0.0,54945.73453555866
89.8325,1.0,2.0,0.0,0.0,0.0,0.0,0.0,54945.73453555866
82.8725,1.0,2.0,0.0,0.0,0.0,0.0,0.0,54945.73453555866
79.8025,1.0,2.0,0.0,0.0,0.0,0.0,0.0,54945.73453555866
75.815,1.0,2.0,0.0,0.0,0.0,0.0,0.0,54945.73453555866
75.3225,1.0,2.0,0.0,0.0,0.0,0.0,0.0,54945.73453555866
77.7375,1.0,2.0,0.0,0.0,0.0,0.0,0.0,54945.73453555866
77.79,1.0,2.0,0.0,0.0,0.0,0.0,0.0,54945.73453555866
76.345,1.0,2.0,0.0,0.0,0.0,0.0,0.0,54945.73453555866
77.1675,1.0,2.0,0.0,0.0,0.0,0.0,0.0,54945.73453555866
78.7975,1.0,2.0,0.0,0.0,0.0,0.0,0.0,54945.73453555866
80.4025,1.0,2.0,0.0,0.0,0.0,0.0,0.0,54945.73453555866
86.9825,1.0,2.0,0.0,0.0,0.0,0.0,0.0,54945.73453555866
89.905,1.0,2.0,0.0,0.0,0.0,0.0,0.0,54945.73453555866
99.9175,1.0,2.0,0.0,0.0,0.0,0.0,0.0,54945.73453555866
97.6325,1.0,2.0,0.0,0.0,0.0,0.0,0.0,54945.73453555866
92.345,1.0,2.0,0.0,0.0,0.0,0.0,0.0,54945.73453555866
90.6075,1.0,2.0,0.0,0.0,0.0,0.0,0.0,54945.73453555866
91.5125,1.0,2.0,-0.0,0.0,-0.0,0.0,0.0,54945.73453555866
98.395,1.0,2.0,0.0,0.0,0.0,0.0,0.0,54945.73453555866
120.6575,1.0,2.0,0.0,0.0,0.0,0.0,0.0,54945.73453555866
136.81,1.0,2.0,0.0,0.0,0.0,0.0,0.0,54945.73453555866
152.8475,0.5270462766947299,1.0540925533894598,0.0,0.8973665961010275,0.0,0.9459074466105402,134.90785064133823,55080.642386199994
160.9025,0.0,0.0,0.0,1.0,0.0,1.0540925533894598,158.3925,55239.034886199996
140.855,-0.0,-0.0,0.0,0.0,0.0,0.0,0.0,55239.034886199996
137.095,-0.0,-0.0,0.0,0.0,0.0,0.0,0.0,55239.034886199996
126.1975,-0.0,-0.0,0.0,0.0,0.0,0.0,0.0,55239.034886199996
116.6625,-0.0,-0.0,0.0,0.0,0.0,0.0,0.0,55239.034886199996
112.27,-0.0,-0.0,0.0,0.0,0.0,0.0,0.0,55239.034886199996
101.03,0.0,0.0,-0.0,0.0,-0.0,0.0,0.0,55239.034886199996
87.3675,-0.0,-0.0,0.0,0.0,0.0,0.0,0.0,55239.034886199996
87.8275,-0.0,-0.0,0.0,0.0,0.0,0.0,0.0,55239.034886199996
85.03,0.05131670194948623,0.10263340389897246,0.10818510677891963,0.0,0.10263340389897246,0.0,-11.230695934719646,55227.80419026528
82.5225,0.5256583509747431,1.0513167019494862,1.0,0.0,0.9486832980505138,0.0,-101.3025,55126.50169026528
83.75,1.0,2.0,1.0,0.0,0.9486832980505138,0.0,-102.53,55023.97169026528
87.665,1.0,2.0,0.0,0.0,0.0,0.0,0.0,55023.97169026528
93.18,1.0,2.0,0.0,0.0,0.0,0.0,0.0,55023.97169026528
107.1825,1.0,2.0,0.0,0.0,0.0,0.0,0.0,55023.97169026528
132.105,0.4729537233052701,0.9459074466105402,0.0,1.0,0.0,1.0540925533894598,129.595,55153.56669026528
124.6925,0.4729537233052701,0.9459074466105402,0.0,0.0,0.0,0.0,0.0,55153.56669026528
121.7875,0.4729537233052701,0.9459074466105402,0.0,0.0,0.0,0.0,0.0,55153.56669026528
115.3,0.4729537233052701,0.9459074466105402,0.0,0.0,0.0,0.0,0.0,55153.56669026528
111.895,0.4729537233052701,0.9459074466105402,0.0,0.0,0.0,0.0,0.0,55153.56669026528
120.96,0.4729537233052701,0.9459074466105402,0.0,0.0,0.0,0.0,0.0,55153.56669026528
129.6575,-0.0,-0.0,0.0,0.8973665961010275,0.0,0.9459074466105402,114.0979192777554,55267.66460954303
127.5025,0.0,0.0,0.0,0.0,0.0,0.0,0.0,55267.66460954303
126.4975,-0.0,-0.0,0.0,-0.0,0.0,-0.0,0.0,55267.66460954303
122.2425,-0.0,-0.0,0.0,0.0,0.0,0.0,0.0,55267.66460954303
111.4,-0.0,-0.0,0.0,0.0,0.0,0.0,0.0,55267.66460954303
97.505,-0.0,-0.0,0.0,0.0,0.0,0.0,0.0,55267.66460954303
92.4,-0.0,-0.0,0.0,0.0,0.0,0.0,0.0,55267.66460954303
87.5875,0.0,0.0,0.0,0.0,0.0,0.0,0.0,55267.66460954303
80.8675,0.0,0.0,-0.0,0.0,-0.0,0.0,0.0,55267.66460954303
74.9975,-0.0,-0.0,0.0,-0.0,0.0,-0.0,0.0,55267.66460954303
69.5,-0.0,-0.0,0.0,0.0,0.0,0.0,0.0,55267.66460954303
61.1275,-0.0,-0.0,0.0,0.0,0.0,0.0,0.0,55267.66460954303
53.7025,0.0,0.0,0.0,0.0,0.0,0.0,0.0,55267.66460954303
41.7575,0.05131670194948623,0.10263340389897246,0.10818510677891963,0.0,0.10263340389897246,0.0,-6.549255901628847,55261.115353641406
30.295,0.5256583509747431,1.0513167019494862,1.0,0.0,0.9486832980505138,0.0,-49.075,55212.04035364141
27.5,1.0,2.0,1.0,0.0,0.9486832980505138,0.0,-46.28,55165.76035364141
45.295,1.0,2.0,0.0,0.0,0.0,0.0,0.0,55165.76035364141
57.705,1.0,2.0,0.0,0.0,0.0,0.0,0.0,55165.76035364141
61.39,1.0,2.0,0.0,0.0,0.0,0.0,0.0,55165.76035364141
62.145,1.0,2.0,0.0,0.0,0.0,0.0,0.0,55165.76035364141
60.3,1.0,2.0,0.0,0.0,0.0,0.0,0.0,55165.76035364141
60.345,1.0,2.0,0.0,0.0,0.0,0.0,0.0,55165.76035364141
61.3975,1.0,2.0,0.0,0.0,0.0,0.0,0.0,55165.76035364141
65.1875,1.0,2.0,0.0,0.0,0.0,0.0,0.0,55165.76035364141
73.27,1.0,2.0,0.0,0.0,0.0,0.0,0.0,55165.76035364141
79.37,1.0,2.0,0.0,0.0,0.0,0.0,0.0,55165.76035364141
82.4125,0.5270462766947299,1.0540925533894598,0.0,0.8973665961010275,0.0,0.9459074466105402,71.70183444496234,55237.46218808637
85.0,-0.0,-0.0,0.0,1.0,0.0,1.0540925533894598,82.49,55319.95218808637
79.4,-0.0,-0.0,0.0,0.0,0.0,0.0,0.0,55319.95218808637
69.9225,-0.0,-0.0,0.0,0.0,0.0,0.0,0.0,55319.95218808637
63.33,-0.0,-0.0,0.0,0.0,0.0,0.0,0.0,55319.95218808637
53.255,0.0,0.0,0.0,0.0,0.0,0.0,0.0,55319.95218808637
48.53,-0.0,-0.0,0.0,-0.0,0.0,-0.0,0.0,55319.95218808637
17.8375,0.0,0.0,0.0,0.0,0.0,0.0,0.0,55319.95218808637
9.84,-0.0,-0.0,0.0,0.0,0.0,0.0,0.0,55319.95218808637
5.8575,-0.0,-0.0,0.0,0.0,0.0,0.0,0.0,55319.95218808637
4.33,0.05131670194948623,0.10263340389897246,0.10818510677891963,0.0,0.10263340389897246,0.0,-2.5001578176608326,55317.45203026871
3.515,0.5256583509747431,1.0513167019494862,1.0,0.0,0.9486832980505138,0.0,-22.295,55295.15703026871
4.0325,1.0,2.0,1.0,0.0,0.9486832980505138,0.0,-22.8125,55272.34453026871
9.1825,1.0,2.0,0.0,0.0,0.0,0.0,0.0,55272.34453026871
31.29,1.0,2.0,0.0,-0.0,0.0,-0.0,0.0,55272.34453026871
50.5725,1.0,2.0,0.0,-0.0,0.0,-0.0,0.0,55272.34453026871
59.66,1.0,2.0,0.0,-0.0,0.0,-0.0,0.0,55272.34453026871
62.175,1.0,2.0,0.0,-0.0,0.0,-0.0,0.0,55272.34453026871
62.785,1.0,2.0,0.0,-0.0,0.0,-0.0,0.0,55272.34453026871
63.26,1.0,2.0,0.0,-0.0,0.0,-0.0,0.0,55272.34453026871
61.9075,1.0,2.0,0.0,0.0,0.0,0.0,0.0,55272.34453026871
61.4,1.0,2.0,0.0,0.0,0.0,0.0,0.0,55272.34453026871
62.8875,1.0,2.0,0.0,0.0,0.0,0.0,0.0,55272.34453026871
73.61,1.0,2.0,0.0,0.0,0.0,0.0,0.0,55272.34453026871
80.67,1.0,2.0,0.0,-0.0,0.0,-0.0,0.0,55272.34453026871
81.345,1.0,2.0,0.0,-0.0,0.0,-0.0,0.0,55272.34453026871
73.6775,1.0,2.0,0.0,0.0,0.0,0.0,0.0,55272.34453026871
52.1475,1.0,2.0,0.0,0.0,0.0,0.0,0.0,55272.34453026871
54.9625,1.0,2.0,0.0,0.0,0.0,0.0,0.0,55272.34453026871
51.8375,1.0,2.0,0.0,0.0,0.0,0.0,0.0,55272.34453026871
50.86,1.0,2.0,0.0,0.0,0.0,0.0,0.0,55272.34453026871
57.655,1.0,2.0,0.0,0.0,0.0,0.0,0.0,55272.34453026871
67.4025,1.0,2.0,0.0,0.0,0.0,0.0,0.0,55272.34453026871
67.3075,1.0,2.0,0.0,0.0,0.0,0.0,0.0,55272.34453026871
74.7825,1.0,2.0,0.0,0.0,0.0,0.0,0.0,55272.34453026871
78.9025,1.0,2.0,0.0,0.0,0.0,0.0,0.0,55272.34453026871
82.035,1.0,2.0,0.0,-0.0,0.0,-0.0,0.0,55272.34453026871
83.1275,1.0,2.0,0.0,-0.0,0.0,-0.0,0.0,55272.34453026871
85.455,1.0,2.0,0.0,-0.0,0.0,-0.0,0.0,55272.34453026871
96.785,1.0,2.0,0.0,-0.0,0.0,-0.0,0.0,55272.34453026871
104.3625,1.0,2.0,0.0,0.0,0.0,0.0,0.0,55272.34453026871
109.53,1.0,2.0,0.0,0.0,0.0,0.0,0.0,55272.34453026871
106.895,1.0,2.0,0.0,0.0,0.0,0.0,0.0,55272.34453026871
104.0025,1.0,2.0,0.0,0.0,0.0,0.0,0.0,55272.34453026871
103.0975,1.0,2.0,0.0,0.0,0.0,0.0,0.0,55272.34453026871
105.16,1.0,2.0,0.0,0.0,0.0,0.0,0.0,55272.34453026871
112.23,1.0,2.0,0.0,0.0,0.0,0.0,0.0,55272.34453026871
113.695,1.0,2.0,0.0,0.0,0.0,0.0,0.0,55272.34453026871
114.5325,0.5270462766947299,1.0540925533894598,0.0,0.8973665961010275,0.0,0.9459074466105402,100.52524951172735,55372.869779780434
117.3625,-0.0,-0.0,0.0,1.0,0.0,1.0540925533894598,114.85249999999999,55487.722279780435
113.215,-0.0,-0.0,0.0,0.0,0.0,0.0,0.0,55487.722279780435
104.11,0.0,0.0,0.0,0.0,0.0,0.0,0.0,55487.722279780435
96.3825,-0.0,-0.0,0.0,0.0,0.0,0.0,0.0,55487.722279780435
93.01,-0.0,-0.0,0.0,0.0,0.0,0.0,0.0,55487.722279780435
92.245,-0.0,-0.0,0.0,0.0,0.0,0.0,0.0,55487.722279780435
90.6725,-0.0,-0.0,0.0,0.0,0.0,0.0,0.0,55487.722279780435
95.7,-0.0,-0.0,0.0,0.0,0.0,0.0,0.0,55487.722279780435
90.045,-0.0,-0.0,0.0,0.0,0.0,0.0,0.0,55487.722279780435
86.485,-0.0,-0.0,0.0,0.0,0.0,0.0,0.0,55487.722279780435
85.395,-0.0,-0.0,0.0,0.0,0.0,0.0,0.0,55487.722279780435
85.6275,-0.0,-0.0,0.0,0.0,0.0,0.0,0.0,55487.722279780435
81.66,-0.0,-0.0,0.0,0.0,0.0,0.0,0.0,55487.722279780435
81.9125,-0.0,-0.0,0.0,0.0,0.0,0.0,0.0,55487.722279780435
88.745,-0.0,-0.0,0.0,0.0,0.0,0.0,0.0,55487.722279780435
96.4075,-0.0,-0.0,0.0,0.0,0.0,0.0,0.0,55487.722279780435
101.5175,-0.0,-0.0,0.0,0.0,0.0,0.0,0.0,55487.722279780435
102.5825,-0.0,-0.0,0.0,-0.0,0.0,-0.0,0.0,55487.722279780435
101.3,-0.0,-0.0,0.0,0.0,0.0,0.0,0.0,55487.722279780435
98.4825,-0.0,-0.0,0.0,0.0,0.0,0.0,0.0,55487.722279780435
94.8675,-0.0,-0.0,0.0,0.0,0.0,0.0,0.0,55487.722279780435
98.8925,-0.0,-0.0,0.0,0.0,0.0,0.0,0.0,55487.722279780435
100.87,-0.0,-0.0,0.0,0.0,0.0,0.0,0.0,55487.722279780435
97.515,-0.0,-0.0,0.0,0.0,0.0,0.0,0.0,55487.722279780435
97.0675,-0.0,-0.0,0.0,0.0,0.0,0.0,0.0,55487.722279780435
90.795,0.0,0.0,0.0,0.0,0.0,0.0,0.0,55487.722279780435
85.0,-0.0,-0.0,0.0,0.0,0.0,0.0,0.0,55487.722279780435
81.655,-0.0,-0.0,0.0,0.0,0.0,0.0,0.0,55487.722279780435
77.8275,-0.0,-0.0,0.0,0.0,0.0,0.0,0.0,55487.722279780435
76.1875,-0.0,-0.0,0.0,0.0,0.0,0.0,0.0,55487.722279780435
70.905,-0.0,-0.0,0.0,0.0,0.0,0.0,0.0,55487.722279780435
70.2275,-0.0,-0.0,0.0,0.0,0.0,0.0,0.0,55487.722279780435
68.825,-0.0,-0.0,0.0,0.0,0.0,0.0,0.0,55487.722279780435
67.785,0.05131670194948623,0.10263340389897246,0.10818510677891963,0.0,0.10263340389897246,0.0,-9.365043768317177,55478.35723601212
66.27,0.5256583509747431,1.0513167019494862,1.0,0.0,0.9486832980505138,0.0,-85.05,55393.307236012115
65.4825,1.0,2.0,1.0,0.0,0.9486832980505138,0.0,-84.2625,55309.04473601212
68.395,1.0,2.0,0.0,0.0,0.0,0.0,0.0,55309.04473601212
72.3025,1.0,2.0,0.0,0.0,0.0,0.0,0.0,55309.04473601212
82.82,1.0,2.0,0.0,0.0,0.0,0.0,0.0,55309.04473601212
84.665,1.0,2.0,0.0,0.0,0.0,0.0,0.0,55309.04473601212
90.395,1.0,2.0,0.0,0.0,0.0,0.0,0.0,55309.04473601212
88.915,1.0,2.0,0.0,0.0,0.0,0.0,0.0,55309.04473601212
84.9125,1.0,2.0,0.0,0.0,0.0,0.0,0.0,55309.04473601212
86.32,1.0,2.0,0.0,0.0,0.0,0.0,0.0,55309.04473601212
88.49,1.0,2.0,0.0,0.0,0.0,0.0,0.0,55309.04473601212
91.9925,1.0,2.0,0.0,0.0,0.0,0.0,0.0,55309.04473601212
95.0,1.0,2.0,0.0,0.0,0.0,0.0,0.0,55309.04473601212
100.0075,1.0,2.0,0.0,0.0,0.0,0.0,0.0,55309.04473601212
106.5125,0.4729537233052701,0.9459074466105402,0.0,1.0,0.0,1.0540925533894598,104.0025,55413.04723601212
100.9,-0.0,-0.0,0.0,0.8973665961010275,0.0,0.9459074466105402,88.29189939038011,55501.3391354025
93.79,0.0,0.0,0.0,0.0,0.0,0.0,0.0,55501.3391354025
84.9575,-0.0,-0.0,0.0,0.0,0.0,0.0,0.0,55501.3391354025
78.22,-0.0,-0.0,0.0,0.0,0.0,0.0,0.0,55501.3391354025
74.775,-0.0,-0.0,0.0,0.0,0.0,0.0,0.0,55501.3391354025
69.7675,-0.0,-0.0,0.0,0.0,0.0,0.0,0.0,55501.3391354025
69.535,-0.0,-0.0,0.0,0.0,0.0,0.0,0.0,55501.3391354025
65.0325,-0.0,-0.0,0.0,0.0,0.0,0.0,0.0,55501.3391354025
62.005,-0.0,-0.0,0.0,0.0,0.0,0.0,0.0,55501.3391354025
59.06,-0.0,-0.0,0.0,0.0,0.0,0.0,0.0,55501.3391354025
58.1125,0.0,0.0,-0.0,0.0,-0.0,0.0,0.0,55501.3391354025
58.56,-0.0,-0.0,0.0,0.0,0.0,0.0,0.0,55501.3391354025
67.8475,-0.0,-0.0,0.0,0.0,0.0,0.0,0.0,55501.3391354025
77.3875,-0.0,-0.0,0.0,0.0,0.0,0.0,0.0,55501.3391354025
83.0875,-0.0,-0.0,0.0,0.0,0.0,0.0,0.0,55501.3391354025
85.465,-0.0,-0.0,0.0,-0.0,0.0,-0.0,0.0,55501.3391354025
83.8375,-0.0,-0.0,0.0,0.0,0.0,0.0,0.0,55501.3391354025
81.8675,-0.0,-0.0,0.0,0.0,0.0,0.0,0.0,55501.3391354025
80.485,-0.0,-0.0,0.0,0.0,0.0,0.0,0.0,55501.3391354025
79.2125,-0.0,-0.0,0.0,0.0,0.0,0.0,0.0,55501.3391354025
79.215,-0.0,-0.0,0.0,0.0,0.0,0.0,0.0,55501.3391354025
81.8275,-0.0,-0.0,0.0,0.0,0.0,0.0,0.0,55501.3391354025
83.6875,-0.0,-0.0,0.0,0.0,0.0,0.0,0.0,55501.3391354025
82.4675,-0.0,-0.0,0.0,0.0,0.0,0.0,0.0,55501.3391354025
83.945,0.0,0.0,0.0,0.0,0.0,0.0,0.0,55501.3391354025
82.465,-0.0,-0.0,0.0,0.0,0.0,0.0,0.0,55501.3391354025
78.005,-0.0,-0.0,0.0,0.0,0.0,0.0,0.0,55501.3391354025
69.93,-0.0,-0.0,0.0,0.0,0.0,0.0,0.0,55501.3391354025
71.835,-0.0,-0.0,0.0,0.0,0.0,0.0,0.0,55501.3391354025
64.0925,-0.0,-0.0,0.0,0.0,0.0,0.0,0.0,55501.3391354025
60.2475,-0.0,-0.0,0.0,0.0,0.0,0.0,0.0,55501.3391354025
55.8625,0.05131670194948623,0.10263340389897246,0.10818510677891963,0.0,0.10263340389897246,0.0,-8.075206832745508,55493.26392856976
57.445,0.05131670194948623,0.10263340389897246,0.0,0.0,0.0,0.0,0.0,55493.26392856976
56.61,0.05131670194948623,0.10263340389897246,0.0,0.0,0.0,0.0,0.0,55493.26392856976
55.8475,0.5256583509747431,1.0513167019494862,1.0,0.0,0.9486832980505138,0.0,-74.6275,55418.63642856976
55.85,1.0,2.0,1.0,0.0,0.9486832980505138,0.0,-74.63,55344.00642856976
57.215,1.0,2.0,0.0,0.0,0.0,0.0,0.0,55344.00642856976
67.445,1.0,2.0,0.0,0.0,0.0,0.0,0.0,55344.00642856976
81.0,1.0,2.0,0.0,0.0,0.0,0.0,0.0,55344.00642856976
82.47,1.0,2.0,0.0,0.0,0.0,0.0,0.0,55344.00642856976
76.0225,1.0,2.0,0.0,0.0,0.0,0.0,0.0,55344.00642856976
69.2875,1.0,2.0,0.0,0.0,0.0,0.0,0.0,55344.00642856976
68.535,1.0,2.0,0.0,0.0,0.0,0.0,0.0,55344.00642856976
68.01,1.0,2.0,0.0,0.0,0.0,0.0,0.0,55344.00642856976
73.7575,1.0,2.0,0.0,0.0,0.0,0.0,0.0,55344.00642856976
83.0525,1.0,2.0,0.0,0.0,0.0,0.0,0.0,55344.00642856976
87.9,0.5270462766947299,1.0540925533894598,0.0,0.8973665961010275,0.0,0.9459074466105402,76.62613364106674,55420.63256221083
89.38,0.0,0.0,0.0,1.0,0.0,1.0540925533894598,86.86999999999999,55507.50256221083
78.9075,-0.0,-0.0,0.0,0.0,0.0,0.0,0.0,55507.50256221083
71.7725,-0.0,-0.0,0.0,0.0,0.0,0.0,0.0,55507.50256221083
68.1575,-0.0,-0.0,0.0,0.0,0.0,0.0,0.0,55507.50256221083
67.9875,-0.0,-0.0,0.0,0.0,0.0,0.0,0.0,55507.50256221083
69.0075,-0.0,-0.0,0.0,0.0,0.0,0.0,0.0,55507.50256221083
65.1625,-0.0,-0.0,0.0,0.0,0.0,0.0,0.0,55507.50256221083
63.22,-0.0,-0.0,0.0,0.0,0.0,0.0,0.0,55507.50256221083
58.4425,-0.0,-0.0,0.0,0.0,0.0,0.0,0.0,55507.50256221083
56.8575,0.0,0.0,-0.0,0.0,-0.0,0.0,0.0,55507.50256221083
55.845,-0.0,-0.0,0.0,0.0,0.0,0.0,0.0,55507.50256221083
54.53,0.05131670194948623,0.10263340389897246,0.10818510677891963,0.0,0.10263340389897246,0.0,-7.931050177962598,55499.57151203287
52.605,0.5256583509747431,1.0513167019494862,1.0,0.0,0.9486832980505138,0.0,-71.38499999999999,55428.186512032866
49.165,1.0,2.0,1.0,0.0,0.9486832980505138,0.0,-67.945,55360.241512032866
54.0275,1.0,2.0,0.0,0.0,0.0,0.0,0.0,55360.241512032866
64.205,1.0,2.0,0.0,0.0,0.0,0.0,0.0,55360.241512032866
64.7075,1.0,2.0,0.0,0.0,0.0,0.0,0.0,55360.241512032866
53.765,1.0,2.0,0.0,0.0,0.0,0.0,0.0,55360.241512032866
50.21,1.0,2.0,0.0,0.0,0.0,0.0,0.0,55360.241512032866
48.4875,1.0,2.0,0.0,0.0,0.0,0.0,0.0,55360.241512032866
47.865,1.0,2.0,0.0,0.0,0.0,0.0,0.0,55360.241512032866
68.5475,1.0,2.0,0.0,0.0,0.0,0.0,0.0,55360.241512032866
89.415,1.0,2.0,0.0,-0.0,0.0,-0.0,0.0,55360.241512032866
92.235,1.0,2.0,0.0,0.0,0.0,0.0,0.0,55360.241512032866
94.005,1.0,2.0,0.0,-0.0,0.0,-0.0,0.0,55360.241512032866
94.055,1.0,2.0,0.0,-0.0,0.0,-0.0,0.0,55360.241512032866
91.715,1.0,2.0,0.0,0.0,0.0,0.0,0.0,55360.241512032866
91.0325,1.0,2.0,0.0,0.0,0.0,0.0,0.0,55360.241512032866
92.7,1.0,2.0,0.0,0.0,0.0,0.0,0.0,55360.241512032866
96.1525,1.0,2.0,0.0,0.0,0.0,0.0,0.0,55360.241512032866
91.47,1.0,2.0,0.0,0.0,0.0,0.0,0.0,55360.241512032866
97.1,1.0,2.0,0.0,0.0,0.0,0.0,0.0,55360.241512032866
91.0525,1.0,2.0,0.0,0.0,0.0,0.0,0.0,55360.241512032866
85.8175,1.0,2.0,0.0,0.0,0.0,0.0,0.0,55360.241512032866
83.0525,1.0,2.0,0.0,0.0,0.0,0.0,0.0,55360.241512032866
82.3925,1.0,2.0,0.0,0.0,0.0,0.0,0.0,55360.241512032866
82.835,1.0,2.0,0.0,0.0,0.0,0.0,0.0,55360.241512032866
85.02,1.0,2.0,0.0,0.0,0.0,0.0,0.0,55360.241512032866
93.115,1.0,2.0,0.0,0.0,0.0,0.0,0.0,55360.241512032866
98.9,1.0,2.0,0.0,-0.0,0.0,-0.0,0.0,55360.241512032866
96.73,1.0,2.0,0.0,0.0,0.0,0.0,0.0,55360.241512032866
89.25,1.0,2.0,0.0,0.0,0.0,0.0,0.0,55360.241512032866
84.9925,1.0,2.0,0.0,0.0,0.0,0.0,0.0,55360.241512032866
82.3125,1.0,2.0,0.0,0.0,0.0,0.0,0.0,55360.241512032866
83.0975,1.0,2.0,0.0,0.0,0.0,0.0,0.0,55360.241512032866
92.7,1.0,2.0,0.0,0.0,0.0,0.0,0.0,55360.241512032866
109.1425,1.0,2.0,0.0,0.0,0.0,0.0,0.0,55360.241512032866
116.7725,1.0,2.0,0.0,-0.0,0.0,-0.0,0.0,55360.241512032866
120.47,0.4729537233052701,0.9459074466105402,0.0,1.0,0.0,1.0540925533894598,117.96,55478.201512032865
116.9725,-0.0,-0.0,0.0,0.8973665961010275,0.0,0.9459074466105402,102.71482400621386,55580.91633603908
116.2625,-0.0,-0.0,0.0,0.0,0.0,0.0,0.0,55580.91633603908
113.725,-0.0,-0.0,0.0,0.0,0.0,0.0,0.0,55580.91633603908
111.5,-0.0,-0.0,0.0,0.0,0.0,0.0,0.0,55580.91633603908
108.255,-0.0,-0.0,0.0,0.0,0.0,0.0,0.0,55580.91633603908
99.3675,-0.0,-0.0,0.0,0.0,0.0,0.0,0.0,55580.91633603908
96.69,-0.0,-0.0,0.0,0.0,0.0,0.0,0.0,55580.91633603908
91.725,0.0,0.0,0.0,0.0,0.0,0.0,0.0,55580.91633603908
84.0325,0.0,0.0,-0.0,0.0,-0.0,0.0,0.0,55580.91633603908
80.87,-0.0,-0.0,0.0,0.0,0.0,0.0,0.0,55580.91633603908
81.6225,-0.0,-0.0,0.0,0.0,0.0,0.0,0.0,55580.91633603908
72.405,-0.0,-0.0,0.0,0.0,0.0,0.0,0.0,55580.91633603908
68.345,0.4743416490252569,0.9486832980505138,1.0,0.0,0.9486832980505138,0.0,-87.125,55493.79133603908
67.3725,0.4743416490252569,0.9486832980505138,0.0,0.0,0.0,0.0,0.0,55493.79133603908
68.205,0.4743416490252569,0.9486832980505138,0.0,0.0,0.0,0.0,0.0,55493.79133603908
66.99,0.4743416490252569,0.9486832980505138,0.0,0.0,0.0,0.0,0.0,55493.79133603908
65.805,0.4743416490252569,0.9486832980505138,0.0,0.0,0.0,0.0,0.0,55493.79133603908
64.435,0.4743416490252569,0.9486832980505138,0.0,0.0,0.0,0.0,0.0,55493.79133603908
62.2725,0.9486832980505138,1.8973665961010275,1.0,0.0,0.9486832980505138,0.0,-87.5825,55406.208836039084
62.975,1.0,2.0,0.10818510677891963,0.0,0.10263340389897246,0.0,-9.55112215197692,55396.65771388711
66.7125,1.0,2.0,0.0,0.0,0.0,0.0,0.0,55396.65771388711
76.345,1.0,2.0,0.0,0.0,0.0,0.0,0.0,55396.65771388711
90.49,1.0,2.0,0.0,0.0,0.0,0.0,0.0,55396.65771388711
102.19,1.0,2.0,0.0,0.0,0.0,0.0,0.0,55396.65771388711
106.5225,0.4729537233052701,0.9459074466105402,0.0,1.0,0.0,1.0540925533894598,104.01249999999999,55500.670213887104
104.0475,-0.0,-0.0,0.0,0.8973665961010275,0.0,0.9459074466105402,91.11636075160808,55591.78657463871
100.9125,-0.0,-0.0,0.0,0.0,0.0,0.0,0.0,55591.78657463871
92.8,-0.0,-0.0,0.0,0.0,0.0,0.0,0.0,55591.78657463871
94.11,-0.0,-0.0,0.0,0.0,0.0,0.0,0.0,55591.78657463871
89.9025,-0.0,-0.0,0.0,0.0,0.0,0.0,0.0,55591.78657463871
84.335,-0.0,-0.0,0.0,0.0,0.0,0.0,0.0,55591.78657463871
83.37,-0.0,-0.0,0.0,0.0,0.0,0.0,0.0,55591.78657463871
79.96,-0.0,-0.0,0.0,0.0,0.0,0.0,0.0,55591.78657463871
78.8175,0.0,0.0,0.0,0.0,0.0,0.0,0.0,55591.78657463871
80.4475,-0.0,-0.0,0.0,0.0,0.0,0.0,0.0,55591.78657463871
83.61,-0.0,-0.0,0.0,0.0,0.0,0.0,0.0,55591.78657463871
86.4775,-0.0,-0.0,0.0,0.0,0.0,0.0,0.0,55591.78657463871
92.15,-0.0,-0.0,0.0,0.0,0.0,0.0,0.0,55591.78657463871
95.615,-0.0,-0.0,0.0,0.0,0.0,0.0,0.0,55591.78657463871
96.565,-0.0,-0.0,0.0,-0.0,0.0,-0.0,0.0,55591.78657463871
88.2125,-0.0,-0.0,0.0,0.0,0.0,0.0,0.0,55591.78657463871
88.3675,-0.0,-0.0,0.0,0.0,0.0,0.0,0.0,55591.78657463871
80.0225,0.0,0.0,0.0,0.0,0.0,0.0,0.0,55591.78657463871
80.025,-0.0,-0.0,0.0,0.0,0.0,0.0,0.0,55591.78657463871
84.445,-0.0,-0.0,0.0,0.0,0.0,0.0,0.0,55591.78657463871
85.365,-0.0,-0.0,0.0,0.0,0.0,0.0,0.0,55591.78657463871
80.46,-0.0,-0.0,0.0,0.0,0.0,0.0,0.0,55591.78657463871
73.56,-0.0,-0.0,0.0,0.0,0.0,0.0,0.0,55591.78657463871
70.435,-0.0,-0.0,0.0,0.0,0.0,0.0,0.0,55591.78657463871
69.625,-0.0,-0.0,0.0,0.0,0.0,0.0,0.0,55591.78657463871
69.605,-0.0,-0.0,0.0,0.0,0.0,0.0,0.0,55591.78657463871
69.02,-0.0,-0.0,0.0,0.0,0.0,0.0,0.0,55591.78657463871
68.61,-0.0,-0.0,0.0,0.0,0.0,0.0,0.0,55591.78657463871
68.5975,-0.0,-0.0,0.0,0.0,0.0,0.0,0.0,55591.78657463871
55.08,0.4743416490252569,0.9486832980505138,1.0,0.0,0.9486832980505138,0.0,-80.39,55511.39657463871
64.0675,0.4743416490252569,0.9486832980505138,0.0,0.0,0.0,0.0,0.0,55511.39657463871
63.3925,0.4743416490252569,0.9486832980505138,0.0,0.0,0.0,0.0,0.0,55511.39657463871
63.085,0.9486832980505138,1.8973665961010275,1.0,0.0,0.9486832980505138,0.0,-81.86500000000001,55429.53157463871
63.1025,1.0,2.0,0.10818510677891963,0.0,0.10263340389897246,0.0,-8.858467005824886,55420.67310763289
66.9325,1.0,2.0,0.0,0.0,0.0,0.0,0.0,55420.67310763289
68.13,1.0,2.0,0.0,0.0,0.0,0.0,0.0,55420.67310763289
70.2675,1.0,2.0,0.0,0.0,0.0,0.0,0.0,55420.67310763289
72.4475,1.0,2.0,0.0,0.0,0.0,0.0,0.0,55420.67310763289
74.545,1.0,2.0,0.0,0.0,0.0,0.0,0.0,55420.67310763289
74.6175,1.0,2.0,0.0,0.0,0.0,0.0,0.0,55420.67310763289
75.59,1.0,2.0,0.0,0.0,0.0,0.0,0.0,55420.67310763289
76.065,1.0,2.0,0.0,0.0,0.0,0.0,0.0,55420.67310763289
80.4025,1.0,2.0,0.0,0.0,0.0,0.0,0.0,55420.67310763289
85.2,1.0,2.0,0.0,0.0,0.0,0.0,0.0,55420.67310763289
87.4,1.0,2.0,0.0,0.0,0.0,0.0,0.0,55420.67310763289
88.71,1.0,2.0,0.0,0.0,0.0,0.0,0.0,55420.67310763289
93.19,1.0,2.0,0.0,0.0,0.0,0.0,0.0,55420.67310763289
89.545,1.0,2.0,0.0,0.0,0.0,0.0,0.0,55420.67310763289
81.9275,1.0,2.0,0.0,0.0,0.0,0.0,0.0,55420.67310763289
74.3525,1.0,2.0,0.0,0.0,0.0,0.0,0.0,55420.67310763289
72.38,1.0,2.0,0.0,0.0,0.0,0.0,0.0,55420.67310763289
71.7025,1.0,2.0,0.0,0.0,0.0,0.0,0.0,55420.67310763289
71.0,1.0,2.0,0.0,0.0,0.0,0.0,0.0,55420.67310763289
75.3075,1.0,2.0,0.0,0.0,0.0,0.0,0.0,55420.67310763289
73.1325,1.0,2.0,0.0,0.0,0.0,0.0,0.0,55420.67310763289
71.6975,1.0,2.0,0.0,0.0,0.0,0.0,0.0,55420.67310763289
69.3575,1.0,2.0,0.0,0.0,0.0,0.0,0.0,55420.67310763289
68.5375,1.0,2.0,0.0,0.0,0.0,0.0,0.0,55420.67310763289
71.9475,1.0,2.0,0.0,0.0,0.0,0.0,0.0,55420.67310763289
76.0725,1.0,2.0,0.0,0.0,0.0,0.0,0.0,55420.67310763289
82.195,1.0,2.0,0.0,0.0,0.0,0.0,0.0,55420.67310763289
92.11,1.0,2.0,0.0,0.0,0.0,0.0,0.0,55420.67310763289
94.3925,1.0,2.0,0.0,-0.0,0.0,-0.0,0.0,55420.67310763289
85.82,1.0,2.0,0.0,0.0,0.0,0.0,0.0,55420.67310763289
79.38,1.0,2.0,0.0,0.0,0.0,0.0,0.0,55420.67310763289
76.155,1.0,2.0,0.0,0.0,0.0,0.0,0.0,55420.67310763289
76.7575,1.0,2.0,0.0,0.0,0.0,0.0,0.0,55420.67310763289
87.1725,1.0,2.0,0.0,0.0,0.0,0.0,0.0,55420.67310763289
99.5325,1.0,2.0,0.0,-0.0,0.0,-0.0,0.0,55420.67310763289
109.07,1.0,2.0,0.0,0.0,0.0,0.0,0.0,55420.67310763289
110.715,0.4729537233052701,0.9459074466105402,0.0,1.0,0.0,1.0540925533894598,108.205,55528.87810763289
109.12,0.0,0.0,0.0,0.8973665961010275,0.0,0.9459074466105402,95.66825281033054,55624.54636044322
105.6075,-0.0,-0.0,0.0,0.0,0.0,0.0,0.0,55624.54636044322
100.66,-0.0,-0.0,0.0,0.0,0.0,0.0,0.0,55624.54636044322
92.995,-0.0,-0.0,0.0,0.0,0.0,0.0,0.0,55624.54636044322
92.045,-0.0,-0.0,0.0,0.0,0.0,0.0,0.0,55624.54636044322
85.8075,-0.0,-0.0,0.0,0.0,0.0,0.0,0.0,55624.54636044322
88.0825,-0.0,-0.0,0.0,0.0,0.0,0.0,0.0,55624.54636044322
84.3375,-0.0,-0.0,0.0,0.0,0.0,0.0,0.0,55624.54636044322
80.2125,-0.0,-0.0,0.0,0.0,0.0,0.0,0.0,55624.54636044322
76.58,0.052704627669473036,0.10540925533894607,0.11111111111111122,0.0,0.10540925533894607,0.0,-10.595555555555567,55613.95080488767
74.9325,0.5270462766947299,1.0540925533894598,1.0,0.0,0.9486832980505138,0.0,-93.7125,55520.238304887665
77.3275,0.5270462766947299,1.0540925533894598,0.0,0.0,0.0,0.0,0.0,55520.238304887665
80.0475,0.5270462766947299,1.0540925533894598,0.0,0.0,0.0,0.0,0.0,55520.238304887665
84.8475,0.5270462766947299,1.0540925533894598,0.0,0.0,0.0,0.0,0.0,55520.238304887665
95.7925,0.5270462766947299,1.0540925533894598,0.0,0.0,0.0,0.0,0.0,55520.238304887665
95.335,0.5270462766947299,1.0540925533894598,0.0,0.0,0.0,0.0,0.0,55520.238304887665
89.2625,0.5270462766947299,1.0540925533894598,0.0,0.0,0.0,0.0,0.0,55520.238304887665
83.48,0.5270462766947299,1.0540925533894598,0.0,0.0,0.0,0.0,0.0,55520.238304887665
83.0475,0.5270462766947299,1.0540925533894598,0.0,0.0,0.0,0.0,0.0,55520.238304887665
85.17,0.5270462766947299,1.0540925533894598,0.0,0.0,0.0,0.0,0.0,55520.238304887665
85.1775,0.5270462766947299,1.0540925533894598,0.0,0.0,0.0,0.0,0.0,55520.238304887665
90.8325,0.5270462766947299,1.0540925533894598,0.0,0.0,0.0,0.0,0.0,55520.238304887665
100.705,0.5270462766947299,1.0540925533894598,0.0,0.0,0.0,0.0,0.0,55520.238304887665
110.1,0.0,0.0,0.0,1.0,0.0,1.0540925533894598,107.58999999999999,55627.82830488766
107.5275,0.0,0.0,0.0,-0.0,0.0,-0.0,0.0,55627.82830488766
95.99,0.0,0.0,0.0,-0.0,0.0,-0.0,0.0,55627.82830488766
82.9975,0.0,0.0,0.0,-0.0,0.0,-0.0,0.0,55627.82830488766
78.43,0.0,0.0,0.0,-0.0,0.0,-0.0,0.0,55627.82830488766
73.0,0.0,0.0,0.0,-0.0,0.0,-0.0,0.0,55627.82830488766
66.3125,0.0,0.0,0.0,-0.0,0.0,-0.0,0.0,55627.82830488766
58.2775,0.0,0.0,0.0,-0.0,0.0,-0.0,0.0,55627.82830488766
