price,soc,soc_mwh,grid_import_mwh,grid_export_mwh,charge_mwh,discharge_mwh,revenue,cumulative_revenue,generation_mw,charge_btm_mwh,charge_grid_mwh,charge_surplus_mwh,generation_mwh,generation_revenue_uncurtailed,generation_curtailed_mwh,generation_revenue_curtailed,pv_net_export_mwh,total_export_mwh
1.6,0.5,1.0,0.0,0.0,0.0,0.0,0.0,0.0,0.0,0.0,0.0,0.0,0.0,0.0,0.0,0.0,0.0,0.0
1.63,0.5,1.0,0.0,0.0,0.0,0.0,0.0,0.0,0.0,0.0,0.0,0.0,0.0,0.0,0.0,0.0,0.0,0.0
1.09,0.5,1.0,0.0,0.0,0.0,0.0,0.0,0.0,0.0,0.0,0.0,0.0,0.0,0.0,0.0,0.0,0.0,0.0
0.47,0.5256583509747431,1.0513167019494862,0.05409255338945981,0.0,0.05131670194948623,0.0,-0.5533668211741738,-0.5533668211741738,0.0,0.0,0.05409255338945981,0.0,0.0,0.0,0.0,0.0,0.0,0.0
0.0,1.0,2.0,1.0,0.0,0.9486832980505138,0.0,-9.75,-10.303366821174174,0.0,0.0,1.0,0.0,0.0,0.0,0.0,0.0,0.0,0.0
0.76,1.0,2.0,0.0,0.0,0.0,0.0,0.0,-10.303366821174174,0.0,0.0,0.0,0.0,0.0,0.0,0.0,0.0,0.0,0.0
0.79,1.0,2.0,0.0,0.0,0.0,0.0,0.0,-10.303366821174174,0.0,0.0,0.0,0.0,0.0,0.0,0.0,0.0,0.0,0.0
1.89,1.0,2.0,0.0,0.0,0.0,0.0,0.0,-10.303366821174174,0.0,0.0,0.0,0.0,0.0,0.0,0.0,0.0,0.0,0.0
2.12,1.0,2.0,0.0,0.0,0.0,0.0,0.0,-10.303366821174174,0.0,0.0,0.0,0.0,0.0,0.0,0.0,0.0,0.0,0.0
3.54,1.0,2.0,0.0,0.0,0.0,0.0,0.0,-10.303366821174174,0.0,0.0,0.0,0.0,0.0,0.0,0.0,0.0,0.0,0.0
3.7,1.0,2.0,0.0,0.0,0.0,0.0,0.0,-10.303366821174174,0.0,0.0,0.0,0.0,0.0,0.0,0.0,0.0,0.0,0.0
3.75,1.0,2.0,0.0,0.0,0.0,0.0,0.0,-10.303366821174174,0.0,0.0,0.0,0.0,0.0,0.0,0.0,0.0,0.0,0.0
3.81,1.0,2.0,0.0,0.0,0.0,0.0,0.0,-10.303366821174174,0.0,0.0,0.0,0.0,0.0,0.0,0.0,0.0,0.0,0.0
5.37,1.0,2.0,0.0,0.0,0.0,0.0,0.0,-10.303366821174174,0.0,0.0,0.0,0.0,0.0,0.0,0.0,0.0,0.0,0.0
12.28,1.0,2.0,0.0,0.0,0.0,0.0,0.0,-10.303366821174174,0.0,0.0,0.0,0.0,0.0,0.0,0.0,0.0,0.0,0.0
19.72,0.5270462766947299,1.0540925533894598,0.0,0.8973665961010275,0.0,0.9459074466105402,16.457703372492844,6.15433655131867,0.0,0.0,0.0,0.0,0.0,0.0,0.0,0.0,0.0,0.8973665961010275
22.18,-0.0,-0.0,0.0,1.0,0.0,1.0540925533894598,20.8,26.95433655131867,0.0,0.0,0.0,0.0,0.0,0.0,0.0,0.0,0.0,1.0
17.44,0.0,0.0,0.0,0.0,0.0,0.0,0.0,26.95433655131867,0.0,0.0,0.0,0.0,0.0,0.0,0.0,0.0,0.0,0.0
10.2,-0.0,-0.0,0.0,0.0,0.0,0.0,0.0,26.95433655131867,0.0,0.0,0.0,0.0,0.0,0.0,0.0,0.0,0.0,0.0
8.0,-0.0,-0.0,0.0,0.0,0.0,0.0,0.0,26.95433655131867,0.0,0.0,0.0,0.0,0.0,0.0,0.0,0.0,0.0,0.0
6.73,-0.0,-0.0,0.0,0.0,0.0,0.0,0.0,26.95433655131867,0.0,0.0,0.0,0.0,0.0,0.0,0.0,0.0,0.0,0.0
10.05,-0.0,-0.0,0.0,0.0,0.0,0.0,0.0,26.95433655131867,0.0,0.0,0.0,0.0,0.0,0.0,0.0,0.0,0.0,0.0
7.01,-0.0,-0.0,0.0,0.0,0.0,0.0,0.0,26.95433655131867,0.0,0.0,0.0,0.0,0.0,0.0,0.0,0.0,0.0,0.0
2.83,0.4743416490252569,0.9486832980505138,1.0,0.0,0.9486832980505138,0.0,-12.62,14.33433655131867,0.0,0.0,1.0,0.0,0.0,0.0,0.0,0.0,0.0,0.0
2.7,0.9486832980505138,1.8973665961010275,1.0,0.0,0.9486832980505138,0.0,-12.489999999999998,1.844336551318671,0.0,0.0,1.0,0.0,0.0,0.0,0.0,0.0,0.0,0.0
3.57,1.0,2.0,0.10818510677891963,0.0,0.10263340389897246,0.0,-1.4464348776341556,0.39790167368451534,0.0,0.0,0.10818510677891963,0.0,0.0,0.0,0.0,0.0,0.0,0.0
7.02,1.0,2.0,0.0,0.0,0.0,0.0,0.0,0.39790167368451534,0.0,0.0,0.0,0.0,0.0,0.0,0.0,0.0,0.0,0.0
12.75,1.0,2.0,0.0,0.0,0.0,0.0,0.0,0.39790167368451534,0.0,0.0,0.0,0.0,0.0,0.0,0.0,0.0,0.0,0.0
30.07,1.0,2.0,0.0,-0.0,0.0,-0.0,0.0,0.39790167368451534,0.0,0.0,0.0,0.0,0.0,0.0,0.0,0.0,0.0,-0.0
67.13,1.0,2.0,0.0,-0.0,0.0,-0.0,0.0,0.39790167368451534,0.0,0.0,0.0,0.0,0.0,0.0,0.0,0.0,0.0,-0.0
98.83,1.0,2.0,0.0,-0.0,0.0,-0.0,0.0,0.39790167368451534,0.0,0.0,0.0,0.0,0.0,0.0,0.0,0.0,0.0,-0.0
121.53,1.0,2.0,0.0,-0.0,0.0,-0.0,0.0,0.39790167368451534,0.0,0.0,0.0,0.0,0.0,0.0,0.0,0.0,0.0,-0.0
127.23,0.525658350974743,1.051316701949486,0.0,0.9000000000000001,0.0,0.948683298050514,113.26500000000001,113.66290167368453,0.0,0.0,0.0,0.0,0.0,0.0,0.0,0.0,0.0,0.9000000000000001
124.53,0.525658350974743,1.051316701949486,0.0,0.0,0.0,0.0,0.0,113.66290167368453,0.0,0.0,0.0,0.0,0.0,0.0,0.0,0.0,0.0,0.0
111.58,0.525658350974743,1.051316701949486,0.0,0.0,0.0,0.0,0.0,113.66290167368453,0.0,0.0,0.0,0.0,0.0,0.0,0.0,0.0,0.0,0.0
100.4,1.0,2.0,1.0,0.0,0.9486832980505138,0.0,-111.58000000000001,2.0829016736845176,0.0,0.0,1.0,0.0,0.0,0.0,0.0,0.0,0.0,0.0
105.1,1.0,2.0,0.0,0.0,0.0,0.0,0.0,2.0829016736845176,0.0,0.0,0.0,0.0,0.0,0.0,0.0,0.0,0.0,0.0
111.21,1.0,2.0,0.0,0.0,0.0,0.0,0.0,2.0829016736845176,0.0,0.0,0.0,0.0,0.0,0.0,0.0,0.0,0.0,0.0
126.18,1.0,2.0,0.0,0.0,0.0,0.0,0.0,2.0829016736845176,0.0,0.0,0.0,0.0,0.0,0.0,0.0,0.0,0.0,0.0
135.26,1.0,2.0,0.0,0.0,0.0,0.0,0.0,2.0829016736845176,0.0,0.0,0.0,0.0,0.0,0.0,0.0,0.0,0.0,0.0
149.73,0.4729537233052701,0.9459074466105402,0.0,1.0,0.0,1.0540925533894598,148.35,150.4329016736845,0.0,0.0,0.0,0.0,0.0,0.0,0.0,0.0,0.0,1.0
145.27,0.0,0.0,0.0,0.8973665961010275,0.0,0.9459074466105402,129.12207951297685,279.5549811866614,0.0,0.0,0.0,0.0,0.0,0.0,0.0,0.0,0.0,0.8973665961010275
107.37,0.0,0.0,-0.0,0.0,-0.0,0.0,0.0,279.5549811866614,0.0,0.0,-0.0,0.0,0.0,0.0,0.0,0.0,0.0,0.0
102.6,0.0,0.0,-0.0,0.0,-0.0,0.0,0.0,279.5549811866614,0.0,0.0,-0.0,0.0,0.0,0.0,0.0,0.0,0.0,0.0
77.94,-0.0,-0.0,0.0,0.0,0.0,0.0,0.0,279.5549811866614,0.0,0.0,0.0,0.0,0.0,0.0,0.0,0.0,0.0,0.0
65.66,0.0,0.0,-0.0,0.0,-0.0,0.0,0.0,279.5549811866614,0.0,0.0,-0.0,0.0,0.0,0.0,0.0,0.0,0.0,0.0
49.77,-0.0,-0.0,0.0,0.0,0.0,0.0,0.0,279.5549811866614,0.0,0.0,0.0,0.0,0.0,0.0,0.0,0.0,0.0,0.0
42.69,-0.0,-0.0,0.0,0.0,0.0,0.0,0.0,279.5549811866614,0.0,0.0,0.0,0.0,0.0,0.0,0.0,0.0,0.0,0.0
38.13,0.0,0.0,-0.0,0.0,-0.0,0.0,0.0,279.5549811866614,0.0,0.0,-0.0,0.0,0.0,0.0,0.0,0.0,0.0,0.0
35.21,-0.0,-0.0,0.0,0.0,0.0,0.0,0.0,279.5549811866614,0.0,0.0,0.0,0.0,0.0,0.0,0.0,0.0,0.0,0.0
33.43,0.05131670194948623,0.10263340389897246,0.10818510677891963,0.0,0.10263340389897246,0.0,-4.722279910899841,274.83270127576156,0.0,0.0,0.10818510677891963,0.0,0.0,0.0,0.0,0.0,0.0,0.0
28.73,0.5256583509747431,1.0513167019494862,1.0,0.0,0.9486832980505138,0.0,-38.89,235.94270127576158,0.0,0.0,1.0,0.0,0.0,0.0,0.0,0.0,0.0,0.0
31.28,1.0,2.0,1.0,0.0,0.9486832980505138,0.0,-41.47,194.47270127576158,0.0,0.0,1.0,0.0,0.0,0.0,0.0,0.0,0.0,0.0
38.44,1.0,2.0,0.0,0.0,0.0,0.0,0.0,194.47270127576158,0.0,0.0,0.0,0.0,0.0,0.0,0.0,0.0,0.0,0.0
52.12,1.0,2.0,0.0,-0.0,0.0,-0.0,0.0,194.47270127576158,0.0,0.0,0.0,0.0,0.0,0.0,0.0,0.0,0.0,-0.0
80.28,0.4729537233052701,0.9459074466105402,0.0,1.0,0.0,1.0540925533894598,78.9,273.3727012757616,0.0,0.0,0.0,0.0,0.0,0.0,0.0,0.0,0.0,1.0
75.01,0.4729537233052701,0.9459074466105402,0.0,0.0,0.0,0.0,0.0,273.3727012757616,0.0,0.0,0.0,0.0,0.0,0.0,0.0,0.0,0.0,0.0
75.43,0.0,0.0,0.0,0.8973665961010275,0.0,0.9459074466105402,66.44999644128109,339.8226977170427,0.0,0.0,0.0,0.0,0.0,0.0,0.0,0.0,0.0,0.8973665961010275
62.36,-0.0,-0.0,0.0,0.0,0.0,0.0,0.0,339.8226977170427,0.0,0.0,0.0,0.0,0.0,0.0,0.0,0.0,0.0,0.0
53.89,0.05131670194948623,0.10263340389897246,0.10818510677891963,0.0,0.10263340389897246,0.0,-6.967120876562424,332.85557684048024,0.0,0.0,0.10818510677891963,0.0,0.0,0.0,0.0,0.0,0.0,0.0
52.39,0.5256583509747431,1.0513167019494862,1.0,0.0,0.9486832980505138,0.0,-62.88,269.97557684048024,0.0,0.0,1.0,0.0,0.0,0.0,0.0,0.0,0.0,0.0
53.65,1.0,2.0,1.0,0.0,0.9486832980505138,0.0,-64.16,205.81557684048025,0.0,0.0,1.0,0.0,0.0,0.0,0.0,0.0,0.0,0.0
72.38,1.0,2.0,-0.0,0.0,-0.0,0.0,0.0,205.81557684048025,0.0,0.0,-0.0,0.0,0.0,0.0,0.0,0.0,0.0,0.0
100.31,1.0,2.0,0.0,0.0,0.0,0.0,0.0,205.81557684048025,0.0,0.0,0.0,0.0,0.0,0.0,0.0,0.0,0.0,0.0
105.43,0.5270462766947299,1.0540925533894598,0.0,0.8973665961010275,0.0,0.9459074466105402,93.37099432431192,299.18657116479216,0.0,0.0,0.0,0.0,0.0,0.0,0.0,0.0,0.0,0.8973665961010275
108.09,-0.0,-0.0,0.0,1.0,0.0,1.0540925533894598,106.71000000000001,405.89657116479214,0.0,0.0,0.0,0.0,0.0,0.0,0.0,0.0,0.0,1.0
100.36,0.0,0.0,0.0,0.0,0.0,0.0,0.0,405.89657116479214,0.0,0.0,0.0,0.0,0.0,0.0,0.0,0.0,0.0,0.0
81.78,-0.0,-0.0,0.0,0.0,0.0,0.0,0.0,405.89657116479214,0.0,0.0,0.0,0.0,0.0,0.0,0.0,0.0,0.0,0.0
80.49,0.05131670194948623,0.10263340389897246,0.10818510677891963,0.0,0.10263340389897246,0.0,-9.885955057457675,396.01061610733444,0.0,0.0,0.10818510677891963,0.0,0.0,0.0,0.0,0.0,0.0,0.0
67.12,0.5256583509747431,1.0513167019494862,1.0,0.0,0.9486832980505138,0.0,-77.82000000000001,318.19061610733445,0.0,0.0,1.0,0.0,0.0,0.0,0.0,0.0,0.0,0.0
74.95,1.0,2.0,1.0,0.0,0.9486832980505138,0.0,-85.76,232.43061610733446,0.0,0.0,1.0,0.0,0.0,0.0,0.0,0.0,0.0,0.0
90.43,1.0,2.0,0.0,0.0,0.0,0.0,0.0,232.43061610733446,0.0,0.0,0.0,0.0,0.0,0.0,0.0,0.0,0.0,0.0
90.29,1.0,2.0,0.0,0.0,0.0,0.0,0.0,232.43061610733446,0.0,0.0,0.0,0.0,0.0,0.0,0.0,0.0,0.0,0.0
90.2,1.0,2.0,0.0,0.0,0.0,0.0,0.0,232.43061610733446,0.0,0.0,0.0,0.0,0.0,0.0,0.0,0.0,0.0,0.0
91.52,1.0,2.0,0.0,0.0,0.0,0.0,0.0,232.43061610733446,0.0,0.0,0.0,0.0,0.0,0.0,0.0,0.0,0.0,0.0
95.95,1.0,2.0,0.0,0.0,0.0,0.0,0.0,232.43061610733446,0.0,0.0,0.0,0.0,0.0,0.0,0.0,0.0,0.0,0.0
102.11,1.0,2.0,0.0,0.0,0.0,0.0,0.0,232.43061610733446,0.0,0.0,0.0,0.0,0.0,0.0,0.0,0.0,0.0,0.0
110.66,1.0,2.0,0.0,-0.0,0.0,-0.0,0.0,232.43061610733446,0.0,0.0,0.0,0.0,0.0,0.0,0.0,0.0,0.0,-0.0
119.96,1.0,2.0,0.0,-0.0,0.0,-0.0,0.0,232.43061610733446,0.0,0.0,0.0,0.0,0.0,0.0,0.0,0.0,0.0,-0.0
128.39,1.0,2.0,0.0,0.0,0.0,0.0,0.0,232.43061610733446,0.0,0.0,0.0,0.0,0.0,0.0,0.0,0.0,0.0,0.0
130.75,1.0,2.0,0.0,-0.0,0.0,-0.0,0.0,232.43061610733446,0.0,0.0,0.0,0.0,0.0,0.0,0.0,0.0,0.0,-0.0
130.34,1.0,2.0,0.0,0.0,0.0,0.0,0.0,232.43061610733446,0.0,0.0,0.0,0.0,0.0,0.0,0.0,0.0,0.0,0.0
128.29,1.0,2.0,0.0,0.0,0.0,0.0,0.0,232.43061610733446,0.0,0.0,0.0,0.0,0.0,0.0,0.0,0.0,0.0,0.0
130.03,1.0,2.0,0.0,0.0,0.0,0.0,0.0,232.43061610733446,0.0,0.0,0.0,0.0,0.0,0.0,0.0,0.0,0.0,0.0
129.85,1.0,2.0,0.0,0.0,0.0,0.0,0.0,232.43061610733446,0.0,0.0,0.0,0.0,0.0,0.0,0.0,0.0,0.0,0.0
136.4,1.0,2.0,0.0,0.0,0.0,0.0,0.0,232.43061610733446,0.0,0.0,0.0,0.0,0.0,0.0,0.0,0.0,0.0,0.0
138.72,1.0,2.0,0.0,-0.0,0.0,-0.0,0.0,232.43061610733446,0.0,0.0,0.0,0.0,0.0,0.0,0.0,0.0,0.0,-0.0
142.0,1.0,2.0,0.0,0.0,0.0,0.0,0.0,232.43061610733446,0.0,0.0,0.0,0.0,0.0,0.0,0.0,0.0,0.0,0.0
151.24,0.4729537233052701,0.9459074466105402,0.0,1.0,0.0,1.0540925533894598,149.86,382.2906161073345,0.0,0.0,0.0,0.0,0.0,0.0,0.0,0.0,0.0,1.0
143.85,-0.0,-0.0,0.0,0.8973665961010275,0.0,0.9459074466105402,127.84781894651337,510.13843505384784,0.0,0.0,0.0,0.0,0.0,0.0,0.0,0.0,0.0,0.8973665961010275
137.96,-0.0,-0.0,0.0,0.0,0.0,0.0,0.0,510.13843505384784,0.0,0.0,0.0,0.0,0.0,0.0,0.0,0.0,0.0,0.0
129.49,-0.0,-0.0,0.0,0.0,0.0,0.0,0.0,510.13843505384784,0.0,0.0,0.0,0.0,0.0,0.0,0.0,0.0,0.0,0.0
122.83,-0.0,-0.0,0.0,0.0,0.0,0.0,0.0,510.13843505384784,0.0,0.0,0.0,0.0,0.0,0.0,0.0,0.0,0.0,0.0
118.29,0.0,0.0,0.0,0.0,0.0,0.0,0.0,510.13843505384784,0.0,0.0,0.0,0.0,0.0,0.0,0.0,0.0,0.0,0.0
109.49,-0.0,-0.0,0.0,0.0,0.0,0.0,0.0,510.13843505384784,0.0,0.0,0.0,0.0,0.0,0.0,0.0,0.0,0.0,0.0
113.84,-0.0,-0.0,0.0,0.0,0.0,0.0,0.0,510.13843505384784,0.0,0.0,0.0,0.0,0.0,0.0,0.0,0.0,0.0,0.0
100.33,0.0,0.0,-0.0,0.0,-0.0,0.0,0.0,510.13843505384784,0.0,0.0,-0.0,0.0,0.0,0.0,0.0,0.0,0.0,0.0
93.61,-0.0,-0.0,0.0,0.0,0.0,0.0,0.0,510.13843505384784,0.0,0.0,0.0,0.0,0.0,0.0,0.0,0.0,0.0,0.0
93.87,-0.0,-0.0,0.0,-0.0,0.0,-0.0,0.0,510.13843505384784,0.0,0.0,0.0,0.0,0.0,0.0,0.0,0.0,0.0,-0.0
89.38,-0.0,-0.0,0.0,0.0,0.0,0.0,0.0,510.13843505384784,0.0,0.0,0.0,0.0,0.0,0.0,0.0,0.0,0.0,0.0
83.55,-0.0,-0.0,0.0,0.0,0.0,0.0,0.0,510.13843505384784,0.0,0.0,0.0,0.0,0.0,0.0,0.0,0.0,0.0,0.0
83.92,-0.0,-0.0,0.0,0.0,0.0,0.0,0.0,510.13843505384784,0.0,0.0,0.0,0.0,0.0,0.0,0.0,0.0,0.0,0.0
82.53,-0.0,-0.0,0.0,0.0,0.0,0.0,0.0,510.13843505384784,0.0,0.0,0.0,0.0,0.0,0.0,0.0,0.0,0.0,0.0
84.05,-0.0,-0.0,0.0,0.0,0.0,0.0,0.0,510.13843505384784,0.0,0.0,0.0,0.0,0.0,0.0,0.0,0.0,0.0,0.0
88.1,-0.0,-0.0,0.0,0.0,0.0,0.0,0.0,510.13843505384784,0.0,0.0,0.0,0.0,0.0,0.0,0.0,0.0,0.0,0.0
82.95,-0.0,-0.0,0.0,0.0,0.0,0.0,0.0,510.13843505384784,0.0,0.0,0.0,0.0,0.0,0.0,0.0,0.0,0.0,0.0
88.82,-0.0,-0.0,0.0,0.0,0.0,0.0,0.0,510.13843505384784,0.0,0.0,0.0,0.0,0.0,0.0,0.0,0.0,0.0,0.0
81.66,-0.0,-0.0,0.0,0.0,0.0,0.0,0.0,510.13843505384784,0.0,0.0,0.0,0.0,0.0,0.0,0.0,0.0,0.0,0.0
77.53,0.0,0.0,0.0,0.0,0.0,0.0,0.0,510.13843505384784,0.0,0.0,0.0,0.0,0.0,0.0,0.0,0.0,0.0,0.0
68.0,-0.0,-0.0,0.0,-0.0,0.0,-0.0,0.0,510.13843505384784,0.0,0.0,0.0,0.0,0.0,0.0,0.0,0.0,0.0,-0.0
50.64,-0.0,-0.0,0.0,0.0,0.0,0.0,0.0,510.13843505384784,0.0,0.0,0.0,0.0,0.0,0.0,0.0,0.0,0.0,0.0
49.91,-0.0,-0.0,0.0,0.0,0.0,0.0,0.0,510.13843505384784,0.0,0.0,0.0,0.0,0.0,0.0,0.0,0.0,0.0,0.0
63.39,-0.0,-0.0,0.0,0.0,0.0,0.0,0.0,510.13843505384784,0.0,0.0,0.0,0.0,0.0,0.0,0.0,0.0,0.0,0.0
61.83,-0.0,-0.0,0.0,0.0,0.0,0.0,0.0,510.13843505384784,0.0,0.0,0.0,0.0,0.0,0.0,0.0,0.0,0.0,0.0
50.65,0.0,0.0,0.0,0.0,0.0,0.0,0.0,510.13843505384784,0.0,0.0,0.0,0.0,0.0,0.0,0.0,0.0,0.0,0.0
36.85,0.0,0.0,-0.0,0.0,-0.0,0.0,0.0,510.13843505384784,0.0,0.0,-0.0,0.0,0.0,0.0,0.0,0.0,0.0,0.0
36.72,-0.0,-0.0,0.0,-0.0,0.0,-0.0,0.0,510.13843505384784,0.0,0.0,0.0,0.0,0.0,0.0,0.0,0.0,0.0,-0.0
34.68,-0.0,-0.0,0.0,0.0,0.0,0.0,0.0,510.13843505384784,0.0,0.0,0.0,0.0,0.0,0.0,0.0,0.0,0.0,0.0
28.14,-0.0,-0.0,0.0,0.0,0.0,0.0,0.0,510.13843505384784,0.0,0.0,0.0,0.0,0.0,0.0,0.0,0.0,0.0,0.0
27.52,0.0,0.0,0.0,0.0,0.0,0.0,0.0,510.13843505384784,0.0,0.0,0.0,0.0,0.0,0.0,0.0,0.0,0.0,0.0
19.26,-0.0,-0.0,0.0,0.0,0.0,0.0,0.0,510.13843505384784,0.0,0.0,0.0,0.0,0.0,0.0,0.0,0.0,0.0,0.0
11.35,0.05131670194948623,0.10263340389897246,0.10818510677891963,0.0,0.10263340389897246,0.0,-2.300015370119831,507.83841968372803,0.0,0.0,0.10818510677891963,0.0,0.0,0.0,0.0,0.0,0.0,0.0
9.2,0.5256583509747431,1.0513167019494862,1.0,0.0,0.9486832980505138,0.0,-19.08,488.75841968372805,0.0,0.0,1.0,0.0,0.0,0.0,0.0,0.0,0.0,0.0
10.0,1.0,2.0,1.0,0.0,0.9486832980505138,0.0,-19.89,468.86841968372806,0.0,0.0,1.0,0.0,0.0,0.0,0.0,0.0,0.0,0.0
14.81,1.0,2.0,0.0,0.0,0.0,0.0,0.0,468.86841968372806,0.0,0.0,0.0,0.0,0.0,0.0,0.0,0.0,0.0,0.0
23.82,1.0,2.0,0.0,0.0,0.0,0.0,0.0,468.86841968372806,0.0,0.0,0.0,0.0,0.0,0.0,0.0,0.0,0.0,0.0
31.72,1.0,2.0,0.0,0.0,0.0,0.0,0.0,468.86841968372806,0.0,0.0,0.0,0.0,0.0,0.0,0.0,0.0,0.0,0.0
39.58,0.4729537233052701,0.9459074466105402,0.0,1.0,0.0,1.0540925533894598,38.199999999999996,507.06841968372805,0.0,0.0,0.0,0.0,0.0,0.0,0.0,0.0,0.0,1.0
36.08,-0.0,-0.0,0.0,0.8973665961010275,0.0,0.9459074466105402,31.138620884705656,538.2070405684337,0.0,0.0,0.0,0.0,0.0,0.0,0.0,0.0,0.0,0.8973665961010275
34.69,-0.0,-0.0,0.0,0.0,0.0,0.0,0.0,538.2070405684337,0.0,0.0,0.0,0.0,0.0,0.0,0.0,0.0,0.0,0.0
32.83,0.0,0.0,0.0,0.0,0.0,0.0,0.0,538.2070405684337,0.0,0.0,0.0,0.0,0.0,0.0,0.0,0.0,0.0,0.0
31.28,-0.0,-0.0,0.0,0.0,0.0,0.0,0.0,538.2070405684337,0.0,0.0,0.0,0.0,0.0,0.0,0.0,0.0,0.0,0.0
28.6,-0.0,-0.0,0.0,0.0,0.0,0.0,0.0,538.2070405684337,0.0,0.0,0.0,0.0,0.0,0.0,0.0,0.0,0.0,0.0
25.61,-0.0,-0.0,0.0,0.0,0.0,0.0,0.0,538.2070405684337,0.0,0.0,0.0,0.0,0.0,0.0,0.0,0.0,0.0,0.0
26.32,-0.0,-0.0,0.0,0.0,0.0,0.0,0.0,538.2070405684337,0.0,0.0,0.0,0.0,0.0,0.0,0.0,0.0,0.0,0.0
26.87,-0.0,-0.0,0.0,0.0,0.0,0.0,0.0,538.2070405684337,0.0,0.0,0.0,0.0,0.0,0.0,0.0,0.0,0.0,0.0
31.66,0.0,0.0,0.0,-0.0,0.0,-0.0,0.0,538.2070405684337,0.0,0.0,0.0,0.0,0.0,0.0,0.0,0.0,0.0,-0.0
31.58,-0.0,-0.0,0.0,-0.0,0.0,-0.0,0.0,538.2070405684337,0.0,0.0,0.0,0.0,0.0,0.0,0.0,0.0,0.0,-0.0
28.01,-0.0,-0.0,0.0,0.0,0.0,0.0,0.0,538.2070405684337,0.0,0.0,0.0,0.0,0.0,0.0,0.0,0.0,0.0,0.0
24.86,0.0,0.0,0.0,0.0,0.0,0.0,0.0,538.2070405684337,0.0,0.0,0.0,0.0,0.0,0.0,0.0,0.0,0.0,0.0
13.82,-0.0,-0.0,0.0,0.0,0.0,0.0,0.0,538.2070405684337,0.0,0.0,0.0,0.0,0.0,0.0,0.0,0.0,0.0,0.0
20.42,-0.0,-0.0,0.0,-0.0,0.0,-0.0,0.0,538.2070405684337,0.0,0.0,0.0,0.0,0.0,0.0,0.0,0.0,0.0,-0.0
10.11,-0.0,-0.0,0.0,0.0,0.0,0.0,0.0,538.2070405684337,0.0,0.0,0.0,0.0,0.0,0.0,0.0,0.0,0.0,0.0
13.6,-0.0,-0.0,0.0,0.0,0.0,0.0,0.0,538.2070405684337,0.0,0.0,0.0,0.0,0.0,0.0,0.0,0.0,0.0,0.0
8.71,-0.0,-0.0,0.0,0.0,0.0,0.0,0.0,538.2070405684337,0.0,0.0,0.0,0.0,0.0,0.0,0.0,0.0,0.0,0.0
8.9,0.0,0.0,0.0,0.0,0.0,0.0,0.0,538.2070405684337,0.0,0.0,0.0,0.0,0.0,0.0,0.0,0.0,0.0,0.0
5.01,0.4743416490252569,0.9486832980505138,1.0,0.0,0.9486832980505138,0.0,-14.83,523.3770405684337,0.0,0.0,1.0,0.0,0.0,0.0,0.0,0.0,0.0,0.0
5.13,0.9486832980505138,1.8973665961010275,1.0,0.0,0.9486832980505138,0.0,-14.95,508.4270405684337,0.0,0.0,1.0,0.0,0.0,0.0,0.0,0.0,0.0,0.0
5.8,1.0,2.0,0.10818510677891963,0.0,0.10263340389897246,0.0,-1.6909332189545139,506.7361073494792,0.0,0.0,0.10818510677891963,0.0,0.0,0.0,0.0,0.0,0.0,0.0
44.81,0.4729537233052701,0.9459074466105402,0.0,1.0,0.0,1.0540925533894598,43.43,550.1661073494791,0.0,0.0,0.0,0.0,0.0,0.0,0.0,0.0,0.0,1.0
38.03,0.4729537233052701,0.9459074466105402,0.0,0.0,0.0,0.0,0.0,550.1661073494791,0.0,0.0,0.0,0.0,0.0,0.0,0.0,0.0,0.0,0.0
37.2,0.4729537233052701,0.9459074466105402,0.0,0.0,0.0,0.0,0.0,550.1661073494791,0.0,0.0,0.0,0.0,0.0,0.0,0.0,0.0,0.0,0.0
35.01,0.4729537233052701,0.9459074466105402,0.0,0.0,0.0,0.0,0.0,550.1661073494791,0.0,0.0,0.0,0.0,0.0,0.0,0.0,0.0,0.0,0.0
34.27,0.4729537233052701,0.9459074466105402,0.0,0.0,0.0,0.0,0.0,550.1661073494791,0.0,0.0,0.0,0.0,0.0,0.0,0.0,0.0,0.0,0.0
34.65,0.4729537233052701,0.9459074466105402,0.0,0.0,0.0,0.0,0.0,550.1661073494791,0.0,0.0,0.0,0.0,0.0,0.0,0.0,0.0,0.0,0.0
33.33,0.4729537233052701,0.9459074466105402,0.0,0.0,0.0,0.0,0.0,550.1661073494791,0.0,0.0,0.0,0.0,0.0,0.0,0.0,0.0,0.0,0.0
33.27,0.4729537233052701,0.9459074466105402,0.0,0.0,0.0,0.0,0.0,550.1661073494791,0.0,0.0,0.0,0.0,0.0,0.0,0.0,0.0,0.0,0.0
33.28,0.4729537233052701,0.9459074466105402,0.0,0.0,0.0,0.0,0.0,550.1661073494791,0.0,0.0,0.0,0.0,0.0,0.0,0.0,0.0,0.0,0.0
33.25,0.4729537233052701,0.9459074466105402,0.0,0.0,0.0,0.0,0.0,550.1661073494791,0.0,0.0,0.0,0.0,0.0,0.0,0.0,0.0,0.0,0.0
35.05,0.4729537233052701,0.9459074466105402,0.0,0.0,0.0,0.0,0.0,550.1661073494791,0.0,0.0,0.0,0.0,0.0,0.0,0.0,0.0,0.0,0.0
38.45,-0.0,-0.0,0.0,0.8973665961010275,0.0,0.9459074466105402,33.26537971746509,583.4314870669442,0.0,0.0,0.0,0.0,0.0,0.0,0.0,0.0,0.0,0.8973665961010275
35.01,-0.0,-0.0,0.0,0.0,0.0,0.0,0.0,583.4314870669442,0.0,0.0,0.0,0.0,0.0,0.0,0.0,0.0,0.0,0.0
33.18,-0.0,-0.0,0.0,0.0,0.0,0.0,0.0,583.4314870669442,0.0,0.0,0.0,0.0,0.0,0.0,0.0,0.0,0.0,0.0
25.2,0.0,0.0,0.0,0.0,0.0,0.0,0.0,583.4314870669442,0.0,0.0,0.0,0.0,0.0,0.0,0.0,0.0,0.0,0.0
20.02,0.4743416490252569,0.9486832980505138,1.0,0.0,0.9486832980505138,0.0,-30.049999999999997,553.3814870669443,0.0,0.0,1.0,0.0,0.0,0.0,0.0,0.0,0.0,0.0
22.6,0.5256583509747431,1.0513167019494862,0.10818510677891963,0.0,0.10263340389897246,0.0,-3.5344074384673045,549.847079628477,0.0,0.0,0.10818510677891963,0.0,0.0,0.0,0.0,0.0,0.0,0.0
37.18,0.5256583509747431,1.0513167019494862,0.0,0.0,0.0,0.0,0.0,549.847079628477,0.0,0.0,0.0,0.0,0.0,0.0,0.0,0.0,0.0,0.0
20.5,1.0,2.0,1.0,0.0,0.9486832980505138,0.0,-30.54,519.307079628477,0.0,0.0,1.0,0.0,0.0,0.0,0.0,0.0,0.0,0.0
23.34,1.0,2.0,0.0,0.0,0.0,0.0,0.0,519.307079628477,0.0,0.0,0.0,0.0,0.0,0.0,0.0,0.0,0.0,0.0
23.93,1.0,2.0,0.0,0.0,0.0,0.0,0.0,519.307079628477,0.0,0.0,0.0,0.0,0.0,0.0,0.0,0.0,0.0,0.0
23.07,1.0,2.0,0.0,0.0,0.0,0.0,0.0,519.307079628477,0.0,0.0,0.0,0.0,0.0,0.0,0.0,0.0,0.0,0.0
26.38,1.0,2.0,0.0,0.0,0.0,0.0,0.0,519.307079628477,0.0,0.0,0.0,0.0,0.0,0.0,0.0,0.0,0.0,0.0
28.46,1.0,2.0,0.0,0.0,0.0,0.0,0.0,519.307079628477,0.0,0.0,0.0,0.0,0.0,0.0,0.0,0.0,0.0,0.0
30.99,1.0,2.0,0.0,0.0,0.0,0.0,0.0,519.307079628477,0.0,0.0,0.0,0.0,0.0,0.0,0.0,0.0,0.0,0.0
46.5,1.0,2.0,0.0,-0.0,0.0,-0.0,0.0,519.307079628477,0.0,0.0,0.0,0.0,0.0,0.0,0.0,0.0,0.0,-0.0
58.98,1.0,2.0,0.0,-0.0,0.0,-0.0,0.0,519.307079628477,0.0,0.0,0.0,0.0,0.0,0.0,0.0,0.0,0.0,-0.0
67.11,1.0,2.0,0.0,-0.0,0.0,-0.0,0.0,519.307079628477,0.0,0.0,0.0,0.0,0.0,0.0,0.0,0.0,0.0,-0.0
71.35,1.0,2.0,0.0,-0.0,0.0,-0.0,0.0,519.307079628477,0.0,0.0,0.0,0.0,0.0,0.0,0.0,0.0,0.0,-0.0
74.06,1.0,2.0,0.0,-0.0,0.0,-0.0,0.0,519.307079628477,0.0,0.0,0.0,0.0,0.0,0.0,0.0,0.0,0.0,-0.0
72.66,1.0,2.0,0.0,0.0,0.0,0.0,0.0,519.307079628477,0.0,0.0,0.0,0.0,0.0,0.0,0.0,0.0,0.0,0.0
77.98,1.0,2.0,0.0,-0.0,0.0,-0.0,0.0,519.307079628477,0.0,0.0,0.0,0.0,0.0,0.0,0.0,0.0,0.0,-0.0
85.0,1.0,2.0,0.0,-0.0,0.0,-0.0,0.0,519.307079628477,0.0,0.0,0.0,0.0,0.0,0.0,0.0,0.0,0.0,-0.0
105.4,1.0,2.0,0.0,0.0,0.0,0.0,0.0,519.307079628477,0.0,0.0,0.0,0.0,0.0,0.0,0.0,0.0,0.0,0.0
125.52,1.0,2.0,0.0,-0.0,0.0,-0.0,0.0,519.307079628477,0.0,0.0,0.0,0.0,0.0,0.0,0.0,0.0,0.0,-0.0
152.78,0.4729537233052701,0.9459074466105402,0.0,1.0,0.0,1.0540925533894598,151.4,670.707079628477,0.0,0.0,0.0,0.0,0.0,0.0,0.0,0.0,0.0,1.0
149.23,0.0,0.0,0.0,0.8973665961010275,0.0,0.9459074466105402,132.6756512335369,803.3827308620139,0.0,0.0,0.0,0.0,0.0,0.0,0.0,0.0,0.0,0.8973665961010275
145.26,-0.0,-0.0,0.0,-0.0,0.0,-0.0,0.0,803.3827308620139,0.0,0.0,0.0,0.0,0.0,0.0,0.0,0.0,0.0,-0.0
118.3,0.0,0.0,0.0,0.0,0.0,0.0,0.0,803.3827308620139,0.0,0.0,0.0,0.0,0.0,0.0,0.0,0.0,0.0,0.0
100.68,0.0,0.0,-0.0,0.0,-0.0,0.0,0.0,803.3827308620139,0.0,0.0,-0.0,0.0,0.0,0.0,0.0,0.0,0.0,0.0
91.91,0.4743416490252569,0.9486832980505138,1.0,0.0,0.9486832980505138,0.0,-102.96,700.4227308620139,0.0,0.0,1.0,0.0,0.0,0.0,0.0,0.0,0.0,0.0
91.41,0.9486832980505138,1.8973665961010275,1.0,0.0,0.9486832980505138,0.0,-102.46,597.9627308620138,0.0,0.0,1.0,0.0,0.0,0.0,0.0,0.0,0.0,0.0
101.44,0.9486832980505138,1.8973665961010275,0.0,0.0,0.0,0.0,0.0,597.9627308620138,0.0,0.0,0.0,0.0,0.0,0.0,0.0,0.0,0.0,0.0
100.0,0.9486832980505138,1.8973665961010275,0.0,0.0,0.0,0.0,0.0,597.9627308620138,0.0,0.0,0.0,0.0,0.0,0.0,0.0,0.0,0.0,0.0
98.77,0.9486832980505138,1.8973665961010275,0.0,0.0,0.0,0.0,0.0,597.9627308620138,0.0,0.0,0.0,0.0,0.0,0.0,0.0,0.0,0.0,0.0
95.22,1.0,2.0,0.10818510677891963,0.0,0.10263340389897246,0.0,-11.502240552734733,586.4604903092791,0.0,0.0,0.10818510677891963,0.0,0.0,0.0,0.0,0.0,0.0,0.0
98.28,1.0,2.0,0.0,0.0,0.0,0.0,0.0,586.4604903092791,0.0,0.0,0.0,0.0,0.0,0.0,0.0,0.0,0.0,0.0
102.65,1.0,2.0,0.0,0.0,0.0,0.0,0.0,586.4604903092791,0.0,0.0,0.0,0.0,0.0,0.0,0.0,0.0,0.0,0.0
133.54,1.0,2.0,0.0,-0.0,0.0,-0.0,0.0,586.4604903092791,0.0,0.0,0.0,0.0,0.0,0.0,0.0,0.0,0.0,-0.0
148.8,1.0,2.0,0.0,0.0,0.0,0.0,0.0,586.4604903092791,0.0,0.0,0.0,0.0,0.0,0.0,0.0,0.0,0.0,0.0
164.88,0.4729537233052701,0.9459074466105402,0.0,1.0,0.0,1.0540925533894598,163.5,749.9604903092791,0.0,0.0,0.0,0.0,0.0,0.0,0.0,0.0,0.0,1.0
156.15,-0.0,-0.0,0.0,0.8973665961010275,0.0,0.9459074466105402,138.88542807855603,888.8459183878351,0.0,0.0,0.0,0.0,0.0,0.0,0.0,0.0,0.0,0.8973665961010275
147.64,0.0,0.0,0.0,0.0,0.0,0.0,0.0,888.8459183878351,0.0,0.0,0.0,0.0,0.0,0.0,0.0,0.0,0.0,0.0
140.21,-0.0,-0.0,0.0,0.0,0.0,0.0,0.0,888.8459183878351,0.0,0.0,0.0,0.0,0.0,0.0,0.0,0.0,0.0,0.0
128.18,-0.0,-0.0,0.0,0.0,0.0,0.0,0.0,888.8459183878351,0.0,0.0,0.0,0.0,0.0,0.0,0.0,0.0,0.0,0.0
121.15,-0.0,-0.0,0.0,0.0,0.0,0.0,0.0,888.8459183878351,0.0,0.0,0.0,0.0,0.0,0.0,0.0,0.0,0.0,0.0
123.95,-0.0,-0.0,0.0,0.0,0.0,0.0,0.0,888.8459183878351,0.0,0.0,0.0,0.0,0.0,0.0,0.0,0.0,0.0,0.0
127.86,-0.0,-0.0,0.0,0.0,0.0,0.0,0.0,888.8459183878351,0.0,0.0,0.0,0.0,0.0,0.0,0.0,0.0,0.0,0.0
127.36,-0.0,-0.0,0.0,0.0,0.0,0.0,0.0,888.8459183878351,0.0,0.0,0.0,0.0,0.0,0.0,0.0,0.0,0.0,0.0
132.17,-0.0,-0.0,0.0,0.0,0.0,0.0,0.0,888.8459183878351,0.0,0.0,0.0,0.0,0.0,0.0,0.0,0.0,0.0,0.0
136.08,-0.0,-0.0,0.0,0.0,0.0,0.0,0.0,888.8459183878351,0.0,0.0,0.0,0.0,0.0,0.0,0.0,0.0,0.0,0.0
129.44,-0.0,-0.0,0.0,0.0,0.0,0.0,0.0,888.8459183878351,0.0,0.0,0.0,0.0,0.0,0.0,0.0,0.0,0.0,0.0
119.23,0.0,0.0,-0.0,0.0,-0.0,0.0,0.0,888.8459183878351,0.0,0.0,-0.0,0.0,0.0,0.0,0.0,0.0,0.0,0.0
104.99,-0.0,-0.0,0.0,-0.0,0.0,-0.0,0.0,888.8459183878351,0.0,0.0,0.0,0.0,0.0,0.0,0.0,0.0,0.0,-0.0
101.1,-0.0,-0.0,0.0,0.0,0.0,0.0,0.0,888.8459183878351,0.0,0.0,0.0,0.0,0.0,0.0,0.0,0.0,0.0,0.0
88.19,-0.0,-0.0,0.0,0.0,0.0,0.0,0.0,888.8459183878351,0.0,0.0,0.0,0.0,0.0,0.0,0.0,0.0,0.0,0.0
84.79,0.0,0.0,0.0,0.0,0.0,0.0,0.0,888.8459183878351,0.0,0.0,0.0,0.0,0.0,0.0,0.0,0.0,0.0,0.0
80.23,-0.0,-0.0,0.0,0.0,0.0,0.0,0.0,888.8459183878351,0.0,0.0,0.0,0.0,0.0,0.0,0.0,0.0,0.0,0.0
71.29,0.05131670194948623,0.10263340389897246,0.10818510677891963,0.0,0.10263340389897246,0.0,-8.876588011210355,879.9693303766247,0.0,0.0,0.10818510677891963,0.0,0.0,0.0,0.0,0.0,0.0,0.0
69.05,0.5256583509747431,1.0513167019494862,1.0,0.0,0.9486832980505138,0.0,-79.78,800.1893303766248,0.0,0.0,1.0,0.0,0.0,0.0,0.0,0.0,0.0,0.0
69.89,1.0,2.0,1.0,0.0,0.9486832980505138,0.0,-80.63,719.5593303766248,0.0,0.0,1.0,0.0,0.0,0.0,0.0,0.0,0.0,0.0
83.9,1.0,2.0,0.0,0.0,0.0,0.0,0.0,719.5593303766248,0.0,0.0,0.0,0.0,0.0,0.0,0.0,0.0,0.0,0.0
99.09,1.0,2.0,0.0,-0.0,0.0,-0.0,0.0,719.5593303766248,0.0,0.0,0.0,0.0,0.0,0.0,0.0,0.0,0.0,-0.0
123.92,1.0,2.0,0.0,0.0,0.0,0.0,0.0,719.5593303766248,0.0,0.0,0.0,0.0,0.0,0.0,0.0,0.0,0.0,0.0
139.47,0.4729537233052701,0.9459074466105402,0.0,1.0,0.0,1.0540925533894598,138.09,857.6493303766248,0.0,0.0,0.0,0.0,0.0,0.0,0.0,0.0,0.0,1.0
136.92,0.0,0.0,0.0,0.8973665961010275,0.0,0.9459074466105402,121.62906843553326,979.278398812158,0.0,0.0,0.0,0.0,0.0,0.0,0.0,0.0,0.0,0.8973665961010275
123.57,-0.0,-0.0,0.0,0.0,0.0,0.0,0.0,979.278398812158,0.0,0.0,0.0,0.0,0.0,0.0,0.0,0.0,0.0,0.0
113.59,-0.0,-0.0,0.0,0.0,0.0,0.0,0.0,979.278398812158,0.0,0.0,0.0,0.0,0.0,0.0,0.0,0.0,0.0,0.0
107.43,0.4743416490252569,0.9486832980505138,1.0,0.0,0.9486832980505138,0.0,-118.71000000000001,860.568398812158,0.0,0.0,1.0,0.0,0.0,0.0,0.0,0.0,0.0,0.0
105.01,0.9486832980505138,1.8973665961010275,1.0,0.0,0.9486832980505138,0.0,-116.25,744.318398812158,0.0,0.0,1.0,0.0,0.0,0.0,0.0,0.0,0.0,0.0
110.01,1.0,2.0,0.10818510677891963,0.0,0.10263340389897246,0.0,-13.125017154418531,731.1933816577395,0.0,0.0,0.10818510677891963,0.0,0.0,0.0,0.0,0.0,0.0,0.0
128.69,1.0,2.0,0.0,0.0,0.0,0.0,0.0,731.1933816577395,0.0,0.0,0.0,0.0,0.0,0.0,0.0,0.0,0.0,0.0
134.87,1.0,2.0,0.0,0.0,0.0,0.0,0.0,731.1933816577395,0.0,0.0,0.0,0.0,0.0,0.0,0.0,0.0,0.0,0.0
142.56,0.5270462766947299,1.0540925533894598,0.0,0.8973665961010275,0.0,0.9459074466105402,126.69021603754307,857.8835976952826,0.0,0.0,0.0,0.0,0.0,0.0,0.0,0.0,0.0,0.8973665961010275
144.12,-0.0,-0.0,0.0,1.0,0.0,1.0540925533894598,142.74,1000.6235976952826,0.0,0.0,0.0,0.0,0.0,0.0,0.0,0.0,0.0,1.0
141.05,-0.0,-0.0,0.0,0.0,0.0,0.0,0.0,1000.6235976952826,0.0,0.0,0.0,0.0,0.0,0.0,0.0,0.0,0.0,0.0
128.81,0.0,0.0,0.0,0.0,0.0,0.0,0.0,1000.6235976952826,0.0,0.0,0.0,0.0,0.0,0.0,0.0,0.0,0.0,0.0
109.7,-0.0,-0.0,-0.0,0.0,-0.0,0.0,0.0,1000.6235976952826,0.0,0.0,-0.0,0.0,0.0,0.0,0.0,0.0,0.0,0.0
116.33,0.0,0.0,0.0,0.0,0.0,0.0,0.0,1000.6235976952826,0.0,0.0,0.0,0.0,0.0,0.0,0.0,0.0,0.0,0.0
109.88,-0.0,-0.0,0.0,-0.0,0.0,-0.0,0.0,1000.6235976952826,0.0,0.0,0.0,0.0,0.0,0.0,0.0,0.0,0.0,-0.0
99.31,-0.0,-0.0,0.0,0.0,0.0,0.0,0.0,1000.6235976952826,0.0,0.0,0.0,0.0,0.0,0.0,0.0,0.0,0.0,0.0
101.64,-0.0,-0.0,0.0,0.0,0.0,0.0,0.0,1000.6235976952826,0.0,0.0,0.0,0.0,0.0,0.0,0.0,0.0,0.0,0.0
94.42,-0.0,-0.0,0.0,0.0,0.0,0.0,0.0,1000.6235976952826,0.0,0.0,0.0,0.0,0.0,0.0,0.0,0.0,0.0,0.0
89.45,0.0,0.0,0.0,0.0,0.0,0.0,0.0,1000.6235976952826,0.0,0.0,0.0,0.0,0.0,0.0,0.0,0.0,0.0,0.0
76.26,0.4743416490252569,0.9486832980505138,1.0,0.0,0.9486832980505138,0.0,-87.09,913.5335976952825,0.0,0.0,1.0,0.0,0.0,0.0,0.0,0.0,0.0,0.0
67.1,0.9486832980505138,1.8973665961010275,1.0,0.0,0.9486832980505138,0.0,-77.8,835.7335976952826,0.0,0.0,1.0,0.0,0.0,0.0,0.0,0.0,0.0,0.0
77.14,1.0,2.0,0.10818510677891963,0.0,0.10263340389897246,0.0,-9.519207545477137,826.2143901498055,0.0,0.0,0.10818510677891963,0.0,0.0,0.0,0.0,0.0,0.0,0.0
94.68,1.0,2.0,0.0,0.0,0.0,0.0,0.0,826.2143901498055,0.0,0.0,0.0,0.0,0.0,0.0,0.0,0.0,0.0,0.0
107.65,1.0,2.0,0.0,-0.0,0.0,-0.0,0.0,826.2143901498055,0.0,0.0,0.0,0.0,0.0,0.0,0.0,0.0,0.0,-0.0
103.14,1.0,2.0,0.0,0.0,0.0,0.0,0.0,826.2143901498055,0.0,0.0,0.0,0.0,0.0,0.0,0.0,0.0,0.0,0.0
101.13,1.0,2.0,0.0,0.0,0.0,0.0,0.0,826.2143901498055,0.0,0.0,0.0,0.0,0.0,0.0,0.0,0.0,0.0,0.0
91.06,1.0,2.0,0.0,0.0,0.0,0.0,0.0,826.2143901498055,0.0,0.0,0.0,0.0,0.0,0.0,0.0,0.0,0.0,0.0
91.06,1.0,2.0,0.0,0.0,0.0,0.0,0.0,826.2143901498055,0.0,0.0,0.0,0.0,0.0,0.0,0.0,0.0,0.0,0.0
91.03,1.0,2.0,0.0,0.0,0.0,0.0,0.0,826.2143901498055,0.0,0.0,0.0,0.0,0.0,0.0,0.0,0.0,0.0,0.0
89.3,1.0,2.0,-0.0,0.0,-0.0,0.0,0.0,826.2143901498055,0.0,0.0,-0.0,0.0,0.0,0.0,0.0,0.0,0.0,0.0
102.56,1.0,2.0,0.0,0.0,0.0,0.0,0.0,826.2143901498055,0.0,0.0,0.0,0.0,0.0,0.0,0.0,0.0,0.0,0.0
112.12,1.0,2.0,0.0,0.0,0.0,0.0,0.0,826.2143901498055,0.0,0.0,0.0,0.0,0.0,0.0,0.0,0.0,0.0,0.0
119.8,0.5270462766947299,1.0540925533894598,0.0,0.8973665961010275,0.0,0.9459074466105402,106.26615231028367,932.4805424600892,0.0,0.0,0.0,0.0,0.0,0.0,0.0,0.0,0.0,0.8973665961010275
122.34,-0.0,-0.0,0.0,1.0,0.0,1.0540925533894598,120.96000000000001,1053.440542460089,0.0,0.0,0.0,0.0,0.0,0.0,0.0,0.0,0.0,1.0
114.85,-0.0,-0.0,0.0,0.0,0.0,0.0,0.0,1053.440542460089,0.0,0.0,0.0,0.0,0.0,0.0,0.0,0.0,0.0,0.0
108.1,-0.0,-0.0,0.0,0.0,0.0,0.0,0.0,1053.440542460089,0.0,0.0,0.0,0.0,0.0,0.0,0.0,0.0,0.0,0.0
104.8,-0.0,-0.0,0.0,0.0,0.0,0.0,0.0,1053.440542460089,0.0,0.0,0.0,0.0,0.0,0.0,0.0,0.0,0.0,0.0
103.07,-0.0,-0.0,0.0,0.0,0.0,0.0,0.0,1053.440542460089,0.0,0.0,0.0,0.0,0.0,0.0,0.0,0.0,0.0,0.0
105.69,0.0,0.0,0.0,0.0,0.0,0.0,0.0,1053.440542460089,0.0,0.0,0.0,0.0,0.0,0.0,0.0,0.0,0.0,0.0
83.58,0.4743416490252569,0.9486832980505138,1.0,0.0,0.9486832980505138,0.0,-94.52,958.9205424600891,0.0,0.0,1.0,0.0,0.0,0.0,0.0,0.0,0.0,0.0
83.79,0.5256583509747431,1.0513167019494862,0.10818510677891963,0.0,0.10263340389897246,0.0,-10.248375165167058,948.672167294922,0.0,0.0,0.10818510677891963,0.0,0.0,0.0,0.0,0.0,0.0,0.0
86.75,0.5256583509747431,1.0513167019494862,0.0,0.0,0.0,0.0,0.0,948.672167294922,0.0,0.0,0.0,0.0,0.0,0.0,0.0,0.0,0.0,0.0
84.2,0.5256583509747431,1.0513167019494862,0.0,0.0,0.0,0.0,0.0,948.672167294922,0.0,0.0,0.0,0.0,0.0,0.0,0.0,0.0,0.0,0.0
85.0,0.5256583509747431,1.0513167019494862,0.0,0.0,0.0,0.0,0.0,948.672167294922,0.0,0.0,0.0,0.0,0.0,0.0,0.0,0.0,0.0,0.0
83.75,1.0,2.0,1.0,0.0,0.9486832980505138,0.0,-94.69,853.982167294922,0.0,0.0,1.0,0.0,0.0,0.0,0.0,0.0,0.0,0.0
85.9,1.0,2.0,0.0,0.0,0.0,0.0,0.0,853.982167294922,0.0,0.0,0.0,0.0,0.0,0.0,0.0,0.0,0.0,0.0
101.75,1.0,2.0,0.0,0.0,0.0,0.0,0.0,853.982167294922,0.0,0.0,0.0,0.0,0.0,0.0,0.0,0.0,0.0,0.0
114.67,1.0,2.0,0.0,0.0,0.0,0.0,0.0,853.982167294922,0.0,0.0,0.0,0.0,0.0,0.0,0.0,0.0,0.0,0.0
120.07,1.0,2.0,0.0,-0.0,0.0,-0.0,0.0,853.982167294922,0.0,0.0,0.0,0.0,0.0,0.0,0.0,0.0,0.0,-0.0
117.77,1.0,2.0,0.0,0.0,0.0,0.0,0.0,853.982167294922,0.0,0.0,0.0,0.0,0.0,0.0,0.0,0.0,0.0,0.0
105.61,1.0,2.0,0.0,0.0,0.0,0.0,0.0,853.982167294922,0.0,0.0,0.0,0.0,0.0,0.0,0.0,0.0,0.0,0.0
102.99,1.0,2.0,0.0,0.0,0.0,0.0,0.0,853.982167294922,0.0,0.0,0.0,0.0,0.0,0.0,0.0,0.0,0.0,0.0
99.61,1.0,2.0,0.0,0.0,0.0,0.0,0.0,853.982167294922,0.0,0.0,0.0,0.0,0.0,0.0,0.0,0.0,0.0,0.0
104.74,1.0,2.0,0.0,0.0,0.0,0.0,0.0,853.982167294922,0.0,0.0,0.0,0.0,0.0,0.0,0.0,0.0,0.0,0.0
118.7,1.0,2.0,0.0,0.0,0.0,0.0,0.0,853.982167294922,0.0,0.0,0.0,0.0,0.0,0.0,0.0,0.0,0.0,0.0
132.92,1.0,2.0,0.0,0.0,0.0,0.0,0.0,853.982167294922,0.0,0.0,0.0,0.0,0.0,0.0,0.0,0.0,0.0,0.0
141.0,1.0,2.0,0.0,0.0,0.0,0.0,0.0,853.982167294922,0.0,0.0,0.0,0.0,0.0,0.0,0.0,0.0,0.0,0.0
146.66,0.4729537233052701,0.9459074466105402,0.0,1.0,0.0,1.0540925533894598,145.28,999.2621672949219,0.0,0.0,0.0,0.0,0.0,0.0,0.0,0.0,0.0,1.0
143.66,-0.0,-0.0,0.0,0.8973665961010275,0.0,0.9459074466105402,127.67731929325419,1126.9394865881761,0.0,0.0,0.0,0.0,0.0,0.0,0.0,0.0,0.0,0.8973665961010275
134.86,-0.0,-0.0,0.0,0.0,0.0,0.0,0.0,1126.9394865881761,0.0,0.0,0.0,0.0,0.0,0.0,0.0,0.0,0.0,0.0
127.49,0.0,0.0,0.0,0.0,0.0,0.0,0.0,1126.9394865881761,0.0,0.0,0.0,0.0,0.0,0.0,0.0,0.0,0.0,0.0
121.2,-0.0,-0.0,0.0,-0.0,0.0,-0.0,0.0,1126.9394865881761,0.0,0.0,0.0,0.0,0.0,0.0,0.0,0.0,0.0,-0.0
114.9,-0.0,-0.0,0.0,0.0,0.0,0.0,0.0,1126.9394865881761,0.0,0.0,0.0,0.0,0.0,0.0,0.0,0.0,0.0,0.0
112.39,-0.0,-0.0,0.0,0.0,0.0,0.0,0.0,1126.9394865881761,0.0,0.0,0.0,0.0,0.0,0.0,0.0,0.0,0.0,0.0
105.07,-0.0,-0.0,0.0,0.0,0.0,0.0,0.0,1126.9394865881761,0.0,0.0,0.0,0.0,0.0,0.0,0.0,0.0,0.0,0.0
104.46,-0.0,-0.0,0.0,0.0,0.0,0.0,0.0,1126.9394865881761,0.0,0.0,0.0,0.0,0.0,0.0,0.0,0.0,0.0,0.0
100.37,0.0,0.0,0.0,0.0,0.0,0.0,0.0,1126.9394865881761,0.0,0.0,0.0,0.0,0.0,0.0,0.0,0.0,0.0,0.0
90.51,0.05131670194948623,0.10263340389897246,0.10818510677891963,0.0,0.10263340389897246,0.0,-10.985115742331498,1115.9543708458446,0.0,0.0,0.10818510677891963,0.0,0.0,0.0,0.0,0.0,0.0,0.0
59.66,0.5256583509747431,1.0513167019494862,1.0,0.0,0.9486832980505138,0.0,-70.25999999999999,1045.6943708458446,0.0,0.0,1.0,0.0,0.0,0.0,0.0,0.0,0.0,0.0
85.14,1.0,2.0,1.0,0.0,0.9486832980505138,0.0,-96.1,949.5943708458445,0.0,0.0,1.0,0.0,0.0,0.0,0.0,0.0,0.0,0.0
122.0,0.5270462766947299,1.0540925533894598,0.0,0.8973665961010275,0.0,0.9459074466105402,108.24035882170594,1057.8347296675504,0.0,0.0,0.0,0.0,0.0,0.0,0.0,0.0,0.0,0.8973665961010275
152.85,0.0,0.0,0.0,1.0,0.0,1.0540925533894598,151.47,1209.3047296675504,0.0,0.0,0.0,0.0,0.0,0.0,0.0,0.0,0.0,1.0
115.15,-0.0,-0.0,0.0,0.0,0.0,0.0,0.0,1209.3047296675504,0.0,0.0,0.0,0.0,0.0,0.0,0.0,0.0,0.0,0.0
92.01,0.0,0.0,-0.0,0.0,-0.0,0.0,0.0,1209.3047296675504,0.0,0.0,-0.0,0.0,0.0,0.0,0.0,0.0,0.0,0.0
67.44,-0.0,-0.0,0.0,0.0,0.0,0.0,0.0,1209.3047296675504,0.0,0.0,0.0,0.0,0.0,0.0,0.0,0.0,0.0,0.0
57.19,-0.0,-0.0,0.0,0.0,0.0,0.0,0.0,1209.3047296675504,0.0,0.0,0.0,0.0,0.0,0.0,0.0,0.0,0.0,0.0
56.22,-0.0,-0.0,-0.0,0.0,-0.0,0.0,0.0,1209.3047296675504,0.0,0.0,-0.0,0.0,0.0,0.0,0.0,0.0,0.0,0.0
62.57,-0.0,-0.0,0.0,0.0,0.0,0.0,0.0,1209.3047296675504,0.0,0.0,0.0,0.0,0.0,0.0,0.0,0.0,0.0,0.0
56.71,-0.0,-0.0,0.0,0.0,0.0,0.0,0.0,1209.3047296675504,0.0,0.0,0.0,0.0,0.0,0.0,0.0,0.0,0.0,0.0
64.67,-0.0,-0.0,0.0,0.0,0.0,0.0,0.0,1209.3047296675504,0.0,0.0,0.0,0.0,0.0,0.0,0.0,0.0,0.0,0.0
67.1,0.0,0.0,0.0,0.0,0.0,0.0,0.0,1209.3047296675504,0.0,0.0,0.0,0.0,0.0,0.0,0.0,0.0,0.0,0.0
50.15,-0.0,-0.0,0.0,-0.0,0.0,-0.0,0.0,1209.3047296675504,0.0,0.0,0.0,0.0,0.0,0.0,0.0,0.0,0.0,-0.0
40.39,0.0,0.0,0.0,0.0,0.0,0.0,0.0,1209.3047296675504,0.0,0.0,0.0,0.0,0.0,0.0,0.0,0.0,0.0,0.0
24.72,-0.0,-0.0,0.0,0.0,0.0,0.0,0.0,1209.3047296675504,0.0,0.0,0.0,0.0,0.0,0.0,0.0,0.0,0.0,0.0
22.88,0.05131670194948623,0.10263340389897246,0.10818510677891963,0.0,0.10263340389897246,0.0,-3.5646992683654015,1205.7400303991851,0.0,0.0,0.10818510677891963,0.0,0.0,0.0,0.0,0.0,0.0,0.0
21.09,0.5256583509747431,1.0513167019494862,1.0,0.0,0.9486832980505138,0.0,-31.14,1174.600030399185,0.0,0.0,1.0,0.0,0.0,0.0,0.0,0.0,0.0,0.0
17.77,1.0,2.0,1.0,0.0,0.9486832980505138,0.0,-27.77,1146.830030399185,0.0,0.0,1.0,0.0,0.0,0.0,0.0,0.0,0.0,0.0
36.91,1.0,2.0,0.0,0.0,0.0,0.0,0.0,1146.830030399185,0.0,0.0,0.0,0.0,0.0,0.0,0.0,0.0,0.0,0.0
40.0,1.0,2.0,0.0,-0.0,0.0,-0.0,0.0,1146.830030399185,0.0,0.0,0.0,0.0,0.0,0.0,0.0,0.0,0.0,-0.0
41.6,1.0,2.0,0.0,0.0,0.0,0.0,0.0,1146.830030399185,0.0,0.0,0.0,0.0,0.0,0.0,0.0,0.0,0.0,0.0
42.25,1.0,2.0,0.0,-0.0,0.0,-0.0,0.0,1146.830030399185,0.0,0.0,0.0,0.0,0.0,0.0,0.0,0.0,0.0,-0.0
40.22,1.0,2.0,0.0,0.0,0.0,0.0,0.0,1146.830030399185,0.0,0.0,0.0,0.0,0.0,0.0,0.0,0.0,0.0,0.0
46.21,1.0,2.0,0.0,-0.0,0.0,-0.0,0.0,1146.830030399185,0.0,0.0,0.0,0.0,0.0,0.0,0.0,0.0,0.0,-0.0
50.4,1.0,2.0,0.0,0.0,0.0,0.0,0.0,1146.830030399185,0.0,0.0,0.0,0.0,0.0,0.0,0.0,0.0,0.0,0.0
60.29,1.0,2.0,0.0,0.0,0.0,0.0,0.0,1146.830030399185,0.0,0.0,0.0,0.0,0.0,0.0,0.0,0.0,0.0,0.0
68.51,0.5256583509747431,1.0513167019494862,0.0,0.8999999999999999,0.0,0.9486832980505138,60.417,1207.247030399185,0.0,0.0,0.0,0.0,0.0,0.0,0.0,0.0,0.0,0.8999999999999999
63.02,0.5256583509747431,1.0513167019494862,0.0,0.0,0.0,0.0,0.0,1207.247030399185,0.0,0.0,0.0,0.0,0.0,0.0,0.0,0.0,0.0,0.0
55.11,0.5256583509747431,1.0513167019494862,0.0,0.0,0.0,0.0,0.0,1207.247030399185,0.0,0.0,0.0,0.0,0.0,0.0,0.0,0.0,0.0,0.0
56.13,0.5256583509747431,1.0513167019494862,0.0,0.0,0.0,0.0,0.0,1207.247030399185,0.0,0.0,0.0,0.0,0.0,0.0,0.0,0.0,0.0,0.0
48.23,1.0,2.0,1.0,0.0,0.9486832980505138,0.0,-58.66,1148.5870303991849,0.0,0.0,1.0,0.0,0.0,0.0,0.0,0.0,0.0,0.0
52.19,1.0,2.0,0.0,0.0,0.0,0.0,0.0,1148.5870303991849,0.0,0.0,0.0,0.0,0.0,0.0,0.0,0.0,0.0,0.0
60.4,1.0,2.0,0.0,0.0,0.0,0.0,0.0,1148.5870303991849,0.0,0.0,0.0,0.0,0.0,0.0,0.0,0.0,0.0,0.0
56.99,1.0,2.0,0.0,0.0,0.0,0.0,0.0,1148.5870303991849,0.0,0.0,0.0,0.0,0.0,0.0,0.0,0.0,0.0,0.0
69.46,1.0,2.0,0.0,0.0,0.0,0.0,0.0,1148.5870303991849,0.0,0.0,0.0,0.0,0.0,0.0,0.0,0.0,0.0,0.0
73.89,1.0,2.0,0.0,-0.0,0.0,-0.0,0.0,1148.5870303991849,0.0,0.0,0.0,0.0,0.0,0.0,0.0,0.0,0.0,-0.0
69.86,1.0,2.0,0.0,0.0,0.0,0.0,0.0,1148.5870303991849,0.0,0.0,0.0,0.0,0.0,0.0,0.0,0.0,0.0,0.0
62.03,1.0,2.0,0.0,0.0,0.0,0.0,0.0,1148.5870303991849,0.0,0.0,0.0,0.0,0.0,0.0,0.0,0.0,0.0,0.0
58.94,1.0,2.0,0.0,0.0,0.0,0.0,0.0,1148.5870303991849,0.0,0.0,0.0,0.0,0.0,0.0,0.0,0.0,0.0,0.0
59.42,1.0,2.0,0.0,0.0,0.0,0.0,0.0,1148.5870303991849,0.0,0.0,0.0,0.0,0.0,0.0,0.0,0.0,0.0,0.0
58.84,1.0,2.0,0.0,0.0,0.0,0.0,0.0,1148.5870303991849,0.0,0.0,0.0,0.0,0.0,0.0,0.0,0.0,0.0,0.0
68.84,1.0,2.0,0.0,0.0,0.0,0.0,0.0,1148.5870303991849,0.0,0.0,0.0,0.0,0.0,0.0,0.0,0.0,0.0,0.0
62.03,1.0,2.0,0.0,0.0,0.0,0.0,0.0,1148.5870303991849,0.0,0.0,0.0,0.0,0.0,0.0,0.0,0.0,0.0,0.0
63.3,1.0,2.0,0.0,0.0,0.0,0.0,0.0,1148.5870303991849,0.0,0.0,0.0,0.0,0.0,0.0,0.0,0.0,0.0,0.0
64.83,1.0,2.0,0.0,0.0,0.0,0.0,0.0,1148.5870303991849,0.0,0.0,0.0,0.0,0.0,0.0,0.0,0.0,0.0,0.0
77.54,1.0,2.0,0.0,-0.0,0.0,-0.0,0.0,1148.5870303991849,0.0,0.0,0.0,0.0,0.0,0.0,0.0,0.0,0.0,-0.0
105.35,1.0,2.0,0.0,-0.0,0.0,-0.0,0.0,1148.5870303991849,0.0,0.0,0.0,0.0,0.0,0.0,0.0,0.0,0.0,-0.0
114.92,1.0,2.0,0.0,-0.0,0.0,-0.0,0.0,1148.5870303991849,0.0,0.0,0.0,0.0,0.0,0.0,0.0,0.0,0.0,-0.0
133.49,1.0,2.0,0.0,-0.0,0.0,-0.0,0.0,1148.5870303991849,0.0,0.0,0.0,0.0,0.0,0.0,0.0,0.0,0.0,-0.0
191.79,1.0,2.0,0.0,-0.0,0.0,-0.0,0.0,1148.5870303991849,0.0,0.0,0.0,0.0,0.0,0.0,0.0,0.0,0.0,-0.0
307.24,1.0,2.0,0.0,0.0,0.0,0.0,0.0,1148.5870303991849,0.0,0.0,0.0,0.0,0.0,0.0,0.0,0.0,0.0,0.0
315.02,0.4729537233052701,0.9459074466105402,0.0,1.0,0.0,1.0540925533894598,313.64,1462.227030399185,0.0,0.0,0.0,0.0,0.0,0.0,0.0,0.0,0.0,1.0
311.03,-0.0,-0.0,0.0,0.8973665961010275,0.0,0.9459074466105402,277.8695664826831,1740.0965968818682,0.0,0.0,0.0,0.0,0.0,0.0,0.0,0.0,0.0,0.8973665961010275
304.8,-0.0,-0.0,0.0,0.0,0.0,0.0,0.0,1740.0965968818682,0.0,0.0,0.0,0.0,0.0,0.0,0.0,0.0,0.0,0.0
311.02,0.0,0.0,0.0,0.0,0.0,0.0,0.0,1740.0965968818682,0.0,0.0,0.0,0.0,0.0,0.0,0.0,0.0,0.0,0.0
309.34,-0.0,-0.0,0.0,-0.0,0.0,-0.0,0.0,1740.0965968818682,0.0,0.0,0.0,0.0,0.0,0.0,0.0,0.0,0.0,-0.0
285.83,0.0,0.0,0.0,0.0,0.0,0.0,0.0,1740.0965968818682,0.0,0.0,0.0,0.0,0.0,0.0,0.0,0.0,0.0,0.0
262.48,-0.0,-0.0,0.0,0.0,0.0,0.0,0.0,1740.0965968818682,0.0,0.0,0.0,0.0,0.0,0.0,0.0,0.0,0.0,0.0
260.47,-0.0,-0.0,-0.0,0.0,-0.0,0.0,0.0,1740.0965968818682,0.0,0.0,-0.0,0.0,0.0,0.0,0.0,0.0,0.0,0.0
295.25,0.0,0.0,0.0,0.0,0.0,0.0,0.0,1740.0965968818682,0.0,0.0,0.0,0.0,0.0,0.0,0.0,0.0,0.0,0.0
270.02,0.0,0.0,0.0,-0.0,0.0,-0.0,0.0,1740.0965968818682,0.0,0.0,0.0,0.0,0.0,0.0,0.0,0.0,0.0,-0.0
223.25,0.0,0.0,0.0,-0.0,0.0,-0.0,0.0,1740.0965968818682,0.0,0.0,0.0,0.0,0.0,0.0,0.0,0.0,0.0,-0.0
171.24,0.0,0.0,0.0,-0.0,0.0,-0.0,0.0,1740.0965968818682,0.0,0.0,0.0,0.0,0.0,0.0,0.0,0.0,0.0,-0.0
129.3,-0.0,-0.0,-0.0,0.0,-0.0,0.0,0.0,1740.0965968818682,0.0,0.0,-0.0,0.0,0.0,0.0,0.0,0.0,0.0,0.0
133.49,0.0,0.0,0.0,0.0,0.0,0.0,0.0,1740.0965968818682,0.0,0.0,0.0,0.0,0.0,0.0,0.0,0.0,0.0,0.0
88.55,0.4743416490252569,0.9486832980505138,1.0,0.0,0.9486832980505138,0.0,-99.56,1640.5365968818683,0.0,0.0,1.0,0.0,0.0,0.0,0.0,0.0,0.0,0.0
124.82,-0.0,-0.0,0.0,0.8999999999999999,0.0,0.9486832980505138,111.09599999999998,1751.6325968818683,0.0,0.0,0.0,0.0,0.0,0.0,0.0,0.0,0.0,0.8999999999999999
110.78,0.0,0.0,0.0,0.0,0.0,0.0,0.0,1751.6325968818683,0.0,0.0,0.0,0.0,0.0,0.0,0.0,0.0,0.0,0.0
96.07,0.0,0.0,0.0,-0.0,0.0,-0.0,0.0,1751.6325968818683,0.0,0.0,0.0,0.0,0.0,0.0,0.0,0.0,0.0,-0.0
58.61,0.4743416490252569,0.9486832980505138,1.0,0.0,0.9486832980505138,0.0,-69.19,1682.4425968818682,0.0,0.0,1.0,0.0,0.0,0.0,0.0,0.0,0.0,0.0
58.25,0.9486832980505138,1.8973665961010275,1.0,0.0,0.9486832980505138,0.0,-68.83,1613.6125968818683,0.0,0.0,1.0,0.0,0.0,0.0,0.0,0.0,0.0,0.0
67.1,1.0,2.0,0.10818510677891963,0.0,0.10263340389897246,0.0,-8.416801307399947,1605.1957955744683,0.0,0.0,0.10818510677891963,0.0,0.0,0.0,0.0,0.0,0.0,0.0
102.66,1.0,2.0,0.0,-0.0,0.0,-0.0,0.0,1605.1957955744683,0.0,0.0,0.0,0.0,0.0,0.0,0.0,0.0,0.0,-0.0
125.79,1.0,2.0,0.0,0.0,0.0,0.0,0.0,1605.1957955744683,0.0,0.0,0.0,0.0,0.0,0.0,0.0,0.0,0.0,0.0
150.1,0.4729537233052701,0.9459074466105402,0.0,1.0,0.0,1.0540925533894598,148.72,1753.9157955744683,0.0,0.0,0.0,0.0,0.0,0.0,0.0,0.0,0.0,1.0
141.92,-0.0,-0.0,0.0,0.8973665961010275,0.0,0.9459074466105402,126.1159014160384,1880.0316969905068,0.0,0.0,0.0,0.0,0.0,0.0,0.0,0.0,0.0,0.8973665961010275
119.0,0.0,0.0,0.0,0.0,0.0,0.0,0.0,1880.0316969905068,0.0,0.0,0.0,0.0,0.0,0.0,0.0,0.0,0.0,0.0
74.01,-0.0,-0.0,0.0,0.0,0.0,0.0,0.0,1880.0316969905068,0.0,0.0,0.0,0.0,0.0,0.0,0.0,0.0,0.0,0.0
70.54,0.05131670194948623,0.10263340389897246,0.10818510677891963,0.0,0.10263340389897246,0.0,-8.794367330058378,1871.2373296604485,0.0,0.0,0.10818510677891963,0.0,0.0,0.0,0.0,0.0,0.0,0.0
67.97,0.5256583509747431,1.0513167019494862,1.0,0.0,0.9486832980505138,0.0,-78.68,1792.5573296604484,0.0,0.0,1.0,0.0,0.0,0.0,0.0,0.0,0.0,0.0
70.47,1.0,2.0,1.0,0.0,0.9486832980505138,0.0,-81.22,1711.3373296604484,0.0,0.0,1.0,0.0,0.0,0.0,0.0,0.0,0.0,0.0
86.85,1.0,2.0,-0.0,0.0,-0.0,0.0,0.0,1711.3373296604484,0.0,0.0,-0.0,0.0,0.0,0.0,0.0,0.0,0.0,0.0
135.08,1.0,2.0,0.0,0.0,0.0,0.0,0.0,1711.3373296604484,0.0,0.0,0.0,0.0,0.0,0.0,0.0,0.0,0.0,0.0
161.0,0.4729537233052701,0.9459074466105402,0.0,1.0,0.0,1.0540925533894598,159.62,1870.9573296604485,0.0,0.0,0.0,0.0,0.0,0.0,0.0,0.0,0.0,1.0
159.53,0.0,0.0,0.0,0.8973665961010275,0.0,0.9459074466105402,141.9185271733775,2012.875856833826,0.0,0.0,0.0,0.0,0.0,0.0,0.0,0.0,0.0,0.8973665961010275
88.52,-0.0,-0.0,0.0,-0.0,0.0,-0.0,0.0,2012.875856833826,0.0,0.0,0.0,0.0,0.0,0.0,0.0,0.0,0.0,-0.0
76.59,-0.0,-0.0,0.0,0.0,0.0,0.0,0.0,2012.875856833826,0.0,0.0,0.0,0.0,0.0,0.0,0.0,0.0,0.0,0.0
69.55,-0.0,-0.0,0.0,0.0,0.0,0.0,0.0,2012.875856833826,0.0,0.0,0.0,0.0,0.0,0.0,0.0,0.0,0.0,0.0
68.85,0.0,0.0,0.0,0.0,0.0,0.0,0.0,2012.875856833826,0.0,0.0,0.0,0.0,0.0,0.0,0.0,0.0,0.0,0.0
63.49,-0.0,-0.0,0.0,0.0,0.0,0.0,0.0,2012.875856833826,0.0,0.0,0.0,0.0,0.0,0.0,0.0,0.0,0.0,0.0
55.59,0.4743416490252569,0.9486832980505138,1.0,0.0,0.9486832980505138,0.0,-66.13,1946.745856833826,0.0,0.0,1.0,0.0,0.0,0.0,0.0,0.0,0.0,0.0
57.74,0.9486832980505138,1.8973665961010275,1.0,0.0,0.9486832980505138,0.0,-68.31,1878.4358568338262,0.0,0.0,1.0,0.0,0.0,0.0,0.0,0.0,0.0,0.0
60.49,0.9486832980505138,1.8973665961010275,0.0,0.0,0.0,0.0,0.0,1878.4358568338262,0.0,0.0,0.0,0.0,0.0,0.0,0.0,0.0,0.0,0.0
60.47,1.0,2.0,0.10818510677891963,0.0,0.10263340389897246,0.0,-7.689797389845607,1870.7460594439806,0.0,0.0,0.10818510677891963,0.0,0.0,0.0,0.0,0.0,0.0,0.0
64.06,1.0,2.0,-0.0,0.0,-0.0,0.0,0.0,1870.7460594439806,0.0,0.0,-0.0,0.0,0.0,0.0,0.0,0.0,0.0,0.0
69.94,1.0,2.0,-0.0,0.0,-0.0,0.0,0.0,1870.7460594439806,0.0,0.0,-0.0,0.0,0.0,0.0,0.0,0.0,0.0,0.0
94.87,1.0,2.0,0.0,0.0,0.0,0.0,0.0,1870.7460594439806,0.0,0.0,0.0,0.0,0.0,0.0,0.0,0.0,0.0,0.0
108.52,0.4729537233052701,0.9459074466105402,0.0,1.0,0.0,1.0540925533894598,107.14,1977.8860594439807,0.0,0.0,0.0,0.0,0.0,0.0,0.0,0.0,0.0,1.0
105.95,0.0,0.0,0.0,0.8973665961010275,0.0,0.9459074466105402,93.83762495428445,2071.723684398265,0.0,0.0,0.0,0.0,0.0,0.0,0.0,0.0,0.0,0.8973665961010275
96.6,0.0,0.0,0.0,-0.0,0.0,-0.0,0.0,2071.723684398265,0.0,0.0,0.0,0.0,0.0,0.0,0.0,0.0,0.0,-0.0
77.67,-0.0,-0.0,0.0,0.0,0.0,0.0,0.0,2071.723684398265,0.0,0.0,0.0,0.0,0.0,0.0,0.0,0.0,0.0,0.0
69.43,-0.0,-0.0,0.0,0.0,0.0,0.0,0.0,2071.723684398265,0.0,0.0,0.0,0.0,0.0,0.0,0.0,0.0,0.0,0.0
64.82,0.4743416490252569,0.9486832980505138,1.0,0.0,0.9486832980505138,0.0,-75.49,1996.233684398265,0.0,0.0,1.0,0.0,0.0,0.0,0.0,0.0,0.0,0.0
63.76,0.9486832980505138,1.8973665961010275,1.0,0.0,0.9486832980505138,0.0,-74.42,1921.813684398265,0.0,0.0,1.0,0.0,0.0,0.0,0.0,0.0,0.0,0.0
67.79,1.0,2.0,0.10818510677891963,0.0,0.10263340389897246,0.0,-8.492530882145191,1913.3211535161197,0.0,0.0,0.10818510677891963,0.0,0.0,0.0,0.0,0.0,0.0,0.0
74.52,1.0,2.0,0.0,0.0,0.0,0.0,0.0,1913.3211535161197,0.0,0.0,0.0,0.0,0.0,0.0,0.0,0.0,0.0,0.0
92.01,1.0,2.0,0.0,-0.0,0.0,-0.0,0.0,1913.3211535161197,0.0,0.0,0.0,0.0,0.0,0.0,0.0,0.0,0.0,-0.0
167.5,1.0,2.0,0.0,0.0,0.0,0.0,0.0,1913.3211535161197,0.0,0.0,0.0,0.0,0.0,0.0,0.0,0.0,0.0,0.0
174.99,0.4729537233052701,0.9459074466105402,0.0,1.0,0.0,1.0540925533894598,173.61,2086.9311535161196,0.0,0.0,0.0,0.0,0.0,0.0,0.0,0.0,0.0,1.0
167.71,0.0,0.0,0.0,0.8973665961010275,0.0,0.9459074466105402,149.2589859294839,2236.1901394456036,0.0,0.0,0.0,0.0,0.0,0.0,0.0,0.0,0.0,0.8973665961010275
146.45,-0.0,-0.0,0.0,0.0,0.0,0.0,0.0,2236.1901394456036,0.0,0.0,0.0,0.0,0.0,0.0,0.0,0.0,0.0,0.0
136.87,-0.0,-0.0,0.0,0.0,0.0,0.0,0.0,2236.1901394456036,0.0,0.0,0.0,0.0,0.0,0.0,0.0,0.0,0.0,0.0
119.17,0.0,0.0,-0.0,0.0,-0.0,0.0,0.0,2236.1901394456036,0.0,0.0,-0.0,0.0,0.0,0.0,0.0,0.0,0.0,0.0
103.48,0.4743416490252569,0.9486832980505138,1.0,0.0,0.9486832980505138,0.0,-114.7,2121.4901394456037,0.0,0.0,1.0,0.0,0.0,0.0,0.0,0.0,0.0,0.0
124.95,0.4743416490252569,0.9486832980505138,0.0,0.0,0.0,0.0,0.0,2121.4901394456037,0.0,0.0,0.0,0.0,0.0,0.0,0.0,0.0,0.0,0.0
121.05,0.4743416490252569,0.9486832980505138,0.0,0.0,0.0,0.0,0.0,2121.4901394456037,0.0,0.0,0.0,0.0,0.0,0.0,0.0,0.0,0.0,0.0
120.98,0.4743416490252569,0.9486832980505138,0.0,0.0,0.0,0.0,0.0,2121.4901394456037,0.0,0.0,0.0,0.0,0.0,0.0,0.0,0.0,0.0,0.0
118.85,0.4743416490252569,0.9486832980505138,0.0,0.0,0.0,0.0,0.0,2121.4901394456037,0.0,0.0,0.0,0.0,0.0,0.0,0.0,0.0,0.0,0.0
116.3,0.5256583509747431,1.0513167019494862,0.10818510677891963,0.0,0.10263340389897246,0.0,-13.815238135668036,2107.6749013099356,0.0,0.0,0.10818510677891963,0.0,0.0,0.0,0.0,0.0,0.0,0.0
119.77,0.5256583509747431,1.0513167019494862,0.0,0.0,0.0,0.0,0.0,2107.6749013099356,0.0,0.0,0.0,0.0,0.0,0.0,0.0,0.0,0.0,0.0
119.52,0.5256583509747431,1.0513167019494862,0.0,0.0,0.0,0.0,0.0,2107.6749013099356,0.0,0.0,0.0,0.0,0.0,0.0,0.0,0.0,0.0,0.0
105.09,1.0,2.0,1.0,0.0,0.9486832980505138,0.0,-116.33,1991.3449013099357,0.0,0.0,1.0,0.0,0.0,0.0,0.0,0.0,0.0,0.0
138.59,1.0,2.0,0.0,0.0,0.0,0.0,0.0,1991.3449013099357,0.0,0.0,0.0,0.0,0.0,0.0,0.0,0.0,0.0,0.0
144.1,0.5256583509747431,1.0513167019494862,0.0,0.8999999999999999,0.0,0.9486832980505138,128.44799999999998,2119.7929013099356,0.0,0.0,0.0,0.0,0.0,0.0,0.0,0.0,0.0,0.8999999999999999
131.21,0.5256583509747431,1.0513167019494862,0.0,0.0,0.0,0.0,0.0,2119.7929013099356,0.0,0.0,0.0,0.0,0.0,0.0,0.0,0.0,0.0,0.0
121.56,0.5256583509747431,1.0513167019494862,0.0,0.0,0.0,0.0,0.0,2119.7929013099356,0.0,0.0,0.0,0.0,0.0,0.0,0.0,0.0,0.0,0.0
118.87,0.5256583509747431,1.0513167019494862,0.0,0.0,0.0,0.0,0.0,2119.7929013099356,0.0,0.0,0.0,0.0,0.0,0.0,0.0,0.0,0.0,0.0
115.01,1.0,2.0,1.0,0.0,0.9486832980505138,0.0,-126.39,1993.4029013099355,0.0,0.0,1.0,0.0,0.0,0.0,0.0,0.0,0.0,0.0
119.32,1.0,2.0,0.0,0.0,0.0,0.0,0.0,1993.4029013099355,0.0,0.0,0.0,0.0,0.0,0.0,0.0,0.0,0.0,0.0
133.32,1.0,2.0,0.0,0.0,0.0,0.0,0.0,1993.4029013099355,0.0,0.0,0.0,0.0,0.0,0.0,0.0,0.0,0.0,0.0
149.71,1.0,2.0,0.0,0.0,0.0,0.0,0.0,1993.4029013099355,0.0,0.0,0.0,0.0,0.0,0.0,0.0,0.0,0.0,0.0
164.59,1.0,2.0,0.0,0.0,0.0,0.0,0.0,1993.4029013099355,0.0,0.0,0.0,0.0,0.0,0.0,0.0,0.0,0.0,0.0
167.57,0.5270462766947299,1.0540925533894598,0.0,0.8973665961010275,0.0,0.9459074466105402,149.13335460602977,2142.5362559159653,0.0,0.0,0.0,0.0,0.0,0.0,0.0,0.0,0.0,0.8973665961010275
167.85,0.0,0.0,0.0,1.0,0.0,1.0540925533894598,166.47,2309.006255915965,0.0,0.0,0.0,0.0,0.0,0.0,0.0,0.0,0.0,1.0
156.12,-0.0,-0.0,0.0,-0.0,0.0,-0.0,0.0,2309.006255915965,0.0,0.0,0.0,0.0,0.0,0.0,0.0,0.0,0.0,-0.0
143.42,-0.0,-0.0,0.0,0.0,0.0,0.0,0.0,2309.006255915965,0.0,0.0,0.0,0.0,0.0,0.0,0.0,0.0,0.0,0.0
136.4,-0.0,-0.0,0.0,0.0,0.0,0.0,0.0,2309.006255915965,0.0,0.0,0.0,0.0,0.0,0.0,0.0,0.0,0.0,0.0
129.36,-0.0,-0.0,0.0,0.0,0.0,0.0,0.0,2309.006255915965,0.0,0.0,0.0,0.0,0.0,0.0,0.0,0.0,0.0,0.0
129.73,0.0,0.0,0.0,0.0,0.0,0.0,0.0,2309.006255915965,0.0,0.0,0.0,0.0,0.0,0.0,0.0,0.0,0.0,0.0
124.2,-0.0,-0.0,0.0,0.0,0.0,0.0,0.0,2309.006255915965,0.0,0.0,0.0,0.0,0.0,0.0,0.0,0.0,0.0,0.0
123.05,0.0,0.0,-0.0,0.0,-0.0,0.0,0.0,2309.006255915965,0.0,0.0,-0.0,0.0,0.0,0.0,0.0,0.0,0.0,0.0
121.24,-0.0,-0.0,0.0,0.0,0.0,0.0,0.0,2309.006255915965,0.0,0.0,0.0,0.0,0.0,0.0,0.0,0.0,0.0,0.0
120.18,-0.0,-0.0,0.0,0.0,0.0,0.0,0.0,2309.006255915965,0.0,0.0,0.0,0.0,0.0,0.0,0.0,0.0,0.0,0.0
120.0,-0.0,-0.0,0.0,0.0,0.0,0.0,0.0,2309.006255915965,0.0,0.0,0.0,0.0,0.0,0.0,0.0,0.0,0.0,0.0
121.57,-0.0,-0.0,0.0,0.0,0.0,0.0,0.0,2309.006255915965,0.0,0.0,0.0,0.0,0.0,0.0,0.0,0.0,0.0,0.0
123.33,-0.0,-0.0,0.0,0.0,0.0,0.0,0.0,2309.006255915965,0.0,0.0,0.0,0.0,0.0,0.0,0.0,0.0,0.0,0.0
123.6,-0.0,-0.0,0.0,0.0,0.0,0.0,0.0,2309.006255915965,0.0,0.0,0.0,0.0,0.0,0.0,0.0,0.0,0.0,0.0
125.16,-0.0,-0.0,0.0,0.0,0.0,0.0,0.0,2309.006255915965,0.0,0.0,0.0,0.0,0.0,0.0,0.0,0.0,0.0,0.0
125.19,-0.0,-0.0,0.0,0.0,0.0,0.0,0.0,2309.006255915965,0.0,0.0,0.0,0.0,0.0,0.0,0.0,0.0,0.0,0.0
121.56,-0.0,-0.0,0.0,0.0,0.0,0.0,0.0,2309.006255915965,0.0,0.0,0.0,0.0,0.0,0.0,0.0,0.0,0.0,0.0
112.25,0.4743416490252569,0.9486832980505138,1.0,0.0,0.9486832980505138,0.0,-123.59,2185.416255915965,0.0,0.0,1.0,0.0,0.0,0.0,0.0,0.0,0.0,0.0
107.51,0.9486832980505138,1.8973665961010275,1.0,0.0,0.9486832980505138,0.0,-118.79,2066.626255915965,0.0,0.0,1.0,0.0,0.0,0.0,0.0,0.0,0.0,0.0
116.81,1.0,2.0,0.10818510677891963,0.0,0.10263340389897246,0.0,-13.871494391193075,2052.7547615247718,0.0,0.0,0.10818510677891963,0.0,0.0,0.0,0.0,0.0,0.0,0.0
126.29,1.0,2.0,0.0,0.0,0.0,0.0,0.0,2052.7547615247718,0.0,0.0,0.0,0.0,0.0,0.0,0.0,0.0,0.0,0.0
140.15,1.0,2.0,0.0,0.0,0.0,0.0,0.0,2052.7547615247718,0.0,0.0,0.0,0.0,0.0,0.0,0.0,0.0,0.0,0.0
149.67,1.0,2.0,0.0,0.0,0.0,0.0,0.0,2052.7547615247718,0.0,0.0,0.0,0.0,0.0,0.0,0.0,0.0,0.0,0.0
159.04,0.4729537233052701,0.9459074466105402,0.0,1.0,0.0,1.0540925533894598,157.66,2210.4147615247716,0.0,0.0,0.0,0.0,0.0,0.0,0.0,0.0,0.0,1.0
156.6,-0.0,-0.0,0.0,0.8973665961010275,0.0,0.9459074466105402,139.2892430468015,2349.704004571573,0.0,0.0,0.0,0.0,0.0,0.0,0.0,0.0,0.0,0.8973665961010275
149.06,0.0,0.0,0.0,0.0,0.0,0.0,0.0,2349.704004571573,0.0,0.0,0.0,0.0,0.0,0.0,0.0,0.0,0.0,0.0
139.26,-0.0,-0.0,0.0,0.0,0.0,0.0,0.0,2349.704004571573,0.0,0.0,0.0,0.0,0.0,0.0,0.0,0.0,0.0,0.0
130.99,-0.0,-0.0,0.0,0.0,0.0,0.0,0.0,2349.704004571573,0.0,0.0,0.0,0.0,0.0,0.0,0.0,0.0,0.0,0.0
122.94,-0.0,-0.0,0.0,0.0,0.0,0.0,0.0,2349.704004571573,0.0,0.0,0.0,0.0,0.0,0.0,0.0,0.0,0.0,0.0
122.27,-0.0,-0.0,0.0,0.0,0.0,0.0,0.0,2349.704004571573,0.0,0.0,0.0,0.0,0.0,0.0,0.0,0.0,0.0,0.0
119.44,0.0,0.0,-0.0,0.0,-0.0,0.0,0.0,2349.704004571573,0.0,0.0,-0.0,0.0,0.0,0.0,0.0,0.0,0.0,0.0
116.56,0.05131670194948623,0.10263340389897246,0.10818510677891963,0.0,0.10263340389897246,0.0,-13.843366263430555,2335.8606383081424,0.0,0.0,0.10818510677891963,0.0,0.0,0.0,0.0,0.0,0.0,0.0
114.41,0.5256583509747431,1.0513167019494862,1.0,0.0,0.9486832980505138,0.0,-125.78,2210.080638308142,0.0,0.0,1.0,0.0,0.0,0.0,0.0,0.0,0.0,0.0
115.45,1.0,2.0,1.0,0.0,0.9486832980505138,0.0,-126.84,2083.240638308142,0.0,0.0,1.0,0.0,0.0,0.0,0.0,0.0,0.0,0.0
127.54,1.0,2.0,0.0,0.0,0.0,0.0,0.0,2083.240638308142,0.0,0.0,0.0,0.0,0.0,0.0,0.0,0.0,0.0,0.0
161.71,1.0,2.0,0.0,-0.0,0.0,-0.0,0.0,2083.240638308142,0.0,0.0,0.0,0.0,0.0,0.0,0.0,0.0,0.0,-0.0
276.48,1.0,2.0,0.0,0.0,0.0,0.0,0.0,2083.240638308142,0.0,0.0,0.0,0.0,0.0,0.0,0.0,0.0,0.0,0.0
431.99,0.4729537233052701,0.9459074466105402,0.0,1.0,0.0,1.0540925533894598,430.61,2513.850638308142,0.0,0.0,0.0,0.0,0.0,0.0,0.0,0.0,0.0,1.0
291.7,0.0,0.0,0.0,0.8973665961010275,0.0,0.9459074466105402,260.5234701800503,2774.3741084881926,0.0,0.0,0.0,0.0,0.0,0.0,0.0,0.0,0.0,0.8973665961010275
236.29,0.0,0.0,-0.0,0.0,-0.0,0.0,0.0,2774.3741084881926,0.0,0.0,-0.0,0.0,0.0,0.0,0.0,0.0,0.0,0.0
187.48,0.05131670194948623,0.10263340389897246,0.10818510677891963,0.0,0.10263340389897246,0.0,-21.625120994038245,2752.7489874941543,0.0,0.0,0.10818510677891963,0.0,0.0,0.0,0.0,0.0,0.0,0.0
176.0,0.5256583509747431,1.0513167019494862,1.0,0.0,0.9486832980505138,0.0,-188.25,2564.4989874941543,0.0,0.0,1.0,0.0,0.0,0.0,0.0,0.0,0.0,0.0
171.39,1.0,2.0,1.0,0.0,0.9486832980505138,0.0,-183.57,2380.928987494154,0.0,0.0,1.0,0.0,0.0,0.0,0.0,0.0,0.0,0.0
192.73,1.0,2.0,-0.0,0.0,-0.0,0.0,0.0,2380.928987494154,0.0,0.0,-0.0,0.0,0.0,0.0,0.0,0.0,0.0,0.0
277.17,1.0,2.0,0.0,-0.0,0.0,-0.0,0.0,2380.928987494154,0.0,0.0,0.0,0.0,0.0,0.0,0.0,0.0,0.0,-0.0
402.12,1.0,2.0,0.0,-0.0,0.0,-0.0,0.0,2380.928987494154,0.0,0.0,0.0,0.0,0.0,0.0,0.0,0.0,0.0,-0.0
583.4,0.4729537233052701,0.9459074466105402,0.0,1.0,0.0,1.0540925533894598,582.02,2962.948987494154,0.0,0.0,0.0,0.0,0.0,0.0,0.0,0.0,0.0,1.0
473.28,0.0,0.0,0.0,0.8973665961010275,0.0,0.9459074466105402,423.4672967000749,3386.416284194229,0.0,0.0,0.0,0.0,0.0,0.0,0.0,0.0,0.0,0.8973665961010275
295.57,0.0,0.0,-0.0,0.0,-0.0,0.0,0.0,3386.416284194229,0.0,0.0,-0.0,0.0,0.0,0.0,0.0,0.0,0.0,0.0
220.0,0.0,0.0,0.0,-0.0,0.0,-0.0,0.0,3386.416284194229,0.0,0.0,0.0,0.0,0.0,0.0,0.0,0.0,0.0,-0.0
170.0,-0.0,-0.0,0.0,0.0,0.0,0.0,0.0,3386.416284194229,0.0,0.0,0.0,0.0,0.0,0.0,0.0,0.0,0.0,0.0
152.51,0.0,0.0,-0.0,0.0,-0.0,0.0,0.0,3386.416284194229,0.0,0.0,-0.0,0.0,0.0,0.0,0.0,0.0,0.0,0.0
137.98,-0.0,-0.0,0.0,0.0,0.0,0.0,0.0,3386.416284194229,0.0,0.0,0.0,0.0,0.0,0.0,0.0,0.0,0.0,0.0
127.52,-0.0,-0.0,0.0,0.0,0.0,0.0,0.0,3386.416284194229,0.0,0.0,0.0,0.0,0.0,0.0,0.0,0.0,0.0,0.0
121.65,-0.0,-0.0,0.0,0.0,0.0,0.0,0.0,3386.416284194229,0.0,0.0,0.0,0.0,0.0,0.0,0.0,0.0,0.0,0.0
116.67,-0.0,-0.0,0.0,0.0,0.0,0.0,0.0,3386.416284194229,0.0,0.0,0.0,0.0,0.0,0.0,0.0,0.0,0.0,0.0
113.86,0.0,0.0,-0.0,0.0,-0.0,0.0,0.0,3386.416284194229,0.0,0.0,-0.0,0.0,0.0,0.0,0.0,0.0,0.0,0.0
111.49,0.05131670194948623,0.10263340389897246,0.10818510677891963,0.0,0.10263340389897246,0.0,-13.287294814586907,3373.128989379642,0.0,0.0,0.10818510677891963,0.0,0.0,0.0,0.0,0.0,0.0,0.0
106.6,0.5256583509747431,1.0513167019494862,1.0,0.0,0.9486832980505138,0.0,-117.86,3255.268989379642,0.0,0.0,1.0,0.0,0.0,0.0,0.0,0.0,0.0,0.0
106.97,1.0,2.0,1.0,0.0,0.9486832980505138,0.0,-118.24,3137.028989379642,0.0,0.0,1.0,0.0,0.0,0.0,0.0,0.0,0.0,0.0
165.35,1.0,2.0,0.0,-0.0,0.0,-0.0,0.0,3137.028989379642,0.0,0.0,0.0,0.0,0.0,0.0,0.0,0.0,0.0,-0.0
209.5,0.5270462766947299,1.0540925533894598,0.0,0.8973665961010275,0.0,0.9459074466105402,186.75993598054586,3323.788925360188,0.0,0.0,0.0,0.0,0.0,0.0,0.0,0.0,0.0,0.8973665961010275
210.33,0.0,0.0,0.0,1.0,0.0,1.0540925533894598,208.95000000000002,3532.7389253601877,0.0,0.0,0.0,0.0,0.0,0.0,0.0,0.0,0.0,1.0
198.05,0.0,0.0,0.0,-0.0,0.0,-0.0,0.0,3532.7389253601877,0.0,0.0,0.0,0.0,0.0,0.0,0.0,0.0,0.0,-0.0
161.5,-0.0,-0.0,0.0,0.0,0.0,0.0,0.0,3532.7389253601877,0.0,0.0,0.0,0.0,0.0,0.0,0.0,0.0,0.0,0.0
147.44,0.4743416490252569,0.9486832980505138,1.0,0.0,0.9486832980505138,0.0,-159.28,3373.4589253601875,0.0,0.0,1.0,0.0,0.0,0.0,0.0,0.0,0.0,0.0
142.83,0.9486832980505138,1.8973665961010275,1.0,0.0,0.9486832980505138,0.0,-154.61,3218.8489253601874,0.0,0.0,1.0,0.0,0.0,0.0,0.0,0.0,0.0,0.0
150.05,1.0,2.0,0.10818510677891963,0.0,0.10263340389897246,0.0,-17.518414340710457,3201.330511019477,0.0,0.0,0.10818510677891963,0.0,0.0,0.0,0.0,0.0,0.0,0.0
173.43,1.0,2.0,0.0,0.0,0.0,0.0,0.0,3201.330511019477,0.0,0.0,0.0,0.0,0.0,0.0,0.0,0.0,0.0,0.0
202.39,1.0,2.0,0.0,-0.0,0.0,-0.0,0.0,3201.330511019477,0.0,0.0,0.0,0.0,0.0,0.0,0.0,0.0,0.0,-0.0
282.52,0.4729537233052701,0.9459074466105402,0.0,1.0,0.0,1.0540925533894598,281.14,3482.470511019477,0.0,0.0,0.0,0.0,0.0,0.0,0.0,0.0,0.0,1.0
243.96,0.0,0.0,0.0,0.8973665961010275,0.0,0.9459074466105402,217.68318888218727,3700.153699901664,0.0,0.0,0.0,0.0,0.0,0.0,0.0,0.0,0.0,0.8973665961010275
199.94,-0.0,-0.0,0.0,0.0,0.0,0.0,0.0,3700.153699901664,0.0,0.0,0.0,0.0,0.0,0.0,0.0,0.0,0.0,0.0
174.84,0.0,0.0,-0.0,0.0,-0.0,0.0,0.0,3700.153699901664,0.0,0.0,-0.0,0.0,0.0,0.0,0.0,0.0,0.0,0.0
155.19,0.0,0.0,-0.0,0.0,-0.0,0.0,0.0,3700.153699901664,0.0,0.0,-0.0,0.0,0.0,0.0,0.0,0.0,0.0,0.0
138.6,0.0,0.0,-0.0,0.0,-0.0,0.0,0.0,3700.153699901664,0.0,0.0,-0.0,0.0,0.0,0.0,0.0,0.0,0.0,0.0
109.7,-0.0,-0.0,0.0,0.0,0.0,0.0,0.0,3700.153699901664,0.0,0.0,0.0,0.0,0.0,0.0,0.0,0.0,0.0,0.0
106.89,-0.0,-0.0,0.0,0.0,0.0,0.0,0.0,3700.153699901664,0.0,0.0,0.0,0.0,0.0,0.0,0.0,0.0,0.0,0.0
101.53,0.4743416490252569,0.9486832980505138,1.0,0.0,0.9486832980505138,0.0,-112.72,3587.433699901664,0.0,0.0,1.0,0.0,0.0,0.0,0.0,0.0,0.0,0.0
105.02,0.4743416490252569,0.9486832980505138,0.0,0.0,0.0,0.0,0.0,3587.433699901664,0.0,0.0,0.0,0.0,0.0,0.0,0.0,0.0,0.0,0.0
103.86,0.5256583509747431,1.0513167019494862,0.10818510677891963,0.0,0.10263340389897246,0.0,-12.449942088118071,3574.983757813546,0.0,0.0,0.10818510677891963,0.0,0.0,0.0,0.0,0.0,0.0,0.0
93.75,1.0,2.0,1.0,0.0,0.9486832980505138,0.0,-104.83,3470.1537578135462,0.0,0.0,1.0,0.0,0.0,0.0,0.0,0.0,0.0,0.0
107.45,1.0,2.0,0.0,0.0,0.0,0.0,0.0,3470.1537578135462,0.0,0.0,0.0,0.0,0.0,0.0,0.0,0.0,0.0,0.0
129.03,1.0,2.0,0.0,0.0,0.0,0.0,0.0,3470.1537578135462,0.0,0.0,0.0,0.0,0.0,0.0,0.0,0.0,0.0,0.0
195.47,1.0,2.0,0.0,-0.0,0.0,-0.0,0.0,3470.1537578135462,0.0,0.0,0.0,0.0,0.0,0.0,0.0,0.0,0.0,-0.0
238.6,0.4729537233052701,0.9459074466105402,0.0,1.0,0.0,1.0540925533894598,237.22,3707.373757813546,0.0,0.0,0.0,0.0,0.0,0.0,0.0,0.0,0.0,1.0
199.41,0.052704627669473036,0.10540925533894607,0.0,0.7973665961010274,0.0,0.8404981912715941,157.90250702588648,3865.2762648394323,0.0,0.0,0.0,0.0,0.0,0.0,0.0,0.0,0.0,0.7973665961010274
179.06,0.052704627669473036,0.10540925533894607,0.0,0.0,0.0,0.0,0.0,3865.2762648394323,0.0,0.0,0.0,0.0,0.0,0.0,0.0,0.0,0.0,0.0
172.94,0.052704627669473036,0.10540925533894607,0.0,0.0,0.0,0.0,0.0,3865.2762648394323,0.0,0.0,0.0,0.0,0.0,0.0,0.0,0.0,0.0,0.0
165.0,0.5270462766947299,1.0540925533894598,1.0,0.0,0.9486832980505138,0.0,-177.09,3688.186264839432,0.0,0.0,1.0,0.0,0.0,0.0,0.0,0.0,0.0,0.0
170.0,0.5270462766947299,1.0540925533894598,0.0,0.0,0.0,0.0,0.0,3688.186264839432,0.0,0.0,0.0,0.0,0.0,0.0,0.0,0.0,0.0,0.0
179.92,0.5270462766947299,1.0540925533894598,0.0,0.0,0.0,0.0,0.0,3688.186264839432,0.0,0.0,0.0,0.0,0.0,0.0,0.0,0.0,0.0,0.0
195.67,0.5270462766947299,1.0540925533894598,0.0,0.0,0.0,0.0,0.0,3688.186264839432,0.0,0.0,0.0,0.0,0.0,0.0,0.0,0.0,0.0,0.0
199.04,0.5270462766947299,1.0540925533894598,0.0,0.0,0.0,0.0,0.0,3688.186264839432,0.0,0.0,0.0,0.0,0.0,0.0,0.0,0.0,0.0,0.0
208.99,-0.0,-0.0,0.0,1.0,0.0,1.0540925533894598,207.61,3895.7962648394323,0.0,0.0,0.0,0.0,0.0,0.0,0.0,0.0,0.0,1.0
180.43,-0.0,-0.0,0.0,0.0,0.0,0.0,0.0,3895.7962648394323,0.0,0.0,0.0,0.0,0.0,0.0,0.0,0.0,0.0,0.0
167.08,0.0,0.0,0.0,0.0,0.0,0.0,0.0,3895.7962648394323,0.0,0.0,0.0,0.0,0.0,0.0,0.0,0.0,0.0,0.0
134.49,-0.0,-0.0,0.0,-0.0,0.0,-0.0,0.0,3895.7962648394323,0.0,0.0,0.0,0.0,0.0,0.0,0.0,0.0,0.0,-0.0
127.78,-0.0,-0.0,0.0,0.0,0.0,0.0,0.0,3895.7962648394323,0.0,0.0,0.0,0.0,0.0,0.0,0.0,0.0,0.0,0.0
128.09,-0.0,-0.0,0.0,0.0,0.0,0.0,0.0,3895.7962648394323,0.0,0.0,0.0,0.0,0.0,0.0,0.0,0.0,0.0,0.0
113.13,-0.0,-0.0,0.0,0.0,0.0,0.0,0.0,3895.7962648394323,0.0,0.0,0.0,0.0,0.0,0.0,0.0,0.0,0.0,0.0
112.8,-0.0,-0.0,0.0,0.0,0.0,0.0,0.0,3895.7962648394323,0.0,0.0,0.0,0.0,0.0,0.0,0.0,0.0,0.0,0.0
108.88,0.0,0.0,0.0,0.0,0.0,0.0,0.0,3895.7962648394323,0.0,0.0,0.0,0.0,0.0,0.0,0.0,0.0,0.0,0.0
105.58,-0.0,-0.0,0.0,0.0,0.0,0.0,0.0,3895.7962648394323,0.0,0.0,0.0,0.0,0.0,0.0,0.0,0.0,0.0,0.0
100.01,0.05131670194948623,0.10263340389897246,0.10818510677891963,0.0,0.10263340389897246,0.0,-12.028020171680286,3883.768244667752,0.0,0.0,0.10818510677891963,0.0,0.0,0.0,0.0,0.0,0.0,0.0
97.59,0.5256583509747431,1.0513167019494862,1.0,0.0,0.9486832980505138,0.0,-108.73,3775.0382446677518,0.0,0.0,1.0,0.0,0.0,0.0,0.0,0.0,0.0,0.0
100.01,1.0,2.0,1.0,0.0,0.9486832980505138,0.0,-111.18,3663.858244667752,0.0,0.0,1.0,0.0,0.0,0.0,0.0,0.0,0.0,0.0
106.41,1.0,2.0,-0.0,0.0,-0.0,0.0,0.0,3663.858244667752,0.0,0.0,-0.0,0.0,0.0,0.0,0.0,0.0,0.0,0.0
136.6,1.0,2.0,0.0,0.0,0.0,0.0,0.0,3663.858244667752,0.0,0.0,0.0,0.0,0.0,0.0,0.0,0.0,0.0,0.0
159.03,0.4729537233052701,0.9459074466105402,0.0,1.0,0.0,1.0540925533894598,157.65,3821.508244667752,0.0,0.0,0.0,0.0,0.0,0.0,0.0,0.0,0.0,1.0
155.42,0.0,0.0,0.0,0.8973665961010275,0.0,0.9459074466105402,138.23035046340226,3959.7385951311544,0.0,0.0,0.0,0.0,0.0,0.0,0.0,0.0,0.0,0.8973665961010275
130.94,-0.0,-0.0,0.0,0.0,0.0,0.0,0.0,3959.7385951311544,0.0,0.0,0.0,0.0,0.0,0.0,0.0,0.0,0.0,0.0
116.1,0.0,0.0,-0.0,0.0,-0.0,0.0,0.0,3959.7385951311544,0.0,0.0,-0.0,0.0,0.0,0.0,0.0,0.0,0.0,0.0
94.75,0.0,0.0,-0.0,0.0,-0.0,0.0,0.0,3959.7385951311544,0.0,0.0,-0.0,0.0,0.0,0.0,0.0,0.0,0.0,0.0
83.46,-0.0,-0.0,0.0,0.0,0.0,0.0,0.0,3959.7385951311544,0.0,0.0,0.0,0.0,0.0,0.0,0.0,0.0,0.0,0.0
72.35,-0.0,-0.0,0.0,0.0,0.0,0.0,0.0,3959.7385951311544,0.0,0.0,0.0,0.0,0.0,0.0,0.0,0.0,0.0,0.0
67.6,0.4743416490252569,0.9486832980505138,1.0,0.0,0.9486832980505138,0.0,-78.31,3881.4285951311545,0.0,0.0,1.0,0.0,0.0,0.0,0.0,0.0,0.0,0.0
83.69,0.4743416490252569,0.9486832980505138,0.0,0.0,0.0,0.0,0.0,3881.4285951311545,0.0,0.0,0.0,0.0,0.0,0.0,0.0,0.0,0.0,0.0
91.19,-0.0,-0.0,0.0,0.8999999999999999,0.0,0.9486832980505138,80.82899999999998,3962.2575951311546,0.0,0.0,0.0,0.0,0.0,0.0,0.0,0.0,0.0,0.8999999999999999
85.09,-0.0,-0.0,0.0,0.0,0.0,0.0,0.0,3962.2575951311546,0.0,0.0,0.0,0.0,0.0,0.0,0.0,0.0,0.0,0.0
77.88,0.0,0.0,0.0,0.0,0.0,0.0,0.0,3962.2575951311546,0.0,0.0,0.0,0.0,0.0,0.0,0.0,0.0,0.0,0.0
65.17,-0.0,-0.0,0.0,0.0,0.0,0.0,0.0,3962.2575951311546,0.0,0.0,0.0,0.0,0.0,0.0,0.0,0.0,0.0,0.0
57.42,-0.0,-0.0,0.0,0.0,0.0,0.0,0.0,3962.2575951311546,0.0,0.0,0.0,0.0,0.0,0.0,0.0,0.0,0.0,0.0
55.95,0.0,0.0,-0.0,0.0,-0.0,0.0,0.0,3962.2575951311546,0.0,0.0,-0.0,0.0,0.0,0.0,0.0,0.0,0.0,0.0
44.56,-0.0,-0.0,0.0,0.0,0.0,0.0,0.0,3962.2575951311546,0.0,0.0,0.0,0.0,0.0,0.0,0.0,0.0,0.0,0.0
37.28,0.05131670194948623,0.10263340389897246,0.10818510677891963,0.0,0.10263340389897246,0.0,-5.145283678405417,3957.112311452749,0.0,0.0,0.10818510677891963,0.0,0.0,0.0,0.0,0.0,0.0,0.0
40.0,0.05131670194948623,0.10263340389897246,0.0,0.0,0.0,0.0,0.0,3957.112311452749,0.0,0.0,0.0,0.0,0.0,0.0,0.0,0.0,0.0,0.0
41.54,0.05131670194948623,0.10263340389897246,0.0,0.0,0.0,0.0,0.0,3957.112311452749,0.0,0.0,0.0,0.0,0.0,0.0,0.0,0.0,0.0,0.0
37.74,0.05131670194948623,0.10263340389897246,0.0,0.0,0.0,0.0,0.0,3957.112311452749,0.0,0.0,0.0,0.0,0.0,0.0,0.0,0.0,0.0,0.0
36.11,0.5256583509747431,1.0513167019494862,1.0,0.0,0.9486832980505138,0.0,-46.37,3910.742311452749,0.0,0.0,1.0,0.0,0.0,0.0,0.0,0.0,0.0,0.0
36.88,1.0,2.0,1.0,0.0,0.9486832980505138,0.0,-47.150000000000006,3863.592311452749,0.0,0.0,1.0,0.0,0.0,0.0,0.0,0.0,0.0,0.0
40.71,1.0,2.0,0.0,0.0,0.0,0.0,0.0,3863.592311452749,0.0,0.0,0.0,0.0,0.0,0.0,0.0,0.0,0.0,0.0
70.28,0.5270462766947299,1.0540925533894598,0.0,0.8973665961010275,0.0,0.9459074466105402,61.82855847136079,3925.42086992411,0.0,0.0,0.0,0.0,0.0,0.0,0.0,0.0,0.0,0.8973665961010275
80.06,-0.0,-0.0,0.0,1.0,0.0,1.0540925533894598,78.68,4004.1008699241097,0.0,0.0,0.0,0.0,0.0,0.0,0.0,0.0,0.0,1.0
59.53,0.0,0.0,0.0,0.0,0.0,0.0,0.0,4004.1008699241097,0.0,0.0,0.0,0.0,0.0,0.0,0.0,0.0,0.0,0.0
47.06,-0.0,-0.0,0.0,0.0,0.0,0.0,0.0,4004.1008699241097,0.0,0.0,0.0,0.0,0.0,0.0,0.0,0.0,0.0,0.0
41.83,0.0,0.0,-0.0,0.0,-0.0,0.0,0.0,4004.1008699241097,0.0,0.0,-0.0,0.0,0.0,0.0,0.0,0.0,0.0,0.0
37.15,0.0,0.0,-0.0,0.0,-0.0,0.0,0.0,4004.1008699241097,0.0,0.0,-0.0,0.0,0.0,0.0,0.0,0.0,0.0,0.0
25.12,-0.0,-0.0,0.0,0.0,0.0,0.0,0.0,4004.1008699241097,0.0,0.0,0.0,0.0,0.0,0.0,0.0,0.0,0.0,0.0
23.18,-0.0,-0.0,0.0,0.0,0.0,0.0,0.0,4004.1008699241097,0.0,0.0,0.0,0.0,0.0,0.0,0.0,0.0,0.0,0.0
23.39,-0.0,-0.0,0.0,0.0,0.0,0.0,0.0,4004.1008699241097,0.0,0.0,0.0,0.0,0.0,0.0,0.0,0.0,0.0,0.0
20.0,-0.0,-0.0,0.0,0.0,0.0,0.0,0.0,4004.1008699241097,0.0,0.0,0.0,0.0,0.0,0.0,0.0,0.0,0.0,0.0
26.9,-0.0,-0.0,0.0,0.0,0.0,0.0,0.0,4004.1008699241097,0.0,0.0,0.0,0.0,0.0,0.0,0.0,0.0,0.0,0.0
28.66,-0.0,-0.0,0.0,0.0,0.0,0.0,0.0,4004.1008699241097,0.0,0.0,0.0,0.0,0.0,0.0,0.0,0.0,0.0,0.0
20.62,-0.0,-0.0,0.0,0.0,0.0,0.0,0.0,4004.1008699241097,0.0,0.0,0.0,0.0,0.0,0.0,0.0,0.0,0.0,0.0
21.1,-0.0,-0.0,0.0,0.0,0.0,0.0,0.0,4004.1008699241097,0.0,0.0,0.0,0.0,0.0,0.0,0.0,0.0,0.0,0.0
20.0,-0.0,-0.0,0.0,0.0,0.0,0.0,0.0,4004.1008699241097,0.0,0.0,0.0,0.0,0.0,0.0,0.0,0.0,0.0,0.0
13.1,0.4743416490252569,0.9486832980505138,1.0,0.0,0.9486832980505138,0.0,-23.04,3981.0608699241097,0.0,0.0,1.0,0.0,0.0,0.0,0.0,0.0,0.0,0.0
10.12,0.9486832980505138,1.8973665961010275,1.0,0.0,0.9486832980505138,0.0,-20.009999999999998,3961.0508699241095,0.0,0.0,1.0,0.0,0.0,0.0,0.0,0.0,0.0,0.0
16.92,1.0,2.0,0.10818510677891963,0.0,0.10263340389897246,0.0,-2.9112612234207274,3958.1396087006888,0.0,0.0,0.10818510677891963,0.0,0.0,0.0,0.0,0.0,0.0,0.0
21.22,1.0,2.0,0.0,0.0,0.0,0.0,0.0,3958.1396087006888,0.0,0.0,0.0,0.0,0.0,0.0,0.0,0.0,0.0,0.0
19.89,1.0,2.0,0.0,0.0,0.0,0.0,0.0,3958.1396087006888,0.0,0.0,0.0,0.0,0.0,0.0,0.0,0.0,0.0,0.0
27.26,1.0,2.0,0.0,0.0,0.0,0.0,0.0,3958.1396087006888,0.0,0.0,0.0,0.0,0.0,0.0,0.0,0.0,0.0,0.0
24.59,1.0,2.0,0.0,0.0,0.0,0.0,0.0,3958.1396087006888,0.0,0.0,0.0,0.0,0.0,0.0,0.0,0.0,0.0,0.0
21.21,1.0,2.0,0.0,0.0,0.0,0.0,0.0,3958.1396087006888,0.0,0.0,0.0,0.0,0.0,0.0,0.0,0.0,0.0,0.0
29.8,1.0,2.0,0.0,0.0,0.0,0.0,0.0,3958.1396087006888,0.0,0.0,0.0,0.0,0.0,0.0,0.0,0.0,0.0,0.0
47.14,1.0,2.0,0.0,-0.0,0.0,-0.0,0.0,3958.1396087006888,0.0,0.0,0.0,0.0,0.0,0.0,0.0,0.0,0.0,-0.0
59.9,1.0,2.0,0.0,-0.0,0.0,-0.0,0.0,3958.1396087006888,0.0,0.0,0.0,0.0,0.0,0.0,0.0,0.0,0.0,-0.0
66.64,1.0,2.0,0.0,-0.0,0.0,-0.0,0.0,3958.1396087006888,0.0,0.0,0.0,0.0,0.0,0.0,0.0,0.0,0.0,-0.0
79.17,1.0,2.0,0.0,-0.0,0.0,-0.0,0.0,3958.1396087006888,0.0,0.0,0.0,0.0,0.0,0.0,0.0,0.0,0.0,-0.0
72.27,1.0,2.0,0.0,0.0,0.0,0.0,0.0,3958.1396087006888,0.0,0.0,0.0,0.0,0.0,0.0,0.0,0.0,0.0,0.0
81.82,1.0,2.0,0.0,-0.0,0.0,-0.0,0.0,3958.1396087006888,0.0,0.0,0.0,0.0,0.0,0.0,0.0,0.0,0.0,-0.0
81.98,1.0,2.0,0.0,-0.0,0.0,-0.0,0.0,3958.1396087006888,0.0,0.0,0.0,0.0,0.0,0.0,0.0,0.0,0.0,-0.0
85.09,1.0,2.0,0.0,-0.0,0.0,-0.0,0.0,3958.1396087006888,0.0,0.0,0.0,0.0,0.0,0.0,0.0,0.0,0.0,-0.0
103.54,1.0,2.0,0.0,-0.0,0.0,-0.0,0.0,3958.1396087006888,0.0,0.0,0.0,0.0,0.0,0.0,0.0,0.0,0.0,-0.0
124.11,1.0,2.0,0.0,-0.0,0.0,-0.0,0.0,3958.1396087006888,0.0,0.0,0.0,0.0,0.0,0.0,0.0,0.0,0.0,-0.0
138.6,1.0,2.0,0.0,0.0,0.0,0.0,0.0,3958.1396087006888,0.0,0.0,0.0,0.0,0.0,0.0,0.0,0.0,0.0,0.0
147.1,0.4729537233052701,0.9459074466105402,0.0,1.0,0.0,1.0540925533894598,145.72,4103.859608700689,0.0,0.0,0.0,0.0,0.0,0.0,0.0,0.0,0.0,1.0
144.35,-0.0,-0.0,0.0,0.8973665961010275,0.0,0.9459074466105402,128.2965022445639,4232.156110945253,0.0,0.0,0.0,0.0,0.0,0.0,0.0,0.0,0.0,0.8973665961010275
130.75,-0.0,-0.0,0.0,0.0,0.0,0.0,0.0,4232.156110945253,0.0,0.0,0.0,0.0,0.0,0.0,0.0,0.0,0.0,0.0
126.75,0.0,0.0,0.0,0.0,0.0,0.0,0.0,4232.156110945253,0.0,0.0,0.0,0.0,0.0,0.0,0.0,0.0,0.0,0.0
124.5,-0.0,-0.0,0.0,0.0,0.0,0.0,0.0,4232.156110945253,0.0,0.0,0.0,0.0,0.0,0.0,0.0,0.0,0.0,0.0
114.99,-0.0,-0.0,0.0,0.0,0.0,0.0,0.0,4232.156110945253,0.0,0.0,0.0,0.0,0.0,0.0,0.0,0.0,0.0,0.0
126.21,-0.0,-0.0,0.0,-0.0,0.0,-0.0,0.0,4232.156110945253,0.0,0.0,0.0,0.0,0.0,0.0,0.0,0.0,0.0,-0.0
115.79,-0.0,-0.0,0.0,0.0,0.0,0.0,0.0,4232.156110945253,0.0,0.0,0.0,0.0,0.0,0.0,0.0,0.0,0.0,0.0
111.3,-0.0,-0.0,0.0,0.0,0.0,0.0,0.0,4232.156110945253,0.0,0.0,0.0,0.0,0.0,0.0,0.0,0.0,0.0,0.0
106.85,-0.0,-0.0,0.0,0.0,0.0,0.0,0.0,4232.156110945253,0.0,0.0,0.0,0.0,0.0,0.0,0.0,0.0,0.0,0.0
105.43,-0.0,-0.0,0.0,0.0,0.0,0.0,0.0,4232.156110945253,0.0,0.0,0.0,0.0,0.0,0.0,0.0,0.0,0.0,0.0
103.06,0.0,0.0,0.0,0.0,0.0,0.0,0.0,4232.156110945253,0.0,0.0,0.0,0.0,0.0,0.0,0.0,0.0,0.0,0.0
99.43,0.0,0.0,-0.0,0.0,-0.0,0.0,0.0,4232.156110945253,0.0,0.0,-0.0,0.0,0.0,0.0,0.0,0.0,0.0,0.0
105.82,-0.0,-0.0,0.0,0.0,0.0,0.0,0.0,4232.156110945253,0.0,0.0,0.0,0.0,0.0,0.0,0.0,0.0,0.0,0.0
108.36,-0.0,-0.0,0.0,0.0,0.0,0.0,0.0,4232.156110945253,0.0,0.0,0.0,0.0,0.0,0.0,0.0,0.0,0.0,0.0
118.51,-0.0,-0.0,0.0,0.0,0.0,0.0,0.0,4232.156110945253,0.0,0.0,0.0,0.0,0.0,0.0,0.0,0.0,0.0,0.0
105.51,-0.0,-0.0,0.0,0.0,0.0,0.0,0.0,4232.156110945253,0.0,0.0,0.0,0.0,0.0,0.0,0.0,0.0,0.0,0.0
102.57,-0.0,-0.0,0.0,0.0,0.0,0.0,0.0,4232.156110945253,0.0,0.0,0.0,0.0,0.0,0.0,0.0,0.0,0.0,0.0
96.73,0.05131670194948623,0.10263340389897246,0.10818510677891963,0.0,0.10263340389897246,0.0,-11.667763766106482,4220.488347179146,0.0,0.0,0.10818510677891963,0.0,0.0,0.0,0.0,0.0,0.0,0.0
90.02,0.5256583509747431,1.0513167019494862,1.0,0.0,0.9486832980505138,0.0,-101.05,4119.438347179146,0.0,0.0,1.0,0.0,0.0,0.0,0.0,0.0,0.0,0.0
92.52,1.0,2.0,1.0,0.0,0.9486832980505138,0.0,-103.58,4015.858347179146,0.0,0.0,1.0,0.0,0.0,0.0,0.0,0.0,0.0,0.0
111.63,1.0,2.0,0.0,0.0,0.0,0.0,0.0,4015.858347179146,0.0,0.0,0.0,0.0,0.0,0.0,0.0,0.0,0.0,0.0
125.92,0.5270462766947299,1.0540925533894598,0.0,0.8973665961010275,0.0,0.9459074466105402,111.75803587842196,4127.616383057568,0.0,0.0,0.0,0.0,0.0,0.0,0.0,0.0,0.0,0.8973665961010275
132.77,-0.0,-0.0,0.0,1.0,0.0,1.0540925533894598,131.39000000000001,4259.006383057568,0.0,0.0,0.0,0.0,0.0,0.0,0.0,0.0,0.0,1.0
109.65,0.0,0.0,0.0,0.0,0.0,0.0,0.0,4259.006383057568,0.0,0.0,0.0,0.0,0.0,0.0,0.0,0.0,0.0,0.0
82.51,0.0,0.0,-0.0,0.0,-0.0,0.0,0.0,4259.006383057568,0.0,0.0,-0.0,0.0,0.0,0.0,0.0,0.0,0.0,0.0
69.51,-0.0,-0.0,0.0,-0.0,0.0,-0.0,0.0,4259.006383057568,0.0,0.0,0.0,0.0,0.0,0.0,0.0,0.0,0.0,-0.0
59.34,0.0,0.0,0.0,0.0,0.0,0.0,0.0,4259.006383057568,0.0,0.0,0.0,0.0,0.0,0.0,0.0,0.0,0.0,0.0
43.28,0.0,0.0,-0.0,0.0,-0.0,0.0,0.0,4259.006383057568,0.0,0.0,-0.0,0.0,0.0,0.0,0.0,0.0,0.0,0.0
23.89,-0.0,-0.0,0.0,0.0,0.0,0.0,0.0,4259.006383057568,0.0,0.0,0.0,0.0,0.0,0.0,0.0,0.0,0.0,0.0
39.12,-0.0,-0.0,0.0,-0.0,0.0,-0.0,0.0,4259.006383057568,0.0,0.0,0.0,0.0,0.0,0.0,0.0,0.0,0.0,-0.0
35.26,-0.0,-0.0,0.0,0.0,0.0,0.0,0.0,4259.006383057568,0.0,0.0,0.0,0.0,0.0,0.0,0.0,0.0,0.0,0.0
26.38,0.0,0.0,0.0,0.0,0.0,0.0,0.0,4259.006383057568,0.0,0.0,0.0,0.0,0.0,0.0,0.0,0.0,0.0,0.0
14.07,0.4743416490252569,0.9486832980505138,1.0,0.0,0.9486832980505138,0.0,-24.02,4234.986383057568,0.0,0.0,1.0,0.0,0.0,0.0,0.0,0.0,0.0,0.0
10.1,0.9486832980505138,1.8973665961010275,1.0,0.0,0.9486832980505138,0.0,-19.990000000000002,4214.996383057568,0.0,0.0,1.0,0.0,0.0,0.0,0.0,0.0,0.0,0.0
21.52,1.0,2.0,0.10818510677891963,0.0,0.10263340389897246,0.0,-3.4164856720782817,4211.57989738549,0.0,0.0,0.10818510677891963,0.0,0.0,0.0,0.0,0.0,0.0,0.0
33.4,1.0,2.0,0.0,0.0,0.0,0.0,0.0,4211.57989738549,0.0,0.0,0.0,0.0,0.0,0.0,0.0,0.0,0.0,0.0
51.35,1.0,2.0,0.0,0.0,0.0,0.0,0.0,4211.57989738549,0.0,0.0,0.0,0.0,0.0,0.0,0.0,0.0,0.0,0.0
60.49,0.4729537233052701,0.9459074466105402,0.0,1.0,0.0,1.0540925533894598,59.11,4270.6898973854895,0.0,0.0,0.0,0.0,0.0,0.0,0.0,0.0,0.0,1.0
38.56,0.4729537233052701,0.9459074466105402,0.0,0.0,0.0,0.0,0.0,4270.6898973854895,0.0,0.0,0.0,0.0,0.0,0.0,0.0,0.0,0.0,0.0
40.76,0.4729537233052701,0.9459074466105402,0.0,0.0,0.0,0.0,0.0,4270.6898973854895,0.0,0.0,0.0,0.0,0.0,0.0,0.0,0.0,0.0,0.0
36.94,0.4729537233052701,0.9459074466105402,0.0,0.0,0.0,0.0,0.0,4270.6898973854895,0.0,0.0,0.0,0.0,0.0,0.0,0.0,0.0,0.0,0.0
34.19,0.947295372330527,1.894590744661054,1.0,0.0,0.9486832980505138,0.0,-44.43,4226.259897385489,0.0,0.0,1.0,0.0,0.0,0.0,0.0,0.0,0.0,0.0
35.92,1.0,2.0,0.11111111111111122,0.0,0.10540925533894607,0.0,-5.131111111111116,4221.128786274378,0.0,0.0,0.11111111111111122,0.0,0.0,0.0,0.0,0.0,0.0,0.0
39.97,1.0,2.0,0.0,0.0,0.0,0.0,0.0,4221.128786274378,0.0,0.0,0.0,0.0,0.0,0.0,0.0,0.0,0.0,0.0
47.17,1.0,2.0,0.0,0.0,0.0,0.0,0.0,4221.128786274378,0.0,0.0,0.0,0.0,0.0,0.0,0.0,0.0,0.0,0.0
50.0,1.0,2.0,0.0,0.0,0.0,0.0,0.0,4221.128786274378,0.0,0.0,0.0,0.0,0.0,0.0,0.0,0.0,0.0,0.0
54.06,1.0,2.0,0.0,0.0,0.0,0.0,0.0,4221.128786274378,0.0,0.0,0.0,0.0,0.0,0.0,0.0,0.0,0.0,0.0
54.31,0.5256583509747431,1.0513167019494862,0.0,0.8999999999999999,0.0,0.9486832980505138,47.637,4268.765786274378,0.0,0.0,0.0,0.0,0.0,0.0,0.0,0.0,0.0,0.8999999999999999
50.31,0.5256583509747431,1.0513167019494862,0.0,0.0,0.0,0.0,0.0,4268.765786274378,0.0,0.0,0.0,0.0,0.0,0.0,0.0,0.0,0.0,0.0
45.28,0.5256583509747431,1.0513167019494862,0.0,0.0,0.0,0.0,0.0,4268.765786274378,0.0,0.0,0.0,0.0,0.0,0.0,0.0,0.0,0.0,0.0
40.46,0.5256583509747431,1.0513167019494862,0.0,0.0,0.0,0.0,0.0,4268.765786274378,0.0,0.0,0.0,0.0,0.0,0.0,0.0,0.0,0.0,0.0
38.53,0.5256583509747431,1.0513167019494862,0.0,0.0,0.0,0.0,0.0,4268.765786274378,0.0,0.0,0.0,0.0,0.0,0.0,0.0,0.0,0.0,0.0
37.63,0.5256583509747431,1.0513167019494862,0.0,0.0,0.0,0.0,0.0,4268.765786274378,0.0,0.0,0.0,0.0,0.0,0.0,0.0,0.0,0.0,0.0
38.89,0.5256583509747431,1.0513167019494862,0.0,0.0,0.0,0.0,0.0,4268.765786274378,0.0,0.0,0.0,0.0,0.0,0.0,0.0,0.0,0.0,0.0
38.03,0.5256583509747431,1.0513167019494862,0.0,0.0,0.0,0.0,0.0,4268.765786274378,0.0,0.0,0.0,0.0,0.0,0.0,0.0,0.0,0.0,0.0
35.7,1.0,2.0,1.0,0.0,0.9486832980505138,0.0,-45.96,4222.805786274378,0.0,0.0,1.0,0.0,0.0,0.0,0.0,0.0,0.0,0.0
38.05,1.0,2.0,0.0,0.0,0.0,0.0,0.0,4222.805786274378,0.0,0.0,0.0,0.0,0.0,0.0,0.0,0.0,0.0,0.0
40.86,1.0,2.0,0.0,0.0,0.0,0.0,0.0,4222.805786274378,0.0,0.0,0.0,0.0,0.0,0.0,0.0,0.0,0.0,0.0
42.62,1.0,2.0,0.0,0.0,0.0,0.0,0.0,4222.805786274378,0.0,0.0,0.0,0.0,0.0,0.0,0.0,0.0,0.0,0.0
57.45,1.0,2.0,0.0,-0.0,0.0,-0.0,0.0,4222.805786274378,0.0,0.0,0.0,0.0,0.0,0.0,0.0,0.0,0.0,-0.0
105.87,1.0,2.0,0.0,-0.0,0.0,-0.0,0.0,4222.805786274378,0.0,0.0,0.0,0.0,0.0,0.0,0.0,0.0,0.0,-0.0
118.86,1.0,2.0,0.0,-0.0,0.0,-0.0,0.0,4222.805786274378,0.0,0.0,0.0,0.0,0.0,0.0,0.0,0.0,0.0,-0.0
115.0,1.0,2.0,0.0,0.0,0.0,0.0,0.0,4222.805786274378,0.0,0.0,0.0,0.0,0.0,0.0,0.0,0.0,0.0,0.0
112.87,1.0,2.0,0.0,0.0,0.0,0.0,0.0,4222.805786274378,0.0,0.0,0.0,0.0,0.0,0.0,0.0,0.0,0.0,0.0
108.83,1.0,2.0,0.0,0.0,0.0,0.0,0.0,4222.805786274378,0.0,0.0,0.0,0.0,0.0,0.0,0.0,0.0,0.0,0.0
107.09,1.0,2.0,0.0,0.0,0.0,0.0,0.0,4222.805786274378,0.0,0.0,0.0,0.0,0.0,0.0,0.0,0.0,0.0,0.0
108.99,1.0,2.0,0.0,0.0,0.0,0.0,0.0,4222.805786274378,0.0,0.0,0.0,0.0,0.0,0.0,0.0,0.0,0.0,0.0
112.71,1.0,2.0,0.0,0.0,0.0,0.0,0.0,4222.805786274378,0.0,0.0,0.0,0.0,0.0,0.0,0.0,0.0,0.0,0.0
125.17,1.0,2.0,0.0,0.0,0.0,0.0,0.0,4222.805786274378,0.0,0.0,0.0,0.0,0.0,0.0,0.0,0.0,0.0,0.0
130.28,0.5270462766947299,1.0540925533894598,0.0,0.8973665961010275,0.0,0.9459074466105402,115.67055423742245,4338.4763405118,0.0,0.0,0.0,0.0,0.0,0.0,0.0,0.0,0.0,0.8973665961010275
139.72,-0.0,-0.0,0.0,1.0,0.0,1.0540925533894598,138.34,4476.8163405118,0.0,0.0,0.0,0.0,0.0,0.0,0.0,0.0,0.0,1.0
120.5,0.0,0.0,0.0,0.0,0.0,0.0,0.0,4476.8163405118,0.0,0.0,0.0,0.0,0.0,0.0,0.0,0.0,0.0,0.0
110.14,0.0,0.0,0.0,-0.0,0.0,-0.0,0.0,4476.8163405118,0.0,0.0,0.0,0.0,0.0,0.0,0.0,0.0,0.0,-0.0
85.4,-0.0,-0.0,0.0,0.0,0.0,0.0,0.0,4476.8163405118,0.0,0.0,0.0,0.0,0.0,0.0,0.0,0.0,0.0,0.0
72.09,0.05131670194948623,0.10263340389897246,0.10818510677891963,0.0,0.10263340389897246,0.0,-8.96421794770128,4467.852122564099,0.0,0.0,0.10818510677891963,0.0,0.0,0.0,0.0,0.0,0.0,0.0
62.02,0.5256583509747431,1.0513167019494862,1.0,0.0,0.9486832980505138,0.0,-72.65,4395.202122564099,0.0,0.0,1.0,0.0,0.0,0.0,0.0,0.0,0.0,0.0
50.84,1.0,2.0,1.0,0.0,0.9486832980505138,0.0,-61.31,4333.892122564099,0.0,0.0,1.0,0.0,0.0,0.0,0.0,0.0,0.0,0.0
87.72,1.0,2.0,0.0,0.0,0.0,0.0,0.0,4333.892122564099,0.0,0.0,0.0,0.0,0.0,0.0,0.0,0.0,0.0,0.0
83.39,1.0,2.0,0.0,0.0,0.0,0.0,0.0,4333.892122564099,0.0,0.0,0.0,0.0,0.0,0.0,0.0,0.0,0.0,0.0
78.16,1.0,2.0,0.0,0.0,0.0,0.0,0.0,4333.892122564099,0.0,0.0,0.0,0.0,0.0,0.0,0.0,0.0,0.0,0.0
75.64,1.0,2.0,0.0,0.0,0.0,0.0,0.0,4333.892122564099,0.0,0.0,0.0,0.0,0.0,0.0,0.0,0.0,0.0,0.0
75.81,1.0,2.0,0.0,0.0,0.0,0.0,0.0,4333.892122564099,0.0,0.0,0.0,0.0,0.0,0.0,0.0,0.0,0.0,0.0
80.47,1.0,2.0,0.0,0.0,0.0,0.0,0.0,4333.892122564099,0.0,0.0,0.0,0.0,0.0,0.0,0.0,0.0,0.0,0.0
92.86,1.0,2.0,-0.0,0.0,-0.0,0.0,0.0,4333.892122564099,0.0,0.0,-0.0,0.0,0.0,0.0,0.0,0.0,0.0,0.0
141.42,0.5270462766947299,1.0540925533894598,0.0,0.8973665961010275,0.0,0.9459074466105402,125.66721811798789,4459.559340682086,0.0,0.0,0.0,0.0,0.0,0.0,0.0,0.0,0.0,0.8973665961010275
142.54,0.0,0.0,0.0,1.0,0.0,1.0540925533894598,141.16,4600.719340682086,0.0,0.0,0.0,0.0,0.0,0.0,0.0,0.0,0.0,1.0
130.45,0.0,0.0,0.0,-0.0,0.0,-0.0,0.0,4600.719340682086,0.0,0.0,0.0,0.0,0.0,0.0,0.0,0.0,0.0,-0.0
105.05,-0.0,-0.0,0.0,0.0,0.0,0.0,0.0,4600.719340682086,0.0,0.0,0.0,0.0,0.0,0.0,0.0,0.0,0.0,0.0
89.25,0.0,0.0,-0.0,0.0,-0.0,0.0,0.0,4600.719340682086,0.0,0.0,-0.0,0.0,0.0,0.0,0.0,0.0,0.0,0.0
85.0,0.4743416490252569,0.9486832980505138,1.0,0.0,0.9486832980505138,0.0,-95.96000000000001,4504.759340682086,0.0,0.0,1.0,0.0,0.0,0.0,0.0,0.0,0.0,0.0
85.53,0.9486832980505138,1.8973665961010275,1.0,0.0,0.9486832980505138,0.0,-96.49000000000001,4408.269340682086,0.0,0.0,1.0,0.0,0.0,0.0,0.0,0.0,0.0,0.0
87.67,1.0,2.0,0.10818510677891963,0.0,0.10263340389897246,0.0,-10.67354263480821,4397.595798047278,0.0,0.0,0.10818510677891963,0.0,0.0,0.0,0.0,0.0,0.0,0.0
102.75,1.0,2.0,0.0,0.0,0.0,0.0,0.0,4397.595798047278,0.0,0.0,0.0,0.0,0.0,0.0,0.0,0.0,0.0,0.0
132.3,1.0,2.0,0.0,0.0,0.0,0.0,0.0,4397.595798047278,0.0,0.0,0.0,0.0,0.0,0.0,0.0,0.0,0.0,0.0
149.57,0.5270462766947299,1.0540925533894598,0.0,0.8973665961010275,0.0,0.9459074466105402,132.98075587621125,4530.576553923489,0.0,0.0,0.0,0.0,0.0,0.0,0.0,0.0,0.0,0.8973665961010275
150.09,0.0,0.0,0.0,1.0,0.0,1.0540925533894598,148.71,4679.286553923489,0.0,0.0,0.0,0.0,0.0,0.0,0.0,0.0,0.0,1.0
138.64,0.0,0.0,0.0,-0.0,0.0,-0.0,0.0,4679.286553923489,0.0,0.0,0.0,0.0,0.0,0.0,0.0,0.0,0.0,-0.0
109.16,0.0,0.0,-0.0,0.0,-0.0,0.0,0.0,4679.286553923489,0.0,0.0,-0.0,0.0,0.0,0.0,0.0,0.0,0.0,0.0
102.92,-0.0,-0.0,0.0,0.0,0.0,0.0,0.0,4679.286553923489,0.0,0.0,0.0,0.0,0.0,0.0,0.0,0.0,0.0,0.0
107.11,-0.0,-0.0,0.0,-0.0,0.0,-0.0,0.0,4679.286553923489,0.0,0.0,0.0,0.0,0.0,0.0,0.0,0.0,0.0,-0.0
99.33,-0.0,-0.0,0.0,0.0,0.0,0.0,0.0,4679.286553923489,0.0,0.0,0.0,0.0,0.0,0.0,0.0,0.0,0.0,0.0
85.15,0.0,0.0,0.0,0.0,0.0,0.0,0.0,4679.286553923489,0.0,0.0,0.0,0.0,0.0,0.0,0.0,0.0,0.0,0.0
83.89,-0.0,-0.0,0.0,0.0,0.0,0.0,0.0,4679.286553923489,0.0,0.0,0.0,0.0,0.0,0.0,0.0,0.0,0.0,0.0
80.0,0.05131670194948623,0.10263340389897246,0.10818510677891963,0.0,0.10263340389897246,0.0,-9.832944355136005,4669.453609568353,0.0,0.0,0.10818510677891963,0.0,0.0,0.0,0.0,0.0,0.0,0.0
76.19,0.5256583509747431,1.0513167019494862,1.0,0.0,0.9486832980505138,0.0,-87.02,4582.433609568353,0.0,0.0,1.0,0.0,0.0,0.0,0.0,0.0,0.0,0.0
76.32,1.0,2.0,1.0,0.0,0.9486832980505138,0.0,-87.14999999999999,4495.283609568353,0.0,0.0,1.0,0.0,0.0,0.0,0.0,0.0,0.0,0.0
94.52,1.0,2.0,0.0,0.0,0.0,0.0,0.0,4495.283609568353,0.0,0.0,0.0,0.0,0.0,0.0,0.0,0.0,0.0,0.0
112.51,1.0,2.0,0.0,0.0,0.0,0.0,0.0,4495.283609568353,0.0,0.0,0.0,0.0,0.0,0.0,0.0,0.0,0.0,0.0
130.09,1.0,2.0,0.0,0.0,0.0,0.0,0.0,4495.283609568353,0.0,0.0,0.0,0.0,0.0,0.0,0.0,0.0,0.0,0.0
143.92,0.4729537233052701,0.9459074466105402,0.0,1.0,0.0,1.0540925533894598,142.54,4637.823609568353,0.0,0.0,0.0,0.0,0.0,0.0,0.0,0.0,0.0,1.0
138.27,0.0,0.0,0.0,0.8973665961010275,0.0,0.9459074466105402,122.84051334026967,4760.664122908623,0.0,0.0,0.0,0.0,0.0,0.0,0.0,0.0,0.0,0.8973665961010275
125.01,-0.0,-0.0,0.0,0.0,0.0,0.0,0.0,4760.664122908623,0.0,0.0,0.0,0.0,0.0,0.0,0.0,0.0,0.0,0.0
107.39,0.4743416490252569,0.9486832980505138,1.0,0.0,0.9486832980505138,0.0,-118.66,4642.004122908623,0.0,0.0,1.0,0.0,0.0,0.0,0.0,0.0,0.0,0.0
107.69,0.9486832980505138,1.8973665961010275,1.0,0.0,0.9486832980505138,0.0,-118.97,4523.0341229086225,0.0,0.0,1.0,0.0,0.0,0.0,0.0,0.0,0.0,0.0
109.57,1.0,2.0,0.10818510677891963,0.0,0.10263340389897246,0.0,-13.077415707435804,4509.956707201187,0.0,0.0,0.10818510677891963,0.0,0.0,0.0,0.0,0.0,0.0,0.0
123.39,1.0,2.0,-0.0,0.0,-0.0,0.0,0.0,4509.956707201187,0.0,0.0,-0.0,0.0,0.0,0.0,0.0,0.0,0.0,0.0
140.74,1.0,2.0,0.0,0.0,0.0,0.0,0.0,4509.956707201187,0.0,0.0,0.0,0.0,0.0,0.0,0.0,0.0,0.0,0.0
146.03,1.0,2.0,0.0,0.0,0.0,0.0,0.0,4509.956707201187,0.0,0.0,0.0,0.0,0.0,0.0,0.0,0.0,0.0,0.0
172.86,0.4729537233052701,0.9459074466105402,0.0,1.0,0.0,1.0540925533894598,171.48000000000002,4681.436707201186,0.0,0.0,0.0,0.0,0.0,0.0,0.0,0.0,0.0,1.0
166.46,0.0,0.0,0.0,0.8973665961010275,0.0,0.9459074466105402,148.13727768435763,4829.573984885544,0.0,0.0,0.0,0.0,0.0,0.0,0.0,0.0,0.0,0.8973665961010275
152.09,-0.0,-0.0,0.0,0.0,0.0,0.0,0.0,4829.573984885544,0.0,0.0,0.0,0.0,0.0,0.0,0.0,0.0,0.0,0.0
140.71,-0.0,-0.0,0.0,0.0,0.0,0.0,0.0,4829.573984885544,0.0,0.0,0.0,0.0,0.0,0.0,0.0,0.0,0.0,0.0
126.07,0.0,0.0,-0.0,0.0,-0.0,0.0,0.0,4829.573984885544,0.0,0.0,-0.0,0.0,0.0,0.0,0.0,0.0,0.0,0.0
119.23,0.0,0.0,-0.0,0.0,-0.0,0.0,0.0,4829.573984885544,0.0,0.0,-0.0,0.0,0.0,0.0,0.0,0.0,0.0,0.0
109.85,-0.0,-0.0,0.0,0.0,0.0,0.0,0.0,4829.573984885544,0.0,0.0,0.0,0.0,0.0,0.0,0.0,0.0,0.0,0.0
107.88,-0.0,-0.0,0.0,0.0,0.0,0.0,0.0,4829.573984885544,0.0,0.0,0.0,0.0,0.0,0.0,0.0,0.0,0.0,0.0
94.94,-0.0,-0.0,0.0,0.0,0.0,0.0,0.0,4829.573984885544,0.0,0.0,0.0,0.0,0.0,0.0,0.0,0.0,0.0,0.0
94.9,-0.0,-0.0,0.0,0.0,0.0,0.0,0.0,4829.573984885544,0.0,0.0,0.0,0.0,0.0,0.0,0.0,0.0,0.0,0.0
93.7,0.05131670194948623,0.10263340389897246,0.10818510677891963,0.0,0.10263340389897246,0.0,-11.335635488295198,4818.238349397248,0.0,0.0,0.10818510677891963,0.0,0.0,0.0,0.0,0.0,0.0,0.0
81.43,0.5256583509747431,1.0513167019494862,1.0,0.0,0.9486832980505138,0.0,-92.34,4725.898349397248,0.0,0.0,1.0,0.0,0.0,0.0,0.0,0.0,0.0,0.0
74.38,1.0,2.0,1.0,0.0,0.9486832980505138,0.0,-85.19,4640.708349397249,0.0,0.0,1.0,0.0,0.0,0.0,0.0,0.0,0.0,0.0
104.02,1.0,2.0,0.0,0.0,0.0,0.0,0.0,4640.708349397249,0.0,0.0,0.0,0.0,0.0,0.0,0.0,0.0,0.0,0.0
153.98,1.0,2.0,0.0,0.0,0.0,0.0,0.0,4640.708349397249,0.0,0.0,0.0,0.0,0.0,0.0,0.0,0.0,0.0,0.0
163.7,0.4729537233052701,0.9459074466105402,0.0,1.0,0.0,1.0540925533894598,162.32,4803.028349397248,0.0,0.0,0.0,0.0,0.0,0.0,0.0,0.0,0.0,1.0
154.82,0.0,0.0,0.0,0.8973665961010275,0.0,0.9459074466105402,137.69193050574165,4940.72027990299,0.0,0.0,0.0,0.0,0.0,0.0,0.0,0.0,0.0,0.8973665961010275
130.1,-0.0,-0.0,0.0,0.0,0.0,0.0,0.0,4940.72027990299,0.0,0.0,0.0,0.0,0.0,0.0,0.0,0.0,0.0,0.0
126.2,-0.0,-0.0,0.0,0.0,0.0,0.0,0.0,4940.72027990299,0.0,0.0,0.0,0.0,0.0,0.0,0.0,0.0,0.0,0.0
120.06,0.4743416490252569,0.9486832980505138,1.0,0.0,0.9486832980505138,0.0,-131.51,4809.21027990299,0.0,0.0,1.0,0.0,0.0,0.0,0.0,0.0,0.0,0.0
121.19,0.5256583509747431,1.0513167019494862,0.10818510677891963,0.0,0.10263340389897246,0.0,-14.351836265291476,4794.858443637699,0.0,0.0,0.10818510677891963,0.0,0.0,0.0,0.0,0.0,0.0,0.0
119.76,1.0,2.0,1.0,0.0,0.9486832980505138,0.0,-131.21,4663.648443637699,0.0,0.0,1.0,0.0,0.0,0.0,0.0,0.0,0.0,0.0
149.87,1.0,2.0,-0.0,0.0,-0.0,0.0,0.0,4663.648443637699,0.0,0.0,-0.0,0.0,0.0,0.0,0.0,0.0,0.0,0.0
168.26,1.0,2.0,0.0,0.0,0.0,0.0,0.0,4663.648443637699,0.0,0.0,0.0,0.0,0.0,0.0,0.0,0.0,0.0,0.0
185.26,0.4729537233052701,0.9459074466105402,0.0,1.0,0.0,1.0540925533894598,183.88,4847.528443637699,0.0,0.0,0.0,0.0,0.0,0.0,0.0,0.0,0.0,1.0
184.48,0.0,0.0,0.0,0.8973665961010275,0.0,0.9459074466105402,164.30782374609814,5011.836267383796,0.0,0.0,0.0,0.0,0.0,0.0,0.0,0.0,0.0,0.8973665961010275
178.99,-0.0,-0.0,0.0,0.0,0.0,0.0,0.0,5011.836267383796,0.0,0.0,0.0,0.0,0.0,0.0,0.0,0.0,0.0,0.0
162.66,-0.0,-0.0,0.0,0.0,0.0,0.0,0.0,5011.836267383796,0.0,0.0,0.0,0.0,0.0,0.0,0.0,0.0,0.0,0.0
152.7,0.0,0.0,-0.0,0.0,-0.0,0.0,0.0,5011.836267383796,0.0,0.0,-0.0,0.0,0.0,0.0,0.0,0.0,0.0,0.0
144.31,-0.0,-0.0,0.0,-0.0,0.0,-0.0,0.0,5011.836267383796,0.0,0.0,0.0,0.0,0.0,0.0,0.0,0.0,0.0,-0.0
131.41,-0.0,-0.0,0.0,0.0,0.0,0.0,0.0,5011.836267383796,0.0,0.0,0.0,0.0,0.0,0.0,0.0,0.0,0.0,0.0
136.93,-0.0,-0.0,0.0,0.0,0.0,0.0,0.0,5011.836267383796,0.0,0.0,0.0,0.0,0.0,0.0,0.0,0.0,0.0,0.0
128.91,-0.0,-0.0,0.0,0.0,0.0,0.0,0.0,5011.836267383796,0.0,0.0,0.0,0.0,0.0,0.0,0.0,0.0,0.0,0.0
124.24,-0.0,-0.0,0.0,0.0,0.0,0.0,0.0,5011.836267383796,0.0,0.0,0.0,0.0,0.0,0.0,0.0,0.0,0.0,0.0
119.12,0.0,0.0,0.0,0.0,0.0,0.0,0.0,5011.836267383796,0.0,0.0,0.0,0.0,0.0,0.0,0.0,0.0,0.0,0.0
110.46,0.4743416490252569,0.9486832980505138,1.0,0.0,0.9486832980505138,0.0,-121.78,4890.056267383797,0.0,0.0,1.0,0.0,0.0,0.0,0.0,0.0,0.0,0.0
99.41,0.9486832980505138,1.8973665961010275,1.0,0.0,0.9486832980505138,0.0,-110.57,4779.486267383797,0.0,0.0,1.0,0.0,0.0,0.0,0.0,0.0,0.0,0.0
116.4,0.9486832980505138,1.8973665961010275,0.0,0.0,0.0,0.0,0.0,4779.486267383797,0.0,0.0,0.0,0.0,0.0,0.0,0.0,0.0,0.0,0.0
125.46,0.9486832980505138,1.8973665961010275,0.0,0.0,0.0,0.0,0.0,4779.486267383797,0.0,0.0,0.0,0.0,0.0,0.0,0.0,0.0,0.0,0.0
147.65,0.42163702135578385,0.8432740427115677,0.0,1.0,0.0,1.0540925533894598,146.27,4925.756267383797,0.0,0.0,0.0,0.0,0.0,0.0,0.0,0.0,0.0,1.0
142.44,-0.0,-0.0,0.0,0.7999999999999998,0.0,0.8432740427115677,112.84799999999997,5038.604267383797,0.0,0.0,0.0,0.0,0.0,0.0,0.0,0.0,0.0,0.7999999999999998
128.4,-0.0,-0.0,0.0,0.0,0.0,0.0,0.0,5038.604267383797,0.0,0.0,0.0,0.0,0.0,0.0,0.0,0.0,0.0,0.0
120.08,0.0,0.0,0.0,0.0,0.0,0.0,0.0,5038.604267383797,0.0,0.0,0.0,0.0,0.0,0.0,0.0,0.0,0.0,0.0
110.29,0.4743416490252569,0.9486832980505138,1.0,0.0,0.9486832980505138,0.0,-121.61000000000001,4916.994267383798,0.0,0.0,1.0,0.0,0.0,0.0,0.0,0.0,0.0,0.0
103.4,0.9486832980505138,1.8973665961010275,1.0,0.0,0.9486832980505138,0.0,-114.62,4802.374267383798,0.0,0.0,1.0,0.0,0.0,0.0,0.0,0.0,0.0,0.0
113.7,1.0,2.0,0.10818510677891963,0.0,0.10263340389897246,0.0,-13.529629453771689,4788.844637930026,0.0,0.0,0.10818510677891963,0.0,0.0,0.0,0.0,0.0,0.0,0.0
128.1,1.0,2.0,0.0,0.0,0.0,0.0,0.0,4788.844637930026,0.0,0.0,0.0,0.0,0.0,0.0,0.0,0.0,0.0,0.0
152.11,1.0,2.0,0.0,0.0,0.0,0.0,0.0,4788.844637930026,0.0,0.0,0.0,0.0,0.0,0.0,0.0,0.0,0.0,0.0
166.35,0.5270462766947299,1.0540925533894598,0.0,0.8973665961010275,0.0,0.9459074466105402,148.0385673587865,4936.883205288812,0.0,0.0,0.0,0.0,0.0,0.0,0.0,0.0,0.0,0.8973665961010275
167.51,-0.0,-0.0,0.0,1.0,0.0,1.0540925533894598,166.13,5103.013205288812,0.0,0.0,0.0,0.0,0.0,0.0,0.0,0.0,0.0,1.0
162.98,0.0,0.0,0.0,0.0,0.0,0.0,0.0,5103.013205288812,0.0,0.0,0.0,0.0,0.0,0.0,0.0,0.0,0.0,0.0
155.95,-0.0,-0.0,0.0,-0.0,0.0,-0.0,0.0,5103.013205288812,0.0,0.0,0.0,0.0,0.0,0.0,0.0,0.0,0.0,-0.0
145.24,-0.0,-0.0,0.0,0.0,0.0,0.0,0.0,5103.013205288812,0.0,0.0,0.0,0.0,0.0,0.0,0.0,0.0,0.0,0.0
141.73,-0.0,-0.0,0.0,0.0,0.0,0.0,0.0,5103.013205288812,0.0,0.0,0.0,0.0,0.0,0.0,0.0,0.0,0.0,0.0
131.74,-0.0,-0.0,0.0,0.0,0.0,0.0,0.0,5103.013205288812,0.0,0.0,0.0,0.0,0.0,0.0,0.0,0.0,0.0,0.0
133.26,0.0,0.0,0.0,0.0,0.0,0.0,0.0,5103.013205288812,0.0,0.0,0.0,0.0,0.0,0.0,0.0,0.0,0.0,0.0
126.91,-0.0,-0.0,0.0,0.0,0.0,0.0,0.0,5103.013205288812,0.0,0.0,0.0,0.0,0.0,0.0,0.0,0.0,0.0,0.0
122.99,0.0,0.0,-0.0,0.0,-0.0,0.0,0.0,5103.013205288812,0.0,0.0,-0.0,0.0,0.0,0.0,0.0,0.0,0.0,0.0
120.66,0.05131670194948623,0.10263340389897246,0.10818510677891963,0.0,0.10263340389897246,0.0,-14.29341630763086,5088.719788981181,0.0,0.0,0.10818510677891963,0.0,0.0,0.0,0.0,0.0,0.0,0.0
122.34,0.05131670194948623,0.10263340389897246,0.0,0.0,0.0,0.0,0.0,5088.719788981181,0.0,0.0,0.0,0.0,0.0,0.0,0.0,0.0,0.0,0.0
123.41,0.05131670194948623,0.10263340389897246,0.0,0.0,0.0,0.0,0.0,5088.719788981181,0.0,0.0,0.0,0.0,0.0,0.0,0.0,0.0,0.0,0.0
128.09,0.05131670194948623,0.10263340389897246,0.0,0.0,0.0,0.0,0.0,5088.719788981181,0.0,0.0,0.0,0.0,0.0,0.0,0.0,0.0,0.0,0.0
135.9,0.05131670194948623,0.10263340389897246,0.0,0.0,0.0,0.0,0.0,5088.719788981181,0.0,0.0,0.0,0.0,0.0,0.0,0.0,0.0,0.0,0.0
137.3,0.05131670194948623,0.10263340389897246,0.0,0.0,0.0,0.0,0.0,5088.719788981181,0.0,0.0,0.0,0.0,0.0,0.0,0.0,0.0,0.0,0.0
137.7,0.05131670194948623,0.10263340389897246,0.0,0.0,0.0,0.0,0.0,5088.719788981181,0.0,0.0,0.0,0.0,0.0,0.0,0.0,0.0,0.0,0.0
130.04,0.05131670194948623,0.10263340389897246,0.0,0.0,0.0,0.0,0.0,5088.719788981181,0.0,0.0,0.0,0.0,0.0,0.0,0.0,0.0,0.0,0.0
129.33,0.05131670194948623,0.10263340389897246,0.0,0.0,0.0,0.0,0.0,5088.719788981181,0.0,0.0,0.0,0.0,0.0,0.0,0.0,0.0,0.0,0.0
122.24,0.05131670194948623,0.10263340389897246,0.0,0.0,0.0,0.0,0.0,5088.719788981181,0.0,0.0,0.0,0.0,0.0,0.0,0.0,0.0,0.0,0.0
111.88,0.5256583509747431,1.0513167019494862,1.0,0.0,0.9486832980505138,0.0,-123.22,4965.499788981181,0.0,0.0,1.0,0.0,0.0,0.0,0.0,0.0,0.0,0.0
116.42,1.0,2.0,1.0,0.0,0.9486832980505138,0.0,-127.82000000000001,4837.679788981181,0.0,0.0,1.0,0.0,0.0,0.0,0.0,0.0,0.0,0.0
127.97,1.0,2.0,0.0,0.0,0.0,0.0,0.0,4837.679788981181,0.0,0.0,0.0,0.0,0.0,0.0,0.0,0.0,0.0,0.0
151.21,1.0,2.0,0.0,0.0,0.0,0.0,0.0,4837.679788981181,0.0,0.0,0.0,0.0,0.0,0.0,0.0,0.0,0.0,0.0
164.03,1.0,2.0,0.0,0.0,0.0,0.0,0.0,4837.679788981181,0.0,0.0,0.0,0.0,0.0,0.0,0.0,0.0,0.0,0.0
172.49,0.5270462766947299,1.0540925533894598,0.0,0.8973665961010275,0.0,0.9459074466105402,153.54839825884682,4991.228187240028,0.0,0.0,0.0,0.0,0.0,0.0,0.0,0.0,0.0,0.8973665961010275
173.95,-0.0,-0.0,0.0,1.0,0.0,1.0540925533894598,172.57,5163.798187240028,0.0,0.0,0.0,0.0,0.0,0.0,0.0,0.0,0.0,1.0
165.06,0.0,0.0,0.0,0.0,0.0,0.0,0.0,5163.798187240028,0.0,0.0,0.0,0.0,0.0,0.0,0.0,0.0,0.0,0.0
145.93,-0.0,-0.0,0.0,0.0,0.0,0.0,0.0,5163.798187240028,0.0,0.0,0.0,0.0,0.0,0.0,0.0,0.0,0.0,0.0
123.15,-0.0,-0.0,0.0,0.0,0.0,0.0,0.0,5163.798187240028,0.0,0.0,0.0,0.0,0.0,0.0,0.0,0.0,0.0,0.0
121.7,-0.0,-0.0,0.0,0.0,0.0,0.0,0.0,5163.798187240028,0.0,0.0,0.0,0.0,0.0,0.0,0.0,0.0,0.0,0.0
125.3,-0.0,-0.0,0.0,0.0,0.0,0.0,0.0,5163.798187240028,0.0,0.0,0.0,0.0,0.0,0.0,0.0,0.0,0.0,0.0
126.63,-0.0,-0.0,0.0,0.0,0.0,0.0,0.0,5163.798187240028,0.0,0.0,0.0,0.0,0.0,0.0,0.0,0.0,0.0,0.0
124.72,-0.0,-0.0,0.0,0.0,0.0,0.0,0.0,5163.798187240028,0.0,0.0,0.0,0.0,0.0,0.0,0.0,0.0,0.0,0.0
120.04,0.05131670194948623,0.10263340389897246,0.10818510677891963,0.0,0.10263340389897246,0.0,-14.225259690360144,5149.572927549668,0.0,0.0,0.10818510677891963,0.0,0.0,0.0,0.0,0.0,0.0,0.0
110.91,0.5256583509747431,1.0513167019494862,1.0,0.0,0.9486832980505138,0.0,-122.22999999999999,5027.342927549668,0.0,0.0,1.0,0.0,0.0,0.0,0.0,0.0,0.0,0.0
116.9,1.0,2.0,1.0,0.0,0.9486832980505138,0.0,-128.31,4899.032927549668,0.0,0.0,1.0,0.0,0.0,0.0,0.0,0.0,0.0,0.0
159.18,1.0,2.0,-0.0,0.0,-0.0,0.0,0.0,4899.032927549668,0.0,0.0,-0.0,0.0,0.0,0.0,0.0,0.0,0.0,0.0
207.88,0.5270462766947299,1.0540925533894598,0.0,0.8973665961010275,0.0,0.9459074466105402,185.3062020948622,5084.33912964453,0.0,0.0,0.0,0.0,0.0,0.0,0.0,0.0,0.0,0.8973665961010275
243.23,-0.0,-0.0,0.0,1.0,0.0,1.0540925533894598,241.85,5326.18912964453,0.0,0.0,0.0,0.0,0.0,0.0,0.0,0.0,0.0,1.0
178.04,0.0,0.0,0.0,0.0,0.0,0.0,0.0,5326.18912964453,0.0,0.0,0.0,0.0,0.0,0.0,0.0,0.0,0.0,0.0
149.95,-0.0,-0.0,0.0,0.0,0.0,0.0,0.0,5326.18912964453,0.0,0.0,0.0,0.0,0.0,0.0,0.0,0.0,0.0,0.0
126.05,-0.0,-0.0,0.0,0.0,0.0,0.0,0.0,5326.18912964453,0.0,0.0,0.0,0.0,0.0,0.0,0.0,0.0,0.0,0.0
117.27,0.4743416490252569,0.9486832980505138,1.0,0.0,0.9486832980505138,0.0,-128.68,5197.50912964453,0.0,0.0,1.0,0.0,0.0,0.0,0.0,0.0,0.0,0.0
115.29,0.9486832980505138,1.8973665961010275,1.0,0.0,0.9486832980505138,0.0,-126.68,5070.8291296445295,0.0,0.0,1.0,0.0,0.0,0.0,0.0,0.0,0.0,0.0
124.18,1.0,2.0,0.10818510677891963,0.0,0.10263340389897246,0.0,-14.679637138831605,5056.149492505698,0.0,0.0,0.10818510677891963,0.0,0.0,0.0,0.0,0.0,0.0,0.0
144.74,1.0,2.0,-0.0,0.0,-0.0,0.0,0.0,5056.149492505698,0.0,0.0,-0.0,0.0,0.0,0.0,0.0,0.0,0.0,0.0
170.71,1.0,2.0,0.0,0.0,0.0,0.0,0.0,5056.149492505698,0.0,0.0,0.0,0.0,0.0,0.0,0.0,0.0,0.0,0.0
216.0,0.4729537233052701,0.9459074466105402,0.0,1.0,0.0,1.0540925533894598,214.62,5270.769492505698,0.0,0.0,0.0,0.0,0.0,0.0,0.0,0.0,0.0,1.0
200.73,0.4729537233052701,0.9459074466105402,0.0,0.0,0.0,0.0,0.0,5270.769492505698,0.0,0.0,0.0,0.0,0.0,0.0,0.0,0.0,0.0,0.0
200.79,0.0,0.0,0.0,0.8973665961010275,0.0,0.9459074466105402,178.9438729285059,5449.713365434203,0.0,0.0,0.0,0.0,0.0,0.0,0.0,0.0,0.0,0.8973665961010275
167.15,-0.0,-0.0,0.0,0.0,0.0,0.0,0.0,5449.713365434203,0.0,0.0,0.0,0.0,0.0,0.0,0.0,0.0,0.0,0.0
143.58,0.0,0.0,-0.0,0.0,-0.0,0.0,0.0,5449.713365434203,0.0,0.0,-0.0,0.0,0.0,0.0,0.0,0.0,0.0,0.0
122.16,0.0,0.0,0.0,-0.0,0.0,-0.0,0.0,5449.713365434203,0.0,0.0,0.0,0.0,0.0,0.0,0.0,0.0,0.0,-0.0
93.51,0.4743416490252569,0.9486832980505138,1.0,0.0,0.9486832980505138,0.0,-104.59,5345.123365434203,0.0,0.0,1.0,0.0,0.0,0.0,0.0,0.0,0.0,0.0
118.67,0.4743416490252569,0.9486832980505138,0.0,0.0,0.0,0.0,0.0,5345.123365434203,0.0,0.0,0.0,0.0,0.0,0.0,0.0,0.0,0.0,0.0
120.57,0.05131670194948623,0.10263340389897246,0.0,0.8026334038989723,0.0,0.8460498941515413,95.6658754107185,5440.789240844922,0.0,0.0,0.0,0.0,0.0,0.0,0.0,0.0,0.0,0.8026334038989723
110.31,0.05131670194948623,0.10263340389897246,0.0,0.0,0.0,0.0,0.0,5440.789240844922,0.0,0.0,0.0,0.0,0.0,0.0,0.0,0.0,0.0,0.0
97.5,0.05131670194948623,0.10263340389897246,0.0,0.0,0.0,0.0,0.0,5440.789240844922,0.0,0.0,0.0,0.0,0.0,0.0,0.0,0.0,0.0,0.0
77.69,0.5256583509747431,1.0513167019494862,1.0,0.0,0.9486832980505138,0.0,-88.53999999999999,5352.249240844922,0.0,0.0,1.0,0.0,0.0,0.0,0.0,0.0,0.0,0.0
80.53,1.0,2.0,1.0,0.0,0.9486832980505138,0.0,-91.42,5260.8292408449215,0.0,0.0,1.0,0.0,0.0,0.0,0.0,0.0,0.0,0.0
106.58,1.0,2.0,0.0,0.0,0.0,0.0,0.0,5260.8292408449215,0.0,0.0,0.0,0.0,0.0,0.0,0.0,0.0,0.0,0.0
155.2,0.5270462766947299,1.0540925533894598,0.0,0.8973665961010275,0.0,0.9459074466105402,138.03292981226005,5398.862170657181,0.0,0.0,0.0,0.0,0.0,0.0,0.0,0.0,0.0,0.8973665961010275
197.32,-0.0,-0.0,0.0,1.0,0.0,1.0540925533894598,195.94,5594.802170657181,0.0,0.0,0.0,0.0,0.0,0.0,0.0,0.0,0.0,1.0
150.6,-0.0,-0.0,0.0,0.0,0.0,0.0,0.0,5594.802170657181,0.0,0.0,0.0,0.0,0.0,0.0,0.0,0.0,0.0,0.0
134.72,0.0,0.0,0.0,0.0,0.0,0.0,0.0,5594.802170657181,0.0,0.0,0.0,0.0,0.0,0.0,0.0,0.0,0.0,0.0
112.92,-0.0,-0.0,0.0,-0.0,0.0,-0.0,0.0,5594.802170657181,0.0,0.0,0.0,0.0,0.0,0.0,0.0,0.0,0.0,-0.0
97.34,0.0,0.0,0.0,0.0,0.0,0.0,0.0,5594.802170657181,0.0,0.0,0.0,0.0,0.0,0.0,0.0,0.0,0.0,0.0
86.06,-0.0,-0.0,0.0,0.0,0.0,0.0,0.0,5594.802170657181,0.0,0.0,0.0,0.0,0.0,0.0,0.0,0.0,0.0,0.0
78.27,-0.0,-0.0,-0.0,0.0,-0.0,0.0,0.0,5594.802170657181,0.0,0.0,-0.0,0.0,0.0,0.0,0.0,0.0,0.0,0.0
80.76,-0.0,-0.0,0.0,0.0,0.0,0.0,0.0,5594.802170657181,0.0,0.0,0.0,0.0,0.0,0.0,0.0,0.0,0.0,0.0
95.41,-0.0,-0.0,0.0,0.0,0.0,0.0,0.0,5594.802170657181,0.0,0.0,0.0,0.0,0.0,0.0,0.0,0.0,0.0,0.0
99.91,-0.0,-0.0,0.0,0.0,0.0,0.0,0.0,5594.802170657181,0.0,0.0,0.0,0.0,0.0,0.0,0.0,0.0,0.0,0.0
98.97,0.0,0.0,0.0,0.0,0.0,0.0,0.0,5594.802170657181,0.0,0.0,0.0,0.0,0.0,0.0,0.0,0.0,0.0,0.0
86.07,-0.0,-0.0,0.0,-0.0,0.0,-0.0,0.0,5594.802170657181,0.0,0.0,0.0,0.0,0.0,0.0,0.0,0.0,0.0,-0.0
75.48,-0.0,-0.0,0.0,0.0,0.0,0.0,0.0,5594.802170657181,0.0,0.0,0.0,0.0,0.0,0.0,0.0,0.0,0.0,0.0
67.93,0.0,0.0,0.0,0.0,0.0,0.0,0.0,5594.802170657181,0.0,0.0,0.0,0.0,0.0,0.0,0.0,0.0,0.0,0.0
65.05,-0.0,-0.0,0.0,0.0,0.0,0.0,0.0,5594.802170657181,0.0,0.0,0.0,0.0,0.0,0.0,0.0,0.0,0.0,0.0
52.79,0.4743416490252569,0.9486832980505138,1.0,0.0,0.9486832980505138,0.0,-63.29,5531.512170657181,0.0,0.0,1.0,0.0,0.0,0.0,0.0,0.0,0.0,0.0
59.46,0.4743416490252569,0.9486832980505138,0.0,0.0,0.0,0.0,0.0,5531.512170657181,0.0,0.0,0.0,0.0,0.0,0.0,0.0,0.0,0.0,0.0
58.42,0.9486832980505138,1.8973665961010275,1.0,0.0,0.9486832980505138,0.0,-69.0,5462.512170657181,0.0,0.0,1.0,0.0,0.0,0.0,0.0,0.0,0.0,0.0
58.78,0.9486832980505138,1.8973665961010275,0.0,0.0,0.0,0.0,0.0,5462.512170657181,0.0,0.0,0.0,0.0,0.0,0.0,0.0,0.0,0.0,0.0
58.49,1.0,2.0,0.10818510677891963,0.0,0.10263340389897246,0.0,-7.47234532521998,5455.039825331961,0.0,0.0,0.10818510677891963,0.0,0.0,0.0,0.0,0.0,0.0,0.0
61.54,1.0,2.0,0.0,0.0,0.0,0.0,0.0,5455.039825331961,0.0,0.0,0.0,0.0,0.0,0.0,0.0,0.0,0.0,0.0
75.93,1.0,2.0,-0.0,0.0,-0.0,0.0,0.0,5455.039825331961,0.0,0.0,-0.0,0.0,0.0,0.0,0.0,0.0,0.0,0.0
87.06,1.0,2.0,0.0,0.0,0.0,0.0,0.0,5455.039825331961,0.0,0.0,0.0,0.0,0.0,0.0,0.0,0.0,0.0,0.0
98.77,1.0,2.0,0.0,-0.0,0.0,-0.0,0.0,5455.039825331961,0.0,0.0,0.0,0.0,0.0,0.0,0.0,0.0,0.0,-0.0
107.52,0.4729537233052701,0.9459074466105402,0.0,1.0,0.0,1.0540925533894598,106.14,5561.179825331961,0.0,0.0,0.0,0.0,0.0,0.0,0.0,0.0,0.0,1.0
100.39,0.0,0.0,0.0,0.8973665961010275,0.0,0.9459074466105402,88.84826667996273,5650.028092011924,0.0,0.0,0.0,0.0,0.0,0.0,0.0,0.0,0.0,0.8973665961010275
88.0,-0.0,-0.0,0.0,0.0,0.0,0.0,0.0,5650.028092011924,0.0,0.0,0.0,0.0,0.0,0.0,0.0,0.0,0.0,0.0
68.68,0.05131670194948623,0.10263340389897246,0.10818510677891963,0.0,0.10263340389897246,0.0,-8.589897478246218,5641.438194533678,0.0,0.0,0.10818510677891963,0.0,0.0,0.0,0.0,0.0,0.0,0.0
68.11,0.5256583509747431,1.0513167019494862,1.0,0.0,0.9486832980505138,0.0,-78.83,5562.608194533678,0.0,0.0,1.0,0.0,0.0,0.0,0.0,0.0,0.0,0.0
68.32,1.0,2.0,1.0,0.0,0.9486832980505138,0.0,-79.03999999999999,5483.568194533678,0.0,0.0,1.0,0.0,0.0,0.0,0.0,0.0,0.0,0.0
82.68,1.0,2.0,0.0,0.0,0.0,0.0,0.0,5483.568194533678,0.0,0.0,0.0,0.0,0.0,0.0,0.0,0.0,0.0,0.0
93.9,1.0,2.0,-0.0,0.0,-0.0,0.0,0.0,5483.568194533678,0.0,0.0,-0.0,0.0,0.0,0.0,0.0,0.0,0.0,0.0
108.62,1.0,2.0,-0.0,0.0,-0.0,0.0,0.0,5483.568194533678,0.0,0.0,-0.0,0.0,0.0,0.0,0.0,0.0,0.0,0.0
130.44,1.0,2.0,0.0,0.0,0.0,0.0,0.0,5483.568194533678,0.0,0.0,0.0,0.0,0.0,0.0,0.0,0.0,0.0,0.0
138.5,0.4729537233052701,0.9459074466105402,0.0,1.0,0.0,1.0540925533894598,137.12,5620.688194533678,0.0,0.0,0.0,0.0,0.0,0.0,0.0,0.0,0.0,1.0
137.66,0.0,0.0,0.0,0.8973665961010275,0.0,0.9459074466105402,122.29311971664802,5742.981314250326,0.0,0.0,0.0,0.0,0.0,0.0,0.0,0.0,0.0,0.8973665961010275
122.43,-0.0,-0.0,0.0,0.0,0.0,0.0,0.0,5742.981314250326,0.0,0.0,0.0,0.0,0.0,0.0,0.0,0.0,0.0,0.0
115.79,-0.0,-0.0,0.0,0.0,0.0,0.0,0.0,5742.981314250326,0.0,0.0,0.0,0.0,0.0,0.0,0.0,0.0,0.0,0.0
106.69,0.4743416490252569,0.9486832980505138,1.0,0.0,0.9486832980505138,0.0,-117.95,5625.031314250326,0.0,0.0,1.0,0.0,0.0,0.0,0.0,0.0,0.0,0.0
91.28,0.9486832980505138,1.8973665961010275,1.0,0.0,0.9486832980505138,0.0,-102.33,5522.7013142503265,0.0,0.0,1.0,0.0,0.0,0.0,0.0,0.0,0.0,0.0
109.44,1.0,2.0,0.10818510677891963,0.0,0.10263340389897246,0.0,-13.062269792486756,5509.63904445784,0.0,0.0,0.10818510677891963,0.0,0.0,0.0,0.0,0.0,0.0,0.0
116.69,1.0,2.0,0.0,0.0,0.0,0.0,0.0,5509.63904445784,0.0,0.0,0.0,0.0,0.0,0.0,0.0,0.0,0.0,0.0
120.56,1.0,2.0,0.0,0.0,0.0,0.0,0.0,5509.63904445784,0.0,0.0,0.0,0.0,0.0,0.0,0.0,0.0,0.0,0.0
122.64,1.0,2.0,0.0,0.0,0.0,0.0,0.0,5509.63904445784,0.0,0.0,0.0,0.0,0.0,0.0,0.0,0.0,0.0,0.0
115.27,1.0,2.0,-0.0,0.0,-0.0,0.0,0.0,5509.63904445784,0.0,0.0,-0.0,0.0,0.0,0.0,0.0,0.0,0.0,0.0
122.26,1.0,2.0,0.0,0.0,0.0,0.0,0.0,5509.63904445784,0.0,0.0,0.0,0.0,0.0,0.0,0.0,0.0,0.0,0.0
119.84,1.0,2.0,-0.0,0.0,-0.0,0.0,0.0,5509.63904445784,0.0,0.0,-0.0,0.0,0.0,0.0,0.0,0.0,0.0,0.0
173.76,1.0,2.0,0.0,0.0,0.0,0.0,0.0,5509.63904445784,0.0,0.0,0.0,0.0,0.0,0.0,0.0,0.0,0.0,0.0
212.99,0.4729537233052701,0.9459074466105402,0.0,1.0,0.0,1.0540925533894598,211.61,5721.24904445784,0.0,0.0,0.0,0.0,0.0,0.0,0.0,0.0,0.0,1.0
177.61,0.0,0.0,0.0,0.8973665961010275,0.0,0.9459074466105402,158.14291523088409,5879.391959688724,0.0,0.0,0.0,0.0,0.0,0.0,0.0,0.0,0.0,0.8973665961010275
158.26,0.0,0.0,0.0,-0.0,0.0,-0.0,0.0,5879.391959688724,0.0,0.0,0.0,0.0,0.0,0.0,0.0,0.0,0.0,-0.0
135.3,-0.0,-0.0,0.0,0.0,0.0,0.0,0.0,5879.391959688724,0.0,0.0,0.0,0.0,0.0,0.0,0.0,0.0,0.0,0.0
118.36,0.05131670194948623,0.10263340389897246,0.10818510677891963,0.0,0.10263340389897246,0.0,-14.041345008835977,5865.350614679887,0.0,0.0,0.10818510677891963,0.0,0.0,0.0,0.0,0.0,0.0,0.0
117.84,0.5256583509747431,1.0513167019494862,1.0,0.0,0.9486832980505138,0.0,-129.26,5736.090614679887,0.0,0.0,1.0,0.0,0.0,0.0,0.0,0.0,0.0,0.0
110.96,1.0,2.0,1.0,0.0,0.9486832980505138,0.0,-122.28999999999999,5613.800614679887,0.0,0.0,1.0,0.0,0.0,0.0,0.0,0.0,0.0,0.0
130.04,1.0,2.0,0.0,0.0,0.0,0.0,0.0,5613.800614679887,0.0,0.0,0.0,0.0,0.0,0.0,0.0,0.0,0.0,0.0
139.99,1.0,2.0,-0.0,0.0,-0.0,0.0,0.0,5613.800614679887,0.0,0.0,-0.0,0.0,0.0,0.0,0.0,0.0,0.0,0.0
170.17,0.5270462766947299,1.0540925533894598,0.0,0.8973665961010275,0.0,0.9459074466105402,151.46650775589242,5765.267122435779,0.0,0.0,0.0,0.0,0.0,0.0,0.0,0.0,0.0,0.8973665961010275
170.48,-0.0,-0.0,0.0,1.0,0.0,1.0540925533894598,169.1,5934.3671224357795,0.0,0.0,0.0,0.0,0.0,0.0,0.0,0.0,0.0,1.0
162.65,-0.0,-0.0,0.0,0.0,0.0,0.0,0.0,5934.3671224357795,0.0,0.0,0.0,0.0,0.0,0.0,0.0,0.0,0.0,0.0
140.78,0.0,0.0,0.0,0.0,0.0,0.0,0.0,5934.3671224357795,0.0,0.0,0.0,0.0,0.0,0.0,0.0,0.0,0.0,0.0
131.1,-0.0,-0.0,0.0,-0.0,0.0,-0.0,0.0,5934.3671224357795,0.0,0.0,0.0,0.0,0.0,0.0,0.0,0.0,0.0,-0.0
121.93,-0.0,-0.0,0.0,0.0,0.0,0.0,0.0,5934.3671224357795,0.0,0.0,0.0,0.0,0.0,0.0,0.0,0.0,0.0,0.0
115.03,-0.0,-0.0,0.0,0.0,0.0,0.0,0.0,5934.3671224357795,0.0,0.0,0.0,0.0,0.0,0.0,0.0,0.0,0.0,0.0
113.41,-0.0,-0.0,0.0,0.0,0.0,0.0,0.0,5934.3671224357795,0.0,0.0,0.0,0.0,0.0,0.0,0.0,0.0,0.0,0.0
108.55,-0.0,-0.0,0.0,0.0,0.0,0.0,0.0,5934.3671224357795,0.0,0.0,0.0,0.0,0.0,0.0,0.0,0.0,0.0,0.0
108.82,0.0,0.0,0.0,0.0,0.0,0.0,0.0,5934.3671224357795,0.0,0.0,0.0,0.0,0.0,0.0,0.0,0.0,0.0,0.0
105.0,0.05131670194948623,0.10263340389897246,0.10818510677891963,0.0,0.10263340389897246,0.0,-12.575436811981618,5921.791685623798,0.0,0.0,0.10818510677891963,0.0,0.0,0.0,0.0,0.0,0.0,0.0
87.73,0.5256583509747431,1.0513167019494862,1.0,0.0,0.9486832980505138,0.0,-98.73,5823.061685623798,0.0,0.0,1.0,0.0,0.0,0.0,0.0,0.0,0.0,0.0
89.86,1.0,2.0,1.0,0.0,0.9486832980505138,0.0,-100.89,5722.171685623798,0.0,0.0,1.0,0.0,0.0,0.0,0.0,0.0,0.0,0.0
110.43,1.0,2.0,-0.0,0.0,-0.0,0.0,0.0,5722.171685623798,0.0,0.0,-0.0,0.0,0.0,0.0,0.0,0.0,0.0,0.0
141.41,1.0,2.0,0.0,0.0,0.0,0.0,0.0,5722.171685623798,0.0,0.0,0.0,0.0,0.0,0.0,0.0,0.0,0.0,0.0
163.89,0.4729537233052701,0.9459074466105402,0.0,1.0,0.0,1.0540925533894598,162.51,5884.681685623798,0.0,0.0,0.0,0.0,0.0,0.0,0.0,0.0,0.0,1.0
149.95,-0.0,-0.0,0.0,0.8973665961010275,0.0,0.9459074466105402,133.32175518272965,6018.003440806528,0.0,0.0,0.0,0.0,0.0,0.0,0.0,0.0,0.0,0.8973665961010275
129.15,0.0,0.0,0.0,0.0,0.0,0.0,0.0,6018.003440806528,0.0,0.0,0.0,0.0,0.0,0.0,0.0,0.0,0.0,0.0
99.99,-0.0,-0.0,0.0,0.0,0.0,0.0,0.0,6018.003440806528,0.0,0.0,0.0,0.0,0.0,0.0,0.0,0.0,0.0,0.0
89.11,-0.0,-0.0,0.0,0.0,0.0,0.0,0.0,6018.003440806528,0.0,0.0,0.0,0.0,0.0,0.0,0.0,0.0,0.0,0.0
89.19,-0.0,-0.0,0.0,0.0,0.0,0.0,0.0,6018.003440806528,0.0,0.0,0.0,0.0,0.0,0.0,0.0,0.0,0.0,0.0
88.88,0.0,0.0,-0.0,0.0,-0.0,0.0,0.0,6018.003440806528,0.0,0.0,-0.0,0.0,0.0,0.0,0.0,0.0,0.0,0.0
86.43,-0.0,-0.0,-0.0,0.0,-0.0,0.0,0.0,6018.003440806528,0.0,0.0,-0.0,0.0,0.0,0.0,0.0,0.0,0.0,0.0
97.79,-0.0,-0.0,0.0,0.0,0.0,0.0,0.0,6018.003440806528,0.0,0.0,0.0,0.0,0.0,0.0,0.0,0.0,0.0,0.0
107.28,-0.0,-0.0,0.0,0.0,0.0,0.0,0.0,6018.003440806528,0.0,0.0,0.0,0.0,0.0,0.0,0.0,0.0,0.0,0.0
108.71,-0.0,-0.0,0.0,0.0,0.0,0.0,0.0,6018.003440806528,0.0,0.0,0.0,0.0,0.0,0.0,0.0,0.0,0.0,0.0
91.68,0.0,0.0,0.0,0.0,0.0,0.0,0.0,6018.003440806528,0.0,0.0,0.0,0.0,0.0,0.0,0.0,0.0,0.0,0.0
74.96,-0.0,-0.0,0.0,0.0,0.0,0.0,0.0,6018.003440806528,0.0,0.0,0.0,0.0,0.0,0.0,0.0,0.0,0.0,0.0
68.84,-0.0,-0.0,0.0,0.0,0.0,0.0,0.0,6018.003440806528,0.0,0.0,0.0,0.0,0.0,0.0,0.0,0.0,0.0,0.0
63.4,-0.0,-0.0,-0.0,0.0,-0.0,0.0,0.0,6018.003440806528,0.0,0.0,-0.0,0.0,0.0,0.0,0.0,0.0,0.0,0.0
63.54,0.0,0.0,0.0,0.0,0.0,0.0,0.0,6018.003440806528,0.0,0.0,0.0,0.0,0.0,0.0,0.0,0.0,0.0,0.0
56.76,0.4743416490252569,0.9486832980505138,1.0,0.0,0.9486832980505138,0.0,-67.32,5950.683440806528,0.0,0.0,1.0,0.0,0.0,0.0,0.0,0.0,0.0,0.0
56.31,0.9486832980505138,1.8973665961010275,1.0,0.0,0.9486832980505138,0.0,-66.86,5883.823440806528,0.0,0.0,1.0,0.0,0.0,0.0,0.0,0.0,0.0,0.0
58.93,0.9486832980505138,1.8973665961010275,0.0,0.0,0.0,0.0,0.0,5883.823440806528,0.0,0.0,0.0,0.0,0.0,0.0,0.0,0.0,0.0,0.0
58.04,0.9486832980505138,1.8973665961010275,0.0,0.0,0.0,0.0,0.0,5883.823440806528,0.0,0.0,0.0,0.0,0.0,0.0,0.0,0.0,0.0,0.0
58.98,0.9486832980505138,1.8973665961010275,0.0,0.0,0.0,0.0,0.0,5883.823440806528,0.0,0.0,0.0,0.0,0.0,0.0,0.0,0.0,0.0,0.0
58.94,0.9486832980505138,1.8973665961010275,0.0,0.0,0.0,0.0,0.0,5883.823440806528,0.0,0.0,0.0,0.0,0.0,0.0,0.0,0.0,0.0,0.0
61.01,0.9486832980505138,1.8973665961010275,0.0,0.0,0.0,0.0,0.0,5883.823440806528,0.0,0.0,0.0,0.0,0.0,0.0,0.0,0.0,0.0,0.0
62.95,0.9486832980505138,1.8973665961010275,0.0,0.0,0.0,0.0,0.0,5883.823440806528,0.0,0.0,0.0,0.0,0.0,0.0,0.0,0.0,0.0,0.0
69.59,0.9486832980505138,1.8973665961010275,0.0,0.0,0.0,0.0,0.0,5883.823440806528,0.0,0.0,0.0,0.0,0.0,0.0,0.0,0.0,0.0,0.0
66.07,0.9486832980505138,1.8973665961010275,0.0,0.0,0.0,0.0,0.0,5883.823440806528,0.0,0.0,0.0,0.0,0.0,0.0,0.0,0.0,0.0,0.0
62.4,0.9486832980505138,1.8973665961010275,0.0,0.0,0.0,0.0,0.0,5883.823440806528,0.0,0.0,0.0,0.0,0.0,0.0,0.0,0.0,0.0,0.0
57.93,1.0,2.0,0.10818510677891963,0.0,0.10263340389897246,0.0,-7.410679814355994,5876.4127609921725,0.0,0.0,0.10818510677891963,0.0,0.0,0.0,0.0,0.0,0.0,0.0
58.2,1.0,2.0,0.0,0.0,0.0,0.0,0.0,5876.4127609921725,0.0,0.0,0.0,0.0,0.0,0.0,0.0,0.0,0.0,0.0
61.73,1.0,2.0,0.0,0.0,0.0,0.0,0.0,5876.4127609921725,0.0,0.0,0.0,0.0,0.0,0.0,0.0,0.0,0.0,0.0
71.64,1.0,2.0,0.0,0.0,0.0,0.0,0.0,5876.4127609921725,0.0,0.0,0.0,0.0,0.0,0.0,0.0,0.0,0.0,0.0
87.36,1.0,2.0,0.0,-0.0,0.0,-0.0,0.0,5876.4127609921725,0.0,0.0,0.0,0.0,0.0,0.0,0.0,0.0,0.0,-0.0
89.8,1.0,2.0,0.0,-0.0,0.0,-0.0,0.0,5876.4127609921725,0.0,0.0,0.0,0.0,0.0,0.0,0.0,0.0,0.0,-0.0
112.25,1.0,2.0,0.0,0.0,0.0,0.0,0.0,5876.4127609921725,0.0,0.0,0.0,0.0,0.0,0.0,0.0,0.0,0.0,0.0
113.1,1.0,2.0,0.0,0.0,0.0,0.0,0.0,5876.4127609921725,0.0,0.0,0.0,0.0,0.0,0.0,0.0,0.0,0.0,0.0
107.98,1.0,2.0,0.0,0.0,0.0,0.0,0.0,5876.4127609921725,0.0,0.0,0.0,0.0,0.0,0.0,0.0,0.0,0.0,0.0
107.12,1.0,2.0,0.0,0.0,0.0,0.0,0.0,5876.4127609921725,0.0,0.0,0.0,0.0,0.0,0.0,0.0,0.0,0.0,0.0
113.07,1.0,2.0,0.0,0.0,0.0,0.0,0.0,5876.4127609921725,0.0,0.0,0.0,0.0,0.0,0.0,0.0,0.0,0.0,0.0
127.84,1.0,2.0,0.0,-0.0,0.0,-0.0,0.0,5876.4127609921725,0.0,0.0,0.0,0.0,0.0,0.0,0.0,0.0,0.0,-0.0
112.64,1.0,2.0,0.0,0.0,0.0,0.0,0.0,5876.4127609921725,0.0,0.0,0.0,0.0,0.0,0.0,0.0,0.0,0.0,0.0
135.0,0.4729537233052701,0.9459074466105402,0.0,1.0,0.0,1.0540925533894598,133.62,6010.032760992172,0.0,0.0,0.0,0.0,0.0,0.0,0.0,0.0,0.0,1.0
130.04,-0.0,-0.0,0.0,0.8973665961010275,0.0,0.9459074466105402,115.4551862543582,6125.487947246531,0.0,0.0,0.0,0.0,0.0,0.0,0.0,0.0,0.0,0.8973665961010275
114.63,0.0,0.0,0.0,0.0,0.0,0.0,0.0,6125.487947246531,0.0,0.0,0.0,0.0,0.0,0.0,0.0,0.0,0.0,0.0
119.3,-0.0,-0.0,0.0,0.0,0.0,0.0,0.0,6125.487947246531,0.0,0.0,0.0,0.0,0.0,0.0,0.0,0.0,0.0,0.0
116.01,-0.0,-0.0,0.0,0.0,0.0,0.0,0.0,6125.487947246531,0.0,0.0,0.0,0.0,0.0,0.0,0.0,0.0,0.0,0.0
113.13,-0.0,-0.0,0.0,0.0,0.0,0.0,0.0,6125.487947246531,0.0,0.0,0.0,0.0,0.0,0.0,0.0,0.0,0.0,0.0
115.26,-0.0,-0.0,0.0,0.0,0.0,0.0,0.0,6125.487947246531,0.0,0.0,0.0,0.0,0.0,0.0,0.0,0.0,0.0,0.0
119.58,-0.0,-0.0,0.0,0.0,0.0,0.0,0.0,6125.487947246531,0.0,0.0,0.0,0.0,0.0,0.0,0.0,0.0,0.0,0.0
121.94,0.0,0.0,0.0,-0.0,0.0,-0.0,0.0,6125.487947246531,0.0,0.0,0.0,0.0,0.0,0.0,0.0,0.0,0.0,-0.0
120.09,-0.0,-0.0,0.0,-0.0,0.0,-0.0,0.0,6125.487947246531,0.0,0.0,0.0,0.0,0.0,0.0,0.0,0.0,0.0,-0.0
111.0,-0.0,-0.0,0.0,0.0,0.0,0.0,0.0,6125.487947246531,0.0,0.0,0.0,0.0,0.0,0.0,0.0,0.0,0.0,0.0
103.92,0.0,0.0,0.0,0.0,0.0,0.0,0.0,6125.487947246531,0.0,0.0,0.0,0.0,0.0,0.0,0.0,0.0,0.0,0.0
90.43,0.4743416490252569,0.9486832980505138,1.0,0.0,0.9486832980505138,0.0,-101.46000000000001,6024.027947246531,0.0,0.0,1.0,0.0,0.0,0.0,0.0,0.0,0.0,0.0
86.95,0.9486832980505138,1.8973665961010275,1.0,0.0,0.9486832980505138,0.0,-97.93,5926.097947246531,0.0,0.0,1.0,0.0,0.0,0.0,0.0,0.0,0.0,0.0
91.88,1.0,2.0,0.10818510677891963,0.0,0.10263340389897246,0.0,-11.135493040754197,5914.962454205776,0.0,0.0,0.10818510677891963,0.0,0.0,0.0,0.0,0.0,0.0,0.0
104.95,1.0,2.0,0.0,0.0,0.0,0.0,0.0,5914.962454205776,0.0,0.0,0.0,0.0,0.0,0.0,0.0,0.0,0.0,0.0
116.91,1.0,2.0,0.0,-0.0,0.0,-0.0,0.0,5914.962454205776,0.0,0.0,0.0,0.0,0.0,0.0,0.0,0.0,0.0,-0.0
130.0,0.4729537233052701,0.9459074466105402,0.0,1.0,0.0,1.0540925533894598,128.62,6043.582454205776,0.0,0.0,0.0,0.0,0.0,0.0,0.0,0.0,0.0,1.0
119.91,-0.0,-0.0,0.0,0.8973665961010275,0.0,0.9459074466105402,106.36486263585479,6149.947316841631,0.0,0.0,0.0,0.0,0.0,0.0,0.0,0.0,0.0,0.8973665961010275
105.5,0.0,0.0,0.0,0.0,0.0,0.0,0.0,6149.947316841631,0.0,0.0,0.0,0.0,0.0,0.0,0.0,0.0,0.0,0.0
90.85,-0.0,-0.0,0.0,-0.0,0.0,-0.0,0.0,6149.947316841631,0.0,0.0,0.0,0.0,0.0,0.0,0.0,0.0,0.0,-0.0
86.37,-0.0,-0.0,0.0,0.0,0.0,0.0,0.0,6149.947316841631,0.0,0.0,0.0,0.0,0.0,0.0,0.0,0.0,0.0,0.0
81.38,-0.0,-0.0,0.0,0.0,0.0,0.0,0.0,6149.947316841631,0.0,0.0,0.0,0.0,0.0,0.0,0.0,0.0,0.0,0.0
71.95,0.0,0.0,0.0,0.0,0.0,0.0,0.0,6149.947316841631,0.0,0.0,0.0,0.0,0.0,0.0,0.0,0.0,0.0,0.0
69.07,-0.0,-0.0,0.0,0.0,0.0,0.0,0.0,6149.947316841631,0.0,0.0,0.0,0.0,0.0,0.0,0.0,0.0,0.0,0.0
65.1,-0.0,-0.0,0.0,0.0,0.0,0.0,0.0,6149.947316841631,0.0,0.0,0.0,0.0,0.0,0.0,0.0,0.0,0.0,0.0
62.92,0.4743416490252569,0.9486832980505138,1.0,0.0,0.9486832980505138,0.0,-73.56,6076.38731684163,0.0,0.0,1.0,0.0,0.0,0.0,0.0,0.0,0.0,0.0
63.78,0.5256583509747431,1.0513167019494862,0.10818510677891963,0.0,0.10263340389897246,0.0,-8.053299348622776,6068.334017493007,0.0,0.0,0.10818510677891963,0.0,0.0,0.0,0.0,0.0,0.0,0.0
63.6,1.0,2.0,1.0,0.0,0.9486832980505138,0.0,-74.25,5994.084017493007,0.0,0.0,1.0,0.0,0.0,0.0,0.0,0.0,0.0,0.0
67.11,1.0,2.0,0.0,0.0,0.0,0.0,0.0,5994.084017493007,0.0,0.0,0.0,0.0,0.0,0.0,0.0,0.0,0.0,0.0
85.85,1.0,2.0,-0.0,0.0,-0.0,0.0,0.0,5994.084017493007,0.0,0.0,-0.0,0.0,0.0,0.0,0.0,0.0,0.0,0.0
115.42,1.0,2.0,0.0,-0.0,0.0,-0.0,0.0,5994.084017493007,0.0,0.0,0.0,0.0,0.0,0.0,0.0,0.0,0.0,-0.0
130.73,0.4729537233052701,0.9459074466105402,0.0,1.0,0.0,1.0540925533894598,129.35,6123.434017493008,0.0,0.0,0.0,0.0,0.0,0.0,0.0,0.0,0.0,1.0
121.11,-0.0,-0.0,0.0,0.8973665961010275,0.0,0.9459074466105402,107.44170255117602,6230.875720044183,0.0,0.0,0.0,0.0,0.0,0.0,0.0,0.0,0.0,0.8973665961010275
102.16,0.0,0.0,0.0,0.0,0.0,0.0,0.0,6230.875720044183,0.0,0.0,0.0,0.0,0.0,0.0,0.0,0.0,0.0,0.0
83.25,-0.0,-0.0,0.0,0.0,0.0,0.0,0.0,6230.875720044183,0.0,0.0,0.0,0.0,0.0,0.0,0.0,0.0,0.0,0.0
76.47,-0.0,-0.0,0.0,0.0,0.0,0.0,0.0,6230.875720044183,0.0,0.0,0.0,0.0,0.0,0.0,0.0,0.0,0.0,0.0
75.8,-0.0,-0.0,-0.0,0.0,-0.0,0.0,0.0,6230.875720044183,0.0,0.0,-0.0,0.0,0.0,0.0,0.0,0.0,0.0,0.0
79.05,-0.0,-0.0,0.0,0.0,0.0,0.0,0.0,6230.875720044183,0.0,0.0,0.0,0.0,0.0,0.0,0.0,0.0,0.0,0.0
78.39,-0.0,-0.0,0.0,0.0,0.0,0.0,0.0,6230.875720044183,0.0,0.0,0.0,0.0,0.0,0.0,0.0,0.0,0.0,0.0
84.55,-0.0,-0.0,0.0,0.0,0.0,0.0,0.0,6230.875720044183,0.0,0.0,0.0,0.0,0.0,0.0,0.0,0.0,0.0,0.0
87.62,-0.0,-0.0,0.0,0.0,0.0,0.0,0.0,6230.875720044183,0.0,0.0,0.0,0.0,0.0,0.0,0.0,0.0,0.0,0.0
90.58,0.0,0.0,0.0,0.0,0.0,0.0,0.0,6230.875720044183,0.0,0.0,0.0,0.0,0.0,0.0,0.0,0.0,0.0,0.0
78.12,-0.0,-0.0,0.0,0.0,0.0,0.0,0.0,6230.875720044183,0.0,0.0,0.0,0.0,0.0,0.0,0.0,0.0,0.0,0.0
69.53,-0.0,-0.0,0.0,0.0,0.0,0.0,0.0,6230.875720044183,0.0,0.0,0.0,0.0,0.0,0.0,0.0,0.0,0.0,0.0
67.3,-0.0,-0.0,0.0,0.0,0.0,0.0,0.0,6230.875720044183,0.0,0.0,0.0,0.0,0.0,0.0,0.0,0.0,0.0,0.0
65.11,0.0,0.0,-0.0,0.0,-0.0,0.0,0.0,6230.875720044183,0.0,0.0,-0.0,0.0,0.0,0.0,0.0,0.0,0.0,0.0
63.93,-0.0,-0.0,0.0,0.0,0.0,0.0,0.0,6230.875720044183,0.0,0.0,0.0,0.0,0.0,0.0,0.0,0.0,0.0,0.0
54.09,0.4743416490252569,0.9486832980505138,1.0,0.0,0.9486832980505138,0.0,-64.61,6166.265720044184,0.0,0.0,1.0,0.0,0.0,0.0,0.0,0.0,0.0,0.0
55.92,0.5256583509747431,1.0513167019494862,0.10818510677891963,0.0,0.10263340389897246,0.0,-7.189982196526998,6159.0757378476565,0.0,0.0,0.10818510677891963,0.0,0.0,0.0,0.0,0.0,0.0,0.0
55.72,1.0,2.0,1.0,0.0,0.9486832980505138,0.0,-66.25999999999999,6092.815737847656,0.0,0.0,1.0,0.0,0.0,0.0,0.0,0.0,0.0,0.0
56.19,1.0,2.0,0.0,0.0,0.0,0.0,0.0,6092.815737847656,0.0,0.0,0.0,0.0,0.0,0.0,0.0,0.0,0.0,0.0
56.24,1.0,2.0,0.0,0.0,0.0,0.0,0.0,6092.815737847656,0.0,0.0,0.0,0.0,0.0,0.0,0.0,0.0,0.0,0.0
59.92,1.0,2.0,0.0,0.0,0.0,0.0,0.0,6092.815737847656,0.0,0.0,0.0,0.0,0.0,0.0,0.0,0.0,0.0,0.0
69.8,1.0,2.0,0.0,0.0,0.0,0.0,0.0,6092.815737847656,0.0,0.0,0.0,0.0,0.0,0.0,0.0,0.0,0.0,0.0
81.69,1.0,2.0,0.0,0.0,0.0,0.0,0.0,6092.815737847656,0.0,0.0,0.0,0.0,0.0,0.0,0.0,0.0,0.0,0.0
99.41,0.4729537233052701,0.9459074466105402,0.0,1.0,0.0,1.0540925533894598,98.03,6190.845737847656,0.0,0.0,0.0,0.0,0.0,0.0,0.0,0.0,0.0,1.0
86.03,0.4729537233052701,0.9459074466105402,0.0,0.0,0.0,0.0,0.0,6190.845737847656,0.0,0.0,0.0,0.0,0.0,0.0,0.0,0.0,0.0,0.0
73.04,0.4729537233052701,0.9459074466105402,0.0,0.0,0.0,0.0,0.0,6190.845737847656,0.0,0.0,0.0,0.0,0.0,0.0,0.0,0.0,0.0,0.0
71.16,0.5256583509747431,1.0513167019494862,0.11111111111111122,0.0,0.10540925533894607,0.0,-9.10222222222223,6181.743515625434,0.0,0.0,0.11111111111111122,0.0,0.0,0.0,0.0,0.0,0.0,0.0
70.69,1.0,2.0,1.0,0.0,0.9486832980505138,0.0,-81.44,6100.303515625435,0.0,0.0,1.0,0.0,0.0,0.0,0.0,0.0,0.0,0.0
72.52,1.0,2.0,0.0,0.0,0.0,0.0,0.0,6100.303515625435,0.0,0.0,0.0,0.0,0.0,0.0,0.0,0.0,0.0,0.0
74.51,1.0,2.0,0.0,0.0,0.0,0.0,0.0,6100.303515625435,0.0,0.0,0.0,0.0,0.0,0.0,0.0,0.0,0.0,0.0
77.89,1.0,2.0,0.0,0.0,0.0,0.0,0.0,6100.303515625435,0.0,0.0,0.0,0.0,0.0,0.0,0.0,0.0,0.0,0.0
81.7,1.0,2.0,0.0,0.0,0.0,0.0,0.0,6100.303515625435,0.0,0.0,0.0,0.0,0.0,0.0,0.0,0.0,0.0,0.0
93.89,1.0,2.0,0.0,-0.0,0.0,-0.0,0.0,6100.303515625435,0.0,0.0,0.0,0.0,0.0,0.0,0.0,0.0,0.0,-0.0
105.91,0.4729537233052701,0.9459074466105402,0.0,1.0,0.0,1.0540925533894598,104.53,6204.833515625434,0.0,0.0,0.0,0.0,0.0,0.0,0.0,0.0,0.0,1.0
89.99,0.4729537233052701,0.9459074466105402,0.0,0.0,0.0,0.0,0.0,6204.833515625434,0.0,0.0,0.0,0.0,0.0,0.0,0.0,0.0,0.0,0.0
80.98,0.4729537233052701,0.9459074466105402,0.0,0.0,0.0,0.0,0.0,6204.833515625434,0.0,0.0,0.0,0.0,0.0,0.0,0.0,0.0,0.0,0.0
79.72,0.4729537233052701,0.9459074466105402,0.0,0.0,0.0,0.0,0.0,6204.833515625434,0.0,0.0,0.0,0.0,0.0,0.0,0.0,0.0,0.0,0.0
80.55,0.4729537233052701,0.9459074466105402,0.0,0.0,0.0,0.0,0.0,6204.833515625434,0.0,0.0,0.0,0.0,0.0,0.0,0.0,0.0,0.0,0.0
76.8,0.947295372330527,1.894590744661054,1.0,0.0,0.9486832980505138,0.0,-87.64,6117.193515625434,0.0,0.0,1.0,0.0,0.0,0.0,0.0,0.0,0.0,0.0
79.74,0.947295372330527,1.894590744661054,0.0,0.0,0.0,0.0,0.0,6117.193515625434,0.0,0.0,0.0,0.0,0.0,0.0,0.0,0.0,0.0,0.0
78.66,0.947295372330527,1.894590744661054,0.0,0.0,0.0,0.0,0.0,6117.193515625434,0.0,0.0,0.0,0.0,0.0,0.0,0.0,0.0,0.0,0.0
78.05,0.947295372330527,1.894590744661054,0.0,0.0,0.0,0.0,0.0,6117.193515625434,0.0,0.0,0.0,0.0,0.0,0.0,0.0,0.0,0.0,0.0
77.7,1.0,2.0,0.11111111111111122,0.0,0.10540925533894607,0.0,-9.8388888888889,6107.3546267365455,0.0,0.0,0.11111111111111122,0.0,0.0,0.0,0.0,0.0,0.0,0.0
79.43,1.0,2.0,0.0,0.0,0.0,0.0,0.0,6107.3546267365455,0.0,0.0,0.0,0.0,0.0,0.0,0.0,0.0,0.0,0.0
81.11,1.0,2.0,0.0,0.0,0.0,0.0,0.0,6107.3546267365455,0.0,0.0,0.0,0.0,0.0,0.0,0.0,0.0,0.0,0.0
108.05,1.0,2.0,0.0,-0.0,0.0,-0.0,0.0,6107.3546267365455,0.0,0.0,0.0,0.0,0.0,0.0,0.0,0.0,0.0,-0.0
149.08,1.0,2.0,0.0,0.0,0.0,0.0,0.0,6107.3546267365455,0.0,0.0,0.0,0.0,0.0,0.0,0.0,0.0,0.0,0.0
164.36,0.4729537233052701,0.9459074466105402,0.0,1.0,0.0,1.0540925533894598,162.98000000000002,6270.334626736545,0.0,0.0,0.0,0.0,0.0,0.0,0.0,0.0,0.0,1.0
158.07,0.0,0.0,0.0,0.8973665961010275,0.0,0.9459074466105402,140.60837194306998,6410.942998679615,0.0,0.0,0.0,0.0,0.0,0.0,0.0,0.0,0.0,0.8973665961010275
131.03,-0.0,-0.0,0.0,0.0,0.0,0.0,0.0,6410.942998679615,0.0,0.0,0.0,0.0,0.0,0.0,0.0,0.0,0.0,0.0
113.77,0.4743416490252569,0.9486832980505138,1.0,0.0,0.9486832980505138,0.0,-125.14,6285.802998679615,0.0,0.0,1.0,0.0,0.0,0.0,0.0,0.0,0.0,0.0
111.25,0.9486832980505138,1.8973665961010275,1.0,0.0,0.9486832980505138,0.0,-122.58,6163.222998679615,0.0,0.0,1.0,0.0,0.0,0.0,0.0,0.0,0.0,0.0
117.31,1.0,2.0,0.10818510677891963,0.0,0.10263340389897246,0.0,-13.926668795650324,6149.296329883964,0.0,0.0,0.10818510677891963,0.0,0.0,0.0,0.0,0.0,0.0,0.0
129.19,1.0,2.0,-0.0,0.0,-0.0,0.0,0.0,6149.296329883964,0.0,0.0,-0.0,0.0,0.0,0.0,0.0,0.0,0.0,0.0
137.62,1.0,2.0,0.0,0.0,0.0,0.0,0.0,6149.296329883964,0.0,0.0,0.0,0.0,0.0,0.0,0.0,0.0,0.0,0.0
168.0,1.0,2.0,0.0,-0.0,0.0,-0.0,0.0,6149.296329883964,0.0,0.0,0.0,0.0,0.0,0.0,0.0,0.0,0.0,-0.0
183.01,1.0,2.0,0.0,-0.0,0.0,-0.0,0.0,6149.296329883964,0.0,0.0,0.0,0.0,0.0,0.0,0.0,0.0,0.0,-0.0
193.81,0.4729537233052701,0.9459074466105402,0.0,1.0,0.0,1.0540925533894598,192.43,6341.726329883964,0.0,0.0,0.0,0.0,0.0,0.0,0.0,0.0,0.0,1.0
191.24,0.0,0.0,0.0,0.8973665961010275,0.0,0.9459074466105402,170.3740219357411,6512.100351819706,0.0,0.0,0.0,0.0,0.0,0.0,0.0,0.0,0.0,0.8973665961010275
169.91,-0.0,-0.0,0.0,0.0,0.0,0.0,0.0,6512.100351819706,0.0,0.0,0.0,0.0,0.0,0.0,0.0,0.0,0.0,0.0
152.11,0.0,0.0,-0.0,0.0,-0.0,0.0,0.0,6512.100351819706,0.0,0.0,-0.0,0.0,0.0,0.0,0.0,0.0,0.0,0.0
146.0,0.0,0.0,-0.0,0.0,-0.0,0.0,0.0,6512.100351819706,0.0,0.0,-0.0,0.0,0.0,0.0,0.0,0.0,0.0,0.0
117.5,0.4743416490252569,0.9486832980505138,1.0,0.0,0.9486832980505138,0.0,-128.92,6383.180351819706,0.0,0.0,1.0,0.0,0.0,0.0,0.0,0.0,0.0,0.0
140.33,0.4743416490252569,0.9486832980505138,0.0,0.0,0.0,0.0,0.0,6383.180351819706,0.0,0.0,0.0,0.0,0.0,0.0,0.0,0.0,0.0,0.0
137.75,0.4743416490252569,0.9486832980505138,0.0,0.0,0.0,0.0,0.0,6383.180351819706,0.0,0.0,0.0,0.0,0.0,0.0,0.0,0.0,0.0,0.0
140.79,0.4743416490252569,0.9486832980505138,0.0,0.0,0.0,0.0,0.0,6383.180351819706,0.0,0.0,0.0,0.0,0.0,0.0,0.0,0.0,0.0,0.0
136.59,0.4743416490252569,0.9486832980505138,0.0,0.0,0.0,0.0,0.0,6383.180351819706,0.0,0.0,0.0,0.0,0.0,0.0,0.0,0.0,0.0,0.0
120.01,0.5256583509747431,1.0513167019494862,0.10818510677891963,0.0,0.10263340389897246,0.0,-14.222014137156775,6368.9583376825485,0.0,0.0,0.10818510677891963,0.0,0.0,0.0,0.0,0.0,0.0,0.0
119.42,1.0,2.0,1.0,0.0,0.9486832980505138,0.0,-130.87,6238.088337682549,0.0,0.0,1.0,0.0,0.0,0.0,0.0,0.0,0.0,0.0
141.71,1.0,2.0,0.0,0.0,0.0,0.0,0.0,6238.088337682549,0.0,0.0,0.0,0.0,0.0,0.0,0.0,0.0,0.0,0.0
189.79,1.0,2.0,0.0,-0.0,0.0,-0.0,0.0,6238.088337682549,0.0,0.0,0.0,0.0,0.0,0.0,0.0,0.0,0.0,-0.0
219.68,0.4729537233052701,0.9459074466105402,0.0,1.0,0.0,1.0540925533894598,218.3,6456.388337682549,0.0,0.0,0.0,0.0,0.0,0.0,0.0,0.0,0.0,1.0
214.69,0.0,0.0,0.0,0.8973665961010275,0.0,0.9459074466105402,191.4172686143102,6647.805606296859,0.0,0.0,0.0,0.0,0.0,0.0,0.0,0.0,0.0,0.8973665961010275
198.6,-0.0,-0.0,0.0,0.0,0.0,0.0,0.0,6647.805606296859,0.0,0.0,0.0,0.0,0.0,0.0,0.0,0.0,0.0,0.0
178.98,-0.0,-0.0,0.0,0.0,0.0,0.0,0.0,6647.805606296859,0.0,0.0,0.0,0.0,0.0,0.0,0.0,0.0,0.0,0.0
166.98,0.0,0.0,-0.0,0.0,-0.0,0.0,0.0,6647.805606296859,0.0,0.0,-0.0,0.0,0.0,0.0,0.0,0.0,0.0,0.0
142.12,0.4743416490252569,0.9486832980505138,1.0,0.0,0.9486832980505138,0.0,-153.89000000000001,6493.915606296859,0.0,0.0,1.0,0.0,0.0,0.0,0.0,0.0,0.0,0.0
140.28,0.9486832980505138,1.8973665961010275,1.0,0.0,0.9486832980505138,0.0,-152.02,6341.895606296858,0.0,0.0,1.0,0.0,0.0,0.0,0.0,0.0,0.0,0.0
143.45,1.0,2.0,0.10818510677891963,0.0,0.10263340389897246,0.0,-16.794655976359483,6325.100950320499,0.0,0.0,0.10818510677891963,0.0,0.0,0.0,0.0,0.0,0.0,0.0
152.1,1.0,2.0,-0.0,0.0,-0.0,0.0,0.0,6325.100950320499,0.0,0.0,-0.0,0.0,0.0,0.0,0.0,0.0,0.0,0.0
198.03,0.4729537233052701,0.9459074466105402,0.0,1.0,0.0,1.0540925533894598,196.65,6521.750950320498,0.0,0.0,0.0,0.0,0.0,0.0,0.0,0.0,0.0,1.0
195.65,0.0,0.0,0.0,0.8973665961010275,0.0,0.9459074466105402,174.3314086245466,6696.082358945045,0.0,0.0,0.0,0.0,0.0,0.0,0.0,0.0,0.0,0.8973665961010275
179.1,0.0,0.0,0.0,-0.0,0.0,-0.0,0.0,6696.082358945045,0.0,0.0,0.0,0.0,0.0,0.0,0.0,0.0,0.0,-0.0
157.04,-0.0,-0.0,0.0,0.0,0.0,0.0,0.0,6696.082358945045,0.0,0.0,0.0,0.0,0.0,0.0,0.0,0.0,0.0,0.0
145.89,-0.0,-0.0,0.0,0.0,0.0,0.0,0.0,6696.082358945045,0.0,0.0,0.0,0.0,0.0,0.0,0.0,0.0,0.0,0.0
136.8,0.0,0.0,-0.0,0.0,-0.0,0.0,0.0,6696.082358945045,0.0,0.0,-0.0,0.0,0.0,0.0,0.0,0.0,0.0,0.0
125.2,0.4743416490252569,0.9486832980505138,1.0,0.0,0.9486832980505138,0.0,-136.73,6559.352358945045,0.0,0.0,1.0,0.0,0.0,0.0,0.0,0.0,0.0,0.0
137.57,0.4743416490252569,0.9486832980505138,0.0,0.0,0.0,0.0,0.0,6559.352358945045,0.0,0.0,0.0,0.0,0.0,0.0,0.0,0.0,0.0,0.0
132.8,0.4743416490252569,0.9486832980505138,0.0,0.0,0.0,0.0,0.0,6559.352358945045,0.0,0.0,0.0,0.0,0.0,0.0,0.0,0.0,0.0,0.0
128.5,0.4743416490252569,0.9486832980505138,0.0,0.0,0.0,0.0,0.0,6559.352358945045,0.0,0.0,0.0,0.0,0.0,0.0,0.0,0.0,0.0,0.0
127.65,0.5256583509747431,1.0513167019494862,0.10818510677891963,0.0,0.10263340389897246,0.0,-15.060448714693402,6544.291910230351,0.0,0.0,0.10818510677891963,0.0,0.0,0.0,0.0,0.0,0.0,0.0
127.27,1.0,2.0,1.0,0.0,0.9486832980505138,0.0,-138.82999999999998,6405.461910230351,0.0,0.0,1.0,0.0,0.0,0.0,0.0,0.0,0.0,0.0
139.59,1.0,2.0,0.0,0.0,0.0,0.0,0.0,6405.461910230351,0.0,0.0,0.0,0.0,0.0,0.0,0.0,0.0,0.0,0.0
160.9,1.0,2.0,-0.0,0.0,-0.0,0.0,0.0,6405.461910230351,0.0,0.0,-0.0,0.0,0.0,0.0,0.0,0.0,0.0,0.0
227.08,0.5270462766947299,1.0540925533894598,0.0,0.8973665961010275,0.0,0.9459074466105402,202.53564074000192,6607.997550970354,0.0,0.0,0.0,0.0,0.0,0.0,0.0,0.0,0.0,0.8973665961010275
265.64,0.0,0.0,0.0,1.0,0.0,1.0540925533894598,264.26,6872.257550970354,0.0,0.0,0.0,0.0,0.0,0.0,0.0,0.0,0.0,1.0
215.11,0.0,0.0,0.0,-0.0,0.0,-0.0,0.0,6872.257550970354,0.0,0.0,0.0,0.0,0.0,0.0,0.0,0.0,0.0,-0.0
181.03,-0.0,-0.0,0.0,0.0,0.0,0.0,0.0,6872.257550970354,0.0,0.0,0.0,0.0,0.0,0.0,0.0,0.0,0.0,0.0
163.01,-0.0,-0.0,0.0,0.0,0.0,0.0,0.0,6872.257550970354,0.0,0.0,0.0,0.0,0.0,0.0,0.0,0.0,0.0,0.0
149.86,0.4743416490252569,0.9486832980505138,1.0,0.0,0.9486832980505138,0.0,-161.74,6710.517550970354,0.0,0.0,1.0,0.0,0.0,0.0,0.0,0.0,0.0,0.0
148.61,0.9486832980505138,1.8973665961010275,1.0,0.0,0.9486832980505138,0.0,-160.47000000000003,6550.047550970354,0.0,0.0,1.0,0.0,0.0,0.0,0.0,0.0,0.0,0.0
155.8,1.0,2.0,0.10818510677891963,0.0,0.10263340389897246,0.0,-18.149133513231558,6531.898417457122,0.0,0.0,0.10818510677891963,0.0,0.0,0.0,0.0,0.0,0.0,0.0
175.05,1.0,2.0,-0.0,0.0,-0.0,0.0,0.0,6531.898417457122,0.0,0.0,-0.0,0.0,0.0,0.0,0.0,0.0,0.0,0.0
200.0,1.0,2.0,0.0,0.0,0.0,0.0,0.0,6531.898417457122,0.0,0.0,0.0,0.0,0.0,0.0,0.0,0.0,0.0,0.0
298.91,0.4729537233052701,0.9459074466105402,0.0,1.0,0.0,1.0540925533894598,297.53000000000003,6829.428417457122,0.0,0.0,0.0,0.0,0.0,0.0,0.0,0.0,0.0,1.0
293.06,0.0,0.0,0.0,0.8973665961010275,0.0,0.9459074466105402,261.7438887507477,7091.17230620787,0.0,0.0,0.0,0.0,0.0,0.0,0.0,0.0,0.0,0.8973665961010275
225.7,0.0,0.0,0.0,-0.0,0.0,-0.0,0.0,7091.17230620787,0.0,0.0,0.0,0.0,0.0,0.0,0.0,0.0,0.0,-0.0
183.55,0.0,0.0,-0.0,0.0,-0.0,0.0,0.0,7091.17230620787,0.0,0.0,-0.0,0.0,0.0,0.0,0.0,0.0,0.0,0.0
163.79,-0.0,-0.0,0.0,0.0,0.0,0.0,0.0,7091.17230620787,0.0,0.0,0.0,0.0,0.0,0.0,0.0,0.0,0.0,0.0
153.0,-0.0,-0.0,0.0,0.0,0.0,0.0,0.0,7091.17230620787,0.0,0.0,0.0,0.0,0.0,0.0,0.0,0.0,0.0,0.0
140.03,0.0,0.0,-0.0,0.0,-0.0,0.0,0.0,7091.17230620787,0.0,0.0,-0.0,0.0,0.0,0.0,0.0,0.0,0.0,0.0
135.29,-0.0,-0.0,0.0,0.0,0.0,0.0,0.0,7091.17230620787,0.0,0.0,0.0,0.0,0.0,0.0,0.0,0.0,0.0,0.0
130.34,-0.0,-0.0,0.0,0.0,0.0,0.0,0.0,7091.17230620787,0.0,0.0,0.0,0.0,0.0,0.0,0.0,0.0,0.0,0.0
120.0,0.0,0.0,-0.0,0.0,-0.0,0.0,0.0,7091.17230620787,0.0,0.0,-0.0,0.0,0.0,0.0,0.0,0.0,0.0,0.0
118.24,0.4743416490252569,0.9486832980505138,1.0,0.0,0.9486832980505138,0.0,-129.67,6961.50230620787,0.0,0.0,1.0,0.0,0.0,0.0,0.0,0.0,0.0,0.0
118.45,0.5270462766947299,1.0540925533894598,0.11111111111111122,0.0,0.10540925533894607,0.0,-14.431111111111125,6947.071195096759,0.0,0.0,0.11111111111111122,0.0,0.0,0.0,0.0,0.0,0.0,0.0
120.3,0.5270462766947299,1.0540925533894598,0.0,0.0,0.0,0.0,0.0,6947.071195096759,0.0,0.0,0.0,0.0,0.0,0.0,0.0,0.0,0.0,0.0
129.54,0.5270462766947299,1.0540925533894598,0.0,0.0,0.0,0.0,0.0,6947.071195096759,0.0,0.0,0.0,0.0,0.0,0.0,0.0,0.0,0.0,0.0
145.07,0.5270462766947299,1.0540925533894598,0.0,0.0,0.0,0.0,0.0,6947.071195096759,0.0,0.0,0.0,0.0,0.0,0.0,0.0,0.0,0.0,0.0
150.67,0.0,0.0,0.0,1.0,0.0,1.0540925533894598,149.29,7096.361195096759,0.0,0.0,0.0,0.0,0.0,0.0,0.0,0.0,0.0,1.0
137.01,-0.0,-0.0,0.0,0.0,0.0,0.0,0.0,7096.361195096759,0.0,0.0,0.0,0.0,0.0,0.0,0.0,0.0,0.0,0.0
124.59,-0.0,-0.0,0.0,0.0,0.0,0.0,0.0,7096.361195096759,0.0,0.0,0.0,0.0,0.0,0.0,0.0,0.0,0.0,0.0
118.36,0.0,0.0,-0.0,0.0,-0.0,0.0,0.0,7096.361195096759,0.0,0.0,-0.0,0.0,0.0,0.0,0.0,0.0,0.0,0.0
112.39,0.4743416490252569,0.9486832980505138,1.0,0.0,0.9486832980505138,0.0,-123.74,6972.621195096759,0.0,0.0,1.0,0.0,0.0,0.0,0.0,0.0,0.0,0.0
110.01,0.9486832980505138,1.8973665961010275,1.0,0.0,0.9486832980505138,0.0,-121.32000000000001,6851.301195096759,0.0,0.0,1.0,0.0,0.0,0.0,0.0,0.0,0.0,0.0
116.15,1.0,2.0,0.10818510677891963,0.0,0.10263340389897246,0.0,-13.7990103696512,6837.502184727108,0.0,0.0,0.10818510677891963,0.0,0.0,0.0,0.0,0.0,0.0,0.0
128.83,1.0,2.0,0.0,0.0,0.0,0.0,0.0,6837.502184727108,0.0,0.0,0.0,0.0,0.0,0.0,0.0,0.0,0.0,0.0
140.0,1.0,2.0,0.0,0.0,0.0,0.0,0.0,6837.502184727108,0.0,0.0,0.0,0.0,0.0,0.0,0.0,0.0,0.0,0.0
158.66,1.0,2.0,0.0,0.0,0.0,0.0,0.0,6837.502184727108,0.0,0.0,0.0,0.0,0.0,0.0,0.0,0.0,0.0,0.0
170.53,0.4729537233052701,0.9459074466105402,0.0,1.0,0.0,1.0540925533894598,169.15,7006.652184727108,0.0,0.0,0.0,0.0,0.0,0.0,0.0,0.0,0.0,1.0
163.91,0.0,0.0,0.0,0.8973665961010275,0.0,0.9459074466105402,145.8489928643,7152.501177591408,0.0,0.0,0.0,0.0,0.0,0.0,0.0,0.0,0.0,0.8973665961010275
147.29,-0.0,-0.0,0.0,0.0,0.0,0.0,0.0,7152.501177591408,0.0,0.0,0.0,0.0,0.0,0.0,0.0,0.0,0.0,0.0
128.06,-0.0,-0.0,0.0,0.0,0.0,0.0,0.0,7152.501177591408,0.0,0.0,0.0,0.0,0.0,0.0,0.0,0.0,0.0,0.0
131.63,-0.0,-0.0,0.0,0.0,0.0,0.0,0.0,7152.501177591408,0.0,0.0,0.0,0.0,0.0,0.0,0.0,0.0,0.0,0.0
124.54,-0.0,-0.0,-0.0,0.0,-0.0,0.0,0.0,7152.501177591408,0.0,0.0,-0.0,0.0,0.0,0.0,0.0,0.0,0.0,0.0
134.11,-0.0,-0.0,0.0,0.0,0.0,0.0,0.0,7152.501177591408,0.0,0.0,0.0,0.0,0.0,0.0,0.0,0.0,0.0,0.0
128.9,0.0,0.0,0.0,0.0,0.0,0.0,0.0,7152.501177591408,0.0,0.0,0.0,0.0,0.0,0.0,0.0,0.0,0.0,0.0
123.57,0.0,0.0,-0.0,0.0,-0.0,0.0,0.0,7152.501177591408,0.0,0.0,-0.0,0.0,0.0,0.0,0.0,0.0,0.0,0.0
119.9,0.05131670194948623,0.10263340389897246,0.10818510677891963,0.0,0.10263340389897246,0.0,-14.210113775411093,7138.291063815997,0.0,0.0,0.10818510677891963,0.0,0.0,0.0,0.0,0.0,0.0,0.0
119.57,0.5256583509747431,1.0513167019494862,1.0,0.0,0.9486832980505138,0.0,-131.01999999999998,7007.271063815997,0.0,0.0,1.0,0.0,0.0,0.0,0.0,0.0,0.0,0.0
120.18,0.5256583509747431,1.0513167019494862,0.0,0.0,0.0,0.0,0.0,7007.271063815997,0.0,0.0,0.0,0.0,0.0,0.0,0.0,0.0,0.0,0.0
119.92,0.5256583509747431,1.0513167019494862,0.0,0.0,0.0,0.0,0.0,7007.271063815997,0.0,0.0,0.0,0.0,0.0,0.0,0.0,0.0,0.0,0.0
127.51,0.5256583509747431,1.0513167019494862,0.0,0.0,0.0,0.0,0.0,7007.271063815997,0.0,0.0,0.0,0.0,0.0,0.0,0.0,0.0,0.0,0.0
129.6,0.5256583509747431,1.0513167019494862,0.0,0.0,0.0,0.0,0.0,7007.271063815997,0.0,0.0,0.0,0.0,0.0,0.0,0.0,0.0,0.0,0.0
130.49,0.5256583509747431,1.0513167019494862,0.0,0.0,0.0,0.0,0.0,7007.271063815997,0.0,0.0,0.0,0.0,0.0,0.0,0.0,0.0,0.0,0.0
127.7,0.5256583509747431,1.0513167019494862,0.0,0.0,0.0,0.0,0.0,7007.271063815997,0.0,0.0,0.0,0.0,0.0,0.0,0.0,0.0,0.0,0.0
124.03,0.5256583509747431,1.0513167019494862,0.0,0.0,0.0,0.0,0.0,7007.271063815997,0.0,0.0,0.0,0.0,0.0,0.0,0.0,0.0,0.0,0.0
124.67,0.5256583509747431,1.0513167019494862,0.0,0.0,0.0,0.0,0.0,7007.271063815997,0.0,0.0,0.0,0.0,0.0,0.0,0.0,0.0,0.0,0.0
118.77,1.0,2.0,1.0,0.0,0.9486832980505138,0.0,-130.21,6877.061063815997,0.0,0.0,1.0,0.0,0.0,0.0,0.0,0.0,0.0,0.0
121.02,1.0,2.0,0.0,0.0,0.0,0.0,0.0,6877.061063815997,0.0,0.0,0.0,0.0,0.0,0.0,0.0,0.0,0.0,0.0
129.55,1.0,2.0,0.0,0.0,0.0,0.0,0.0,6877.061063815997,0.0,0.0,0.0,0.0,0.0,0.0,0.0,0.0,0.0,0.0
137.68,1.0,2.0,0.0,0.0,0.0,0.0,0.0,6877.061063815997,0.0,0.0,0.0,0.0,0.0,0.0,0.0,0.0,0.0,0.0
153.98,1.0,2.0,0.0,0.0,0.0,0.0,0.0,6877.061063815997,0.0,0.0,0.0,0.0,0.0,0.0,0.0,0.0,0.0,0.0
169.98,0.4729537233052701,0.9459074466105402,0.0,1.0,0.0,1.0540925533894598,168.6,7045.661063815997,0.0,0.0,0.0,0.0,0.0,0.0,0.0,0.0,0.0,1.0
160.29,0.0,0.0,0.0,0.8973665961010275,0.0,0.9459074466105402,142.60052578641427,7188.261589602412,0.0,0.0,0.0,0.0,0.0,0.0,0.0,0.0,0.0,0.8973665961010275
153.72,-0.0,-0.0,0.0,-0.0,0.0,-0.0,0.0,7188.261589602412,0.0,0.0,0.0,0.0,0.0,0.0,0.0,0.0,0.0,-0.0
139.34,-0.0,-0.0,0.0,0.0,0.0,0.0,0.0,7188.261589602412,0.0,0.0,0.0,0.0,0.0,0.0,0.0,0.0,0.0,0.0
137.62,-0.0,-0.0,0.0,0.0,0.0,0.0,0.0,7188.261589602412,0.0,0.0,0.0,0.0,0.0,0.0,0.0,0.0,0.0,0.0
131.51,-0.0,-0.0,0.0,0.0,0.0,0.0,0.0,7188.261589602412,0.0,0.0,0.0,0.0,0.0,0.0,0.0,0.0,0.0,0.0
128.05,0.0,0.0,0.0,0.0,0.0,0.0,0.0,7188.261589602412,0.0,0.0,0.0,0.0,0.0,0.0,0.0,0.0,0.0,0.0
121.06,0.4743416490252569,0.9486832980505138,1.0,0.0,0.9486832980505138,0.0,-132.53,7055.731589602412,0.0,0.0,1.0,0.0,0.0,0.0,0.0,0.0,0.0,0.0
120.34,0.9486832980505138,1.8973665961010275,1.0,0.0,0.9486832980505138,0.0,-131.8,6923.931589602412,0.0,0.0,1.0,0.0,0.0,0.0,0.0,0.0,0.0,0.0
125.52,1.0,2.0,0.10818510677891963,0.0,0.10263340389897246,0.0,-14.826768884050935,6909.104820718361,0.0,0.0,0.10818510677891963,0.0,0.0,0.0,0.0,0.0,0.0,0.0
128.94,1.0,2.0,0.0,0.0,0.0,0.0,0.0,6909.104820718361,0.0,0.0,0.0,0.0,0.0,0.0,0.0,0.0,0.0,0.0
131.54,1.0,2.0,0.0,0.0,0.0,0.0,0.0,6909.104820718361,0.0,0.0,0.0,0.0,0.0,0.0,0.0,0.0,0.0,0.0
150.67,1.0,2.0,0.0,0.0,0.0,0.0,0.0,6909.104820718361,0.0,0.0,0.0,0.0,0.0,0.0,0.0,0.0,0.0,0.0
204.74,0.5270462766947299,1.0540925533894598,0.0,0.8973665961010275,0.0,0.9459074466105402,182.48847098310497,7091.593291701466,0.0,0.0,0.0,0.0,0.0,0.0,0.0,0.0,0.0,0.8973665961010275
209.79,-0.0,-0.0,0.0,1.0,0.0,1.0540925533894598,208.41,7300.003291701466,0.0,0.0,0.0,0.0,0.0,0.0,0.0,0.0,0.0,1.0
171.3,0.0,0.0,0.0,0.0,0.0,0.0,0.0,7300.003291701466,0.0,0.0,0.0,0.0,0.0,0.0,0.0,0.0,0.0,0.0
139.67,0.0,0.0,-0.0,0.0,-0.0,0.0,0.0,7300.003291701466,0.0,0.0,-0.0,0.0,0.0,0.0,0.0,0.0,0.0,0.0
117.19,-0.0,-0.0,0.0,0.0,0.0,0.0,0.0,7300.003291701466,0.0,0.0,0.0,0.0,0.0,0.0,0.0,0.0,0.0,0.0
109.47,0.4743416490252569,0.9486832980505138,1.0,0.0,0.9486832980505138,0.0,-120.77,7179.2332917014655,0.0,0.0,1.0,0.0,0.0,0.0,0.0,0.0,0.0,0.0
106.78,0.9486832980505138,1.8973665961010275,1.0,0.0,0.9486832980505138,0.0,-118.05,7061.183291701465,0.0,0.0,1.0,0.0,0.0,0.0,0.0,0.0,0.0,0.0
111.89,1.0,2.0,0.10818510677891963,0.0,0.10263340389897246,0.0,-13.331650708366267,7047.851640993099,0.0,0.0,0.10818510677891963,0.0,0.0,0.0,0.0,0.0,0.0,0.0
127.32,1.0,2.0,0.0,0.0,0.0,0.0,0.0,7047.851640993099,0.0,0.0,0.0,0.0,0.0,0.0,0.0,0.0,0.0,0.0
155.43,1.0,2.0,-0.0,0.0,-0.0,0.0,0.0,7047.851640993099,0.0,0.0,-0.0,0.0,0.0,0.0,0.0,0.0,0.0,0.0
221.61,0.5270462766947299,1.0540925533894598,0.0,0.8973665961010275,0.0,0.9459074466105402,197.6270454593293,7245.4786864524285,0.0,0.0,0.0,0.0,0.0,0.0,0.0,0.0,0.0,0.8973665961010275
271.0,-0.0,-0.0,0.0,1.0,0.0,1.0540925533894598,269.62,7515.098686452428,0.0,0.0,0.0,0.0,0.0,0.0,0.0,0.0,0.0,1.0
215.36,0.0,0.0,0.0,0.0,0.0,0.0,0.0,7515.098686452428,0.0,0.0,0.0,0.0,0.0,0.0,0.0,0.0,0.0,0.0
177.86,0.0,0.0,-0.0,0.0,-0.0,0.0,0.0,7515.098686452428,0.0,0.0,-0.0,0.0,0.0,0.0,0.0,0.0,0.0,0.0
155.19,-0.0,-0.0,0.0,0.0,0.0,0.0,0.0,7515.098686452428,0.0,0.0,0.0,0.0,0.0,0.0,0.0,0.0,0.0,0.0
139.39,-0.0,-0.0,0.0,0.0,0.0,0.0,0.0,7515.098686452428,0.0,0.0,0.0,0.0,0.0,0.0,0.0,0.0,0.0,0.0
129.57,-0.0,-0.0,-0.0,0.0,-0.0,0.0,0.0,7515.098686452428,0.0,0.0,-0.0,0.0,0.0,0.0,0.0,0.0,0.0,0.0
132.95,0.0,0.0,0.0,0.0,0.0,0.0,0.0,7515.098686452428,0.0,0.0,0.0,0.0,0.0,0.0,0.0,0.0,0.0,0.0
125.0,-0.0,-0.0,0.0,0.0,0.0,0.0,0.0,7515.098686452428,0.0,0.0,0.0,0.0,0.0,0.0,0.0,0.0,0.0,0.0
123.56,0.0,0.0,-0.0,0.0,-0.0,0.0,0.0,7515.098686452428,0.0,0.0,-0.0,0.0,0.0,0.0,0.0,0.0,0.0,0.0
117.11,0.4743416490252569,0.9486832980505138,1.0,0.0,0.9486832980505138,0.0,-128.52,7386.578686452428,0.0,0.0,1.0,0.0,0.0,0.0,0.0,0.0,0.0,0.0
115.66,0.9486832980505138,1.8973665961010275,1.0,0.0,0.9486832980505138,0.0,-127.05,7259.528686452428,0.0,0.0,1.0,0.0,0.0,0.0,0.0,0.0,0.0,0.0
121.52,1.0,2.0,0.10818510677891963,0.0,0.10263340389897246,0.0,-14.38861920159631,7245.140067250832,0.0,0.0,0.10818510677891963,0.0,0.0,0.0,0.0,0.0,0.0,0.0
140.39,1.0,2.0,0.0,0.0,0.0,0.0,0.0,7245.140067250832,0.0,0.0,0.0,0.0,0.0,0.0,0.0,0.0,0.0,0.0
190.34,0.5270462766947299,1.0540925533894598,0.0,0.8973665961010275,0.0,0.9459074466105402,169.56639199925016,7414.706459250082,0.0,0.0,0.0,0.0,0.0,0.0,0.0,0.0,0.0,0.8973665961010275
193.8,0.0,0.0,0.0,1.0,0.0,1.0540925533894598,192.42000000000002,7607.126459250082,0.0,0.0,0.0,0.0,0.0,0.0,0.0,0.0,0.0,1.0
143.53,0.0,0.0,-0.0,0.0,-0.0,0.0,0.0,7607.126459250082,0.0,0.0,-0.0,0.0,0.0,0.0,0.0,0.0,0.0,0.0
124.24,-0.0,-0.0,0.0,0.0,0.0,0.0,0.0,7607.126459250082,0.0,0.0,0.0,0.0,0.0,0.0,0.0,0.0,0.0,0.0
109.71,0.0,0.0,-0.0,0.0,-0.0,0.0,0.0,7607.126459250082,0.0,0.0,-0.0,0.0,0.0,0.0,0.0,0.0,0.0,0.0
96.41,0.4743416490252569,0.9486832980505138,1.0,0.0,0.9486832980505138,0.0,-107.53,7499.596459250082,0.0,0.0,1.0,0.0,0.0,0.0,0.0,0.0,0.0,0.0
88.53,0.9486832980505138,1.8973665961010275,1.0,0.0,0.9486832980505138,0.0,-99.54,7400.056459250082,0.0,0.0,1.0,0.0,0.0,0.0,0.0,0.0,0.0,0.0
98.35,1.0,2.0,0.10818510677891963,0.0,0.10263340389897246,0.0,-11.846269192291699,7388.210190057791,0.0,0.0,0.10818510677891963,0.0,0.0,0.0,0.0,0.0,0.0,0.0
110.0,1.0,2.0,-0.0,0.0,-0.0,0.0,0.0,7388.210190057791,0.0,0.0,-0.0,0.0,0.0,0.0,0.0,0.0,0.0,0.0
128.16,1.0,2.0,0.0,0.0,0.0,0.0,0.0,7388.210190057791,0.0,0.0,0.0,0.0,0.0,0.0,0.0,0.0,0.0,0.0
176.82,0.4729537233052701,0.9459074466105402,0.0,1.0,0.0,1.0540925533894598,175.44,7563.6501900577905,0.0,0.0,0.0,0.0,0.0,0.0,0.0,0.0,0.0,1.0
174.32,-0.0,-0.0,0.0,0.8973665961010275,0.0,0.9459074466105402,155.1905791297117,7718.840769187502,0.0,0.0,0.0,0.0,0.0,0.0,0.0,0.0,0.0,0.8973665961010275
155.91,0.0,0.0,0.0,0.0,0.0,0.0,0.0,7718.840769187502,0.0,0.0,0.0,0.0,0.0,0.0,0.0,0.0,0.0,0.0
142.42,-0.0,-0.0,0.0,0.0,0.0,0.0,0.0,7718.840769187502,0.0,0.0,0.0,0.0,0.0,0.0,0.0,0.0,0.0,0.0
129.41,-0.0,-0.0,0.0,0.0,0.0,0.0,0.0,7718.840769187502,0.0,0.0,0.0,0.0,0.0,0.0,0.0,0.0,0.0,0.0
121.9,0.0,0.0,-0.0,0.0,-0.0,0.0,0.0,7718.840769187502,0.0,0.0,-0.0,0.0,0.0,0.0,0.0,0.0,0.0,0.0
114.45,0.0,0.0,-0.0,0.0,-0.0,0.0,0.0,7718.840769187502,0.0,0.0,-0.0,0.0,0.0,0.0,0.0,0.0,0.0,0.0
104.54,-0.0,-0.0,0.0,0.0,0.0,0.0,0.0,7718.840769187502,0.0,0.0,0.0,0.0,0.0,0.0,0.0,0.0,0.0,0.0
99.29,-0.0,-0.0,-0.0,0.0,-0.0,0.0,0.0,7718.840769187502,0.0,0.0,-0.0,0.0,0.0,0.0,0.0,0.0,0.0,0.0
99.6,0.0,0.0,0.0,0.0,0.0,0.0,0.0,7718.840769187502,0.0,0.0,0.0,0.0,0.0,0.0,0.0,0.0,0.0,0.0
97.29,0.4743416490252569,0.9486832980505138,1.0,0.0,0.9486832980505138,0.0,-108.42,7610.420769187502,0.0,0.0,1.0,0.0,0.0,0.0,0.0,0.0,0.0,0.0
94.5,0.9486832980505138,1.8973665961010275,1.0,0.0,0.9486832980505138,0.0,-105.59,7504.830769187502,0.0,0.0,1.0,0.0,0.0,0.0,0.0,0.0,0.0,0.0
97.48,1.0,2.0,0.10818510677891963,0.0,0.10263340389897246,0.0,-11.749984447258461,7493.080784740243,0.0,0.0,0.10818510677891963,0.0,0.0,0.0,0.0,0.0,0.0,0.0
115.0,1.0,2.0,0.0,0.0,0.0,0.0,0.0,7493.080784740243,0.0,0.0,0.0,0.0,0.0,0.0,0.0,0.0,0.0,0.0
149.5,0.5270462766947299,1.0540925533894598,0.0,0.8973665961010275,0.0,0.9459074466105402,132.9179402144842,7625.998724954728,0.0,0.0,0.0,0.0,0.0,0.0,0.0,0.0,0.0,0.8973665961010275
166.37,0.0,0.0,0.0,1.0,0.0,1.0540925533894598,164.99,7790.988724954727,0.0,0.0,0.0,0.0,0.0,0.0,0.0,0.0,0.0,1.0
128.76,-0.0,-0.0,0.0,0.0,0.0,0.0,0.0,7790.988724954727,0.0,0.0,0.0,0.0,0.0,0.0,0.0,0.0,0.0,0.0
107.91,0.0,0.0,-0.0,0.0,-0.0,0.0,0.0,7790.988724954727,0.0,0.0,-0.0,0.0,0.0,0.0,0.0,0.0,0.0,0.0
89.28,-0.0,-0.0,0.0,0.0,0.0,0.0,0.0,7790.988724954727,0.0,0.0,0.0,0.0,0.0,0.0,0.0,0.0,0.0,0.0
81.52,0.4743416490252569,0.9486832980505138,1.0,0.0,0.9486832980505138,0.0,-92.42999999999999,7698.558724954727,0.0,0.0,1.0,0.0,0.0,0.0,0.0,0.0,0.0,0.0
82.74,0.9486832980505138,1.8973665961010275,1.0,0.0,0.9486832980505138,0.0,-93.66,7604.898724954727,0.0,0.0,1.0,0.0,0.0,0.0,0.0,0.0,0.0,0.0
85.2,1.0,2.0,0.10818510677891963,0.0,0.10263340389897246,0.0,-10.403079867860912,7594.495645086867,0.0,0.0,0.10818510677891963,0.0,0.0,0.0,0.0,0.0,0.0,0.0
90.63,1.0,2.0,0.0,0.0,0.0,0.0,0.0,7594.495645086867,0.0,0.0,0.0,0.0,0.0,0.0,0.0,0.0,0.0,0.0
110.03,1.0,2.0,0.0,-0.0,0.0,-0.0,0.0,7594.495645086867,0.0,0.0,0.0,0.0,0.0,0.0,0.0,0.0,0.0,-0.0
131.28,1.0,2.0,0.0,0.0,0.0,0.0,0.0,7594.495645086867,0.0,0.0,0.0,0.0,0.0,0.0,0.0,0.0,0.0,0.0
142.98,0.4729537233052701,0.9459074466105402,0.0,1.0,0.0,1.0540925533894598,141.6,7736.095645086867,0.0,0.0,0.0,0.0,0.0,0.0,0.0,0.0,0.0,1.0
136.32,0.0,0.0,0.0,0.8973665961010275,0.0,0.9459074466105402,121.09064847787265,7857.18629356474,0.0,0.0,0.0,0.0,0.0,0.0,0.0,0.0,0.0,0.8973665961010275
113.53,-0.0,-0.0,0.0,0.0,0.0,0.0,0.0,7857.18629356474,0.0,0.0,0.0,0.0,0.0,0.0,0.0,0.0,0.0,0.0
98.68,0.0,0.0,-0.0,0.0,-0.0,0.0,0.0,7857.18629356474,0.0,0.0,-0.0,0.0,0.0,0.0,0.0,0.0,0.0,0.0
87.75,0.0,0.0,-0.0,0.0,-0.0,0.0,0.0,7857.18629356474,0.0,0.0,-0.0,0.0,0.0,0.0,0.0,0.0,0.0,0.0
81.16,-0.0,-0.0,0.0,0.0,0.0,0.0,0.0,7857.18629356474,0.0,0.0,0.0,0.0,0.0,0.0,0.0,0.0,0.0,0.0
70.9,-0.0,-0.0,0.0,0.0,0.0,0.0,0.0,7857.18629356474,0.0,0.0,0.0,0.0,0.0,0.0,0.0,0.0,0.0,0.0
69.73,0.0,0.0,-0.0,0.0,-0.0,0.0,0.0,7857.18629356474,0.0,0.0,-0.0,0.0,0.0,0.0,0.0,0.0,0.0,0.0
68.88,-0.0,-0.0,0.0,0.0,0.0,0.0,0.0,7857.18629356474,0.0,0.0,0.0,0.0,0.0,0.0,0.0,0.0,0.0,0.0
67.08,0.05131670194948623,0.10263340389897246,0.10818510677891963,0.0,0.10263340389897246,0.0,-8.414637605264367,7848.7716559594755,0.0,0.0,0.10818510677891963,0.0,0.0,0.0,0.0,0.0,0.0,0.0
65.38,0.5256583509747431,1.0513167019494862,1.0,0.0,0.9486832980505138,0.0,-76.06,7772.711655959475,0.0,0.0,1.0,0.0,0.0,0.0,0.0,0.0,0.0,0.0
64.5,1.0,2.0,1.0,0.0,0.9486832980505138,0.0,-75.17,7697.541655959475,0.0,0.0,1.0,0.0,0.0,0.0,0.0,0.0,0.0,0.0
75.77,1.0,2.0,0.0,0.0,0.0,0.0,0.0,7697.541655959475,0.0,0.0,0.0,0.0,0.0,0.0,0.0,0.0,0.0,0.0
102.85,0.5270462766947299,1.0540925533894598,0.0,0.8973665961010275,0.0,0.9459074466105402,91.05578850637126,7788.597444465846,0.0,0.0,0.0,0.0,0.0,0.0,0.0,0.0,0.0,0.8973665961010275
105.82,0.0,0.0,0.0,1.0,0.0,1.0540925533894598,104.44,7893.0374444658455,0.0,0.0,0.0,0.0,0.0,0.0,0.0,0.0,0.0,1.0
65.11,-0.0,-0.0,0.0,0.0,0.0,0.0,0.0,7893.0374444658455,0.0,0.0,0.0,0.0,0.0,0.0,0.0,0.0,0.0,0.0
61.22,-0.0,-0.0,0.0,0.0,0.0,0.0,0.0,7893.0374444658455,0.0,0.0,0.0,0.0,0.0,0.0,0.0,0.0,0.0,0.0
60.32,-0.0,-0.0,0.0,0.0,0.0,0.0,0.0,7893.0374444658455,0.0,0.0,0.0,0.0,0.0,0.0,0.0,0.0,0.0,0.0
57.83,0.0,0.0,-0.0,0.0,-0.0,0.0,0.0,7893.0374444658455,0.0,0.0,-0.0,0.0,0.0,0.0,0.0,0.0,0.0,0.0
58.47,-0.0,-0.0,0.0,0.0,0.0,0.0,0.0,7893.0374444658455,0.0,0.0,0.0,0.0,0.0,0.0,0.0,0.0,0.0,0.0
65.13,-0.0,-0.0,0.0,0.0,0.0,0.0,0.0,7893.0374444658455,0.0,0.0,0.0,0.0,0.0,0.0,0.0,0.0,0.0,0.0
65.71,-0.0,-0.0,0.0,0.0,0.0,0.0,0.0,7893.0374444658455,0.0,0.0,0.0,0.0,0.0,0.0,0.0,0.0,0.0,0.0
67.74,-0.0,-0.0,0.0,0.0,0.0,0.0,0.0,7893.0374444658455,0.0,0.0,0.0,0.0,0.0,0.0,0.0,0.0,0.0,0.0
71.2,-0.0,-0.0,0.0,-0.0,0.0,-0.0,0.0,7893.0374444658455,0.0,0.0,0.0,0.0,0.0,0.0,0.0,0.0,0.0,-0.0
66.42,-0.0,-0.0,0.0,0.0,0.0,0.0,0.0,7893.0374444658455,0.0,0.0,0.0,0.0,0.0,0.0,0.0,0.0,0.0,0.0
60.34,-0.0,-0.0,0.0,0.0,0.0,0.0,0.0,7893.0374444658455,0.0,0.0,0.0,0.0,0.0,0.0,0.0,0.0,0.0,0.0
56.83,0.0,0.0,0.0,0.0,0.0,0.0,0.0,7893.0374444658455,0.0,0.0,0.0,0.0,0.0,0.0,0.0,0.0,0.0,0.0
50.03,0.0,0.0,-0.0,0.0,-0.0,0.0,0.0,7893.0374444658455,0.0,0.0,-0.0,0.0,0.0,0.0,0.0,0.0,0.0,0.0
44.81,-0.0,-0.0,0.0,0.0,0.0,0.0,0.0,7893.0374444658455,0.0,0.0,0.0,0.0,0.0,0.0,0.0,0.0,0.0,0.0
43.87,0.05131670194948623,0.10263340389897246,0.10818510677891963,0.0,0.10263340389897246,0.0,-5.8679601916886,7887.169484274157,0.0,0.0,0.10818510677891963,0.0,0.0,0.0,0.0,0.0,0.0,0.0
38.99,0.5256583509747431,1.0513167019494862,1.0,0.0,0.9486832980505138,0.0,-49.290000000000006,7837.879484274157,0.0,0.0,1.0,0.0,0.0,0.0,0.0,0.0,0.0,0.0
41.15,1.0,2.0,1.0,0.0,0.9486832980505138,0.0,-51.48,7786.399484274158,0.0,0.0,1.0,0.0,0.0,0.0,0.0,0.0,0.0,0.0
46.56,1.0,2.0,0.0,0.0,0.0,0.0,0.0,7786.399484274158,0.0,0.0,0.0,0.0,0.0,0.0,0.0,0.0,0.0,0.0
44.41,1.0,2.0,0.0,0.0,0.0,0.0,0.0,7786.399484274158,0.0,0.0,0.0,0.0,0.0,0.0,0.0,0.0,0.0,0.0
47.8,1.0,2.0,0.0,0.0,0.0,0.0,0.0,7786.399484274158,0.0,0.0,0.0,0.0,0.0,0.0,0.0,0.0,0.0,0.0
54.22,1.0,2.0,0.0,0.0,0.0,0.0,0.0,7786.399484274158,0.0,0.0,0.0,0.0,0.0,0.0,0.0,0.0,0.0,0.0
67.1,1.0,2.0,0.0,-0.0,0.0,-0.0,0.0,7786.399484274158,0.0,0.0,0.0,0.0,0.0,0.0,0.0,0.0,0.0,-0.0
111.73,1.0,2.0,0.0,0.0,0.0,0.0,0.0,7786.399484274158,0.0,0.0,0.0,0.0,0.0,0.0,0.0,0.0,0.0,0.0
135.02,0.4729537233052701,0.9459074466105402,0.0,1.0,0.0,1.0540925533894598,133.64000000000001,7920.039484274158,0.0,0.0,0.0,0.0,0.0,0.0,0.0,0.0,0.0,1.0
112.2,-0.0,-0.0,0.0,0.8973665961010275,0.0,0.9459074466105402,99.44616617991588,8019.485650454074,0.0,0.0,0.0,0.0,0.0,0.0,0.0,0.0,0.0,0.8973665961010275
92.01,0.0,0.0,0.0,0.0,0.0,0.0,0.0,8019.485650454074,0.0,0.0,0.0,0.0,0.0,0.0,0.0,0.0,0.0,0.0
77.93,-0.0,-0.0,0.0,0.0,0.0,0.0,0.0,8019.485650454074,0.0,0.0,0.0,0.0,0.0,0.0,0.0,0.0,0.0,0.0
69.0,-0.0,-0.0,0.0,0.0,0.0,0.0,0.0,8019.485650454074,0.0,0.0,0.0,0.0,0.0,0.0,0.0,0.0,0.0,0.0
69.0,-0.0,-0.0,-0.0,0.0,-0.0,0.0,0.0,8019.485650454074,0.0,0.0,-0.0,0.0,0.0,0.0,0.0,0.0,0.0,0.0
69.47,-0.0,-0.0,0.0,0.0,0.0,0.0,0.0,8019.485650454074,0.0,0.0,0.0,0.0,0.0,0.0,0.0,0.0,0.0,0.0
75.49,-0.0,-0.0,0.0,0.0,0.0,0.0,0.0,8019.485650454074,0.0,0.0,0.0,0.0,0.0,0.0,0.0,0.0,0.0,0.0
73.19,-0.0,-0.0,0.0,0.0,0.0,0.0,0.0,8019.485650454074,0.0,0.0,0.0,0.0,0.0,0.0,0.0,0.0,0.0,0.0
84.27,-0.0,-0.0,0.0,0.0,0.0,0.0,0.0,8019.485650454074,0.0,0.0,0.0,0.0,0.0,0.0,0.0,0.0,0.0,0.0
73.57,0.0,0.0,0.0,0.0,0.0,0.0,0.0,8019.485650454074,0.0,0.0,0.0,0.0,0.0,0.0,0.0,0.0,0.0,0.0
61.45,0.0,0.0,-0.0,0.0,-0.0,0.0,0.0,8019.485650454074,0.0,0.0,-0.0,0.0,0.0,0.0,0.0,0.0,0.0,0.0
55.56,-0.0,-0.0,0.0,0.0,0.0,0.0,0.0,8019.485650454074,0.0,0.0,0.0,0.0,0.0,0.0,0.0,0.0,0.0,0.0
52.04,-0.0,-0.0,0.0,0.0,0.0,0.0,0.0,8019.485650454074,0.0,0.0,0.0,0.0,0.0,0.0,0.0,0.0,0.0,0.0
49.43,-0.0,-0.0,0.0,0.0,0.0,0.0,0.0,8019.485650454074,0.0,0.0,0.0,0.0,0.0,0.0,0.0,0.0,0.0,0.0
48.6,-0.0,-0.0,0.0,0.0,0.0,0.0,0.0,8019.485650454074,0.0,0.0,0.0,0.0,0.0,0.0,0.0,0.0,0.0,0.0
40.25,0.4743416490252569,0.9486832980505138,1.0,0.0,0.9486832980505138,0.0,-50.57,7968.915650454074,0.0,0.0,1.0,0.0,0.0,0.0,0.0,0.0,0.0,0.0
41.83,0.4743416490252569,0.9486832980505138,0.0,0.0,0.0,0.0,0.0,7968.915650454074,0.0,0.0,0.0,0.0,0.0,0.0,0.0,0.0,0.0,0.0
42.03,0.4743416490252569,0.9486832980505138,0.0,0.0,0.0,0.0,0.0,7968.915650454074,0.0,0.0,0.0,0.0,0.0,0.0,0.0,0.0,0.0,0.0
41.34,0.4743416490252569,0.9486832980505138,0.0,0.0,0.0,0.0,0.0,7968.915650454074,0.0,0.0,0.0,0.0,0.0,0.0,0.0,0.0,0.0,0.0
39.79,0.9486832980505138,1.8973665961010275,1.0,0.0,0.9486832980505138,0.0,-50.1,7918.815650454074,0.0,0.0,1.0,0.0,0.0,0.0,0.0,0.0,0.0,0.0
40.95,1.0,2.0,0.10818510677891963,0.0,0.10263340389897246,0.0,-5.547732275622999,7913.267918178451,0.0,0.0,0.10818510677891963,0.0,0.0,0.0,0.0,0.0,0.0,0.0
47.4,1.0,2.0,0.0,0.0,0.0,0.0,0.0,7913.267918178451,0.0,0.0,0.0,0.0,0.0,0.0,0.0,0.0,0.0,0.0
52.12,1.0,2.0,0.0,0.0,0.0,0.0,0.0,7913.267918178451,0.0,0.0,0.0,0.0,0.0,0.0,0.0,0.0,0.0,0.0
52.79,1.0,2.0,0.0,0.0,0.0,0.0,0.0,7913.267918178451,0.0,0.0,0.0,0.0,0.0,0.0,0.0,0.0,0.0,0.0
60.39,0.5256583509747431,1.0513167019494862,0.0,0.8999999999999999,0.0,0.9486832980505138,53.108999999999995,7966.376918178451,0.0,0.0,0.0,0.0,0.0,0.0,0.0,0.0,0.0,0.8999999999999999
53.21,0.5256583509747431,1.0513167019494862,0.0,0.0,0.0,0.0,0.0,7966.376918178451,0.0,0.0,0.0,0.0,0.0,0.0,0.0,0.0,0.0,0.0
47.13,0.5256583509747431,1.0513167019494862,0.0,0.0,0.0,0.0,0.0,7966.376918178451,0.0,0.0,0.0,0.0,0.0,0.0,0.0,0.0,0.0,0.0
40.4,1.0,2.0,1.0,0.0,0.9486832980505138,0.0,-50.72,7915.656918178451,0.0,0.0,1.0,0.0,0.0,0.0,0.0,0.0,0.0,0.0
52.69,1.0,2.0,0.0,0.0,0.0,0.0,0.0,7915.656918178451,0.0,0.0,0.0,0.0,0.0,0.0,0.0,0.0,0.0,0.0
61.67,1.0,2.0,0.0,-0.0,0.0,-0.0,0.0,7915.656918178451,0.0,0.0,0.0,0.0,0.0,0.0,0.0,0.0,0.0,-0.0
66.11,1.0,2.0,0.0,-0.0,0.0,-0.0,0.0,7915.656918178451,0.0,0.0,0.0,0.0,0.0,0.0,0.0,0.0,0.0,-0.0
90.38,1.0,2.0,0.0,0.0,0.0,0.0,0.0,7915.656918178451,0.0,0.0,0.0,0.0,0.0,0.0,0.0,0.0,0.0,0.0
108.08,0.4729537233052701,0.9459074466105402,0.0,1.0,0.0,1.0540925533894598,106.7,8022.3569181784505,0.0,0.0,0.0,0.0,0.0,0.0,0.0,0.0,0.0,1.0
106.98,0.0,0.0,0.0,0.8973665961010275,0.0,0.9459074466105402,94.76191254826851,8117.118830726719,0.0,0.0,0.0,0.0,0.0,0.0,0.0,0.0,0.0,0.8973665961010275
105.88,-0.0,-0.0,0.0,0.0,0.0,0.0,0.0,8117.118830726719,0.0,0.0,0.0,0.0,0.0,0.0,0.0,0.0,0.0,0.0
91.69,-0.0,-0.0,0.0,0.0,0.0,0.0,0.0,8117.118830726719,0.0,0.0,0.0,0.0,0.0,0.0,0.0,0.0,0.0,0.0
91.77,-0.0,-0.0,0.0,0.0,0.0,0.0,0.0,8117.118830726719,0.0,0.0,0.0,0.0,0.0,0.0,0.0,0.0,0.0,0.0
94.27,-0.0,-0.0,0.0,0.0,0.0,0.0,0.0,8117.118830726719,0.0,0.0,0.0,0.0,0.0,0.0,0.0,0.0,0.0,0.0
83.51,0.0,0.0,-0.0,0.0,-0.0,0.0,0.0,8117.118830726719,0.0,0.0,-0.0,0.0,0.0,0.0,0.0,0.0,0.0,0.0
91.1,-0.0,-0.0,0.0,0.0,0.0,0.0,0.0,8117.118830726719,0.0,0.0,0.0,0.0,0.0,0.0,0.0,0.0,0.0,0.0
84.99,-0.0,-0.0,0.0,0.0,0.0,0.0,0.0,8117.118830726719,0.0,0.0,0.0,0.0,0.0,0.0,0.0,0.0,0.0,0.0
86.21,-0.0,-0.0,0.0,0.0,0.0,0.0,0.0,8117.118830726719,0.0,0.0,0.0,0.0,0.0,0.0,0.0,0.0,0.0,0.0
83.63,-0.0,-0.0,0.0,0.0,0.0,0.0,0.0,8117.118830726719,0.0,0.0,0.0,0.0,0.0,0.0,0.0,0.0,0.0,0.0
84.3,-0.0,-0.0,0.0,0.0,0.0,0.0,0.0,8117.118830726719,0.0,0.0,0.0,0.0,0.0,0.0,0.0,0.0,0.0,0.0
85.79,-0.0,-0.0,0.0,0.0,0.0,0.0,0.0,8117.118830726719,0.0,0.0,0.0,0.0,0.0,0.0,0.0,0.0,0.0,0.0
86.62,-0.0,-0.0,0.0,0.0,0.0,0.0,0.0,8117.118830726719,0.0,0.0,0.0,0.0,0.0,0.0,0.0,0.0,0.0,0.0
85.0,-0.0,-0.0,0.0,0.0,0.0,0.0,0.0,8117.118830726719,0.0,0.0,0.0,0.0,0.0,0.0,0.0,0.0,0.0,0.0
98.06,0.0,0.0,0.0,-0.0,0.0,-0.0,0.0,8117.118830726719,0.0,0.0,0.0,0.0,0.0,0.0,0.0,0.0,0.0,-0.0
93.0,-0.0,-0.0,0.0,-0.0,0.0,-0.0,0.0,8117.118830726719,0.0,0.0,0.0,0.0,0.0,0.0,0.0,0.0,0.0,-0.0
76.13,0.0,0.0,0.0,0.0,0.0,0.0,0.0,8117.118830726719,0.0,0.0,0.0,0.0,0.0,0.0,0.0,0.0,0.0,0.0
60.46,0.0,0.0,-0.0,0.0,-0.0,0.0,0.0,8117.118830726719,0.0,0.0,-0.0,0.0,0.0,0.0,0.0,0.0,0.0,0.0
49.81,0.05131670194948623,0.10263340389897246,0.10818510677891963,0.0,0.10263340389897246,0.0,-6.520316385565486,8110.5985143411535,0.0,0.0,0.10818510677891963,0.0,0.0,0.0,0.0,0.0,0.0,0.0
48.94,0.5256583509747431,1.0513167019494862,1.0,0.0,0.9486832980505138,0.0,-59.379999999999995,8051.218514341153,0.0,0.0,1.0,0.0,0.0,0.0,0.0,0.0,0.0,0.0
47.5,1.0,2.0,1.0,0.0,0.9486832980505138,0.0,-57.92,7993.298514341153,0.0,0.0,1.0,0.0,0.0,0.0,0.0,0.0,0.0,0.0
52.41,1.0,2.0,-0.0,0.0,-0.0,0.0,0.0,7993.298514341153,0.0,0.0,-0.0,0.0,0.0,0.0,0.0,0.0,0.0,0.0
67.1,1.0,2.0,0.0,0.0,0.0,0.0,0.0,7993.298514341153,0.0,0.0,0.0,0.0,0.0,0.0,0.0,0.0,0.0,0.0
92.59,0.5270462766947299,1.0540925533894598,0.0,0.8973665961010275,0.0,0.9459074466105402,81.84880723037472,8075.147321571528,0.0,0.0,0.0,0.0,0.0,0.0,0.0,0.0,0.0,0.8973665961010275
113.34,-0.0,-0.0,0.0,1.0,0.0,1.0540925533894598,111.96000000000001,8187.107321571528,0.0,0.0,0.0,0.0,0.0,0.0,0.0,0.0,0.0,1.0
87.27,0.0,0.0,0.0,0.0,0.0,0.0,0.0,8187.107321571528,0.0,0.0,0.0,0.0,0.0,0.0,0.0,0.0,0.0,0.0
67.1,0.0,0.0,0.0,-0.0,0.0,-0.0,0.0,8187.107321571528,0.0,0.0,0.0,0.0,0.0,0.0,0.0,0.0,0.0,-0.0
46.57,-0.0,-0.0,0.0,0.0,0.0,0.0,0.0,8187.107321571528,0.0,0.0,0.0,0.0,0.0,0.0,0.0,0.0,0.0,0.0
48.87,-0.0,-0.0,0.0,0.0,0.0,0.0,0.0,8187.107321571528,0.0,0.0,0.0,0.0,0.0,0.0,0.0,0.0,0.0,0.0
44.94,0.0,0.0,-0.0,0.0,-0.0,0.0,0.0,8187.107321571528,0.0,0.0,-0.0,0.0,0.0,0.0,0.0,0.0,0.0,0.0
10.0,-0.0,-0.0,0.0,0.0,0.0,0.0,0.0,8187.107321571528,0.0,0.0,0.0,0.0,0.0,0.0,0.0,0.0,0.0,0.0
11.89,-0.0,-0.0,0.0,0.0,0.0,0.0,0.0,8187.107321571528,0.0,0.0,0.0,0.0,0.0,0.0,0.0,0.0,0.0,0.0
9.02,-0.0,-0.0,0.0,0.0,0.0,0.0,0.0,8187.107321571528,0.0,0.0,0.0,0.0,0.0,0.0,0.0,0.0,0.0,0.0
4.09,0.4743416490252569,0.9486832980505138,1.0,0.0,0.9486832980505138,0.0,-13.9,8173.207321571528,0.0,0.0,1.0,0.0,0.0,0.0,0.0,0.0,0.0,0.0
3.93,0.9486832980505138,1.8973665961010275,1.0,0.0,0.9486832980505138,0.0,-13.74,8159.467321571528,0.0,0.0,1.0,0.0,0.0,0.0,0.0,0.0,0.0,0.0
5.06,1.0,2.0,0.10818510677891963,0.0,0.10263340389897246,0.0,-1.609794388870324,8157.8575271826585,0.0,0.0,0.10818510677891963,0.0,0.0,0.0,0.0,0.0,0.0,0.0
31.91,1.0,2.0,0.0,-0.0,0.0,-0.0,0.0,8157.8575271826585,0.0,0.0,0.0,0.0,0.0,0.0,0.0,0.0,0.0,-0.0
48.74,1.0,2.0,0.0,0.0,0.0,0.0,0.0,8157.8575271826585,0.0,0.0,0.0,0.0,0.0,0.0,0.0,0.0,0.0,0.0
52.93,1.0,2.0,0.0,-0.0,0.0,-0.0,0.0,8157.8575271826585,0.0,0.0,0.0,0.0,0.0,0.0,0.0,0.0,0.0,-0.0
50.91,1.0,2.0,0.0,0.0,0.0,0.0,0.0,8157.8575271826585,0.0,0.0,0.0,0.0,0.0,0.0,0.0,0.0,0.0,0.0
50.33,1.0,2.0,0.0,0.0,0.0,0.0,0.0,8157.8575271826585,0.0,0.0,0.0,0.0,0.0,0.0,0.0,0.0,0.0,0.0
45.0,1.0,2.0,0.0,0.0,0.0,0.0,0.0,8157.8575271826585,0.0,0.0,0.0,0.0,0.0,0.0,0.0,0.0,0.0,0.0
41.88,1.0,2.0,0.0,0.0,0.0,0.0,0.0,8157.8575271826585,0.0,0.0,0.0,0.0,0.0,0.0,0.0,0.0,0.0,0.0
39.99,1.0,2.0,0.0,0.0,0.0,0.0,0.0,8157.8575271826585,0.0,0.0,0.0,0.0,0.0,0.0,0.0,0.0,0.0,0.0
40.02,1.0,2.0,0.0,0.0,0.0,0.0,0.0,8157.8575271826585,0.0,0.0,0.0,0.0,0.0,0.0,0.0,0.0,0.0,0.0
42.63,1.0,2.0,0.0,0.0,0.0,0.0,0.0,8157.8575271826585,0.0,0.0,0.0,0.0,0.0,0.0,0.0,0.0,0.0,0.0
49.99,1.0,2.0,0.0,0.0,0.0,0.0,0.0,8157.8575271826585,0.0,0.0,0.0,0.0,0.0,0.0,0.0,0.0,0.0,0.0
62.67,1.0,2.0,0.0,-0.0,0.0,-0.0,0.0,8157.8575271826585,0.0,0.0,0.0,0.0,0.0,0.0,0.0,0.0,0.0,-0.0
77.75,1.0,2.0,0.0,0.0,0.0,0.0,0.0,8157.8575271826585,0.0,0.0,0.0,0.0,0.0,0.0,0.0,0.0,0.0,0.0
87.21,1.0,2.0,0.0,-0.0,0.0,-0.0,0.0,8157.8575271826585,0.0,0.0,0.0,0.0,0.0,0.0,0.0,0.0,0.0,-0.0
77.2,1.0,2.0,0.0,0.0,0.0,0.0,0.0,8157.8575271826585,0.0,0.0,0.0,0.0,0.0,0.0,0.0,0.0,0.0,0.0
99.91,1.0,2.0,0.0,0.0,0.0,0.0,0.0,8157.8575271826585,0.0,0.0,0.0,0.0,0.0,0.0,0.0,0.0,0.0,0.0
111.96,0.5256583509747431,1.0513167019494862,0.0,0.8999999999999999,0.0,0.9486832980505138,99.52199999999998,8257.379527182658,0.0,0.0,0.0,0.0,0.0,0.0,0.0,0.0,0.0,0.8999999999999999
106.48,0.5256583509747431,1.0513167019494862,0.0,0.0,0.0,0.0,0.0,8257.379527182658,0.0,0.0,0.0,0.0,0.0,0.0,0.0,0.0,0.0,0.0
86.46,1.0,2.0,1.0,0.0,0.9486832980505138,0.0,-97.44,8159.939527182659,0.0,0.0,1.0,0.0,0.0,0.0,0.0,0.0,0.0,0.0
89.91,1.0,2.0,0.0,0.0,0.0,0.0,0.0,8159.939527182659,0.0,0.0,0.0,0.0,0.0,0.0,0.0,0.0,0.0,0.0
92.42,1.0,2.0,0.0,0.0,0.0,0.0,0.0,8159.939527182659,0.0,0.0,0.0,0.0,0.0,0.0,0.0,0.0,0.0,0.0
92.44,1.0,2.0,0.0,0.0,0.0,0.0,0.0,8159.939527182659,0.0,0.0,0.0,0.0,0.0,0.0,0.0,0.0,0.0,0.0
94.32,1.0,2.0,0.0,0.0,0.0,0.0,0.0,8159.939527182659,0.0,0.0,0.0,0.0,0.0,0.0,0.0,0.0,0.0,0.0
103.5,1.0,2.0,0.0,0.0,0.0,0.0,0.0,8159.939527182659,0.0,0.0,0.0,0.0,0.0,0.0,0.0,0.0,0.0,0.0
140.0,1.0,2.0,0.0,0.0,0.0,0.0,0.0,8159.939527182659,0.0,0.0,0.0,0.0,0.0,0.0,0.0,0.0,0.0,0.0
162.29,0.5270462766947299,1.0540925533894598,0.0,0.8973665961010275,0.0,0.9459074466105402,144.39525897861634,8304.334786161275,0.0,0.0,0.0,0.0,0.0,0.0,0.0,0.0,0.0,0.8973665961010275
169.05,0.0,0.0,0.0,1.0,0.0,1.0540925533894598,167.67000000000002,8472.004786161275,0.0,0.0,0.0,0.0,0.0,0.0,0.0,0.0,0.0,1.0
151.16,-0.0,-0.0,0.0,-0.0,0.0,-0.0,0.0,8472.004786161275,0.0,0.0,0.0,0.0,0.0,0.0,0.0,0.0,0.0,-0.0
134.88,0.0,0.0,0.0,0.0,0.0,0.0,0.0,8472.004786161275,0.0,0.0,0.0,0.0,0.0,0.0,0.0,0.0,0.0,0.0
121.83,0.05131670194948623,0.10263340389897246,0.10818510677891963,0.0,0.10263340389897246,0.0,-14.422156584697776,8457.582629576576,0.0,0.0,0.10818510677891963,0.0,0.0,0.0,0.0,0.0,0.0,0.0
118.5,0.5256583509747431,1.0513167019494862,1.0,0.0,0.9486832980505138,0.0,-129.93,8327.652629576576,0.0,0.0,1.0,0.0,0.0,0.0,0.0,0.0,0.0,0.0
117.56,1.0,2.0,1.0,0.0,0.9486832980505138,0.0,-128.98,8198.672629576577,0.0,0.0,1.0,0.0,0.0,0.0,0.0,0.0,0.0,0.0
124.39,1.0,2.0,0.0,0.0,0.0,0.0,0.0,8198.672629576577,0.0,0.0,0.0,0.0,0.0,0.0,0.0,0.0,0.0,0.0
134.67,1.0,2.0,-0.0,0.0,-0.0,0.0,0.0,8198.672629576577,0.0,0.0,-0.0,0.0,0.0,0.0,0.0,0.0,0.0,0.0
157.96,1.0,2.0,-0.0,0.0,-0.0,0.0,0.0,8198.672629576577,0.0,0.0,-0.0,0.0,0.0,0.0,0.0,0.0,0.0,0.0
194.93,0.5270462766947299,1.0540925533894598,0.0,0.8973665961010275,0.0,0.9459074466105402,173.68530467535388,8372.35793425193,0.0,0.0,0.0,0.0,0.0,0.0,0.0,0.0,0.0,0.8973665961010275
215.8,0.0,0.0,0.0,1.0,0.0,1.0540925533894598,214.42000000000002,8586.77793425193,0.0,0.0,0.0,0.0,0.0,0.0,0.0,0.0,0.0,1.0
179.45,0.0,0.0,0.0,-0.0,0.0,-0.0,0.0,8586.77793425193,0.0,0.0,0.0,0.0,0.0,0.0,0.0,0.0,0.0,-0.0
155.27,-0.0,-0.0,0.0,-0.0,0.0,-0.0,0.0,8586.77793425193,0.0,0.0,0.0,0.0,0.0,0.0,0.0,0.0,0.0,-0.0
138.97,-0.0,-0.0,0.0,0.0,0.0,0.0,0.0,8586.77793425193,0.0,0.0,0.0,0.0,0.0,0.0,0.0,0.0,0.0,0.0
127.54,0.0,0.0,0.0,0.0,0.0,0.0,0.0,8586.77793425193,0.0,0.0,0.0,0.0,0.0,0.0,0.0,0.0,0.0,0.0
115.13,0.4743416490252569,0.9486832980505138,1.0,0.0,0.9486832980505138,0.0,-126.50999999999999,8460.26793425193,0.0,0.0,1.0,0.0,0.0,0.0,0.0,0.0,0.0,0.0
122.99,0.4743416490252569,0.9486832980505138,0.0,0.0,0.0,0.0,0.0,8460.26793425193,0.0,0.0,0.0,0.0,0.0,0.0,0.0,0.0,0.0,0.0
119.82,0.4743416490252569,0.9486832980505138,0.0,0.0,0.0,0.0,0.0,8460.26793425193,0.0,0.0,0.0,0.0,0.0,0.0,0.0,0.0,0.0,0.0
116.94,0.4743416490252569,0.9486832980505138,0.0,0.0,0.0,0.0,0.0,8460.26793425193,0.0,0.0,0.0,0.0,0.0,0.0,0.0,0.0,0.0,0.0
115.98,0.9486832980505138,1.8973665961010275,1.0,0.0,0.9486832980505138,0.0,-127.38000000000001,8332.88793425193,0.0,0.0,1.0,0.0,0.0,0.0,0.0,0.0,0.0,0.0
116.56,1.0,2.0,0.10818510677891963,0.0,0.10263340389897246,0.0,-13.843366263430555,8319.0445679885,0.0,0.0,0.10818510677891963,0.0,0.0,0.0,0.0,0.0,0.0,0.0
117.27,1.0,2.0,-0.0,0.0,-0.0,0.0,0.0,8319.0445679885,0.0,0.0,-0.0,0.0,0.0,0.0,0.0,0.0,0.0,0.0
130.01,1.0,2.0,0.0,0.0,0.0,0.0,0.0,8319.0445679885,0.0,0.0,0.0,0.0,0.0,0.0,0.0,0.0,0.0,0.0
159.93,1.0,2.0,0.0,0.0,0.0,0.0,0.0,8319.0445679885,0.0,0.0,0.0,0.0,0.0,0.0,0.0,0.0,0.0,0.0
175.19,0.4729537233052701,0.9459074466105402,0.0,1.0,0.0,1.0540925533894598,173.81,8492.8545679885,0.0,0.0,0.0,0.0,0.0,0.0,0.0,0.0,0.0,1.0
160.22,0.0,0.0,0.0,0.8973665961010275,0.0,0.9459074466105402,142.5377101246872,8635.392278113186,0.0,0.0,0.0,0.0,0.0,0.0,0.0,0.0,0.0,0.8973665961010275
141.37,-0.0,-0.0,0.0,0.0,0.0,0.0,0.0,8635.392278113186,0.0,0.0,0.0,0.0,0.0,0.0,0.0,0.0,0.0,0.0
125.76,-0.0,-0.0,0.0,0.0,0.0,0.0,0.0,8635.392278113186,0.0,0.0,0.0,0.0,0.0,0.0,0.0,0.0,0.0,0.0
120.53,0.05131670194948623,0.10263340389897246,0.10818510677891963,0.0,0.10263340389897246,0.0,-14.279352243749603,8621.112925869436,0.0,0.0,0.10818510677891963,0.0,0.0,0.0,0.0,0.0,0.0,0.0
115.33,0.5256583509747431,1.0513167019494862,1.0,0.0,0.9486832980505138,0.0,-126.72,8494.392925869437,0.0,0.0,1.0,0.0,0.0,0.0,0.0,0.0,0.0,0.0
114.71,1.0,2.0,1.0,0.0,0.9486832980505138,0.0,-126.08999999999999,8368.302925869437,0.0,0.0,1.0,0.0,0.0,0.0,0.0,0.0,0.0,0.0
132.9,1.0,2.0,-0.0,0.0,-0.0,0.0,0.0,8368.302925869437,0.0,0.0,-0.0,0.0,0.0,0.0,0.0,0.0,0.0,0.0
149.75,1.0,2.0,0.0,0.0,0.0,0.0,0.0,8368.302925869437,0.0,0.0,0.0,0.0,0.0,0.0,0.0,0.0,0.0,0.0
153.16,1.0,2.0,0.0,0.0,0.0,0.0,0.0,8368.302925869437,0.0,0.0,0.0,0.0,0.0,0.0,0.0,0.0,0.0,0.0
172.57,0.4729537233052701,0.9459074466105402,0.0,1.0,0.0,1.0540925533894598,171.19,8539.492925869437,0.0,0.0,0.0,0.0,0.0,0.0,0.0,0.0,0.0,1.0
162.82,-0.0,-0.0,0.0,0.8973665961010275,0.0,0.9459074466105402,144.8708632745499,8684.363789143987,0.0,0.0,0.0,0.0,0.0,0.0,0.0,0.0,0.0,0.8973665961010275
147.38,0.0,0.0,0.0,0.0,0.0,0.0,0.0,8684.363789143987,0.0,0.0,0.0,0.0,0.0,0.0,0.0,0.0,0.0,0.0
118.44,-0.0,-0.0,0.0,0.0,0.0,0.0,0.0,8684.363789143987,0.0,0.0,0.0,0.0,0.0,0.0,0.0,0.0,0.0,0.0
120.94,-0.0,-0.0,0.0,0.0,0.0,0.0,0.0,8684.363789143987,0.0,0.0,0.0,0.0,0.0,0.0,0.0,0.0,0.0,0.0
112.46,-0.0,-0.0,0.0,0.0,0.0,0.0,0.0,8684.363789143987,0.0,0.0,0.0,0.0,0.0,0.0,0.0,0.0,0.0,0.0
101.48,-0.0,-0.0,-0.0,0.0,-0.0,0.0,0.0,8684.363789143987,0.0,0.0,-0.0,0.0,0.0,0.0,0.0,0.0,0.0,0.0
103.81,0.0,0.0,0.0,0.0,0.0,0.0,0.0,8684.363789143987,0.0,0.0,0.0,0.0,0.0,0.0,0.0,0.0,0.0,0.0
101.24,0.05131670194948623,0.10263340389897246,0.10818510677891963,0.0,0.10263340389897246,0.0,-12.163251555153932,8672.200537588833,0.0,0.0,0.10818510677891963,0.0,0.0,0.0,0.0,0.0,0.0,0.0
99.6,0.5256583509747431,1.0513167019494862,1.0,0.0,0.9486832980505138,0.0,-110.75999999999999,8561.440537588833,0.0,0.0,1.0,0.0,0.0,0.0,0.0,0.0,0.0,0.0
100.43,1.0,2.0,1.0,0.0,0.9486832980505138,0.0,-111.61000000000001,8449.830537588832,0.0,0.0,1.0,0.0,0.0,0.0,0.0,0.0,0.0,0.0
105.62,1.0,2.0,0.0,0.0,0.0,0.0,0.0,8449.830537588832,0.0,0.0,0.0,0.0,0.0,0.0,0.0,0.0,0.0,0.0
115.15,1.0,2.0,0.0,0.0,0.0,0.0,0.0,8449.830537588832,0.0,0.0,0.0,0.0,0.0,0.0,0.0,0.0,0.0,0.0
151.24,0.5270462766947299,1.0540925533894598,0.0,0.8973665961010275,0.0,0.9459074466105402,134.4793580917,8584.309895680532,0.0,0.0,0.0,0.0,0.0,0.0,0.0,0.0,0.0,0.8973665961010275
159.05,-0.0,-0.0,0.0,1.0,0.0,1.0540925533894598,157.67000000000002,8741.979895680532,0.0,0.0,0.0,0.0,0.0,0.0,0.0,0.0,0.0,1.0
142.58,0.0,0.0,0.0,0.0,0.0,0.0,0.0,8741.979895680532,0.0,0.0,0.0,0.0,0.0,0.0,0.0,0.0,0.0,0.0
126.01,-0.0,-0.0,0.0,0.0,0.0,0.0,0.0,8741.979895680532,0.0,0.0,0.0,0.0,0.0,0.0,0.0,0.0,0.0,0.0
110.0,0.05131670194948623,0.10263340389897246,0.10818510677891963,0.0,0.10263340389897246,0.0,-13.123935303350741,8728.855960377181,0.0,0.0,0.10818510677891963,0.0,0.0,0.0,0.0,0.0,0.0,0.0
101.1,0.5256583509747431,1.0513167019494862,1.0,0.0,0.9486832980505138,0.0,-112.28999999999999,8616.56596037718,0.0,0.0,1.0,0.0,0.0,0.0,0.0,0.0,0.0,0.0
100.8,1.0,2.0,1.0,0.0,0.9486832980505138,0.0,-111.97999999999999,8504.58596037718,0.0,0.0,1.0,0.0,0.0,0.0,0.0,0.0,0.0,0.0
110.0,1.0,2.0,0.0,0.0,0.0,0.0,0.0,8504.58596037718,0.0,0.0,0.0,0.0,0.0,0.0,0.0,0.0,0.0,0.0
118.76,1.0,2.0,0.0,0.0,0.0,0.0,0.0,8504.58596037718,0.0,0.0,0.0,0.0,0.0,0.0,0.0,0.0,0.0,0.0
142.62,1.0,2.0,0.0,0.0,0.0,0.0,0.0,8504.58596037718,0.0,0.0,0.0,0.0,0.0,0.0,0.0,0.0,0.0,0.0
158.69,1.0,2.0,0.0,0.0,0.0,0.0,0.0,8504.58596037718,0.0,0.0,0.0,0.0,0.0,0.0,0.0,0.0,0.0,0.0
174.71,0.4729537233052701,0.9459074466105402,0.0,1.0,0.0,1.0540925533894598,173.33,8677.91596037718,0.0,0.0,0.0,0.0,0.0,0.0,0.0,0.0,0.0,1.0
163.17,-0.0,-0.0,0.0,0.8973665961010275,0.0,0.9459074466105402,145.18494158318524,8823.100901960366,0.0,0.0,0.0,0.0,0.0,0.0,0.0,0.0,0.0,0.8973665961010275
144.61,0.0,0.0,0.0,0.0,0.0,0.0,0.0,8823.100901960366,0.0,0.0,0.0,0.0,0.0,0.0,0.0,0.0,0.0,0.0
136.54,-0.0,-0.0,0.0,0.0,0.0,0.0,0.0,8823.100901960366,0.0,0.0,0.0,0.0,0.0,0.0,0.0,0.0,0.0,0.0
124.69,-0.0,-0.0,0.0,0.0,0.0,0.0,0.0,8823.100901960366,0.0,0.0,0.0,0.0,0.0,0.0,0.0,0.0,0.0,0.0
114.89,-0.0,-0.0,-0.0,0.0,-0.0,0.0,0.0,8823.100901960366,0.0,0.0,-0.0,0.0,0.0,0.0,0.0,0.0,0.0,0.0
115.47,0.0,0.0,0.0,0.0,0.0,0.0,0.0,8823.100901960366,0.0,0.0,0.0,0.0,0.0,0.0,0.0,0.0,0.0,0.0
110.54,0.05131670194948623,0.10263340389897246,0.10818510677891963,0.0,0.10263340389897246,0.0,-13.183437112079146,8809.917464848288,0.0,0.0,0.10818510677891963,0.0,0.0,0.0,0.0,0.0,0.0,0.0
109.38,0.5256583509747431,1.0513167019494862,1.0,0.0,0.9486832980505138,0.0,-120.67999999999999,8689.237464848287,0.0,0.0,1.0,0.0,0.0,0.0,0.0,0.0,0.0,0.0
106.93,1.0,2.0,1.0,0.0,0.9486832980505138,0.0,-118.2,8571.037464848287,0.0,0.0,1.0,0.0,0.0,0.0,0.0,0.0,0.0,0.0
112.03,1.0,2.0,-0.0,0.0,-0.0,0.0,0.0,8571.037464848287,0.0,0.0,-0.0,0.0,0.0,0.0,0.0,0.0,0.0,0.0
112.63,1.0,2.0,0.0,0.0,0.0,0.0,0.0,8571.037464848287,0.0,0.0,0.0,0.0,0.0,0.0,0.0,0.0,0.0,0.0
123.97,1.0,2.0,0.0,0.0,0.0,0.0,0.0,8571.037464848287,0.0,0.0,0.0,0.0,0.0,0.0,0.0,0.0,0.0,0.0
148.83,0.5270462766947299,1.0540925533894598,0.0,0.8973665961010275,0.0,0.9459074466105402,132.31670459509652,8703.354169443382,0.0,0.0,0.0,0.0,0.0,0.0,0.0,0.0,0.0,0.8973665961010275
161.82,-0.0,-0.0,0.0,1.0,0.0,1.0540925533894598,160.44,8863.794169443383,0.0,0.0,0.0,0.0,0.0,0.0,0.0,0.0,0.0,1.0
145.5,0.0,0.0,0.0,0.0,0.0,0.0,0.0,8863.794169443383,0.0,0.0,0.0,0.0,0.0,0.0,0.0,0.0,0.0,0.0
127.44,-0.0,-0.0,0.0,-0.0,0.0,-0.0,0.0,8863.794169443383,0.0,0.0,0.0,0.0,0.0,0.0,0.0,0.0,0.0,-0.0
110.0,0.0,0.0,0.0,0.0,0.0,0.0,0.0,8863.794169443383,0.0,0.0,0.0,0.0,0.0,0.0,0.0,0.0,0.0,0.0
98.34,0.05131670194948623,0.10263340389897246,0.10818510677891963,0.0,0.10263340389897246,0.0,-11.84518734122391,8851.94898210216,0.0,0.0,0.10818510677891963,0.0,0.0,0.0,0.0,0.0,0.0,0.0
91.5,0.5256583509747431,1.0513167019494862,1.0,0.0,0.9486832980505138,0.0,-102.55,8749.39898210216,0.0,0.0,1.0,0.0,0.0,0.0,0.0,0.0,0.0,0.0
92.0,1.0,2.0,1.0,0.0,0.9486832980505138,0.0,-103.06,8646.338982102161,0.0,0.0,1.0,0.0,0.0,0.0,0.0,0.0,0.0,0.0
101.15,1.0,2.0,0.0,0.0,0.0,0.0,0.0,8646.338982102161,0.0,0.0,0.0,0.0,0.0,0.0,0.0,0.0,0.0,0.0
124.1,1.0,2.0,0.0,-0.0,0.0,-0.0,0.0,8646.338982102161,0.0,0.0,0.0,0.0,0.0,0.0,0.0,0.0,0.0,-0.0
147.72,1.0,2.0,0.0,0.0,0.0,0.0,0.0,8646.338982102161,0.0,0.0,0.0,0.0,0.0,0.0,0.0,0.0,0.0,0.0
156.63,0.5270462766947299,1.0540925533894598,0.0,0.8973665961010275,0.0,0.9459074466105402,139.3161640446845,8785.655146146846,0.0,0.0,0.0,0.0,0.0,0.0,0.0,0.0,0.0,0.8973665961010275
158.0,0.0,0.0,0.0,1.0,0.0,1.0540925533894598,156.62,8942.275146146847,0.0,0.0,0.0,0.0,0.0,0.0,0.0,0.0,0.0,1.0
143.96,-0.0,-0.0,0.0,0.0,0.0,0.0,0.0,8942.275146146847,0.0,0.0,0.0,0.0,0.0,0.0,0.0,0.0,0.0,0.0
131.31,-0.0,-0.0,0.0,0.0,0.0,0.0,0.0,8942.275146146847,0.0,0.0,0.0,0.0,0.0,0.0,0.0,0.0,0.0,0.0
125.54,-0.0,-0.0,0.0,0.0,0.0,0.0,0.0,8942.275146146847,0.0,0.0,0.0,0.0,0.0,0.0,0.0,0.0,0.0,0.0
117.21,-0.0,-0.0,0.0,0.0,0.0,0.0,0.0,8942.275146146847,0.0,0.0,0.0,0.0,0.0,0.0,0.0,0.0,0.0,0.0
128.19,-0.0,-0.0,0.0,0.0,0.0,0.0,0.0,8942.275146146847,0.0,0.0,0.0,0.0,0.0,0.0,0.0,0.0,0.0,0.0
120.38,-0.0,-0.0,0.0,0.0,0.0,0.0,0.0,8942.275146146847,0.0,0.0,0.0,0.0,0.0,0.0,0.0,0.0,0.0,0.0
117.09,0.0,0.0,-0.0,0.0,-0.0,0.0,0.0,8942.275146146847,0.0,0.0,-0.0,0.0,0.0,0.0,0.0,0.0,0.0,0.0
112.15,0.0,0.0,-0.0,0.0,-0.0,0.0,0.0,8942.275146146847,0.0,0.0,-0.0,0.0,0.0,0.0,0.0,0.0,0.0,0.0
109.75,0.4743416490252569,0.9486832980505138,1.0,0.0,0.9486832980505138,0.0,-121.06,8821.215146146847,0.0,0.0,1.0,0.0,0.0,0.0,0.0,0.0,0.0,0.0
111.88,0.5270462766947299,1.0540925533894598,0.11111111111111122,0.0,0.10540925533894607,0.0,-13.691111111111123,8807.524035035736,0.0,0.0,0.11111111111111122,0.0,0.0,0.0,0.0,0.0,0.0,0.0
117.1,0.5270462766947299,1.0540925533894598,0.0,0.0,0.0,0.0,0.0,8807.524035035736,0.0,0.0,0.0,0.0,0.0,0.0,0.0,0.0,0.0,0.0
133.82,0.5270462766947299,1.0540925533894598,0.0,0.0,0.0,0.0,0.0,8807.524035035736,0.0,0.0,0.0,0.0,0.0,0.0,0.0,0.0,0.0,0.0
138.3,-0.0,-0.0,0.0,1.0,0.0,1.0540925533894598,136.92000000000002,8944.444035035736,0.0,0.0,0.0,0.0,0.0,0.0,0.0,0.0,0.0,1.0
137.74,-0.0,-0.0,0.0,0.0,0.0,0.0,0.0,8944.444035035736,0.0,0.0,0.0,0.0,0.0,0.0,0.0,0.0,0.0,0.0
125.08,0.0,0.0,0.0,0.0,0.0,0.0,0.0,8944.444035035736,0.0,0.0,0.0,0.0,0.0,0.0,0.0,0.0,0.0,0.0
112.11,-0.0,-0.0,0.0,0.0,0.0,0.0,0.0,8944.444035035736,0.0,0.0,0.0,0.0,0.0,0.0,0.0,0.0,0.0,0.0
98.63,0.0,0.0,-0.0,0.0,-0.0,0.0,0.0,8944.444035035736,0.0,0.0,-0.0,0.0,0.0,0.0,0.0,0.0,0.0,0.0
91.45,0.4743416490252569,0.9486832980505138,1.0,0.0,0.9486832980505138,0.0,-102.5,8841.944035035736,0.0,0.0,1.0,0.0,0.0,0.0,0.0,0.0,0.0,0.0
89.1,0.9486832980505138,1.8973665961010275,1.0,0.0,0.9486832980505138,0.0,-100.11,8741.834035035736,0.0,0.0,1.0,0.0,0.0,0.0,0.0,0.0,0.0,0.0
97.5,1.0,2.0,0.10818510677891963,0.0,0.10263340389897246,0.0,-11.75214814939404,8730.081886886343,0.0,0.0,0.10818510677891963,0.0,0.0,0.0,0.0,0.0,0.0,0.0
120.18,1.0,2.0,0.0,0.0,0.0,0.0,0.0,8730.081886886343,0.0,0.0,0.0,0.0,0.0,0.0,0.0,0.0,0.0,0.0
133.86,1.0,2.0,0.0,0.0,0.0,0.0,0.0,8730.081886886343,0.0,0.0,0.0,0.0,0.0,0.0,0.0,0.0,0.0,0.0
152.0,0.4729537233052701,0.9459074466105402,0.0,1.0,0.0,1.0540925533894598,150.62,8880.701886886343,0.0,0.0,0.0,0.0,0.0,0.0,0.0,0.0,0.0,1.0
146.76,-0.0,-0.0,0.0,0.8973665961010275,0.0,0.9459074466105402,130.45915574116736,9011.161042627511,0.0,0.0,0.0,0.0,0.0,0.0,0.0,0.0,0.0,0.8973665961010275
133.41,-0.0,-0.0,0.0,0.0,0.0,0.0,0.0,9011.161042627511,0.0,0.0,0.0,0.0,0.0,0.0,0.0,0.0,0.0,0.0
125.43,-0.0,-0.0,0.0,0.0,0.0,0.0,0.0,9011.161042627511,0.0,0.0,0.0,0.0,0.0,0.0,0.0,0.0,0.0,0.0
122.03,-0.0,-0.0,0.0,0.0,0.0,0.0,0.0,9011.161042627511,0.0,0.0,0.0,0.0,0.0,0.0,0.0,0.0,0.0,0.0
119.92,0.0,0.0,0.0,0.0,0.0,0.0,0.0,9011.161042627511,0.0,0.0,0.0,0.0,0.0,0.0,0.0,0.0,0.0,0.0
108.67,-0.0,-0.0,0.0,0.0,0.0,0.0,0.0,9011.161042627511,0.0,0.0,0.0,0.0,0.0,0.0,0.0,0.0,0.0,0.0
107.54,-0.0,-0.0,0.0,0.0,0.0,0.0,0.0,9011.161042627511,0.0,0.0,0.0,0.0,0.0,0.0,0.0,0.0,0.0,0.0
99.32,-0.0,-0.0,0.0,0.0,0.0,0.0,0.0,9011.161042627511,0.0,0.0,0.0,0.0,0.0,0.0,0.0,0.0,0.0,0.0
104.84,-0.0,-0.0,0.0,0.0,0.0,0.0,0.0,9011.161042627511,0.0,0.0,0.0,0.0,0.0,0.0,0.0,0.0,0.0,0.0
94.23,0.0,0.0,-0.0,0.0,-0.0,0.0,0.0,9011.161042627511,0.0,0.0,-0.0,0.0,0.0,0.0,0.0,0.0,0.0,0.0
93.98,-0.0,-0.0,-0.0,0.0,-0.0,0.0,0.0,9011.161042627511,0.0,0.0,-0.0,0.0,0.0,0.0,0.0,0.0,0.0,0.0
95.89,-0.0,-0.0,0.0,0.0,0.0,0.0,0.0,9011.161042627511,0.0,0.0,0.0,0.0,0.0,0.0,0.0,0.0,0.0,0.0
102.6,-0.0,-0.0,0.0,0.0,0.0,0.0,0.0,9011.161042627511,0.0,0.0,0.0,0.0,0.0,0.0,0.0,0.0,0.0,0.0
103.11,0.0,0.0,0.0,0.0,0.0,0.0,0.0,9011.161042627511,0.0,0.0,0.0,0.0,0.0,0.0,0.0,0.0,0.0,0.0
89.0,-0.0,-0.0,0.0,-0.0,0.0,-0.0,0.0,9011.161042627511,0.0,0.0,0.0,0.0,0.0,0.0,0.0,0.0,0.0,-0.0
68.3,0.0,0.0,0.0,0.0,0.0,0.0,0.0,9011.161042627511,0.0,0.0,0.0,0.0,0.0,0.0,0.0,0.0,0.0,0.0
49.0,0.0,0.0,0.0,-0.0,0.0,-0.0,0.0,9011.161042627511,0.0,0.0,0.0,0.0,0.0,0.0,0.0,0.0,0.0,-0.0
21.37,0.05131670194948623,0.10263340389897246,0.10818510677891963,0.0,0.10263340389897246,0.0,-3.3991760549936547,9007.761866572517,0.0,0.0,0.10818510677891963,0.0,0.0,0.0,0.0,0.0,0.0,0.0
3.13,0.5256583509747431,1.0513167019494862,1.0,0.0,0.9486832980505138,0.0,-12.919999999999998,8994.841866572517,0.0,0.0,1.0,0.0,0.0,0.0,0.0,0.0,0.0,0.0
2.85,1.0,2.0,1.0,0.0,0.9486832980505138,0.0,-12.639999999999999,8982.201866572517,0.0,0.0,1.0,0.0,0.0,0.0,0.0,0.0,0.0,0.0
44.0,1.0,2.0,0.0,-0.0,0.0,-0.0,0.0,8982.201866572517,0.0,0.0,0.0,0.0,0.0,0.0,0.0,0.0,0.0,-0.0
74.25,1.0,2.0,-0.0,0.0,-0.0,0.0,0.0,8982.201866572517,0.0,0.0,-0.0,0.0,0.0,0.0,0.0,0.0,0.0,0.0
99.7,1.0,2.0,0.0,-0.0,0.0,-0.0,0.0,8982.201866572517,0.0,0.0,0.0,0.0,0.0,0.0,0.0,0.0,0.0,-0.0
136.58,0.4729537233052701,0.9459074466105402,0.0,1.0,0.0,1.0540925533894598,135.20000000000002,9117.401866572518,0.0,0.0,0.0,0.0,0.0,0.0,0.0,0.0,0.0,1.0
117.23,0.0,0.0,0.0,0.8973665961010275,0.0,0.9459074466105402,103.95992015830404,9221.361786730822,0.0,0.0,0.0,0.0,0.0,0.0,0.0,0.0,0.0,0.8973665961010275
89.1,0.0,0.0,0.0,-0.0,0.0,-0.0,0.0,9221.361786730822,0.0,0.0,0.0,0.0,0.0,0.0,0.0,0.0,0.0,-0.0
65.17,0.0,0.0,-0.0,0.0,-0.0,0.0,0.0,9221.361786730822,0.0,0.0,-0.0,0.0,0.0,0.0,0.0,0.0,0.0,0.0
52.0,-0.0,-0.0,0.0,0.0,0.0,0.0,0.0,9221.361786730822,0.0,0.0,0.0,0.0,0.0,0.0,0.0,0.0,0.0,0.0
41.87,-0.0,-0.0,-0.0,0.0,-0.0,0.0,0.0,9221.361786730822,0.0,0.0,-0.0,0.0,0.0,0.0,0.0,0.0,0.0,0.0
45.04,-0.0,-0.0,0.0,0.0,0.0,0.0,0.0,9221.361786730822,0.0,0.0,0.0,0.0,0.0,0.0,0.0,0.0,0.0,0.0
45.55,-0.0,-0.0,0.0,0.0,0.0,0.0,0.0,9221.361786730822,0.0,0.0,0.0,0.0,0.0,0.0,0.0,0.0,0.0,0.0
45.54,-0.0,-0.0,0.0,0.0,0.0,0.0,0.0,9221.361786730822,0.0,0.0,0.0,0.0,0.0,0.0,0.0,0.0,0.0,0.0
45.58,0.0,0.0,0.0,0.0,0.0,0.0,0.0,9221.361786730822,0.0,0.0,0.0,0.0,0.0,0.0,0.0,0.0,0.0,0.0
31.31,0.4743416490252569,0.9486832980505138,1.0,0.0,0.9486832980505138,0.0,-41.5,9179.861786730822,0.0,0.0,1.0,0.0,0.0,0.0,0.0,0.0,0.0,0.0
35.21,0.9486832980505138,1.8973665961010275,1.0,0.0,0.9486832980505138,0.0,-45.46,9134.401786730823,0.0,0.0,1.0,0.0,0.0,0.0,0.0,0.0,0.0,0.0
41.81,0.9486832980505138,1.8973665961010275,0.0,0.0,0.0,0.0,0.0,9134.401786730823,0.0,0.0,0.0,0.0,0.0,0.0,0.0,0.0,0.0,0.0
58.7,0.5270462766947299,1.0540925533894598,0.0,0.7999999999999998,0.0,0.8432740427115677,45.855999999999995,9180.257786730823,0.0,0.0,0.0,0.0,0.0,0.0,0.0,0.0,0.0,0.7999999999999998
70.1,-0.0,-0.0,0.0,1.0,0.0,1.0540925533894598,68.72,9248.977786730822,0.0,0.0,0.0,0.0,0.0,0.0,0.0,0.0,0.0,1.0
44.6,0.0,0.0,0.0,0.0,0.0,0.0,0.0,9248.977786730822,0.0,0.0,0.0,0.0,0.0,0.0,0.0,0.0,0.0,0.0
23.35,0.0,0.0,-0.0,0.0,-0.0,0.0,0.0,9248.977786730822,0.0,0.0,-0.0,0.0,0.0,0.0,0.0,0.0,0.0,0.0
6.4,0.05131670194948623,0.10263340389897246,0.10818510677891963,0.0,0.10263340389897246,0.0,-1.756926134089655,9247.220860596732,0.0,0.0,0.10818510677891963,0.0,0.0,0.0,0.0,0.0,0.0,0.0
0.33,0.5256583509747431,1.0513167019494862,1.0,0.0,0.9486832980505138,0.0,-10.08,9237.140860596732,0.0,0.0,1.0,0.0,0.0,0.0,0.0,0.0,0.0,0.0
0.01,1.0,2.0,1.0,0.0,0.9486832980505138,0.0,-9.76,9227.380860596732,0.0,0.0,1.0,0.0,0.0,0.0,0.0,0.0,0.0,0.0
12.47,1.0,2.0,-0.0,0.0,-0.0,0.0,0.0,9227.380860596732,0.0,0.0,-0.0,0.0,0.0,0.0,0.0,0.0,0.0,0.0
36.06,1.0,2.0,0.0,-0.0,0.0,-0.0,0.0,9227.380860596732,0.0,0.0,0.0,0.0,0.0,0.0,0.0,0.0,0.0,-0.0
70.65,1.0,2.0,-0.0,0.0,-0.0,0.0,0.0,9227.380860596732,0.0,0.0,-0.0,0.0,0.0,0.0,0.0,0.0,0.0,0.0
121.72,0.5270462766947299,1.0540925533894598,0.0,0.8973665961010275,0.0,0.9459074466105402,107.98909617479765,9335.369956771528,0.0,0.0,0.0,0.0,0.0,0.0,0.0,0.0,0.0,0.8973665961010275
145.56,0.0,0.0,0.0,1.0,0.0,1.0540925533894598,144.18,9479.549956771529,0.0,0.0,0.0,0.0,0.0,0.0,0.0,0.0,0.0,1.0
108.5,-0.0,-0.0,0.0,-0.0,0.0,-0.0,0.0,9479.549956771529,0.0,0.0,0.0,0.0,0.0,0.0,0.0,0.0,0.0,-0.0
95.84,0.0,0.0,0.0,0.0,0.0,0.0,0.0,9479.549956771529,0.0,0.0,0.0,0.0,0.0,0.0,0.0,0.0,0.0,0.0
83.91,-0.0,-0.0,0.0,0.0,0.0,0.0,0.0,9479.549956771529,0.0,0.0,0.0,0.0,0.0,0.0,0.0,0.0,0.0,0.0
82.75,-0.0,-0.0,0.0,0.0,0.0,0.0,0.0,9479.549956771529,0.0,0.0,0.0,0.0,0.0,0.0,0.0,0.0,0.0,0.0
70.62,-0.0,-0.0,0.0,0.0,0.0,0.0,0.0,9479.549956771529,0.0,0.0,0.0,0.0,0.0,0.0,0.0,0.0,0.0,0.0
65.06,-0.0,-0.0,-0.0,0.0,-0.0,0.0,0.0,9479.549956771529,0.0,0.0,-0.0,0.0,0.0,0.0,0.0,0.0,0.0,0.0
65.39,-0.0,-0.0,0.0,0.0,0.0,0.0,0.0,9479.549956771529,0.0,0.0,0.0,0.0,0.0,0.0,0.0,0.0,0.0,0.0
65.95,0.0,0.0,0.0,0.0,0.0,0.0,0.0,9479.549956771529,0.0,0.0,0.0,0.0,0.0,0.0,0.0,0.0,0.0,0.0
60.95,-0.0,-0.0,0.0,0.0,0.0,0.0,0.0,9479.549956771529,0.0,0.0,0.0,0.0,0.0,0.0,0.0,0.0,0.0,0.0
52.01,-0.0,-0.0,0.0,0.0,0.0,0.0,0.0,9479.549956771529,0.0,0.0,0.0,0.0,0.0,0.0,0.0,0.0,0.0,0.0
50.79,-0.0,-0.0,0.0,0.0,0.0,0.0,0.0,9479.549956771529,0.0,0.0,0.0,0.0,0.0,0.0,0.0,0.0,0.0,0.0
51.39,-0.0,-0.0,0.0,0.0,0.0,0.0,0.0,9479.549956771529,0.0,0.0,0.0,0.0,0.0,0.0,0.0,0.0,0.0,0.0
65.9,-0.0,-0.0,0.0,-0.0,0.0,-0.0,0.0,9479.549956771529,0.0,0.0,0.0,0.0,0.0,0.0,0.0,0.0,0.0,-0.0
62.85,-0.0,-0.0,0.0,0.0,0.0,0.0,0.0,9479.549956771529,0.0,0.0,0.0,0.0,0.0,0.0,0.0,0.0,0.0,0.0
61.23,0.0,0.0,0.0,0.0,0.0,0.0,0.0,9479.549956771529,0.0,0.0,0.0,0.0,0.0,0.0,0.0,0.0,0.0,0.0
25.3,-0.0,-0.0,0.0,-0.0,0.0,-0.0,0.0,9479.549956771529,0.0,0.0,0.0,0.0,0.0,0.0,0.0,0.0,0.0,-0.0
13.26,0.0,0.0,0.0,0.0,0.0,0.0,0.0,9479.549956771529,0.0,0.0,0.0,0.0,0.0,0.0,0.0,0.0,0.0,0.0
4.0,0.4743416490252569,0.9486832980505138,1.0,0.0,0.9486832980505138,0.0,-13.81,9465.73995677153,0.0,0.0,1.0,0.0,0.0,0.0,0.0,0.0,0.0,0.0
4.04,0.9486832980505138,1.8973665961010275,1.0,0.0,0.9486832980505138,0.0,-13.850000000000001,9451.889956771529,0.0,0.0,1.0,0.0,0.0,0.0,0.0,0.0,0.0,0.0
10.11,1.0,2.0,0.10818510677891963,0.0,0.10263340389897246,0.0,-2.1637021355783927,9449.72625463595,0.0,0.0,0.10818510677891963,0.0,0.0,0.0,0.0,0.0,0.0,0.0
30.07,1.0,2.0,-0.0,0.0,-0.0,0.0,0.0,9449.72625463595,0.0,0.0,-0.0,0.0,0.0,0.0,0.0,0.0,0.0,0.0
50.0,1.0,2.0,0.0,-0.0,0.0,-0.0,0.0,9449.72625463595,0.0,0.0,0.0,0.0,0.0,0.0,0.0,0.0,0.0,-0.0
74.91,0.4729537233052701,0.9459074466105402,0.0,1.0,0.0,1.0540925533894598,73.53,9523.256254635951,0.0,0.0,0.0,0.0,0.0,0.0,0.0,0.0,0.0,1.0
64.54,0.0,0.0,0.0,0.8973665961010275,0.0,0.9459074466105402,56.6776742097409,9579.933928845692,0.0,0.0,0.0,0.0,0.0,0.0,0.0,0.0,0.0,0.8973665961010275
42.31,0.0,0.0,-0.0,0.0,-0.0,0.0,0.0,9579.933928845692,0.0,0.0,-0.0,0.0,0.0,0.0,0.0,0.0,0.0,0.0
29.85,-0.0,-0.0,0.0,0.0,0.0,0.0,0.0,9579.933928845692,0.0,0.0,0.0,0.0,0.0,0.0,0.0,0.0,0.0,0.0
25.33,-0.0,-0.0,0.0,0.0,0.0,0.0,0.0,9579.933928845692,0.0,0.0,0.0,0.0,0.0,0.0,0.0,0.0,0.0,0.0
25.52,-0.0,-0.0,0.0,0.0,0.0,0.0,0.0,9579.933928845692,0.0,0.0,0.0,0.0,0.0,0.0,0.0,0.0,0.0,0.0
20.69,0.0,0.0,-0.0,0.0,-0.0,0.0,0.0,9579.933928845692,0.0,0.0,-0.0,0.0,0.0,0.0,0.0,0.0,0.0,0.0
23.21,-0.0,-0.0,0.0,0.0,0.0,0.0,0.0,9579.933928845692,0.0,0.0,0.0,0.0,0.0,0.0,0.0,0.0,0.0,0.0
22.87,-0.0,-0.0,0.0,0.0,0.0,0.0,0.0,9579.933928845692,0.0,0.0,0.0,0.0,0.0,0.0,0.0,0.0,0.0,0.0
21.31,-0.0,-0.0,0.0,0.0,0.0,0.0,0.0,9579.933928845692,0.0,0.0,0.0,0.0,0.0,0.0,0.0,0.0,0.0,0.0
18.56,0.4743416490252569,0.9486832980505138,1.0,0.0,0.9486832980505138,0.0,-28.57,9551.363928845692,0.0,0.0,1.0,0.0,0.0,0.0,0.0,0.0,0.0,0.0
19.24,0.5256583509747431,1.0513167019494862,0.10818510677891963,0.0,0.10263340389897246,0.0,-3.1654962243511884,9548.19843262134,0.0,0.0,0.10818510677891963,0.0,0.0,0.0,0.0,0.0,0.0,0.0
17.88,1.0,2.0,1.0,0.0,0.9486832980505138,0.0,-27.88,9520.318432621341,0.0,0.0,1.0,0.0,0.0,0.0,0.0,0.0,0.0,0.0
31.29,1.0,2.0,0.0,0.0,0.0,0.0,0.0,9520.318432621341,0.0,0.0,0.0,0.0,0.0,0.0,0.0,0.0,0.0,0.0
43.93,0.5270462766947299,1.0540925533894598,0.0,0.8973665961010275,0.0,0.9459074466105402,38.18294866409872,9558.50138128544,0.0,0.0,0.0,0.0,0.0,0.0,0.0,0.0,0.0,0.8973665961010275
47.71,0.0,0.0,0.0,1.0,0.0,1.0540925533894598,46.33,9604.83138128544,0.0,0.0,0.0,0.0,0.0,0.0,0.0,0.0,0.0,1.0
22.0,0.0,0.0,0.0,-0.0,0.0,-0.0,0.0,9604.83138128544,0.0,0.0,0.0,0.0,0.0,0.0,0.0,0.0,0.0,-0.0
0.02,-0.0,-0.0,0.0,0.0,0.0,0.0,0.0,9604.83138128544,0.0,0.0,0.0,0.0,0.0,0.0,0.0,0.0,0.0,0.0
-0.07,0.05131670194948623,0.10263340389897246,0.10818510677891963,0.0,0.10263340389897246,0.0,-1.047231833619942,9603.78414945182,0.0,0.0,0.10818510677891963,0.0,0.0,0.0,0.0,0.0,0.0,0.0
-4.28,0.5256583509747431,1.0513167019494862,1.0,0.0,0.9486832980505138,0.0,-5.409999999999999,9598.37414945182,0.0,0.0,1.0,0.0,0.0,0.0,0.0,0.0,0.0,0.0
-3.7,1.0,2.0,1.0,0.0,0.9486832980505138,0.0,-5.999999999999999,9592.37414945182,0.0,0.0,1.0,0.0,0.0,0.0,0.0,0.0,0.0,0.0
0.05,1.0,2.0,0.0,0.0,0.0,0.0,0.0,9592.37414945182,0.0,0.0,0.0,0.0,0.0,0.0,0.0,0.0,0.0,0.0
3.97,1.0,2.0,0.0,0.0,0.0,0.0,0.0,9592.37414945182,0.0,0.0,0.0,0.0,0.0,0.0,0.0,0.0,0.0,0.0
13.23,1.0,2.0,0.0,-0.0,0.0,-0.0,0.0,9592.37414945182,0.0,0.0,0.0,0.0,0.0,0.0,0.0,0.0,0.0,-0.0
60.4,0.5270462766947299,1.0540925533894598,0.0,0.8973665961010275,0.0,0.9459074466105402,52.962576501882644,9645.336725953703,0.0,0.0,0.0,0.0,0.0,0.0,0.0,0.0,0.0,0.8973665961010275
60.41,-0.0,-0.0,0.0,1.0,0.0,1.0540925533894598,59.029999999999994,9704.366725953703,0.0,0.0,0.0,0.0,0.0,0.0,0.0,0.0,0.0,1.0
55.87,0.0,0.0,0.0,0.0,0.0,0.0,0.0,9704.366725953703,0.0,0.0,0.0,0.0,0.0,0.0,0.0,0.0,0.0,0.0
35.08,-0.0,-0.0,0.0,0.0,0.0,0.0,0.0,9704.366725953703,0.0,0.0,0.0,0.0,0.0,0.0,0.0,0.0,0.0,0.0
33.55,-0.0,-0.0,0.0,0.0,0.0,0.0,0.0,9704.366725953703,0.0,0.0,0.0,0.0,0.0,0.0,0.0,0.0,0.0,0.0
31.31,0.0,0.0,-0.0,0.0,-0.0,0.0,0.0,9704.366725953703,0.0,0.0,-0.0,0.0,0.0,0.0,0.0,0.0,0.0,0.0
31.16,0.05131670194948623,0.10263340389897246,0.10818510677891963,0.0,0.10263340389897246,0.0,-4.473454165308326,9699.893271788394,0.0,0.0,0.10818510677891963,0.0,0.0,0.0,0.0,0.0,0.0,0.0
30.3,0.5256583509747431,1.0513167019494862,1.0,0.0,0.9486832980505138,0.0,-40.480000000000004,9659.413271788395,0.0,0.0,1.0,0.0,0.0,0.0,0.0,0.0,0.0,0.0
29.53,1.0,2.0,1.0,0.0,0.9486832980505138,0.0,-39.7,9619.713271788394,0.0,0.0,1.0,0.0,0.0,0.0,0.0,0.0,0.0,0.0
35.47,1.0,2.0,0.0,0.0,0.0,0.0,0.0,9619.713271788394,0.0,0.0,0.0,0.0,0.0,0.0,0.0,0.0,0.0,0.0
39.25,1.0,2.0,0.0,0.0,0.0,0.0,0.0,9619.713271788394,0.0,0.0,0.0,0.0,0.0,0.0,0.0,0.0,0.0,0.0
47.4,1.0,2.0,0.0,-0.0,0.0,-0.0,0.0,9619.713271788394,0.0,0.0,0.0,0.0,0.0,0.0,0.0,0.0,0.0,-0.0
65.97,1.0,2.0,-0.0,0.0,-0.0,0.0,0.0,9619.713271788394,0.0,0.0,-0.0,0.0,0.0,0.0,0.0,0.0,0.0,0.0
93.15,1.0,2.0,0.0,0.0,0.0,0.0,0.0,9619.713271788394,0.0,0.0,0.0,0.0,0.0,0.0,0.0,0.0,0.0,0.0
129.79,0.4729537233052701,0.9459074466105402,0.0,1.0,0.0,1.0540925533894598,128.41,9748.123271788394,0.0,0.0,0.0,0.0,0.0,0.0,0.0,0.0,0.0,1.0
108.5,0.0,0.0,0.0,0.8973665961010275,0.0,0.9459074466105402,96.12590977434206,9844.249181562736,0.0,0.0,0.0,0.0,0.0,0.0,0.0,0.0,0.0,0.8973665961010275
78.7,0.0,0.0,-0.0,0.0,-0.0,0.0,0.0,9844.249181562736,0.0,0.0,-0.0,0.0,0.0,0.0,0.0,0.0,0.0,0.0
50.47,0.0,0.0,-0.0,0.0,-0.0,0.0,0.0,9844.249181562736,0.0,0.0,-0.0,0.0,0.0,0.0,0.0,0.0,0.0,0.0
4.02,0.05131670194948623,0.10263340389897246,0.10818510677891963,0.0,0.10263340389897246,0.0,-1.4962000267524584,9842.752981535983,0.0,0.0,0.10818510677891963,0.0,0.0,0.0,0.0,0.0,0.0,0.0
0.08,0.5256583509747431,1.0513167019494862,1.0,0.0,0.9486832980505138,0.0,-9.83,9832.922981535983,0.0,0.0,1.0,0.0,0.0,0.0,0.0,0.0,0.0,0.0
0.02,1.0,2.0,1.0,0.0,0.9486832980505138,0.0,-9.77,9823.152981535983,0.0,0.0,1.0,0.0,0.0,0.0,0.0,0.0,0.0,0.0
13.16,1.0,2.0,0.0,0.0,0.0,0.0,0.0,9823.152981535983,0.0,0.0,0.0,0.0,0.0,0.0,0.0,0.0,0.0,0.0
63.61,1.0,2.0,0.0,-0.0,0.0,-0.0,0.0,9823.152981535983,0.0,0.0,0.0,0.0,0.0,0.0,0.0,0.0,0.0,-0.0
99.19,1.0,2.0,-0.0,0.0,-0.0,0.0,0.0,9823.152981535983,0.0,0.0,-0.0,0.0,0.0,0.0,0.0,0.0,0.0,0.0
129.69,1.0,2.0,0.0,-0.0,0.0,-0.0,0.0,9823.152981535983,0.0,0.0,0.0,0.0,0.0,0.0,0.0,0.0,0.0,-0.0
155.73,0.4729537233052701,0.9459074466105402,0.0,1.0,0.0,1.0540925533894598,154.35,9977.502981535983,0.0,0.0,0.0,0.0,0.0,0.0,0.0,0.0,0.0,1.0
132.33,0.0,0.0,0.0,0.8973665961010275,0.0,0.9459074466105402,117.51015575942957,10095.013137295413,0.0,0.0,0.0,0.0,0.0,0.0,0.0,0.0,0.0,0.8973665961010275
112.63,-0.0,-0.0,0.0,-0.0,0.0,-0.0,0.0,10095.013137295413,0.0,0.0,0.0,0.0,0.0,0.0,0.0,0.0,0.0,-0.0
103.37,-0.0,-0.0,0.0,0.0,0.0,0.0,0.0,10095.013137295413,0.0,0.0,0.0,0.0,0.0,0.0,0.0,0.0,0.0,0.0
96.4,0.0,0.0,0.0,0.0,0.0,0.0,0.0,10095.013137295413,0.0,0.0,0.0,0.0,0.0,0.0,0.0,0.0,0.0,0.0
86.0,0.05131670194948623,0.10263340389897246,0.10818510677891963,0.0,0.10263340389897246,0.0,-10.490709804351836,10084.522427491062,0.0,0.0,0.10818510677891963,0.0,0.0,0.0,0.0,0.0,0.0,0.0
84.58,0.5256583509747431,1.0513167019494862,1.0,0.0,0.9486832980505138,0.0,-95.53,9988.99242749106,0.0,0.0,1.0,0.0,0.0,0.0,0.0,0.0,0.0,0.0
86.0,0.5256583509747431,1.0513167019494862,0.0,0.0,0.0,0.0,0.0,9988.99242749106,0.0,0.0,0.0,0.0,0.0,0.0,0.0,0.0,0.0,0.0
87.0,0.5256583509747431,1.0513167019494862,0.0,0.0,0.0,0.0,0.0,9988.99242749106,0.0,0.0,0.0,0.0,0.0,0.0,0.0,0.0,0.0,0.0
85.88,1.0,2.0,1.0,0.0,0.9486832980505138,0.0,-96.85,9892.14242749106,0.0,0.0,1.0,0.0,0.0,0.0,0.0,0.0,0.0,0.0
90.0,1.0,2.0,0.0,0.0,0.0,0.0,0.0,9892.14242749106,0.0,0.0,0.0,0.0,0.0,0.0,0.0,0.0,0.0,0.0
101.3,1.0,2.0,0.0,0.0,0.0,0.0,0.0,9892.14242749106,0.0,0.0,0.0,0.0,0.0,0.0,0.0,0.0,0.0,0.0
107.2,1.0,2.0,0.0,0.0,0.0,0.0,0.0,9892.14242749106,0.0,0.0,0.0,0.0,0.0,0.0,0.0,0.0,0.0,0.0
131.37,0.4729537233052701,0.9459074466105402,0.0,1.0,0.0,1.0540925533894598,129.99,10022.13242749106,0.0,0.0,0.0,0.0,0.0,0.0,0.0,0.0,0.0,1.0
122.23,0.0,0.0,0.0,0.8973665961010275,0.0,0.9459074466105402,108.44675313880917,10130.57918062987,0.0,0.0,0.0,0.0,0.0,0.0,0.0,0.0,0.0,0.8973665961010275
83.0,0.0,0.0,-0.0,0.0,-0.0,0.0,0.0,10130.57918062987,0.0,0.0,-0.0,0.0,0.0,0.0,0.0,0.0,0.0,0.0
65.3,0.0,0.0,0.0,-0.0,0.0,-0.0,0.0,10130.57918062987,0.0,0.0,0.0,0.0,0.0,0.0,0.0,0.0,0.0,-0.0
31.81,0.05131670194948623,0.10263340389897246,0.10818510677891963,0.0,0.10263340389897246,0.0,-4.544856335782414,10126.034324294087,0.0,0.0,0.10818510677891963,0.0,0.0,0.0,0.0,0.0,0.0,0.0
12.79,0.5256583509747431,1.0513167019494862,1.0,0.0,0.9486832980505138,0.0,-22.72,10103.314324294088,0.0,0.0,1.0,0.0,0.0,0.0,0.0,0.0,0.0,0.0
8.08,1.0,2.0,1.0,0.0,0.9486832980505138,0.0,-17.939999999999998,10085.374324294087,0.0,0.0,1.0,0.0,0.0,0.0,0.0,0.0,0.0,0.0
37.06,1.0,2.0,-0.0,0.0,-0.0,0.0,0.0,10085.374324294087,0.0,0.0,-0.0,0.0,0.0,0.0,0.0,0.0,0.0,0.0
90.15,1.0,2.0,0.0,-0.0,0.0,-0.0,0.0,10085.374324294087,0.0,0.0,0.0,0.0,0.0,0.0,0.0,0.0,0.0,-0.0
110.0,1.0,2.0,-0.0,0.0,-0.0,0.0,0.0,10085.374324294087,0.0,0.0,-0.0,0.0,0.0,0.0,0.0,0.0,0.0,0.0
134.83,1.0,2.0,0.0,0.0,0.0,0.0,0.0,10085.374324294087,0.0,0.0,0.0,0.0,0.0,0.0,0.0,0.0,0.0,0.0
195.47,0.4729537233052701,0.9459074466105402,0.0,1.0,0.0,1.0540925533894598,194.09,10279.464324294087,0.0,0.0,0.0,0.0,0.0,0.0,0.0,0.0,0.0,1.0
165.8,0.0,0.0,0.0,0.8973665961010275,0.0,0.9459074466105402,147.54501573093094,10427.009340025019,0.0,0.0,0.0,0.0,0.0,0.0,0.0,0.0,0.0,0.8973665961010275
136.11,-0.0,-0.0,0.0,-0.0,0.0,-0.0,0.0,10427.009340025019,0.0,0.0,0.0,0.0,0.0,0.0,0.0,0.0,0.0,-0.0
118.55,-0.0,-0.0,0.0,0.0,0.0,0.0,0.0,10427.009340025019,0.0,0.0,0.0,0.0,0.0,0.0,0.0,0.0,0.0,0.0
119.11,0.0,0.0,0.0,0.0,0.0,0.0,0.0,10427.009340025019,0.0,0.0,0.0,0.0,0.0,0.0,0.0,0.0,0.0,0.0
102.42,0.0,0.0,-0.0,0.0,-0.0,0.0,0.0,10427.009340025019,0.0,0.0,-0.0,0.0,0.0,0.0,0.0,0.0,0.0,0.0
124.97,-0.0,-0.0,0.0,-0.0,0.0,-0.0,0.0,10427.009340025019,0.0,0.0,0.0,0.0,0.0,0.0,0.0,0.0,0.0,-0.0
113.94,0.0,0.0,0.0,0.0,0.0,0.0,0.0,10427.009340025019,0.0,0.0,0.0,0.0,0.0,0.0,0.0,0.0,0.0,0.0
117.22,-0.0,-0.0,0.0,0.0,0.0,0.0,0.0,10427.009340025019,0.0,0.0,0.0,0.0,0.0,0.0,0.0,0.0,0.0,0.0
116.76,-0.0,-0.0,0.0,0.0,0.0,0.0,0.0,10427.009340025019,0.0,0.0,0.0,0.0,0.0,0.0,0.0,0.0,0.0,0.0
118.42,-0.0,-0.0,0.0,0.0,0.0,0.0,0.0,10427.009340025019,0.0,0.0,0.0,0.0,0.0,0.0,0.0,0.0,0.0,0.0
121.3,-0.0,-0.0,0.0,-0.0,0.0,-0.0,0.0,10427.009340025019,0.0,0.0,0.0,0.0,0.0,0.0,0.0,0.0,0.0,-0.0
114.9,-0.0,-0.0,0.0,0.0,0.0,0.0,0.0,10427.009340025019,0.0,0.0,0.0,0.0,0.0,0.0,0.0,0.0,0.0,0.0
120.59,-0.0,-0.0,0.0,0.0,0.0,0.0,0.0,10427.009340025019,0.0,0.0,0.0,0.0,0.0,0.0,0.0,0.0,0.0,0.0
98.04,0.0,0.0,0.0,0.0,0.0,0.0,0.0,10427.009340025019,0.0,0.0,0.0,0.0,0.0,0.0,0.0,0.0,0.0,0.0
72.54,0.0,0.0,-0.0,0.0,-0.0,0.0,0.0,10427.009340025019,0.0,0.0,-0.0,0.0,0.0,0.0,0.0,0.0,0.0,0.0
18.05,0.0,0.0,0.0,-0.0,0.0,-0.0,0.0,10427.009340025019,0.0,0.0,0.0,0.0,0.0,0.0,0.0,0.0,0.0,-0.0
2.07,0.0,0.0,-0.0,0.0,-0.0,0.0,0.0,10427.009340025019,0.0,0.0,-0.0,0.0,0.0,0.0,0.0,0.0,0.0,0.0
-0.34,0.4743416490252569,0.9486832980505138,1.0,0.0,0.9486832980505138,0.0,-9.4,10417.60934002502,0.0,0.0,1.0,0.0,0.0,0.0,0.0,0.0,0.0,0.0
-0.1,0.9486832980505138,1.8973665961010275,1.0,0.0,0.9486832980505138,0.0,-9.65,10407.95934002502,0.0,0.0,1.0,0.0,0.0,0.0,0.0,0.0,0.0,0.0
0.07,1.0,2.0,0.10818510677891963,0.0,0.10263340389897246,0.0,-1.062377748568991,10406.89696227645,0.0,0.0,0.10818510677891963,0.0,0.0,0.0,0.0,0.0,0.0,0.0
56.2,1.0,2.0,0.0,-0.0,0.0,-0.0,0.0,10406.89696227645,0.0,0.0,0.0,0.0,0.0,0.0,0.0,0.0,0.0,-0.0
100.86,1.0,2.0,-0.0,0.0,-0.0,0.0,0.0,10406.89696227645,0.0,0.0,-0.0,0.0,0.0,0.0,0.0,0.0,0.0,0.0
145.58,0.5270462766947299,1.0540925533894598,0.0,0.8973665961010275,0.0,0.9459074466105402,129.40026315776817,10536.297225434218,0.0,0.0,0.0,0.0,0.0,0.0,0.0,0.0,0.0,0.8973665961010275
174.05,0.0,0.0,0.0,1.0,0.0,1.0540925533894598,172.67000000000002,10708.967225434219,0.0,0.0,0.0,0.0,0.0,0.0,0.0,0.0,0.0,1.0
140.03,0.0,0.0,0.0,-0.0,0.0,-0.0,0.0,10708.967225434219,0.0,0.0,0.0,0.0,0.0,0.0,0.0,0.0,0.0,-0.0
111.21,-0.0,-0.0,0.0,0.0,0.0,0.0,0.0,10708.967225434219,0.0,0.0,0.0,0.0,0.0,0.0,0.0,0.0,0.0,0.0
100.0,0.0,0.0,-0.0,0.0,-0.0,0.0,0.0,10708.967225434219,0.0,0.0,-0.0,0.0,0.0,0.0,0.0,0.0,0.0,0.0
99.24,0.0,0.0,-0.0,0.0,-0.0,0.0,0.0,10708.967225434219,0.0,0.0,-0.0,0.0,0.0,0.0,0.0,0.0,0.0,0.0
97.94,-0.0,-0.0,0.0,0.0,0.0,0.0,0.0,10708.967225434219,0.0,0.0,0.0,0.0,0.0,0.0,0.0,0.0,0.0,0.0
95.19,-0.0,-0.0,0.0,0.0,0.0,0.0,0.0,10708.967225434219,0.0,0.0,0.0,0.0,0.0,0.0,0.0,0.0,0.0,0.0
94.81,-0.0,-0.0,0.0,0.0,0.0,0.0,0.0,10708.967225434219,0.0,0.0,0.0,0.0,0.0,0.0,0.0,0.0,0.0,0.0
94.44,-0.0,-0.0,0.0,0.0,0.0,0.0,0.0,10708.967225434219,0.0,0.0,0.0,0.0,0.0,0.0,0.0,0.0,0.0,0.0
96.51,-0.0,-0.0,0.0,0.0,0.0,0.0,0.0,10708.967225434219,0.0,0.0,0.0,0.0,0.0,0.0,0.0,0.0,0.0,0.0
98.67,-0.0,-0.0,0.0,0.0,0.0,0.0,0.0,10708.967225434219,0.0,0.0,0.0,0.0,0.0,0.0,0.0,0.0,0.0,0.0
101.51,0.0,0.0,0.0,-0.0,0.0,-0.0,0.0,10708.967225434219,0.0,0.0,0.0,0.0,0.0,0.0,0.0,0.0,0.0,-0.0
100.0,-0.0,-0.0,0.0,-0.0,0.0,-0.0,0.0,10708.967225434219,0.0,0.0,0.0,0.0,0.0,0.0,0.0,0.0,0.0,-0.0
93.01,0.0,0.0,0.0,0.0,0.0,0.0,0.0,10708.967225434219,0.0,0.0,0.0,0.0,0.0,0.0,0.0,0.0,0.0,0.0
65.4,0.0,0.0,0.0,-0.0,0.0,-0.0,0.0,10708.967225434219,0.0,0.0,0.0,0.0,0.0,0.0,0.0,0.0,0.0,-0.0
29.27,0.0,0.0,-0.0,0.0,-0.0,0.0,0.0,10708.967225434219,0.0,0.0,-0.0,0.0,0.0,0.0,0.0,0.0,0.0,0.0
10.1,-0.0,-0.0,0.0,0.0,0.0,0.0,0.0,10708.967225434219,0.0,0.0,0.0,0.0,0.0,0.0,0.0,0.0,0.0,0.0
0.03,0.05131670194948623,0.10263340389897246,0.10818510677891963,0.0,0.10263340389897246,0.0,-1.058050344297834,10707.90917508992,0.0,0.0,0.10818510677891963,0.0,0.0,0.0,0.0,0.0,0.0,0.0
-2.26,0.5256583509747431,1.0513167019494862,1.0,0.0,0.9486832980505138,0.0,-7.460000000000001,10700.449175089921,0.0,0.0,1.0,0.0,0.0,0.0,0.0,0.0,0.0,0.0
-2.04,1.0,2.0,1.0,0.0,0.9486832980505138,0.0,-7.680000000000001,10692.769175089921,0.0,0.0,1.0,0.0,0.0,0.0,0.0,0.0,0.0,0.0
0.09,1.0,2.0,0.0,0.0,0.0,0.0,0.0,10692.769175089921,0.0,0.0,0.0,0.0,0.0,0.0,0.0,0.0,0.0,0.0
17.39,1.0,2.0,0.0,-0.0,0.0,-0.0,0.0,10692.769175089921,0.0,0.0,0.0,0.0,0.0,0.0,0.0,0.0,0.0,-0.0
90.56,1.0,2.0,0.0,-0.0,0.0,-0.0,0.0,10692.769175089921,0.0,0.0,0.0,0.0,0.0,0.0,0.0,0.0,0.0,-0.0
112.06,1.0,2.0,0.0,0.0,0.0,0.0,0.0,10692.769175089921,0.0,0.0,0.0,0.0,0.0,0.0,0.0,0.0,0.0,0.0
134.16,0.5270462766947299,1.0540925533894598,0.0,0.8973665961010275,0.0,0.9459074466105402,119.15233663029443,10811.921511720215,0.0,0.0,0.0,0.0,0.0,0.0,0.0,0.0,0.0,0.8973665961010275
136.7,-0.0,-0.0,0.0,1.0,0.0,1.0540925533894598,135.32,10947.241511720214,0.0,0.0,0.0,0.0,0.0,0.0,0.0,0.0,0.0,1.0
130.2,0.0,0.0,0.0,0.0,0.0,0.0,0.0,10947.241511720214,0.0,0.0,0.0,0.0,0.0,0.0,0.0,0.0,0.0,0.0
121.44,-0.0,-0.0,0.0,-0.0,0.0,-0.0,0.0,10947.241511720214,0.0,0.0,0.0,0.0,0.0,0.0,0.0,0.0,0.0,-0.0
110.01,-0.0,-0.0,0.0,0.0,0.0,0.0,0.0,10947.241511720214,0.0,0.0,0.0,0.0,0.0,0.0,0.0,0.0,0.0,0.0
103.64,0.0,0.0,0.0,0.0,0.0,0.0,0.0,10947.241511720214,0.0,0.0,0.0,0.0,0.0,0.0,0.0,0.0,0.0,0.0
95.84,0.05131670194948623,0.10263340389897246,0.10818510677891963,0.0,0.10263340389897246,0.0,-11.570397170005455,10935.671114550209,0.0,0.0,0.10818510677891963,0.0,0.0,0.0,0.0,0.0,0.0,0.0
94.92,0.5256583509747431,1.0513167019494862,1.0,0.0,0.9486832980505138,0.0,-106.02,10829.651114550208,0.0,0.0,1.0,0.0,0.0,0.0,0.0,0.0,0.0,0.0
96.7,0.5256583509747431,1.0513167019494862,0.0,0.0,0.0,0.0,0.0,10829.651114550208,0.0,0.0,0.0,0.0,0.0,0.0,0.0,0.0,0.0,0.0
96.87,0.5256583509747431,1.0513167019494862,0.0,0.0,0.0,0.0,0.0,10829.651114550208,0.0,0.0,0.0,0.0,0.0,0.0,0.0,0.0,0.0,0.0
89.98,1.0,2.0,1.0,0.0,0.9486832980505138,0.0,-101.01,10728.641114550208,0.0,0.0,1.0,0.0,0.0,0.0,0.0,0.0,0.0,0.0
101.14,1.0,2.0,0.0,0.0,0.0,0.0,0.0,10728.641114550208,0.0,0.0,0.0,0.0,0.0,0.0,0.0,0.0,0.0,0.0
144.25,0.5270462766947299,1.0540925533894598,0.0,0.8973665961010275,0.0,0.9459074466105402,128.2067655849538,10856.847880135161,0.0,0.0,0.0,0.0,0.0,0.0,0.0,0.0,0.0,0.8973665961010275
153.42,0.0,0.0,0.0,1.0,0.0,1.0540925533894598,152.04,11008.887880135162,0.0,0.0,0.0,0.0,0.0,0.0,0.0,0.0,0.0,1.0
133.96,0.0,0.0,0.0,-0.0,0.0,-0.0,0.0,11008.887880135162,0.0,0.0,0.0,0.0,0.0,0.0,0.0,0.0,0.0,-0.0
98.88,0.0,0.0,-0.0,0.0,-0.0,0.0,0.0,11008.887880135162,0.0,0.0,-0.0,0.0,0.0,0.0,0.0,0.0,0.0,0.0
84.38,0.0,0.0,-0.0,0.0,-0.0,0.0,0.0,11008.887880135162,0.0,0.0,-0.0,0.0,0.0,0.0,0.0,0.0,0.0,0.0
77.88,0.05131670194948623,0.10263340389897246,0.10818510677891963,0.0,0.10263340389897246,0.0,-9.600346375561328,10999.287533759602,0.0,0.0,0.10818510677891963,0.0,0.0,0.0,0.0,0.0,0.0,0.0
76.02,0.5256583509747431,1.0513167019494862,1.0,0.0,0.9486832980505138,0.0,-86.85,10912.437533759601,0.0,0.0,1.0,0.0,0.0,0.0,0.0,0.0,0.0,0.0
77.32,1.0,2.0,1.0,0.0,0.9486832980505138,0.0,-88.16999999999999,10824.267533759601,0.0,0.0,1.0,0.0,0.0,0.0,0.0,0.0,0.0,0.0
83.91,1.0,2.0,0.0,0.0,0.0,0.0,0.0,10824.267533759601,0.0,0.0,0.0,0.0,0.0,0.0,0.0,0.0,0.0,0.0
96.51,1.0,2.0,0.0,0.0,0.0,0.0,0.0,10824.267533759601,0.0,0.0,0.0,0.0,0.0,0.0,0.0,0.0,0.0,0.0
103.42,1.0,2.0,-0.0,0.0,-0.0,0.0,0.0,10824.267533759601,0.0,0.0,-0.0,0.0,0.0,0.0,0.0,0.0,0.0,0.0
140.95,1.0,2.0,0.0,-0.0,0.0,-0.0,0.0,10824.267533759601,0.0,0.0,0.0,0.0,0.0,0.0,0.0,0.0,0.0,-0.0
165.35,0.4729537233052701,0.9459074466105402,0.0,1.0,0.0,1.0540925533894598,163.97,10988.2375337596,0.0,0.0,0.0,0.0,0.0,0.0,0.0,0.0,0.0,1.0
156.89,0.0,0.0,0.0,0.8973665961010275,0.0,0.9459074466105402,139.54947935967078,11127.78701311927,0.0,0.0,0.0,0.0,0.0,0.0,0.0,0.0,0.0,0.8973665961010275
123.2,-0.0,-0.0,0.0,0.0,0.0,0.0,0.0,11127.78701311927,0.0,0.0,0.0,0.0,0.0,0.0,0.0,0.0,0.0,0.0
115.82,0.0,0.0,-0.0,0.0,-0.0,0.0,0.0,11127.78701311927,0.0,0.0,-0.0,0.0,0.0,0.0,0.0,0.0,0.0,0.0
105.82,0.0,0.0,-0.0,0.0,-0.0,0.0,0.0,11127.78701311927,0.0,0.0,-0.0,0.0,0.0,0.0,0.0,0.0,0.0,0.0
97.95,0.4743416490252569,0.9486832980505138,1.0,0.0,0.9486832980505138,0.0,-109.09,11018.69701311927,0.0,0.0,1.0,0.0,0.0,0.0,0.0,0.0,0.0,0.0
104.39,0.4743416490252569,0.9486832980505138,0.0,0.0,0.0,0.0,0.0,11018.69701311927,0.0,0.0,0.0,0.0,0.0,0.0,0.0,0.0,0.0,0.0
101.8,0.4743416490252569,0.9486832980505138,0.0,0.0,0.0,0.0,0.0,11018.69701311927,0.0,0.0,0.0,0.0,0.0,0.0,0.0,0.0,0.0,0.0
99.73,0.9486832980505138,1.8973665961010275,1.0,0.0,0.9486832980505138,0.0,-110.9,10907.79701311927,0.0,0.0,1.0,0.0,0.0,0.0,0.0,0.0,0.0,0.0
100.5,1.0,2.0,0.10818510677891963,0.0,0.10263340389897246,0.0,-12.082112725069743,10895.714900394201,0.0,0.0,0.10818510677891963,0.0,0.0,0.0,0.0,0.0,0.0,0.0
102.51,1.0,2.0,-0.0,0.0,-0.0,0.0,0.0,10895.714900394201,0.0,0.0,-0.0,0.0,0.0,0.0,0.0,0.0,0.0,0.0
103.49,1.0,2.0,0.0,0.0,0.0,0.0,0.0,10895.714900394201,0.0,0.0,0.0,0.0,0.0,0.0,0.0,0.0,0.0,0.0
113.55,1.0,2.0,0.0,0.0,0.0,0.0,0.0,10895.714900394201,0.0,0.0,0.0,0.0,0.0,0.0,0.0,0.0,0.0,0.0
152.98,0.4729537233052701,0.9459074466105402,0.0,1.0,0.0,1.0540925533894598,151.6,11047.314900394202,0.0,0.0,0.0,0.0,0.0,0.0,0.0,0.0,0.0,1.0
146.49,-0.0,-0.0,0.0,0.8973665961010275,0.0,0.9459074466105402,130.2168667602201,11177.531767154422,0.0,0.0,0.0,0.0,0.0,0.0,0.0,0.0,0.0,0.8973665961010275
128.53,0.0,0.0,0.0,0.0,0.0,0.0,0.0,11177.531767154422,0.0,0.0,0.0,0.0,0.0,0.0,0.0,0.0,0.0,0.0
102.0,-0.0,-0.0,0.0,0.0,0.0,0.0,0.0,11177.531767154422,0.0,0.0,0.0,0.0,0.0,0.0,0.0,0.0,0.0,0.0
97.48,0.4743416490252569,0.9486832980505138,1.0,0.0,0.9486832980505138,0.0,-108.61,11068.921767154421,0.0,0.0,1.0,0.0,0.0,0.0,0.0,0.0,0.0,0.0
96.44,0.9486832980505138,1.8973665961010275,1.0,0.0,0.9486832980505138,0.0,-107.56,10961.361767154422,0.0,0.0,1.0,0.0,0.0,0.0,0.0,0.0,0.0,0.0
98.38,1.0,2.0,0.10818510677891963,0.0,0.10263340389897246,0.0,-11.849514745495066,10949.512252408927,0.0,0.0,0.10818510677891963,0.0,0.0,0.0,0.0,0.0,0.0,0.0
102.35,1.0,2.0,0.0,0.0,0.0,0.0,0.0,10949.512252408927,0.0,0.0,0.0,0.0,0.0,0.0,0.0,0.0,0.0,0.0
112.84,1.0,2.0,0.0,0.0,0.0,0.0,0.0,10949.512252408927,0.0,0.0,0.0,0.0,0.0,0.0,0.0,0.0,0.0,0.0
124.68,1.0,2.0,0.0,-0.0,0.0,-0.0,0.0,10949.512252408927,0.0,0.0,0.0,0.0,0.0,0.0,0.0,0.0,0.0,-0.0
152.34,1.0,2.0,0.0,-0.0,0.0,-0.0,0.0,10949.512252408927,0.0,0.0,0.0,0.0,0.0,0.0,0.0,0.0,0.0,-0.0
183.93,0.4729537233052701,0.9459074466105402,0.0,1.0,0.0,1.0540925533894598,182.55,11132.062252408927,0.0,0.0,0.0,0.0,0.0,0.0,0.0,0.0,0.0,1.0
169.67,0.0,0.0,0.0,0.8973665961010275,0.0,0.9459074466105402,151.0178244578419,11283.080076866769,0.0,0.0,0.0,0.0,0.0,0.0,0.0,0.0,0.0,0.8973665961010275
144.93,0.0,0.0,0.0,-0.0,0.0,-0.0,0.0,11283.080076866769,0.0,0.0,0.0,0.0,0.0,0.0,0.0,0.0,0.0,-0.0
130.84,0.0,0.0,0.0,-0.0,0.0,-0.0,0.0,11283.080076866769,0.0,0.0,0.0,0.0,0.0,0.0,0.0,0.0,0.0,-0.0
121.25,-0.0,-0.0,0.0,0.0,0.0,0.0,0.0,11283.080076866769,0.0,0.0,0.0,0.0,0.0,0.0,0.0,0.0,0.0,0.0
107.34,-0.0,-0.0,0.0,0.0,0.0,0.0,0.0,11283.080076866769,0.0,0.0,0.0,0.0,0.0,0.0,0.0,0.0,0.0,0.0
101.73,0.0,0.0,-0.0,0.0,-0.0,0.0,0.0,11283.080076866769,0.0,0.0,-0.0,0.0,0.0,0.0,0.0,0.0,0.0,0.0
100.09,0.05131670194948623,0.10263340389897246,0.10818510677891963,0.0,0.10263340389897246,0.0,-12.0366749802226,11271.043401886545,0.0,0.0,0.10818510677891963,0.0,0.0,0.0,0.0,0.0,0.0,0.0
97.79,0.5256583509747431,1.0513167019494862,1.0,0.0,0.9486832980505138,0.0,-108.93,11162.113401886545,0.0,0.0,1.0,0.0,0.0,0.0,0.0,0.0,0.0,0.0
97.38,1.0,2.0,1.0,0.0,0.9486832980505138,0.0,-108.50999999999999,11053.603401886545,0.0,0.0,1.0,0.0,0.0,0.0,0.0,0.0,0.0,0.0
101.8,1.0,2.0,0.0,0.0,0.0,0.0,0.0,11053.603401886545,0.0,0.0,0.0,0.0,0.0,0.0,0.0,0.0,0.0,0.0
106.59,1.0,2.0,0.0,0.0,0.0,0.0,0.0,11053.603401886545,0.0,0.0,0.0,0.0,0.0,0.0,0.0,0.0,0.0,0.0
135.95,1.0,2.0,0.0,0.0,0.0,0.0,0.0,11053.603401886545,0.0,0.0,0.0,0.0,0.0,0.0,0.0,0.0,0.0,0.0
149.72,0.4729537233052701,0.9459074466105402,0.0,1.0,0.0,1.0540925533894598,148.34,11201.943401886545,0.0,0.0,0.0,0.0,0.0,0.0,0.0,0.0,0.0,1.0
148.41,0.0,0.0,0.0,0.8973665961010275,0.0,0.9459074466105402,131.93981062473406,11333.883212511279,0.0,0.0,0.0,0.0,0.0,0.0,0.0,0.0,0.0,0.8973665961010275
125.0,-0.0,-0.0,0.0,-0.0,0.0,-0.0,0.0,11333.883212511279,0.0,0.0,0.0,0.0,0.0,0.0,0.0,0.0,0.0,-0.0
102.62,0.0,0.0,0.0,0.0,0.0,0.0,0.0,11333.883212511279,0.0,0.0,0.0,0.0,0.0,0.0,0.0,0.0,0.0,0.0
99.69,0.4743416490252569,0.9486832980505138,1.0,0.0,0.9486832980505138,0.0,-110.86,11223.023212511278,0.0,0.0,1.0,0.0,0.0,0.0,0.0,0.0,0.0,0.0
98.07,0.9486832980505138,1.8973665961010275,1.0,0.0,0.9486832980505138,0.0,-109.21,11113.813212511279,0.0,0.0,1.0,0.0,0.0,0.0,0.0,0.0,0.0,0.0
99.91,1.0,2.0,0.10818510677891963,0.0,0.10263340389897246,0.0,-12.017201661002392,11101.796010850276,0.0,0.0,0.10818510677891963,0.0,0.0,0.0,0.0,0.0,0.0,0.0
101.65,1.0,2.0,0.0,0.0,0.0,0.0,0.0,11101.796010850276,0.0,0.0,0.0,0.0,0.0,0.0,0.0,0.0,0.0,0.0
117.74,1.0,2.0,0.0,0.0,0.0,0.0,0.0,11101.796010850276,0.0,0.0,0.0,0.0,0.0,0.0,0.0,0.0,0.0,0.0
124.65,1.0,2.0,0.0,0.0,0.0,0.0,0.0,11101.796010850276,0.0,0.0,0.0,0.0,0.0,0.0,0.0,0.0,0.0,0.0
145.61,1.0,2.0,-0.0,0.0,-0.0,0.0,0.0,11101.796010850276,0.0,0.0,-0.0,0.0,0.0,0.0,0.0,0.0,0.0,0.0
193.51,0.4729537233052701,0.9459074466105402,0.0,1.0,0.0,1.0540925533894598,192.13,11293.926010850275,0.0,0.0,0.0,0.0,0.0,0.0,0.0,0.0,0.0,1.0
179.49,0.0,0.0,0.0,0.8973665961010275,0.0,0.9459074466105402,159.82996443155403,11453.755975281829,0.0,0.0,0.0,0.0,0.0,0.0,0.0,0.0,0.0,0.8973665961010275
148.05,0.0,0.0,-0.0,0.0,-0.0,0.0,0.0,11453.755975281829,0.0,0.0,-0.0,0.0,0.0,0.0,0.0,0.0,0.0,0.0
132.2,-0.0,-0.0,0.0,-0.0,0.0,-0.0,0.0,11453.755975281829,0.0,0.0,0.0,0.0,0.0,0.0,0.0,0.0,0.0,-0.0
120.0,-0.0,-0.0,0.0,0.0,0.0,0.0,0.0,11453.755975281829,0.0,0.0,0.0,0.0,0.0,0.0,0.0,0.0,0.0,0.0
109.91,-0.0,-0.0,0.0,0.0,0.0,0.0,0.0,11453.755975281829,0.0,0.0,0.0,0.0,0.0,0.0,0.0,0.0,0.0,0.0
108.52,0.0,0.0,0.0,0.0,0.0,0.0,0.0,11453.755975281829,0.0,0.0,0.0,0.0,0.0,0.0,0.0,0.0,0.0,0.0
102.25,-0.0,-0.0,0.0,0.0,0.0,0.0,0.0,11453.755975281829,0.0,0.0,0.0,0.0,0.0,0.0,0.0,0.0,0.0,0.0
98.98,0.05131670194948623,0.10263340389897246,0.10818510677891963,0.0,0.10263340389897246,0.0,-11.915507660630208,11441.8404676212,0.0,0.0,0.10818510677891963,0.0,0.0,0.0,0.0,0.0,0.0,0.0
96.71,0.5256583509747431,1.0513167019494862,1.0,0.0,0.9486832980505138,0.0,-107.83,11334.0104676212,0.0,0.0,1.0,0.0,0.0,0.0,0.0,0.0,0.0,0.0
98.35,1.0,2.0,1.0,0.0,0.9486832980505138,0.0,-109.5,11224.5104676212,0.0,0.0,1.0,0.0,0.0,0.0,0.0,0.0,0.0,0.0
105.88,1.0,2.0,0.0,0.0,0.0,0.0,0.0,11224.5104676212,0.0,0.0,0.0,0.0,0.0,0.0,0.0,0.0,0.0,0.0
132.99,1.0,2.0,0.0,0.0,0.0,0.0,0.0,11224.5104676212,0.0,0.0,0.0,0.0,0.0,0.0,0.0,0.0,0.0,0.0
159.87,0.4729537233052701,0.9459074466105402,0.0,1.0,0.0,1.0540925533894598,158.49,11383.0004676212,0.0,0.0,0.0,0.0,0.0,0.0,0.0,0.0,0.0,1.0
158.03,-0.0,-0.0,0.0,0.8973665961010275,0.0,0.9459074466105402,140.57247727922595,11523.572944900425,0.0,0.0,0.0,0.0,0.0,0.0,0.0,0.0,0.0,0.8973665961010275
148.13,0.0,0.0,0.0,0.0,0.0,0.0,0.0,11523.572944900425,0.0,0.0,0.0,0.0,0.0,0.0,0.0,0.0,0.0,0.0
123.77,-0.0,-0.0,0.0,0.0,0.0,0.0,0.0,11523.572944900425,0.0,0.0,0.0,0.0,0.0,0.0,0.0,0.0,0.0,0.0
110.7,-0.0,-0.0,0.0,0.0,0.0,0.0,0.0,11523.572944900425,0.0,0.0,0.0,0.0,0.0,0.0,0.0,0.0,0.0,0.0
110.01,-0.0,-0.0,0.0,0.0,0.0,0.0,0.0,11523.572944900425,0.0,0.0,0.0,0.0,0.0,0.0,0.0,0.0,0.0,0.0
108.22,0.4743416490252569,0.9486832980505138,1.0,0.0,0.9486832980505138,0.0,-119.50999999999999,11404.062944900425,0.0,0.0,1.0,0.0,0.0,0.0,0.0,0.0,0.0,0.0
107.54,0.9486832980505138,1.8973665961010275,1.0,0.0,0.9486832980505138,0.0,-118.82000000000001,11285.242944900425,0.0,0.0,1.0,0.0,0.0,0.0,0.0,0.0,0.0,0.0
109.99,1.0,2.0,0.10818510677891963,0.0,0.10263340389897246,0.0,-13.122853452282952,11272.120091448141,0.0,0.0,0.10818510677891963,0.0,0.0,0.0,0.0,0.0,0.0,0.0
121.47,1.0,2.0,0.0,0.0,0.0,0.0,0.0,11272.120091448141,0.0,0.0,0.0,0.0,0.0,0.0,0.0,0.0,0.0,0.0
142.65,1.0,2.0,0.0,0.0,0.0,0.0,0.0,11272.120091448141,0.0,0.0,0.0,0.0,0.0,0.0,0.0,0.0,0.0,0.0
166.05,0.5270462766947299,1.0540925533894598,0.0,0.8973665961010275,0.0,0.9459074466105402,147.7693573799562,11419.889448828098,0.0,0.0,0.0,0.0,0.0,0.0,0.0,0.0,0.0,0.8973665961010275
173.47,0.0,0.0,0.0,1.0,0.0,1.0540925533894598,172.09,11591.979448828099,0.0,0.0,0.0,0.0,0.0,0.0,0.0,0.0,0.0,1.0
149.0,-0.0,-0.0,0.0,0.0,0.0,0.0,0.0,11591.979448828099,0.0,0.0,0.0,0.0,0.0,0.0,0.0,0.0,0.0,0.0
135.69,0.0,0.0,-0.0,0.0,-0.0,0.0,0.0,11591.979448828099,0.0,0.0,-0.0,0.0,0.0,0.0,0.0,0.0,0.0,0.0
123.48,-0.0,-0.0,0.0,0.0,0.0,0.0,0.0,11591.979448828099,0.0,0.0,0.0,0.0,0.0,0.0,0.0,0.0,0.0,0.0
111.63,-0.0,-0.0,0.0,0.0,0.0,0.0,0.0,11591.979448828099,0.0,0.0,0.0,0.0,0.0,0.0,0.0,0.0,0.0,0.0
109.09,0.0,0.0,-0.0,0.0,-0.0,0.0,0.0,11591.979448828099,0.0,0.0,-0.0,0.0,0.0,0.0,0.0,0.0,0.0,0.0
106.0,-0.0,-0.0,0.0,0.0,0.0,0.0,0.0,11591.979448828099,0.0,0.0,0.0,0.0,0.0,0.0,0.0,0.0,0.0,0.0
105.9,0.05131670194948623,0.10263340389897246,0.10818510677891963,0.0,0.10263340389897246,0.0,-12.673885259150435,11579.305563568949,0.0,0.0,0.10818510677891963,0.0,0.0,0.0,0.0,0.0,0.0,0.0
103.83,0.5256583509747431,1.0513167019494862,1.0,0.0,0.9486832980505138,0.0,-115.05,11464.25556356895,0.0,0.0,1.0,0.0,0.0,0.0,0.0,0.0,0.0,0.0
105.3,1.0,2.0,1.0,0.0,0.9486832980505138,0.0,-116.53999999999999,11347.715563568949,0.0,0.0,1.0,0.0,0.0,0.0,0.0,0.0,0.0,0.0
113.99,1.0,2.0,0.0,0.0,0.0,0.0,0.0,11347.715563568949,0.0,0.0,0.0,0.0,0.0,0.0,0.0,0.0,0.0,0.0
142.99,1.0,2.0,0.0,-0.0,0.0,-0.0,0.0,11347.715563568949,0.0,0.0,0.0,0.0,0.0,0.0,0.0,0.0,0.0,-0.0
155.11,0.4729537233052701,0.9459074466105402,0.0,1.0,0.0,1.0540925533894598,153.73000000000002,11501.445563568948,0.0,0.0,0.0,0.0,0.0,0.0,0.0,0.0,0.0,1.0
155.0,-0.0,-0.0,0.0,0.8973665961010275,0.0,0.9459074466105402,137.85345649303986,11639.299020061988,0.0,0.0,0.0,0.0,0.0,0.0,0.0,0.0,0.0,0.8973665961010275
132.09,0.0,0.0,0.0,0.0,0.0,0.0,0.0,11639.299020061988,0.0,0.0,0.0,0.0,0.0,0.0,0.0,0.0,0.0,0.0
112.0,0.0,0.0,-0.0,0.0,-0.0,0.0,0.0,11639.299020061988,0.0,0.0,-0.0,0.0,0.0,0.0,0.0,0.0,0.0,0.0
106.35,0.0,0.0,-0.0,0.0,-0.0,0.0,0.0,11639.299020061988,0.0,0.0,-0.0,0.0,0.0,0.0,0.0,0.0,0.0,0.0
104.5,0.4743416490252569,0.9486832980505138,1.0,0.0,0.9486832980505138,0.0,-115.73,11523.569020061988,0.0,0.0,1.0,0.0,0.0,0.0,0.0,0.0,0.0,0.0
104.58,0.9486832980505138,1.8973665961010275,1.0,0.0,0.9486832980505138,0.0,-115.81,11407.759020061989,0.0,0.0,1.0,0.0,0.0,0.0,0.0,0.0,0.0,0.0
105.38,1.0,2.0,0.10818510677891963,0.0,0.10263340389897246,0.0,-12.617629003625394,11395.141391058363,0.0,0.0,0.10818510677891963,0.0,0.0,0.0,0.0,0.0,0.0,0.0
106.5,1.0,2.0,0.0,0.0,0.0,0.0,0.0,11395.141391058363,0.0,0.0,0.0,0.0,0.0,0.0,0.0,0.0,0.0,0.0
122.22,1.0,2.0,0.0,0.0,0.0,0.0,0.0,11395.141391058363,0.0,0.0,0.0,0.0,0.0,0.0,0.0,0.0,0.0,0.0
141.18,1.0,2.0,0.0,0.0,0.0,0.0,0.0,11395.141391058363,0.0,0.0,0.0,0.0,0.0,0.0,0.0,0.0,0.0,0.0
155.33,0.4729537233052701,0.9459074466105402,0.0,1.0,0.0,1.0540925533894598,153.95000000000002,11549.091391058364,0.0,0.0,0.0,0.0,0.0,0.0,0.0,0.0,0.0,1.0
150.91,0.0,0.0,0.0,0.8973665961010275,0.0,0.9459074466105402,134.18322711498664,11683.274618173351,0.0,0.0,0.0,0.0,0.0,0.0,0.0,0.0,0.0,0.8973665961010275
130.01,-0.0,-0.0,0.0,0.0,0.0,0.0,0.0,11683.274618173351,0.0,0.0,0.0,0.0,0.0,0.0,0.0,0.0,0.0,0.0
111.39,-0.0,-0.0,0.0,0.0,0.0,0.0,0.0,11683.274618173351,0.0,0.0,0.0,0.0,0.0,0.0,0.0,0.0,0.0,0.0
114.0,-0.0,-0.0,0.0,0.0,0.0,0.0,0.0,11683.274618173351,0.0,0.0,0.0,0.0,0.0,0.0,0.0,0.0,0.0,0.0
105.17,-0.0,-0.0,-0.0,0.0,-0.0,0.0,0.0,11683.274618173351,0.0,0.0,-0.0,0.0,0.0,0.0,0.0,0.0,0.0,0.0
112.15,0.0,0.0,0.0,0.0,0.0,0.0,0.0,11683.274618173351,0.0,0.0,0.0,0.0,0.0,0.0,0.0,0.0,0.0,0.0
103.14,0.0,0.0,-0.0,0.0,-0.0,0.0,0.0,11683.274618173351,0.0,0.0,-0.0,0.0,0.0,0.0,0.0,0.0,0.0,0.0
96.0,-0.0,-0.0,0.0,0.0,0.0,0.0,0.0,11683.274618173351,0.0,0.0,0.0,0.0,0.0,0.0,0.0,0.0,0.0,0.0
89.9,-0.0,-0.0,0.0,0.0,0.0,0.0,0.0,11683.274618173351,0.0,0.0,0.0,0.0,0.0,0.0,0.0,0.0,0.0,0.0
86.9,-0.0,-0.0,0.0,0.0,0.0,0.0,0.0,11683.274618173351,0.0,0.0,0.0,0.0,0.0,0.0,0.0,0.0,0.0,0.0
90.55,-0.0,-0.0,0.0,0.0,0.0,0.0,0.0,11683.274618173351,0.0,0.0,0.0,0.0,0.0,0.0,0.0,0.0,0.0,0.0
97.01,-0.0,-0.0,0.0,0.0,0.0,0.0,0.0,11683.274618173351,0.0,0.0,0.0,0.0,0.0,0.0,0.0,0.0,0.0,0.0
99.42,0.0,0.0,0.0,-0.0,0.0,-0.0,0.0,11683.274618173351,0.0,0.0,0.0,0.0,0.0,0.0,0.0,0.0,0.0,-0.0
98.77,-0.0,-0.0,0.0,-0.0,0.0,-0.0,0.0,11683.274618173351,0.0,0.0,0.0,0.0,0.0,0.0,0.0,0.0,0.0,-0.0
86.4,0.0,0.0,0.0,0.0,0.0,0.0,0.0,11683.274618173351,0.0,0.0,0.0,0.0,0.0,0.0,0.0,0.0,0.0,0.0
72.39,-0.0,-0.0,0.0,0.0,0.0,0.0,0.0,11683.274618173351,0.0,0.0,0.0,0.0,0.0,0.0,0.0,0.0,0.0,0.0
67.12,0.0,0.0,-0.0,0.0,-0.0,0.0,0.0,11683.274618173351,0.0,0.0,-0.0,0.0,0.0,0.0,0.0,0.0,0.0,0.0
57.28,0.05131670194948623,0.10263340389897246,0.10818510677891963,0.0,0.10263340389897246,0.0,-7.339277643881907,11675.93534052947,0.0,0.0,0.10818510677891963,0.0,0.0,0.0,0.0,0.0,0.0,0.0
48.0,0.5256583509747431,1.0513167019494862,1.0,0.0,0.9486832980505138,0.0,-58.43,11617.50534052947,0.0,0.0,1.0,0.0,0.0,0.0,0.0,0.0,0.0,0.0
54.51,1.0,2.0,1.0,0.0,0.9486832980505138,0.0,-65.03,11552.475340529469,0.0,0.0,1.0,0.0,0.0,0.0,0.0,0.0,0.0,0.0
70.78,1.0,2.0,0.0,0.0,0.0,0.0,0.0,11552.475340529469,0.0,0.0,0.0,0.0,0.0,0.0,0.0,0.0,0.0,0.0
84.24,1.0,2.0,0.0,-0.0,0.0,-0.0,0.0,11552.475340529469,0.0,0.0,0.0,0.0,0.0,0.0,0.0,0.0,0.0,-0.0
117.6,1.0,2.0,0.0,0.0,0.0,0.0,0.0,11552.475340529469,0.0,0.0,0.0,0.0,0.0,0.0,0.0,0.0,0.0,0.0
130.3,0.5270462766947299,1.0540925533894598,0.0,0.8973665961010275,0.0,0.9459074466105402,115.68850156934448,11668.163842098813,0.0,0.0,0.0,0.0,0.0,0.0,0.0,0.0,0.0,0.8973665961010275
132.96,-0.0,-0.0,0.0,1.0,0.0,1.0540925533894598,131.58,11799.743842098813,0.0,0.0,0.0,0.0,0.0,0.0,0.0,0.0,0.0,1.0
121.46,-0.0,-0.0,0.0,0.0,0.0,0.0,0.0,11799.743842098813,0.0,0.0,0.0,0.0,0.0,0.0,0.0,0.0,0.0,0.0
108.5,-0.0,-0.0,0.0,0.0,0.0,0.0,0.0,11799.743842098813,0.0,0.0,0.0,0.0,0.0,0.0,0.0,0.0,0.0,0.0
105.02,0.0,0.0,0.0,0.0,0.0,0.0,0.0,11799.743842098813,0.0,0.0,0.0,0.0,0.0,0.0,0.0,0.0,0.0,0.0
95.25,-0.0,-0.0,0.0,0.0,0.0,0.0,0.0,11799.743842098813,0.0,0.0,0.0,0.0,0.0,0.0,0.0,0.0,0.0,0.0
90.01,-0.0,-0.0,0.0,0.0,0.0,0.0,0.0,11799.743842098813,0.0,0.0,0.0,0.0,0.0,0.0,0.0,0.0,0.0,0.0
85.79,-0.0,-0.0,0.0,0.0,0.0,0.0,0.0,11799.743842098813,0.0,0.0,0.0,0.0,0.0,0.0,0.0,0.0,0.0,0.0
79.62,-0.0,-0.0,0.0,0.0,0.0,0.0,0.0,11799.743842098813,0.0,0.0,0.0,0.0,0.0,0.0,0.0,0.0,0.0,0.0
78.18,-0.0,-0.0,-0.0,0.0,-0.0,0.0,0.0,11799.743842098813,0.0,0.0,-0.0,0.0,0.0,0.0,0.0,0.0,0.0,0.0
78.6,-0.0,-0.0,0.0,0.0,0.0,0.0,0.0,11799.743842098813,0.0,0.0,0.0,0.0,0.0,0.0,0.0,0.0,0.0,0.0
80.51,-0.0,-0.0,0.0,0.0,0.0,0.0,0.0,11799.743842098813,0.0,0.0,0.0,0.0,0.0,0.0,0.0,0.0,0.0,0.0
80.12,0.0,0.0,0.0,0.0,0.0,0.0,0.0,11799.743842098813,0.0,0.0,0.0,0.0,0.0,0.0,0.0,0.0,0.0,0.0
78.06,0.0,0.0,-0.0,0.0,-0.0,0.0,0.0,11799.743842098813,0.0,0.0,-0.0,0.0,0.0,0.0,0.0,0.0,0.0,0.0
77.95,0.0,0.0,0.0,-0.0,0.0,-0.0,0.0,11799.743842098813,0.0,0.0,0.0,0.0,0.0,0.0,0.0,0.0,0.0,-0.0
56.9,0.0,0.0,0.0,-0.0,0.0,-0.0,0.0,11799.743842098813,0.0,0.0,0.0,0.0,0.0,0.0,0.0,0.0,0.0,-0.0
24.09,0.0,0.0,0.0,-0.0,0.0,-0.0,0.0,11799.743842098813,0.0,0.0,0.0,0.0,0.0,0.0,0.0,0.0,0.0,-0.0
2.9,-0.0,-0.0,0.0,0.0,0.0,0.0,0.0,11799.743842098813,0.0,0.0,0.0,0.0,0.0,0.0,0.0,0.0,0.0,0.0
1.01,0.4743416490252569,0.9486832980505138,1.0,0.0,0.9486832980505138,0.0,-10.77,11788.973842098812,0.0,0.0,1.0,0.0,0.0,0.0,0.0,0.0,0.0,0.0
0.19,0.9486832980505138,1.8973665961010275,1.0,0.0,0.9486832980505138,0.0,-9.94,11779.033842098812,0.0,0.0,1.0,0.0,0.0,0.0,0.0,0.0,0.0,0.0
2.53,1.0,2.0,0.10818510677891963,0.0,0.10263340389897246,0.0,-1.3328405155162897,11777.701001583295,0.0,0.0,0.10818510677891963,0.0,0.0,0.0,0.0,0.0,0.0,0.0
31.0,1.0,2.0,0.0,-0.0,0.0,-0.0,0.0,11777.701001583295,0.0,0.0,0.0,0.0,0.0,0.0,0.0,0.0,0.0,-0.0
60.0,1.0,2.0,0.0,-0.0,0.0,-0.0,0.0,11777.701001583295,0.0,0.0,0.0,0.0,0.0,0.0,0.0,0.0,0.0,-0.0
94.68,1.0,2.0,0.0,0.0,0.0,0.0,0.0,11777.701001583295,0.0,0.0,0.0,0.0,0.0,0.0,0.0,0.0,0.0,0.0
94.98,1.0,2.0,0.0,-0.0,0.0,-0.0,0.0,11777.701001583295,0.0,0.0,0.0,0.0,0.0,0.0,0.0,0.0,0.0,-0.0
92.5,1.0,2.0,0.0,0.0,0.0,0.0,0.0,11777.701001583295,0.0,0.0,0.0,0.0,0.0,0.0,0.0,0.0,0.0,0.0
80.21,1.0,2.0,0.0,0.0,0.0,0.0,0.0,11777.701001583295,0.0,0.0,0.0,0.0,0.0,0.0,0.0,0.0,0.0,0.0
80.0,1.0,2.0,0.0,0.0,0.0,0.0,0.0,11777.701001583295,0.0,0.0,0.0,0.0,0.0,0.0,0.0,0.0,0.0,0.0
78.3,1.0,2.0,0.0,0.0,0.0,0.0,0.0,11777.701001583295,0.0,0.0,0.0,0.0,0.0,0.0,0.0,0.0,0.0,0.0
79.71,1.0,2.0,0.0,0.0,0.0,0.0,0.0,11777.701001583295,0.0,0.0,0.0,0.0,0.0,0.0,0.0,0.0,0.0,0.0
78.1,1.0,2.0,0.0,0.0,0.0,0.0,0.0,11777.701001583295,0.0,0.0,0.0,0.0,0.0,0.0,0.0,0.0,0.0,0.0
79.01,1.0,2.0,0.0,0.0,0.0,0.0,0.0,11777.701001583295,0.0,0.0,0.0,0.0,0.0,0.0,0.0,0.0,0.0,0.0
78.79,1.0,2.0,0.0,0.0,0.0,0.0,0.0,11777.701001583295,0.0,0.0,0.0,0.0,0.0,0.0,0.0,0.0,0.0,0.0
80.91,1.0,2.0,0.0,0.0,0.0,0.0,0.0,11777.701001583295,0.0,0.0,0.0,0.0,0.0,0.0,0.0,0.0,0.0,0.0
85.85,1.0,2.0,0.0,0.0,0.0,0.0,0.0,11777.701001583295,0.0,0.0,0.0,0.0,0.0,0.0,0.0,0.0,0.0,0.0
103.3,1.0,2.0,0.0,-0.0,0.0,-0.0,0.0,11777.701001583295,0.0,0.0,0.0,0.0,0.0,0.0,0.0,0.0,0.0,-0.0
135.18,1.0,2.0,0.0,-0.0,0.0,-0.0,0.0,11777.701001583295,0.0,0.0,0.0,0.0,0.0,0.0,0.0,0.0,0.0,-0.0
152.87,0.4729537233052701,0.9459074466105402,0.0,1.0,0.0,1.0540925533894598,151.49,11929.191001583295,0.0,0.0,0.0,0.0,0.0,0.0,0.0,0.0,0.0,1.0
135.24,0.0,0.0,0.0,0.8973665961010275,0.0,0.9459074466105402,120.12149255408355,12049.312494137379,0.0,0.0,0.0,0.0,0.0,0.0,0.0,0.0,0.0,0.8973665961010275
100.73,0.0,0.0,0.0,-0.0,0.0,-0.0,0.0,12049.312494137379,0.0,0.0,0.0,0.0,0.0,0.0,0.0,0.0,0.0,-0.0
68.21,-0.0,-0.0,0.0,0.0,0.0,0.0,0.0,12049.312494137379,0.0,0.0,0.0,0.0,0.0,0.0,0.0,0.0,0.0,0.0
50.56,-0.0,-0.0,0.0,0.0,0.0,0.0,0.0,12049.312494137379,0.0,0.0,0.0,0.0,0.0,0.0,0.0,0.0,0.0,0.0
31.17,0.4743416490252569,0.9486832980505138,1.0,0.0,0.9486832980505138,0.0,-41.36,12007.952494137378,0.0,0.0,1.0,0.0,0.0,0.0,0.0,0.0,0.0,0.0
27.95,0.9486832980505138,1.8973665961010275,1.0,0.0,0.9486832980505138,0.0,-38.1,11969.852494137378,0.0,0.0,1.0,0.0,0.0,0.0,0.0,0.0,0.0,0.0
50.14,1.0,2.0,0.10818510677891963,0.0,0.10263340389897246,0.0,-6.556017470802529,11963.296476666575,0.0,0.0,0.10818510677891963,0.0,0.0,0.0,0.0,0.0,0.0,0.0
70.01,1.0,2.0,0.0,-0.0,0.0,-0.0,0.0,11963.296476666575,0.0,0.0,0.0,0.0,0.0,0.0,0.0,0.0,0.0,-0.0
93.92,1.0,2.0,0.0,-0.0,0.0,-0.0,0.0,11963.296476666575,0.0,0.0,0.0,0.0,0.0,0.0,0.0,0.0,0.0,-0.0
127.87,1.0,2.0,0.0,-0.0,0.0,-0.0,0.0,11963.296476666575,0.0,0.0,0.0,0.0,0.0,0.0,0.0,0.0,0.0,-0.0
156.65,0.5270462766947299,1.0540925533894598,0.0,0.8973665961010275,0.0,0.9459074466105402,139.33411137660656,12102.630588043183,0.0,0.0,0.0,0.0,0.0,0.0,0.0,0.0,0.0,0.8973665961010275
170.0,0.0,0.0,0.0,1.0,0.0,1.0540925533894598,168.62,12271.250588043184,0.0,0.0,0.0,0.0,0.0,0.0,0.0,0.0,0.0,1.0
141.5,0.0,0.0,0.0,-0.0,0.0,-0.0,0.0,12271.250588043184,0.0,0.0,0.0,0.0,0.0,0.0,0.0,0.0,0.0,-0.0
113.53,-0.0,-0.0,0.0,0.0,0.0,0.0,0.0,12271.250588043184,0.0,0.0,0.0,0.0,0.0,0.0,0.0,0.0,0.0,0.0
106.45,-0.0,-0.0,0.0,0.0,0.0,0.0,0.0,12271.250588043184,0.0,0.0,0.0,0.0,0.0,0.0,0.0,0.0,0.0,0.0
93.5,-0.0,-0.0,0.0,0.0,0.0,0.0,0.0,12271.250588043184,0.0,0.0,0.0,0.0,0.0,0.0,0.0,0.0,0.0,0.0
92.2,-0.0,-0.0,0.0,0.0,0.0,0.0,0.0,12271.250588043184,0.0,0.0,0.0,0.0,0.0,0.0,0.0,0.0,0.0,0.0
89.99,0.4743416490252569,0.9486832980505138,1.0,0.0,0.9486832980505138,0.0,-101.02,12170.230588043183,0.0,0.0,1.0,0.0,0.0,0.0,0.0,0.0,0.0,0.0
91.4,0.4743416490252569,0.9486832980505138,0.0,0.0,0.0,0.0,0.0,12170.230588043183,0.0,0.0,0.0,0.0,0.0,0.0,0.0,0.0,0.0,0.0
87.23,0.9486832980505138,1.8973665961010275,1.0,0.0,0.9486832980505138,0.0,-98.22,12072.010588043184,0.0,0.0,1.0,0.0,0.0,0.0,0.0,0.0,0.0,0.0
91.24,1.0,2.0,0.10818510677891963,0.0,0.10263340389897246,0.0,-11.066254572415689,12060.944333470768,0.0,0.0,0.10818510677891963,0.0,0.0,0.0,0.0,0.0,0.0,0.0
103.73,1.0,2.0,0.0,0.0,0.0,0.0,0.0,12060.944333470768,0.0,0.0,0.0,0.0,0.0,0.0,0.0,0.0,0.0,0.0
126.51,0.5270462766947299,1.0540925533894598,0.0,0.8973665961010275,0.0,0.9459074466105402,112.28748217012158,12173.23181564089,0.0,0.0,0.0,0.0,0.0,0.0,0.0,0.0,0.0,0.8973665961010275
136.68,-0.0,-0.0,0.0,1.0,0.0,1.0540925533894598,135.3,12308.531815640888,0.0,0.0,0.0,0.0,0.0,0.0,0.0,0.0,0.0,1.0
106.52,0.0,0.0,0.0,0.0,0.0,0.0,0.0,12308.531815640888,0.0,0.0,0.0,0.0,0.0,0.0,0.0,0.0,0.0,0.0
71.53,0.0,0.0,-0.0,0.0,-0.0,0.0,0.0,12308.531815640888,0.0,0.0,-0.0,0.0,0.0,0.0,0.0,0.0,0.0,0.0
25.27,0.0,0.0,0.0,-0.0,0.0,-0.0,0.0,12308.531815640888,0.0,0.0,0.0,0.0,0.0,0.0,0.0,0.0,0.0,-0.0
0.68,0.05131670194948623,0.10263340389897246,0.10818510677891963,0.0,0.10263340389897246,0.0,-1.1294525147719208,12307.402363126117,0.0,0.0,0.10818510677891963,0.0,0.0,0.0,0.0,0.0,0.0,0.0
-0.14,0.5256583509747431,1.0513167019494862,1.0,0.0,0.9486832980505138,0.0,-9.61,12297.792363126116,0.0,0.0,1.0,0.0,0.0,0.0,0.0,0.0,0.0,0.0
-0.28,1.0,2.0,1.0,0.0,0.9486832980505138,0.0,-9.47,12288.322363126117,0.0,0.0,1.0,0.0,0.0,0.0,0.0,0.0,0.0,0.0
5.72,1.0,2.0,-0.0,0.0,-0.0,0.0,0.0,12288.322363126117,0.0,0.0,-0.0,0.0,0.0,0.0,0.0,0.0,0.0,0.0
50.28,1.0,2.0,0.0,-0.0,0.0,-0.0,0.0,12288.322363126117,0.0,0.0,0.0,0.0,0.0,0.0,0.0,0.0,0.0,-0.0
95.94,1.0,2.0,0.0,-0.0,0.0,-0.0,0.0,12288.322363126117,0.0,0.0,0.0,0.0,0.0,0.0,0.0,0.0,0.0,-0.0
124.28,1.0,2.0,0.0,0.0,0.0,0.0,0.0,12288.322363126117,0.0,0.0,0.0,0.0,0.0,0.0,0.0,0.0,0.0,0.0
149.97,0.5270462766947299,1.0540925533894598,0.0,0.8973665961010275,0.0,0.9459074466105402,133.3397025146517,12421.662065640769,0.0,0.0,0.0,0.0,0.0,0.0,0.0,0.0,0.0,0.8973665961010275
159.73,-0.0,-0.0,0.0,1.0,0.0,1.0540925533894598,158.35,12580.012065640769,0.0,0.0,0.0,0.0,0.0,0.0,0.0,0.0,0.0,1.0
142.39,0.0,0.0,0.0,0.0,0.0,0.0,0.0,12580.012065640769,0.0,0.0,0.0,0.0,0.0,0.0,0.0,0.0,0.0,0.0
117.67,-0.0,-0.0,0.0,0.0,0.0,0.0,0.0,12580.012065640769,0.0,0.0,0.0,0.0,0.0,0.0,0.0,0.0,0.0,0.0
107.37,-0.0,-0.0,0.0,0.0,0.0,0.0,0.0,12580.012065640769,0.0,0.0,0.0,0.0,0.0,0.0,0.0,0.0,0.0,0.0
100.42,-0.0,-0.0,0.0,0.0,0.0,0.0,0.0,12580.012065640769,0.0,0.0,0.0,0.0,0.0,0.0,0.0,0.0,0.0,0.0
98.68,0.0,0.0,-0.0,0.0,-0.0,0.0,0.0,12580.012065640769,0.0,0.0,-0.0,0.0,0.0,0.0,0.0,0.0,0.0,0.0
95.08,0.4743416490252569,0.9486832980505138,1.0,0.0,0.9486832980505138,0.0,-106.17999999999999,12473.832065640769,0.0,0.0,1.0,0.0,0.0,0.0,0.0,0.0,0.0,0.0
94.9,0.9486832980505138,1.8973665961010275,1.0,0.0,0.9486832980505138,0.0,-106.0,12367.832065640769,0.0,0.0,1.0,0.0,0.0,0.0,0.0,0.0,0.0,0.0
97.61,1.0,2.0,0.10818510677891963,0.0,0.10263340389897246,0.0,-11.76513036220751,12356.06693527856,0.0,0.0,0.10818510677891963,0.0,0.0,0.0,0.0,0.0,0.0,0.0
99.68,1.0,2.0,0.0,0.0,0.0,0.0,0.0,12356.06693527856,0.0,0.0,0.0,0.0,0.0,0.0,0.0,0.0,0.0,0.0
109.87,1.0,2.0,0.0,0.0,0.0,0.0,0.0,12356.06693527856,0.0,0.0,0.0,0.0,0.0,0.0,0.0,0.0,0.0,0.0
143.84,0.5270462766947299,1.0540925533894598,0.0,0.8973665961010275,0.0,0.9459074466105402,127.83884528055239,12483.905780559113,0.0,0.0,0.0,0.0,0.0,0.0,0.0,0.0,0.0,0.8973665961010275
147.74,0.0,0.0,0.0,1.0,0.0,1.0540925533894598,146.36,12630.265780559113,0.0,0.0,0.0,0.0,0.0,0.0,0.0,0.0,0.0,1.0
108.23,0.0,0.0,0.0,-0.0,0.0,-0.0,0.0,12630.265780559113,0.0,0.0,0.0,0.0,0.0,0.0,0.0,0.0,0.0,-0.0
79.5,0.0,0.0,0.0,-0.0,0.0,-0.0,0.0,12630.265780559113,0.0,0.0,0.0,0.0,0.0,0.0,0.0,0.0,0.0,-0.0
26.52,0.0,0.0,0.0,-0.0,0.0,-0.0,0.0,12630.265780559113,0.0,0.0,0.0,0.0,0.0,0.0,0.0,0.0,0.0,-0.0
-0.04,0.05131670194948623,0.10263340389897246,0.10818510677891963,0.0,0.10263340389897246,0.0,-1.0504773868233097,12629.21530317229,0.0,0.0,0.10818510677891963,0.0,0.0,0.0,0.0,0.0,0.0,0.0
-0.56,0.5256583509747431,1.0513167019494862,1.0,0.0,0.9486832980505138,0.0,-9.18,12620.03530317229,0.0,0.0,1.0,0.0,0.0,0.0,0.0,0.0,0.0,0.0
-0.25,1.0,2.0,1.0,0.0,0.9486832980505138,0.0,-9.5,12610.53530317229,0.0,0.0,1.0,0.0,0.0,0.0,0.0,0.0,0.0,0.0
0.99,1.0,2.0,0.0,0.0,0.0,0.0,0.0,12610.53530317229,0.0,0.0,0.0,0.0,0.0,0.0,0.0,0.0,0.0,0.0
66.73,1.0,2.0,0.0,-0.0,0.0,-0.0,0.0,12610.53530317229,0.0,0.0,0.0,0.0,0.0,0.0,0.0,0.0,0.0,-0.0
109.85,1.0,2.0,-0.0,0.0,-0.0,0.0,0.0,12610.53530317229,0.0,0.0,-0.0,0.0,0.0,0.0,0.0,0.0,0.0,0.0
136.97,1.0,2.0,0.0,-0.0,0.0,-0.0,0.0,12610.53530317229,0.0,0.0,0.0,0.0,0.0,0.0,0.0,0.0,0.0,-0.0
225.81,0.4729537233052701,0.9459074466105402,0.0,1.0,0.0,1.0540925533894598,224.43,12834.96530317229,0.0,0.0,0.0,0.0,0.0,0.0,0.0,0.0,0.0,1.0
220.3,0.0,0.0,0.0,0.8973665961010275,0.0,0.9459074466105402,196.45149521843695,13031.416798390726,0.0,0.0,0.0,0.0,0.0,0.0,0.0,0.0,0.0,0.8973665961010275
176.68,0.0,0.0,-0.0,0.0,-0.0,0.0,0.0,13031.416798390726,0.0,0.0,-0.0,0.0,0.0,0.0,0.0,0.0,0.0,0.0
138.24,-0.0,-0.0,0.0,-0.0,0.0,-0.0,0.0,13031.416798390726,0.0,0.0,0.0,0.0,0.0,0.0,0.0,0.0,0.0,-0.0
124.45,0.0,0.0,0.0,0.0,0.0,0.0,0.0,13031.416798390726,0.0,0.0,0.0,0.0,0.0,0.0,0.0,0.0,0.0,0.0
111.14,-0.0,-0.0,-0.0,0.0,-0.0,0.0,0.0,13031.416798390726,0.0,0.0,-0.0,0.0,0.0,0.0,0.0,0.0,0.0,0.0
117.17,0.0,0.0,0.0,0.0,0.0,0.0,0.0,13031.416798390726,0.0,0.0,0.0,0.0,0.0,0.0,0.0,0.0,0.0,0.0
102.86,-0.0,-0.0,0.0,0.0,0.0,0.0,0.0,13031.416798390726,0.0,0.0,0.0,0.0,0.0,0.0,0.0,0.0,0.0,0.0
99.56,0.4743416490252569,0.9486832980505138,1.0,0.0,0.9486832980505138,0.0,-110.72,12920.696798390727,0.0,0.0,1.0,0.0,0.0,0.0,0.0,0.0,0.0,0.0
100.08,0.9486832980505138,1.8973665961010275,1.0,0.0,0.9486832980505138,0.0,-111.25,12809.446798390727,0.0,0.0,1.0,0.0,0.0,0.0,0.0,0.0,0.0,0.0
102.83,1.0,2.0,0.10818510677891963,0.0,0.10263340389897246,0.0,-12.337429577067994,12797.109368813659,0.0,0.0,0.10818510677891963,0.0,0.0,0.0,0.0,0.0,0.0,0.0
110.69,1.0,2.0,0.0,0.0,0.0,0.0,0.0,12797.109368813659,0.0,0.0,0.0,0.0,0.0,0.0,0.0,0.0,0.0,0.0
132.24,0.5270462766947299,1.0540925533894598,0.0,0.8973665961010275,0.0,0.9459074466105402,117.42939276578046,12914.538761579439,0.0,0.0,0.0,0.0,0.0,0.0,0.0,0.0,0.0,0.8973665961010275
141.21,0.0,0.0,0.0,1.0,0.0,1.0540925533894598,139.83,13054.368761579439,0.0,0.0,0.0,0.0,0.0,0.0,0.0,0.0,0.0,1.0
99.87,0.0,0.0,0.0,-0.0,0.0,-0.0,0.0,13054.368761579439,0.0,0.0,0.0,0.0,0.0,0.0,0.0,0.0,0.0,-0.0
79.45,0.0,0.0,0.0,-0.0,0.0,-0.0,0.0,13054.368761579439,0.0,0.0,0.0,0.0,0.0,0.0,0.0,0.0,0.0,-0.0
37.51,0.0,0.0,0.0,-0.0,0.0,-0.0,0.0,13054.368761579439,0.0,0.0,0.0,0.0,0.0,0.0,0.0,0.0,0.0,-0.0
3.42,0.05131670194948623,0.10263340389897246,0.10818510677891963,0.0,0.10263340389897246,0.0,-1.4302071116173176,13052.93855446782,0.0,0.0,0.10818510677891963,0.0,0.0,0.0,0.0,0.0,0.0,0.0
0.43,0.5256583509747431,1.0513167019494862,1.0,0.0,0.9486832980505138,0.0,-10.19,13042.74855446782,0.0,0.0,1.0,0.0,0.0,0.0,0.0,0.0,0.0,0.0
0.65,1.0,2.0,1.0,0.0,0.9486832980505138,0.0,-10.41,13032.33855446782,0.0,0.0,1.0,0.0,0.0,0.0,0.0,0.0,0.0,0.0
16.6,1.0,2.0,0.0,-0.0,0.0,-0.0,0.0,13032.33855446782,0.0,0.0,0.0,0.0,0.0,0.0,0.0,0.0,0.0,-0.0
79.42,1.0,2.0,0.0,-0.0,0.0,-0.0,0.0,13032.33855446782,0.0,0.0,0.0,0.0,0.0,0.0,0.0,0.0,0.0,-0.0
105.9,1.0,2.0,0.0,-0.0,0.0,-0.0,0.0,13032.33855446782,0.0,0.0,0.0,0.0,0.0,0.0,0.0,0.0,0.0,-0.0
138.13,1.0,2.0,0.0,-0.0,0.0,-0.0,0.0,13032.33855446782,0.0,0.0,0.0,0.0,0.0,0.0,0.0,0.0,0.0,-0.0
259.53,0.4729537233052701,0.9459074466105402,0.0,1.0,0.0,1.0540925533894598,258.15,13290.48855446782,0.0,0.0,0.0,0.0,0.0,0.0,0.0,0.0,0.0,1.0
239.41,0.0,0.0,0.0,0.8973665961010275,0.0,0.9459074466105402,213.60017086992758,13504.088725337748,0.0,0.0,0.0,0.0,0.0,0.0,0.0,0.0,0.0,0.8973665961010275
157.5,-0.0,-0.0,0.0,-0.0,0.0,-0.0,0.0,13504.088725337748,0.0,0.0,0.0,0.0,0.0,0.0,0.0,0.0,0.0,-0.0
136.82,0.0,0.0,0.0,0.0,0.0,0.0,0.0,13504.088725337748,0.0,0.0,0.0,0.0,0.0,0.0,0.0,0.0,0.0,0.0
121.2,-0.0,-0.0,0.0,0.0,0.0,0.0,0.0,13504.088725337748,0.0,0.0,0.0,0.0,0.0,0.0,0.0,0.0,0.0,0.0
106.95,0.05131670194948623,0.10263340389897246,0.10818510677891963,0.0,0.10263340389897246,0.0,-12.78964332340388,13491.299082014344,0.0,0.0,0.10818510677891963,0.0,0.0,0.0,0.0,0.0,0.0,0.0
114.56,0.05131670194948623,0.10263340389897246,0.0,0.0,0.0,0.0,0.0,13491.299082014344,0.0,0.0,0.0,0.0,0.0,0.0,0.0,0.0,0.0,0.0
116.41,0.05131670194948623,0.10263340389897246,0.0,0.0,0.0,0.0,0.0,13491.299082014344,0.0,0.0,0.0,0.0,0.0,0.0,0.0,0.0,0.0,0.0
112.74,0.05131670194948623,0.10263340389897246,0.0,0.0,0.0,0.0,0.0,13491.299082014344,0.0,0.0,0.0,0.0,0.0,0.0,0.0,0.0,0.0,0.0
98.15,0.5256583509747431,1.0513167019494862,1.0,0.0,0.9486832980505138,0.0,-109.29,13382.009082014343,0.0,0.0,1.0,0.0,0.0,0.0,0.0,0.0,0.0,0.0
97.45,1.0,2.0,1.0,0.0,0.9486832980505138,0.0,-108.58,13273.429082014343,0.0,0.0,1.0,0.0,0.0,0.0,0.0,0.0,0.0,0.0
113.25,1.0,2.0,0.0,0.0,0.0,0.0,0.0,13273.429082014343,0.0,0.0,0.0,0.0,0.0,0.0,0.0,0.0,0.0,0.0
137.3,0.5270462766947299,1.0540925533894598,0.0,0.8973665961010275,0.0,0.9459074466105402,121.97006774205167,13395.399149756395,0.0,0.0,0.0,0.0,0.0,0.0,0.0,0.0,0.0,0.8973665961010275
138.33,0.0,0.0,0.0,1.0,0.0,1.0540925533894598,136.95000000000002,13532.349149756395,0.0,0.0,0.0,0.0,0.0,0.0,0.0,0.0,0.0,1.0
110.73,0.0,0.0,-0.0,0.0,-0.0,0.0,0.0,13532.349149756395,0.0,0.0,-0.0,0.0,0.0,0.0,0.0,0.0,0.0,0.0
73.31,0.0,0.0,0.0,-0.0,0.0,-0.0,0.0,13532.349149756395,0.0,0.0,0.0,0.0,0.0,0.0,0.0,0.0,0.0,-0.0
43.25,0.0,0.0,-0.0,0.0,-0.0,0.0,0.0,13532.349149756395,0.0,0.0,-0.0,0.0,0.0,0.0,0.0,0.0,0.0,0.0
7.35,-0.0,-0.0,0.0,0.0,0.0,0.0,0.0,13532.349149756395,0.0,0.0,0.0,0.0,0.0,0.0,0.0,0.0,0.0,0.0
0.81,0.4743416490252569,0.9486832980505138,1.0,0.0,0.9486832980505138,0.0,-10.57,13521.779149756396,0.0,0.0,1.0,0.0,0.0,0.0,0.0,0.0,0.0,0.0
0.0,0.9486832980505138,1.8973665961010275,1.0,0.0,0.9486832980505138,0.0,-9.75,13512.029149756396,0.0,0.0,1.0,0.0,0.0,0.0,0.0,0.0,0.0,0.0
2.49,1.0,2.0,0.10818510677891963,0.0,0.10263340389897246,0.0,-1.328513111245133,13510.700636645151,0.0,0.0,0.10818510677891963,0.0,0.0,0.0,0.0,0.0,0.0,0.0
12.36,1.0,2.0,0.0,0.0,0.0,0.0,0.0,13510.700636645151,0.0,0.0,0.0,0.0,0.0,0.0,0.0,0.0,0.0,0.0
45.9,1.0,2.0,-0.0,0.0,-0.0,0.0,0.0,13510.700636645151,0.0,0.0,-0.0,0.0,0.0,0.0,0.0,0.0,0.0,0.0
83.39,0.5270462766947299,1.0540925533894598,0.0,0.8973665961010275,0.0,0.9459074466105402,73.59303454624526,13584.293671191397,0.0,0.0,0.0,0.0,0.0,0.0,0.0,0.0,0.0,0.8973665961010275
96.26,0.0,0.0,0.0,1.0,0.0,1.0540925533894598,94.88000000000001,13679.173671191396,0.0,0.0,0.0,0.0,0.0,0.0,0.0,0.0,0.0,1.0
71.33,0.0,0.0,0.0,-0.0,0.0,-0.0,0.0,13679.173671191396,0.0,0.0,0.0,0.0,0.0,0.0,0.0,0.0,0.0,-0.0
45.75,0.0,0.0,-0.0,0.0,-0.0,0.0,0.0,13679.173671191396,0.0,0.0,-0.0,0.0,0.0,0.0,0.0,0.0,0.0,0.0
43.73,0.0,0.0,-0.0,0.0,-0.0,0.0,0.0,13679.173671191396,0.0,0.0,-0.0,0.0,0.0,0.0,0.0,0.0,0.0,0.0
27.13,0.0,0.0,0.0,-0.0,0.0,-0.0,0.0,13679.173671191396,0.0,0.0,0.0,0.0,0.0,0.0,0.0,0.0,0.0,-0.0
18.45,-0.0,-0.0,0.0,0.0,0.0,0.0,0.0,13679.173671191396,0.0,0.0,0.0,0.0,0.0,0.0,0.0,0.0,0.0,0.0
26.93,0.0,0.0,0.0,-0.0,0.0,-0.0,0.0,13679.173671191396,0.0,0.0,0.0,0.0,0.0,0.0,0.0,0.0,0.0,-0.0
12.57,-0.0,-0.0,0.0,0.0,0.0,0.0,0.0,13679.173671191396,0.0,0.0,0.0,0.0,0.0,0.0,0.0,0.0,0.0,0.0
9.07,0.0,0.0,-0.0,0.0,-0.0,0.0,0.0,13679.173671191396,0.0,0.0,-0.0,0.0,0.0,0.0,0.0,0.0,0.0,0.0
6.88,0.0,0.0,-0.0,0.0,-0.0,0.0,0.0,13679.173671191396,0.0,0.0,-0.0,0.0,0.0,0.0,0.0,0.0,0.0,0.0
10.12,-0.0,-0.0,0.0,0.0,0.0,0.0,0.0,13679.173671191396,0.0,0.0,0.0,0.0,0.0,0.0,0.0,0.0,0.0,0.0
12.95,-0.0,-0.0,0.0,0.0,0.0,0.0,0.0,13679.173671191396,0.0,0.0,0.0,0.0,0.0,0.0,0.0,0.0,0.0,0.0
13.01,-0.0,-0.0,0.0,0.0,0.0,0.0,0.0,13679.173671191396,0.0,0.0,0.0,0.0,0.0,0.0,0.0,0.0,0.0,0.0
13.04,0.0,0.0,0.0,-0.0,0.0,-0.0,0.0,13679.173671191396,0.0,0.0,0.0,0.0,0.0,0.0,0.0,0.0,0.0,-0.0
3.11,-0.0,-0.0,0.0,0.0,0.0,0.0,0.0,13679.173671191396,0.0,0.0,0.0,0.0,0.0,0.0,0.0,0.0,0.0,0.0
0.0,-0.0,-0.0,0.0,0.0,0.0,0.0,0.0,13679.173671191396,0.0,0.0,0.0,0.0,0.0,0.0,0.0,0.0,0.0,0.0
-1.86,-0.0,-0.0,0.0,0.0,0.0,0.0,-0.0,13679.173671191396,0.0,0.0,0.0,0.0,0.0,0.0,0.0,0.0,0.0,0.0
-6.0,-0.0,-0.0,0.0,0.0,0.0,0.0,-0.0,13679.173671191396,0.0,0.0,0.0,0.0,0.0,0.0,0.0,0.0,0.0,0.0
-12.98,0.4743416490252569,0.9486832980505138,1.0,0.0,0.9486832980505138,0.0,3.41,13682.583671191396,0.0,0.0,1.0,0.0,0.0,0.0,0.0,0.0,0.0,0.0
-11.7,0.9486832980505138,1.8973665961010275,1.0,0.0,0.9486832980505138,0.0,2.119999999999999,13684.703671191397,0.0,0.0,1.0,0.0,0.0,0.0,0.0,0.0,0.0,0.0
-6.39,1.0,2.0,0.10818510677891963,0.0,0.10263340389897246,0.0,-0.3537652991670671,13684.34990589223,0.0,0.0,0.10818510677891963,0.0,0.0,0.0,0.0,0.0,0.0,0.0
-1.51,1.0,2.0,0.0,0.0,0.0,0.0,-0.0,13684.34990589223,0.0,0.0,0.0,0.0,0.0,0.0,0.0,0.0,0.0,0.0
1.01,1.0,2.0,0.0,0.0,0.0,0.0,0.0,13684.34990589223,0.0,0.0,0.0,0.0,0.0,0.0,0.0,0.0,0.0,0.0
32.47,1.0,2.0,0.0,-0.0,0.0,-0.0,0.0,13684.34990589223,0.0,0.0,0.0,0.0,0.0,0.0,0.0,0.0,0.0,-0.0
45.56,0.4729537233052701,0.9459074466105402,0.0,1.0,0.0,1.0540925533894598,44.18,13728.52990589223,0.0,0.0,0.0,0.0,0.0,0.0,0.0,0.0,0.0,1.0
32.14,0.4729537233052701,0.9459074466105402,0.0,0.0,0.0,0.0,0.0,13728.52990589223,0.0,0.0,0.0,0.0,0.0,0.0,0.0,0.0,0.0,0.0
25.59,0.4729537233052701,0.9459074466105402,0.0,0.0,0.0,0.0,0.0,13728.52990589223,0.0,0.0,0.0,0.0,0.0,0.0,0.0,0.0,0.0,0.0
29.2,0.4729537233052701,0.9459074466105402,0.0,0.0,0.0,0.0,0.0,13728.52990589223,0.0,0.0,0.0,0.0,0.0,0.0,0.0,0.0,0.0,0.0
29.73,0.4729537233052701,0.9459074466105402,0.0,0.0,0.0,0.0,0.0,13728.52990589223,0.0,0.0,0.0,0.0,0.0,0.0,0.0,0.0,0.0,0.0
35.69,0.0,0.0,0.0,0.8973665961010275,0.0,0.9459074466105402,30.788647912226256,13759.318553804456,0.0,0.0,0.0,0.0,0.0,0.0,0.0,0.0,0.0,0.8973665961010275
13.69,0.0,0.0,-0.0,0.0,-0.0,0.0,0.0,13759.318553804456,0.0,0.0,-0.0,0.0,0.0,0.0,0.0,0.0,0.0,0.0
19.01,-0.0,-0.0,0.0,0.0,0.0,0.0,0.0,13759.318553804456,0.0,0.0,0.0,0.0,0.0,0.0,0.0,0.0,0.0,0.0
23.65,-0.0,-0.0,0.0,0.0,0.0,0.0,0.0,13759.318553804456,0.0,0.0,0.0,0.0,0.0,0.0,0.0,0.0,0.0,0.0
23.49,-0.0,-0.0,0.0,0.0,0.0,0.0,0.0,13759.318553804456,0.0,0.0,0.0,0.0,0.0,0.0,0.0,0.0,0.0,0.0
24.82,-0.0,-0.0,0.0,0.0,0.0,0.0,0.0,13759.318553804456,0.0,0.0,0.0,0.0,0.0,0.0,0.0,0.0,0.0,0.0
25.01,-0.0,-0.0,0.0,-0.0,0.0,-0.0,0.0,13759.318553804456,0.0,0.0,0.0,0.0,0.0,0.0,0.0,0.0,0.0,-0.0
24.84,-0.0,-0.0,0.0,0.0,0.0,0.0,0.0,13759.318553804456,0.0,0.0,0.0,0.0,0.0,0.0,0.0,0.0,0.0,0.0
24.26,-0.0,-0.0,0.0,0.0,0.0,0.0,0.0,13759.318553804456,0.0,0.0,0.0,0.0,0.0,0.0,0.0,0.0,0.0,0.0
18.99,0.0,0.0,0.0,0.0,0.0,0.0,0.0,13759.318553804456,0.0,0.0,0.0,0.0,0.0,0.0,0.0,0.0,0.0,0.0
6.89,-0.0,-0.0,0.0,0.0,0.0,0.0,0.0,13759.318553804456,0.0,0.0,0.0,0.0,0.0,0.0,0.0,0.0,0.0,0.0
4.28,-0.0,-0.0,0.0,0.0,0.0,0.0,0.0,13759.318553804456,0.0,0.0,0.0,0.0,0.0,0.0,0.0,0.0,0.0,0.0
4.02,0.4743416490252569,0.9486832980505138,1.0,0.0,0.9486832980505138,0.0,-13.83,13745.488553804456,0.0,0.0,1.0,0.0,0.0,0.0,0.0,0.0,0.0,0.0
4.06,0.5256583509747431,1.0513167019494862,0.10818510677891963,0.0,0.10263340389897246,0.0,-1.5005274310236154,13743.988026373432,0.0,0.0,0.10818510677891963,0.0,0.0,0.0,0.0,0.0,0.0,0.0
4.08,0.5256583509747431,1.0513167019494862,0.0,0.0,0.0,0.0,0.0,13743.988026373432,0.0,0.0,0.0,0.0,0.0,0.0,0.0,0.0,0.0,0.0
4.02,1.0,2.0,1.0,0.0,0.9486832980505138,0.0,-13.83,13730.158026373432,0.0,0.0,1.0,0.0,0.0,0.0,0.0,0.0,0.0,0.0
6.7,1.0,2.0,0.0,0.0,0.0,0.0,0.0,13730.158026373432,0.0,0.0,0.0,0.0,0.0,0.0,0.0,0.0,0.0,0.0
53.65,1.0,2.0,0.0,-0.0,0.0,-0.0,0.0,13730.158026373432,0.0,0.0,0.0,0.0,0.0,0.0,0.0,0.0,0.0,-0.0
117.08,1.0,2.0,0.0,0.0,0.0,0.0,0.0,13730.158026373432,0.0,0.0,0.0,0.0,0.0,0.0,0.0,0.0,0.0,0.0
140.0,0.5270462766947299,1.0540925533894598,0.0,0.8973665961010275,0.0,0.9459074466105402,124.39295755152443,13854.550983924957,0.0,0.0,0.0,0.0,0.0,0.0,0.0,0.0,0.0,0.8973665961010275
140.96,0.0,0.0,0.0,1.0,0.0,1.0540925533894598,139.58,13994.130983924957,0.0,0.0,0.0,0.0,0.0,0.0,0.0,0.0,0.0,1.0
139.7,-0.0,-0.0,0.0,-0.0,0.0,-0.0,0.0,13994.130983924957,0.0,0.0,0.0,0.0,0.0,0.0,0.0,0.0,0.0,-0.0
128.12,-0.0,-0.0,0.0,0.0,0.0,0.0,0.0,13994.130983924957,0.0,0.0,0.0,0.0,0.0,0.0,0.0,0.0,0.0,0.0
123.52,-0.0,-0.0,0.0,0.0,0.0,0.0,0.0,13994.130983924957,0.0,0.0,0.0,0.0,0.0,0.0,0.0,0.0,0.0,0.0
114.24,0.0,0.0,0.0,0.0,0.0,0.0,0.0,13994.130983924957,0.0,0.0,0.0,0.0,0.0,0.0,0.0,0.0,0.0,0.0
110.45,0.0,0.0,-0.0,0.0,-0.0,0.0,0.0,13994.130983924957,0.0,0.0,-0.0,0.0,0.0,0.0,0.0,0.0,0.0,0.0
107.29,-0.0,-0.0,0.0,0.0,0.0,0.0,0.0,13994.130983924957,0.0,0.0,0.0,0.0,0.0,0.0,0.0,0.0,0.0,0.0
101.91,0.4743416490252569,0.9486832980505138,1.0,0.0,0.9486832980505138,0.0,-113.11,13881.020983924956,0.0,0.0,1.0,0.0,0.0,0.0,0.0,0.0,0.0,0.0
98.94,0.9486832980505138,1.8973665961010275,1.0,0.0,0.9486832980505138,0.0,-110.09,13770.930983924956,0.0,0.0,1.0,0.0,0.0,0.0,0.0,0.0,0.0,0.0
101.99,1.0,2.0,0.10818510677891963,0.0,0.10263340389897246,0.0,-12.245472236305913,13758.68551168865,0.0,0.0,0.10818510677891963,0.0,0.0,0.0,0.0,0.0,0.0,0.0
119.82,1.0,2.0,-0.0,0.0,-0.0,0.0,0.0,13758.68551168865,0.0,0.0,-0.0,0.0,0.0,0.0,0.0,0.0,0.0,0.0
141.5,1.0,2.0,0.0,0.0,0.0,0.0,0.0,13758.68551168865,0.0,0.0,0.0,0.0,0.0,0.0,0.0,0.0,0.0,0.0
164.28,0.4729537233052701,0.9459074466105402,0.0,1.0,0.0,1.0540925533894598,162.9,13921.58551168865,0.0,0.0,0.0,0.0,0.0,0.0,0.0,0.0,0.0,1.0
161.86,0.0,0.0,0.0,0.8973665961010275,0.0,0.9459074466105402,144.0093913422929,14065.594903030944,0.0,0.0,0.0,0.0,0.0,0.0,0.0,0.0,0.0,0.8973665961010275
135.38,0.0,0.0,0.0,-0.0,0.0,-0.0,0.0,14065.594903030944,0.0,0.0,0.0,0.0,0.0,0.0,0.0,0.0,0.0,-0.0
111.16,-0.0,-0.0,0.0,0.0,0.0,0.0,0.0,14065.594903030944,0.0,0.0,0.0,0.0,0.0,0.0,0.0,0.0,0.0,0.0
107.36,-0.0,-0.0,0.0,0.0,0.0,0.0,0.0,14065.594903030944,0.0,0.0,0.0,0.0,0.0,0.0,0.0,0.0,0.0,0.0
100.75,0.4743416490252569,0.9486832980505138,1.0,0.0,0.9486832980505138,0.0,-111.93,13953.664903030944,0.0,0.0,1.0,0.0,0.0,0.0,0.0,0.0,0.0,0.0
100.87,0.5256583509747431,1.0513167019494862,0.10818510677891963,0.0,0.10263340389897246,0.0,-12.122141214577944,13941.542761816365,0.0,0.0,0.10818510677891963,0.0,0.0,0.0,0.0,0.0,0.0,0.0
106.57,0.5256583509747431,1.0513167019494862,0.0,0.0,0.0,0.0,0.0,13941.542761816365,0.0,0.0,0.0,0.0,0.0,0.0,0.0,0.0,0.0,0.0
99.59,1.0,2.0,1.0,0.0,0.9486832980505138,0.0,-110.75,13830.792761816365,0.0,0.0,1.0,0.0,0.0,0.0,0.0,0.0,0.0,0.0
119.91,1.0,2.0,-0.0,0.0,-0.0,0.0,0.0,13830.792761816365,0.0,0.0,-0.0,0.0,0.0,0.0,0.0,0.0,0.0,0.0
149.44,1.0,2.0,-0.0,0.0,-0.0,0.0,0.0,13830.792761816365,0.0,0.0,-0.0,0.0,0.0,0.0,0.0,0.0,0.0,0.0
205.05,0.4729537233052701,0.9459074466105402,0.0,1.0,0.0,1.0540925533894598,203.67000000000002,14034.462761816365,0.0,0.0,0.0,0.0,0.0,0.0,0.0,0.0,0.0,1.0
191.67,0.0,0.0,0.0,0.8973665961010275,0.0,0.9459074466105402,170.7598895720645,14205.222651388429,0.0,0.0,0.0,0.0,0.0,0.0,0.0,0.0,0.0,0.8973665961010275
161.84,0.0,0.0,0.0,-0.0,0.0,-0.0,0.0,14205.222651388429,0.0,0.0,0.0,0.0,0.0,0.0,0.0,0.0,0.0,-0.0
136.85,-0.0,-0.0,0.0,0.0,0.0,0.0,0.0,14205.222651388429,0.0,0.0,0.0,0.0,0.0,0.0,0.0,0.0,0.0,0.0
125.56,-0.0,-0.0,0.0,0.0,0.0,0.0,0.0,14205.222651388429,0.0,0.0,0.0,0.0,0.0,0.0,0.0,0.0,0.0,0.0
115.14,0.0,0.0,-0.0,0.0,-0.0,0.0,0.0,14205.222651388429,0.0,0.0,-0.0,0.0,0.0,0.0,0.0,0.0,0.0,0.0
100.62,-0.0,-0.0,0.0,0.0,0.0,0.0,0.0,14205.222651388429,0.0,0.0,0.0,0.0,0.0,0.0,0.0,0.0,0.0,0.0
100.0,0.0,0.0,-0.0,0.0,-0.0,0.0,0.0,14205.222651388429,0.0,0.0,-0.0,0.0,0.0,0.0,0.0,0.0,0.0,0.0
99.28,0.05131670194948623,0.10263340389897246,0.10818510677891963,0.0,0.10263340389897246,0.0,-11.947963192663885,14193.274688195765,0.0,0.0,0.10818510677891963,0.0,0.0,0.0,0.0,0.0,0.0,0.0
96.4,0.5256583509747431,1.0513167019494862,1.0,0.0,0.9486832980505138,0.0,-107.52000000000001,14085.754688195764,0.0,0.0,1.0,0.0,0.0,0.0,0.0,0.0,0.0,0.0
95.64,1.0,2.0,1.0,0.0,0.9486832980505138,0.0,-106.75,13979.004688195764,0.0,0.0,1.0,0.0,0.0,0.0,0.0,0.0,0.0,0.0
99.93,1.0,2.0,0.0,0.0,0.0,0.0,0.0,13979.004688195764,0.0,0.0,0.0,0.0,0.0,0.0,0.0,0.0,0.0,0.0
100.37,1.0,2.0,0.0,0.0,0.0,0.0,0.0,13979.004688195764,0.0,0.0,0.0,0.0,0.0,0.0,0.0,0.0,0.0,0.0
139.1,0.4729537233052701,0.9459074466105402,0.0,1.0,0.0,1.0540925533894598,137.72,14116.724688195764,0.0,0.0,0.0,0.0,0.0,0.0,0.0,0.0,0.0,1.0
130.06,-0.0,-0.0,0.0,0.8973665961010275,0.0,0.9459074466105402,115.47313358628023,14232.197821782043,0.0,0.0,0.0,0.0,0.0,0.0,0.0,0.0,0.0,0.8973665961010275
106.41,0.0,0.0,0.0,0.0,0.0,0.0,0.0,14232.197821782043,0.0,0.0,0.0,0.0,0.0,0.0,0.0,0.0,0.0,0.0
92.03,-0.0,-0.0,0.0,0.0,0.0,0.0,0.0,14232.197821782043,0.0,0.0,0.0,0.0,0.0,0.0,0.0,0.0,0.0,0.0
78.35,0.0,0.0,-0.0,0.0,-0.0,0.0,0.0,14232.197821782043,0.0,0.0,-0.0,0.0,0.0,0.0,0.0,0.0,0.0,0.0
68.45,0.4743416490252569,0.9486832980505138,1.0,0.0,0.9486832980505138,0.0,-79.17,14153.027821782043,0.0,0.0,1.0,0.0,0.0,0.0,0.0,0.0,0.0,0.0
68.29,0.9486832980505138,1.8973665961010275,1.0,0.0,0.9486832980505138,0.0,-79.01,14074.017821782043,0.0,0.0,1.0,0.0,0.0,0.0,0.0,0.0,0.0,0.0
77.43,1.0,2.0,0.10818510677891963,0.0,0.10263340389897246,0.0,-9.550581226443025,14064.4672405556,0.0,0.0,0.10818510677891963,0.0,0.0,0.0,0.0,0.0,0.0,0.0
88.82,1.0,2.0,0.0,0.0,0.0,0.0,0.0,14064.4672405556,0.0,0.0,0.0,0.0,0.0,0.0,0.0,0.0,0.0,0.0
101.89,1.0,2.0,0.0,-0.0,0.0,-0.0,0.0,14064.4672405556,0.0,0.0,0.0,0.0,0.0,0.0,0.0,0.0,0.0,-0.0
127.85,0.5270462766947299,1.0540925533894598,0.0,0.8973665961010275,0.0,0.9459074466105402,113.48995340889694,14177.957193964496,0.0,0.0,0.0,0.0,0.0,0.0,0.0,0.0,0.0,0.8973665961010275
137.27,-0.0,-0.0,0.0,1.0,0.0,1.0540925533894598,135.89000000000001,14313.847193964495,0.0,0.0,0.0,0.0,0.0,0.0,0.0,0.0,0.0,1.0
112.79,0.0,0.0,0.0,0.0,0.0,0.0,0.0,14313.847193964495,0.0,0.0,0.0,0.0,0.0,0.0,0.0,0.0,0.0,0.0
88.48,0.0,0.0,-0.0,0.0,-0.0,0.0,0.0,14313.847193964495,0.0,0.0,-0.0,0.0,0.0,0.0,0.0,0.0,0.0,0.0
80.85,0.0,0.0,-0.0,0.0,-0.0,0.0,0.0,14313.847193964495,0.0,0.0,-0.0,0.0,0.0,0.0,0.0,0.0,0.0,0.0
63.37,0.4743416490252569,0.9486832980505138,1.0,0.0,0.9486832980505138,0.0,-74.02,14239.827193964495,0.0,0.0,1.0,0.0,0.0,0.0,0.0,0.0,0.0,0.0
56.6,0.9486832980505138,1.8973665961010275,1.0,0.0,0.9486832980505138,0.0,-67.15,14172.677193964495,0.0,0.0,1.0,0.0,0.0,0.0,0.0,0.0,0.0,0.0
67.1,0.9486832980505138,1.8973665961010275,0.0,0.0,0.0,0.0,0.0,14172.677193964495,0.0,0.0,0.0,0.0,0.0,0.0,0.0,0.0,0.0,0.0
63.75,1.0,2.0,0.10818510677891963,0.0,0.10263340389897246,0.0,-8.04897194435162,14164.628222020143,0.0,0.0,0.10818510677891963,0.0,0.0,0.0,0.0,0.0,0.0,0.0
64.36,1.0,2.0,0.0,0.0,0.0,0.0,0.0,14164.628222020143,0.0,0.0,0.0,0.0,0.0,0.0,0.0,0.0,0.0,0.0
65.95,1.0,2.0,0.0,0.0,0.0,0.0,0.0,14164.628222020143,0.0,0.0,0.0,0.0,0.0,0.0,0.0,0.0,0.0,0.0
70.0,1.0,2.0,0.0,0.0,0.0,0.0,0.0,14164.628222020143,0.0,0.0,0.0,0.0,0.0,0.0,0.0,0.0,0.0,0.0
91.36,1.0,2.0,0.0,0.0,0.0,0.0,0.0,14164.628222020143,0.0,0.0,0.0,0.0,0.0,0.0,0.0,0.0,0.0,0.0
117.28,0.4729537233052701,0.9459074466105402,0.0,1.0,0.0,1.0540925533894598,115.9,14280.528222020142,0.0,0.0,0.0,0.0,0.0,0.0,0.0,0.0,0.0,1.0
112.71,-0.0,-0.0,0.0,0.8973665961010275,0.0,0.9459074466105402,99.90382314392738,14380.43204516407,0.0,0.0,0.0,0.0,0.0,0.0,0.0,0.0,0.0,0.8973665961010275
107.93,-0.0,-0.0,0.0,0.0,0.0,0.0,0.0,14380.43204516407,0.0,0.0,0.0,0.0,0.0,0.0,0.0,0.0,0.0,0.0
103.72,0.0,0.0,0.0,0.0,0.0,0.0,0.0,14380.43204516407,0.0,0.0,0.0,0.0,0.0,0.0,0.0,0.0,0.0,0.0
72.83,0.05131670194948623,0.10263340389897246,0.10818510677891963,0.0,0.10263340389897246,0.0,-9.04535677778547,14371.386688386285,0.0,0.0,0.10818510677891963,0.0,0.0,0.0,0.0,0.0,0.0,0.0
81.45,0.05131670194948623,0.10263340389897246,0.0,0.0,0.0,0.0,0.0,14371.386688386285,0.0,0.0,0.0,0.0,0.0,0.0,0.0,0.0,0.0,0.0
81.01,0.05131670194948623,0.10263340389897246,0.0,0.0,0.0,0.0,0.0,14371.386688386285,0.0,0.0,0.0,0.0,0.0,0.0,0.0,0.0,0.0,0.0
72.34,0.5256583509747431,1.0513167019494862,1.0,0.0,0.9486832980505138,0.0,-83.12,14288.266688386284,0.0,0.0,1.0,0.0,0.0,0.0,0.0,0.0,0.0,0.0
72.8,1.0,2.0,1.0,0.0,0.9486832980505138,0.0,-83.58,14204.686688386284,0.0,0.0,1.0,0.0,0.0,0.0,0.0,0.0,0.0,0.0
91.17,1.0,2.0,0.0,0.0,0.0,0.0,0.0,14204.686688386284,0.0,0.0,0.0,0.0,0.0,0.0,0.0,0.0,0.0,0.0
99.05,1.0,2.0,-0.0,0.0,-0.0,0.0,0.0,14204.686688386284,0.0,0.0,-0.0,0.0,0.0,0.0,0.0,0.0,0.0,0.0
129.63,1.0,2.0,0.0,0.0,0.0,0.0,0.0,14204.686688386284,0.0,0.0,0.0,0.0,0.0,0.0,0.0,0.0,0.0,0.0
157.32,0.5270462766947299,1.0540925533894598,0.0,0.8973665961010275,0.0,0.9459074466105402,139.93534699599422,14344.62203538228,0.0,0.0,0.0,0.0,0.0,0.0,0.0,0.0,0.0,0.8973665961010275
167.56,-0.0,-0.0,0.0,1.0,0.0,1.0540925533894598,166.18,14510.80203538228,0.0,0.0,0.0,0.0,0.0,0.0,0.0,0.0,0.0,1.0
150.0,0.0,0.0,0.0,0.0,0.0,0.0,0.0,14510.80203538228,0.0,0.0,0.0,0.0,0.0,0.0,0.0,0.0,0.0,0.0
126.33,-0.0,-0.0,0.0,0.0,0.0,0.0,0.0,14510.80203538228,0.0,0.0,0.0,0.0,0.0,0.0,0.0,0.0,0.0,0.0
117.48,-0.0,-0.0,0.0,0.0,0.0,0.0,0.0,14510.80203538228,0.0,0.0,0.0,0.0,0.0,0.0,0.0,0.0,0.0,0.0
106.89,0.0,0.0,-0.0,0.0,-0.0,0.0,0.0,14510.80203538228,0.0,0.0,-0.0,0.0,0.0,0.0,0.0,0.0,0.0,0.0
103.91,0.0,0.0,-0.0,0.0,-0.0,0.0,0.0,14510.80203538228,0.0,0.0,-0.0,0.0,0.0,0.0,0.0,0.0,0.0,0.0
98.98,-0.0,-0.0,0.0,0.0,0.0,0.0,0.0,14510.80203538228,0.0,0.0,0.0,0.0,0.0,0.0,0.0,0.0,0.0,0.0
96.61,0.05131670194948623,0.10263340389897246,0.10818510677891963,0.0,0.10263340389897246,0.0,-11.654781553293011,14499.147253828987,0.0,0.0,0.10818510677891963,0.0,0.0,0.0,0.0,0.0,0.0,0.0
95.84,0.5256583509747431,1.0513167019494862,1.0,0.0,0.9486832980505138,0.0,-106.95,14392.197253828987,0.0,0.0,1.0,0.0,0.0,0.0,0.0,0.0,0.0,0.0
92.16,1.0,2.0,1.0,0.0,0.9486832980505138,0.0,-103.22,14288.977253828987,0.0,0.0,1.0,0.0,0.0,0.0,0.0,0.0,0.0,0.0
100.56,1.0,2.0,0.0,0.0,0.0,0.0,0.0,14288.977253828987,0.0,0.0,0.0,0.0,0.0,0.0,0.0,0.0,0.0,0.0
120.42,1.0,2.0,0.0,0.0,0.0,0.0,0.0,14288.977253828987,0.0,0.0,0.0,0.0,0.0,0.0,0.0,0.0,0.0,0.0
140.0,0.4729537233052701,0.9459074466105402,0.0,1.0,0.0,1.0540925533894598,138.62,14427.597253828988,0.0,0.0,0.0,0.0,0.0,0.0,0.0,0.0,0.0,1.0
123.5,0.0,0.0,0.0,0.8973665961010275,0.0,0.9459074466105402,109.58640871585747,14537.183662544845,0.0,0.0,0.0,0.0,0.0,0.0,0.0,0.0,0.0,0.8973665961010275
89.92,0.0,0.0,-0.0,0.0,-0.0,0.0,0.0,14537.183662544845,0.0,0.0,-0.0,0.0,0.0,0.0,0.0,0.0,0.0,0.0
70.78,0.0,0.0,0.0,-0.0,0.0,-0.0,0.0,14537.183662544845,0.0,0.0,0.0,0.0,0.0,0.0,0.0,0.0,0.0,-0.0
45.48,-0.0,-0.0,0.0,0.0,0.0,0.0,0.0,14537.183662544845,0.0,0.0,0.0,0.0,0.0,0.0,0.0,0.0,0.0,0.0
24.81,0.4743416490252569,0.9486832980505138,1.0,0.0,0.9486832980505138,0.0,-34.91,14502.273662544845,0.0,0.0,1.0,0.0,0.0,0.0,0.0,0.0,0.0,0.0
6.67,0.9486832980505138,1.8973665961010275,1.0,0.0,0.9486832980505138,0.0,-16.509999999999998,14485.763662544845,0.0,0.0,1.0,0.0,0.0,0.0,0.0,0.0,0.0,0.0
30.34,1.0,2.0,0.10818510677891963,0.0,0.10263340389897246,0.0,-4.383660526681823,14481.380002018162,0.0,0.0,0.10818510677891963,0.0,0.0,0.0,0.0,0.0,0.0,0.0
68.8,1.0,2.0,0.0,-0.0,0.0,-0.0,0.0,14481.380002018162,0.0,0.0,0.0,0.0,0.0,0.0,0.0,0.0,0.0,-0.0
87.08,1.0,2.0,-0.0,0.0,-0.0,0.0,0.0,14481.380002018162,0.0,0.0,-0.0,0.0,0.0,0.0,0.0,0.0,0.0,0.0
114.0,1.0,2.0,0.0,0.0,0.0,0.0,0.0,14481.380002018162,0.0,0.0,0.0,0.0,0.0,0.0,0.0,0.0,0.0,0.0
125.65,1.0,2.0,0.0,0.0,0.0,0.0,0.0,14481.380002018162,0.0,0.0,0.0,0.0,0.0,0.0,0.0,0.0,0.0,0.0
140.52,0.5270462766947299,1.0540925533894598,0.0,0.8973665961010275,0.0,0.9459074466105402,124.85958818149697,14606.239590199659,0.0,0.0,0.0,0.0,0.0,0.0,0.0,0.0,0.0,0.8973665961010275
140.71,0.0,0.0,0.0,1.0,0.0,1.0540925533894598,139.33,14745.569590199659,0.0,0.0,0.0,0.0,0.0,0.0,0.0,0.0,0.0,1.0
99.99,0.0,0.0,-0.0,0.0,-0.0,0.0,0.0,14745.569590199659,0.0,0.0,-0.0,0.0,0.0,0.0,0.0,0.0,0.0,0.0
90.43,-0.0,-0.0,0.0,-0.0,0.0,-0.0,0.0,14745.569590199659,0.0,0.0,0.0,0.0,0.0,0.0,0.0,0.0,0.0,-0.0
81.14,-0.0,-0.0,0.0,0.0,0.0,0.0,0.0,14745.569590199659,0.0,0.0,0.0,0.0,0.0,0.0,0.0,0.0,0.0,0.0
85.21,-0.0,-0.0,0.0,0.0,0.0,0.0,0.0,14745.569590199659,0.0,0.0,0.0,0.0,0.0,0.0,0.0,0.0,0.0,0.0
78.31,0.0,0.0,0.0,0.0,0.0,0.0,0.0,14745.569590199659,0.0,0.0,0.0,0.0,0.0,0.0,0.0,0.0,0.0,0.0
68.8,-0.0,-0.0,0.0,0.0,0.0,0.0,0.0,14745.569590199659,0.0,0.0,0.0,0.0,0.0,0.0,0.0,0.0,0.0,0.0
64.89,-0.0,-0.0,0.0,0.0,0.0,0.0,0.0,14745.569590199659,0.0,0.0,0.0,0.0,0.0,0.0,0.0,0.0,0.0,0.0
53.61,0.4743416490252569,0.9486832980505138,1.0,0.0,0.9486832980505138,0.0,-64.12,14681.449590199658,0.0,0.0,1.0,0.0,0.0,0.0,0.0,0.0,0.0,0.0
59.84,0.9486832980505138,1.8973665961010275,1.0,0.0,0.9486832980505138,0.0,-70.44,14611.009590199657,0.0,0.0,1.0,0.0,0.0,0.0,0.0,0.0,0.0,0.0
85.29,0.42163702135578385,0.8432740427115677,0.0,1.0,0.0,1.0540925533894598,83.91000000000001,14694.919590199657,0.0,0.0,0.0,0.0,0.0,0.0,0.0,0.0,0.0,1.0
84.12,0.0,0.0,0.0,0.7999999999999998,0.0,0.8432740427115677,66.192,14761.111590199656,0.0,0.0,0.0,0.0,0.0,0.0,0.0,0.0,0.0,0.7999999999999998
64.71,0.0,0.0,0.0,-0.0,0.0,-0.0,0.0,14761.111590199656,0.0,0.0,0.0,0.0,0.0,0.0,0.0,0.0,0.0,-0.0
35.0,-0.0,-0.0,0.0,-0.0,0.0,-0.0,0.0,14761.111590199656,0.0,0.0,0.0,0.0,0.0,0.0,0.0,0.0,0.0,-0.0
20.47,0.0,0.0,0.0,0.0,0.0,0.0,0.0,14761.111590199656,0.0,0.0,0.0,0.0,0.0,0.0,0.0,0.0,0.0,0.0
1.68,0.05131670194948623,0.10263340389897246,0.10818510677891963,0.0,0.10263340389897246,0.0,-1.2387194726186297,14759.872870727038,0.0,0.0,0.10818510677891963,0.0,0.0,0.0,0.0,0.0,0.0,0.0
-0.01,0.5256583509747431,1.0513167019494862,1.0,0.0,0.9486832980505138,0.0,-9.74,14750.132870727039,0.0,0.0,1.0,0.0,0.0,0.0,0.0,0.0,0.0,0.0
-0.03,1.0,2.0,1.0,0.0,0.9486832980505138,0.0,-9.72,14740.41287072704,0.0,0.0,1.0,0.0,0.0,0.0,0.0,0.0,0.0,0.0
14.48,1.0,2.0,0.0,-0.0,0.0,-0.0,0.0,14740.41287072704,0.0,0.0,0.0,0.0,0.0,0.0,0.0,0.0,0.0,-0.0
60.4,1.0,2.0,0.0,-0.0,0.0,-0.0,0.0,14740.41287072704,0.0,0.0,0.0,0.0,0.0,0.0,0.0,0.0,0.0,-0.0
78.89,1.0,2.0,0.0,-0.0,0.0,-0.0,0.0,14740.41287072704,0.0,0.0,0.0,0.0,0.0,0.0,0.0,0.0,0.0,-0.0
114.45,1.0,2.0,-0.0,0.0,-0.0,0.0,0.0,14740.41287072704,0.0,0.0,-0.0,0.0,0.0,0.0,0.0,0.0,0.0,0.0
153.59,0.5270462766947299,1.0540925533894598,0.0,0.8973665961010275,0.0,0.9459074466105402,136.5881695925374,14877.001040319577,0.0,0.0,0.0,0.0,0.0,0.0,0.0,0.0,0.0,0.8973665961010275
157.04,0.0,0.0,0.0,1.0,0.0,1.0540925533894598,155.66,15032.661040319577,0.0,0.0,0.0,0.0,0.0,0.0,0.0,0.0,0.0,1.0
144.42,-0.0,-0.0,0.0,-0.0,0.0,-0.0,0.0,15032.661040319577,0.0,0.0,0.0,0.0,0.0,0.0,0.0,0.0,0.0,-0.0
124.56,0.0,0.0,0.0,0.0,0.0,0.0,0.0,15032.661040319577,0.0,0.0,0.0,0.0,0.0,0.0,0.0,0.0,0.0,0.0
117.94,-0.0,-0.0,0.0,0.0,0.0,0.0,0.0,15032.661040319577,0.0,0.0,0.0,0.0,0.0,0.0,0.0,0.0,0.0,0.0
110.12,-0.0,-0.0,0.0,0.0,0.0,0.0,0.0,15032.661040319577,0.0,0.0,0.0,0.0,0.0,0.0,0.0,0.0,0.0,0.0
108.26,-0.0,-0.0,0.0,0.0,0.0,0.0,0.0,15032.661040319577,0.0,0.0,0.0,0.0,0.0,0.0,0.0,0.0,0.0,0.0
103.91,-0.0,-0.0,0.0,0.0,0.0,0.0,0.0,15032.661040319577,0.0,0.0,0.0,0.0,0.0,0.0,0.0,0.0,0.0,0.0
96.54,0.0,0.0,-0.0,0.0,-0.0,0.0,0.0,15032.661040319577,0.0,0.0,-0.0,0.0,0.0,0.0,0.0,0.0,0.0,0.0
96.22,-0.0,-0.0,-0.0,0.0,-0.0,0.0,0.0,15032.661040319577,0.0,0.0,-0.0,0.0,0.0,0.0,0.0,0.0,0.0,0.0
96.5,0.0,0.0,0.0,0.0,0.0,0.0,0.0,15032.661040319577,0.0,0.0,0.0,0.0,0.0,0.0,0.0,0.0,0.0,0.0
92.74,-0.0,-0.0,0.0,0.0,0.0,0.0,0.0,15032.661040319577,0.0,0.0,0.0,0.0,0.0,0.0,0.0,0.0,0.0,0.0
96.73,-0.0,-0.0,0.0,0.0,0.0,0.0,0.0,15032.661040319577,0.0,0.0,0.0,0.0,0.0,0.0,0.0,0.0,0.0,0.0
98.44,-0.0,-0.0,0.0,-0.0,0.0,-0.0,0.0,15032.661040319577,0.0,0.0,0.0,0.0,0.0,0.0,0.0,0.0,0.0,-0.0
91.86,0.0,0.0,0.0,0.0,0.0,0.0,0.0,15032.661040319577,0.0,0.0,0.0,0.0,0.0,0.0,0.0,0.0,0.0,0.0
76.14,0.0,0.0,-0.0,0.0,-0.0,0.0,0.0,15032.661040319577,0.0,0.0,-0.0,0.0,0.0,0.0,0.0,0.0,0.0,0.0
65.67,0.0,0.0,0.0,-0.0,0.0,-0.0,0.0,15032.661040319577,0.0,0.0,0.0,0.0,0.0,0.0,0.0,0.0,0.0,-0.0
65.34,-0.0,-0.0,0.0,-0.0,0.0,-0.0,0.0,15032.661040319577,0.0,0.0,0.0,0.0,0.0,0.0,0.0,0.0,0.0,-0.0
65.33,0.0,0.0,0.0,0.0,0.0,0.0,0.0,15032.661040319577,0.0,0.0,0.0,0.0,0.0,0.0,0.0,0.0,0.0,0.0
2.06,0.4743416490252569,0.9486832980505138,1.0,0.0,0.9486832980505138,0.0,-11.84,15020.821040319577,0.0,0.0,1.0,0.0,0.0,0.0,0.0,0.0,0.0,0.0
3.94,0.9486832980505138,1.8973665961010275,1.0,0.0,0.9486832980505138,0.0,-13.75,15007.071040319577,0.0,0.0,1.0,0.0,0.0,0.0,0.0,0.0,0.0,0.0
25.27,1.0,2.0,0.10818510677891963,0.0,0.10263340389897246,0.0,-3.8275890778381765,15003.243451241739,0.0,0.0,0.10818510677891963,0.0,0.0,0.0,0.0,0.0,0.0,0.0
56.37,1.0,2.0,-0.0,0.0,-0.0,0.0,0.0,15003.243451241739,0.0,0.0,-0.0,0.0,0.0,0.0,0.0,0.0,0.0,0.0
90.49,1.0,2.0,-0.0,0.0,-0.0,0.0,0.0,15003.243451241739,0.0,0.0,-0.0,0.0,0.0,0.0,0.0,0.0,0.0,0.0
136.7,0.5270462766947299,1.0540925533894598,0.0,0.8973665961010275,0.0,0.9459074466105402,121.43164778439103,15124.67509902613,0.0,0.0,0.0,0.0,0.0,0.0,0.0,0.0,0.0,0.8973665961010275
143.96,0.0,0.0,0.0,1.0,0.0,1.0540925533894598,142.58,15267.25509902613,0.0,0.0,0.0,0.0,0.0,0.0,0.0,0.0,0.0,1.0
114.77,0.0,0.0,0.0,-0.0,0.0,-0.0,0.0,15267.25509902613,0.0,0.0,0.0,0.0,0.0,0.0,0.0,0.0,0.0,-0.0
93.81,-0.0,-0.0,0.0,-0.0,0.0,-0.0,0.0,15267.25509902613,0.0,0.0,0.0,0.0,0.0,0.0,0.0,0.0,0.0,-0.0
76.65,0.0,0.0,0.0,0.0,0.0,0.0,0.0,15267.25509902613,0.0,0.0,0.0,0.0,0.0,0.0,0.0,0.0,0.0,0.0
43.26,0.0,0.0,-0.0,0.0,-0.0,0.0,0.0,15267.25509902613,0.0,0.0,-0.0,0.0,0.0,0.0,0.0,0.0,0.0,0.0
2.95,-0.0,-0.0,0.0,0.0,0.0,0.0,0.0,15267.25509902613,0.0,0.0,0.0,0.0,0.0,0.0,0.0,0.0,0.0,0.0
2.34,-0.0,-0.0,0.0,0.0,0.0,0.0,0.0,15267.25509902613,0.0,0.0,0.0,0.0,0.0,0.0,0.0,0.0,0.0,0.0
2.31,-0.0,-0.0,0.0,0.0,0.0,0.0,0.0,15267.25509902613,0.0,0.0,0.0,0.0,0.0,0.0,0.0,0.0,0.0,0.0
1.2,-0.0,-0.0,0.0,0.0,0.0,0.0,0.0,15267.25509902613,0.0,0.0,0.0,0.0,0.0,0.0,0.0,0.0,0.0,0.0
0.09,-0.0,-0.0,0.0,0.0,0.0,0.0,0.0,15267.25509902613,0.0,0.0,0.0,0.0,0.0,0.0,0.0,0.0,0.0,0.0
0.03,-0.0,-0.0,0.0,0.0,0.0,0.0,0.0,15267.25509902613,0.0,0.0,0.0,0.0,0.0,0.0,0.0,0.0,0.0,0.0
0.0,-0.0,-0.0,0.0,0.0,0.0,0.0,0.0,15267.25509902613,0.0,0.0,0.0,0.0,0.0,0.0,0.0,0.0,0.0,0.0
-0.01,-0.0,-0.0,0.0,0.0,0.0,0.0,-0.0,15267.25509902613,0.0,0.0,0.0,0.0,0.0,0.0,0.0,0.0,0.0,0.0
-0.04,-0.0,-0.0,0.0,0.0,0.0,0.0,-0.0,15267.25509902613,0.0,0.0,0.0,0.0,0.0,0.0,0.0,0.0,0.0,0.0
-3.47,-0.0,-0.0,0.0,0.0,0.0,0.0,-0.0,15267.25509902613,0.0,0.0,0.0,0.0,0.0,0.0,0.0,0.0,0.0,0.0
-11.34,0.4743416490252569,0.9486832980505138,1.0,0.0,0.9486832980505138,0.0,1.75,15269.00509902613,0.0,0.0,1.0,0.0,0.0,0.0,0.0,0.0,0.0,0.0
-13.39,0.9486832980505138,1.8973665961010275,1.0,0.0,0.9486832980505138,0.0,3.83,15272.83509902613,0.0,0.0,1.0,0.0,0.0,0.0,0.0,0.0,0.0,0.0
-7.91,1.0,2.0,0.10818510677891963,0.0,0.10263340389897246,0.0,-0.18716023472753096,15272.647938791402,0.0,0.0,0.10818510677891963,0.0,0.0,0.0,0.0,0.0,0.0,0.0
-5.83,1.0,2.0,0.0,0.0,0.0,0.0,-0.0,15272.647938791402,0.0,0.0,0.0,0.0,0.0,0.0,0.0,0.0,0.0,0.0
-5.31,1.0,2.0,0.0,0.0,0.0,0.0,-0.0,15272.647938791402,0.0,0.0,0.0,0.0,0.0,0.0,0.0,0.0,0.0,0.0
-3.2,1.0,2.0,0.0,0.0,0.0,0.0,-0.0,15272.647938791402,0.0,0.0,0.0,0.0,0.0,0.0,0.0,0.0,0.0,0.0
0.07,1.0,2.0,0.0,0.0,0.0,0.0,0.0,15272.647938791402,0.0,0.0,0.0,0.0,0.0,0.0,0.0,0.0,0.0,0.0
14.41,1.0,2.0,0.0,-0.0,0.0,-0.0,0.0,15272.647938791402,0.0,0.0,0.0,0.0,0.0,0.0,0.0,0.0,0.0,-0.0
60.83,1.0,2.0,0.0,-0.0,0.0,-0.0,0.0,15272.647938791402,0.0,0.0,0.0,0.0,0.0,0.0,0.0,0.0,0.0,-0.0
58.86,1.0,2.0,0.0,0.0,0.0,0.0,0.0,15272.647938791402,0.0,0.0,0.0,0.0,0.0,0.0,0.0,0.0,0.0,0.0
50.01,1.0,2.0,0.0,0.0,0.0,0.0,0.0,15272.647938791402,0.0,0.0,0.0,0.0,0.0,0.0,0.0,0.0,0.0,0.0
61.71,1.0,2.0,0.0,-0.0,0.0,-0.0,0.0,15272.647938791402,0.0,0.0,0.0,0.0,0.0,0.0,0.0,0.0,0.0,-0.0
56.44,1.0,2.0,0.0,0.0,0.0,0.0,0.0,15272.647938791402,0.0,0.0,0.0,0.0,0.0,0.0,0.0,0.0,0.0,0.0
65.57,1.0,2.0,0.0,-0.0,0.0,-0.0,0.0,15272.647938791402,0.0,0.0,0.0,0.0,0.0,0.0,0.0,0.0,0.0,-0.0
63.25,1.0,2.0,0.0,0.0,0.0,0.0,0.0,15272.647938791402,0.0,0.0,0.0,0.0,0.0,0.0,0.0,0.0,0.0,0.0
64.41,1.0,2.0,0.0,0.0,0.0,0.0,0.0,15272.647938791402,0.0,0.0,0.0,0.0,0.0,0.0,0.0,0.0,0.0,0.0
67.22,1.0,2.0,0.0,-0.0,0.0,-0.0,0.0,15272.647938791402,0.0,0.0,0.0,0.0,0.0,0.0,0.0,0.0,0.0,-0.0
68.97,1.0,2.0,0.0,-0.0,0.0,-0.0,0.0,15272.647938791402,0.0,0.0,0.0,0.0,0.0,0.0,0.0,0.0,0.0,-0.0
88.0,1.0,2.0,-0.0,0.0,-0.0,0.0,0.0,15272.647938791402,0.0,0.0,-0.0,0.0,0.0,0.0,0.0,0.0,0.0,0.0
109.27,1.0,2.0,-0.0,0.0,-0.0,0.0,0.0,15272.647938791402,0.0,0.0,-0.0,0.0,0.0,0.0,0.0,0.0,0.0,0.0
143.54,0.5270462766947299,1.0540925533894598,0.0,0.8973665961010275,0.0,0.9459074466105402,127.56963530172206,15400.217574093125,0.0,0.0,0.0,0.0,0.0,0.0,0.0,0.0,0.0,0.8973665961010275
174.23,0.0,0.0,0.0,1.0,0.0,1.0540925533894598,172.85,15573.067574093126,0.0,0.0,0.0,0.0,0.0,0.0,0.0,0.0,0.0,1.0
133.17,-0.0,-0.0,0.0,-0.0,0.0,-0.0,0.0,15573.067574093126,0.0,0.0,0.0,0.0,0.0,0.0,0.0,0.0,0.0,-0.0
110.27,0.0,0.0,0.0,0.0,0.0,0.0,0.0,15573.067574093126,0.0,0.0,0.0,0.0,0.0,0.0,0.0,0.0,0.0,0.0
99.04,-0.0,-0.0,0.0,0.0,0.0,0.0,0.0,15573.067574093126,0.0,0.0,0.0,0.0,0.0,0.0,0.0,0.0,0.0,0.0
83.54,0.0,0.0,-0.0,0.0,-0.0,0.0,0.0,15573.067574093126,0.0,0.0,-0.0,0.0,0.0,0.0,0.0,0.0,0.0,0.0
74.1,0.05131670194948623,0.10263340389897246,0.10818510677891963,0.0,0.10263340389897246,0.0,-9.184915565530277,15563.882658527595,0.0,0.0,0.10818510677891963,0.0,0.0,0.0,0.0,0.0,0.0,0.0
73.58,0.5256583509747431,1.0513167019494862,1.0,0.0,0.9486832980505138,0.0,-84.37,15479.512658527594,0.0,0.0,1.0,0.0,0.0,0.0,0.0,0.0,0.0,0.0
69.55,1.0,2.0,1.0,0.0,0.9486832980505138,0.0,-80.28999999999999,15399.222658527593,0.0,0.0,1.0,0.0,0.0,0.0,0.0,0.0,0.0,0.0
76.24,1.0,2.0,-0.0,0.0,-0.0,0.0,0.0,15399.222658527593,0.0,0.0,-0.0,0.0,0.0,0.0,0.0,0.0,0.0,0.0
100.83,1.0,2.0,0.0,-0.0,0.0,-0.0,0.0,15399.222658527593,0.0,0.0,0.0,0.0,0.0,0.0,0.0,0.0,0.0,-0.0
131.57,1.0,2.0,-0.0,0.0,-0.0,0.0,0.0,15399.222658527593,0.0,0.0,-0.0,0.0,0.0,0.0,0.0,0.0,0.0,0.0
183.96,0.4729537233052701,0.9459074466105402,0.0,1.0,0.0,1.0540925533894598,182.58,15581.802658527593,0.0,0.0,0.0,0.0,0.0,0.0,0.0,0.0,0.0,1.0
172.73,0.0,0.0,0.0,0.8973665961010275,0.0,0.9459074466105402,153.76376624191104,15735.566424769504,0.0,0.0,0.0,0.0,0.0,0.0,0.0,0.0,0.0,0.8973665961010275
135.03,0.0,0.0,0.0,-0.0,0.0,-0.0,0.0,15735.566424769504,0.0,0.0,0.0,0.0,0.0,0.0,0.0,0.0,0.0,-0.0
115.25,-0.0,-0.0,0.0,0.0,0.0,0.0,0.0,15735.566424769504,0.0,0.0,0.0,0.0,0.0,0.0,0.0,0.0,0.0,0.0
102.34,-0.0,-0.0,0.0,0.0,0.0,0.0,0.0,15735.566424769504,0.0,0.0,0.0,0.0,0.0,0.0,0.0,0.0,0.0,0.0
101.56,-0.0,-0.0,0.0,0.0,0.0,0.0,0.0,15735.566424769504,0.0,0.0,0.0,0.0,0.0,0.0,0.0,0.0,0.0,0.0
95.02,0.0,0.0,-0.0,0.0,-0.0,0.0,0.0,15735.566424769504,0.0,0.0,-0.0,0.0,0.0,0.0,0.0,0.0,0.0,0.0
92.91,0.4743416490252569,0.9486832980505138,1.0,0.0,0.9486832980505138,0.0,-103.97999999999999,15631.586424769504,0.0,0.0,1.0,0.0,0.0,0.0,0.0,0.0,0.0,0.0
93.5,0.5256583509747431,1.0513167019494862,0.10818510677891963,0.0,0.10263340389897246,0.0,-11.313998466939415,15620.272426302565,0.0,0.0,0.10818510677891963,0.0,0.0,0.0,0.0,0.0,0.0,0.0
91.43,1.0,2.0,1.0,0.0,0.9486832980505138,0.0,-102.48,15517.792426302565,0.0,0.0,1.0,0.0,0.0,0.0,0.0,0.0,0.0,0.0
100.71,1.0,2.0,0.0,0.0,0.0,0.0,0.0,15517.792426302565,0.0,0.0,0.0,0.0,0.0,0.0,0.0,0.0,0.0,0.0
129.46,1.0,2.0,-0.0,0.0,-0.0,0.0,0.0,15517.792426302565,0.0,0.0,-0.0,0.0,0.0,0.0,0.0,0.0,0.0,0.0
179.96,0.4729537233052701,0.9459074466105402,0.0,1.0,0.0,1.0540925533894598,178.58,15696.372426302565,0.0,0.0,0.0,0.0,0.0,0.0,0.0,0.0,0.0,1.0
159.37,0.0,0.0,0.0,0.8973665961010275,0.0,0.9459074466105402,141.77494851800134,15838.147374820566,0.0,0.0,0.0,0.0,0.0,0.0,0.0,0.0,0.0,0.8973665961010275
108.47,0.0,0.0,-0.0,0.0,-0.0,0.0,0.0,15838.147374820566,0.0,0.0,-0.0,0.0,0.0,0.0,0.0,0.0,0.0,0.0
86.17,0.0,0.0,-0.0,0.0,-0.0,0.0,0.0,15838.147374820566,0.0,0.0,-0.0,0.0,0.0,0.0,0.0,0.0,0.0,0.0
70.26,0.0,0.0,0.0,-0.0,0.0,-0.0,0.0,15838.147374820566,0.0,0.0,0.0,0.0,0.0,0.0,0.0,0.0,0.0,-0.0
53.15,0.0,0.0,0.0,-0.0,0.0,-0.0,0.0,15838.147374820566,0.0,0.0,0.0,0.0,0.0,0.0,0.0,0.0,0.0,-0.0
11.57,0.4743416490252569,0.9486832980505138,1.0,0.0,0.9486832980505138,0.0,-21.48,15816.667374820567,0.0,0.0,1.0,0.0,0.0,0.0,0.0,0.0,0.0,0.0
10.89,0.9486832980505138,1.8973665961010275,1.0,0.0,0.9486832980505138,0.0,-20.79,15795.877374820566,0.0,0.0,1.0,0.0,0.0,0.0,0.0,0.0,0.0,0.0
26.7,1.0,2.0,0.10818510677891963,0.0,0.10263340389897246,0.0,-3.98445748266761,15791.892917337898,0.0,0.0,0.10818510677891963,0.0,0.0,0.0,0.0,0.0,0.0,0.0
65.23,1.0,2.0,0.0,-0.0,0.0,-0.0,0.0,15791.892917337898,0.0,0.0,0.0,0.0,0.0,0.0,0.0,0.0,0.0,-0.0
82.8,1.0,2.0,-0.0,0.0,-0.0,0.0,0.0,15791.892917337898,0.0,0.0,-0.0,0.0,0.0,0.0,0.0,0.0,0.0,0.0
122.39,1.0,2.0,0.0,-0.0,0.0,-0.0,0.0,15791.892917337898,0.0,0.0,0.0,0.0,0.0,0.0,0.0,0.0,0.0,-0.0
155.72,0.4729537233052701,0.9459074466105402,0.0,1.0,0.0,1.0540925533894598,154.34,15946.232917337898,0.0,0.0,0.0,0.0,0.0,0.0,0.0,0.0,0.0,1.0
138.0,0.0,0.0,0.0,0.8973665961010275,0.0,0.9459074466105402,122.59822435932237,16068.831141697221,0.0,0.0,0.0,0.0,0.0,0.0,0.0,0.0,0.0,0.8973665961010275
110.9,0.0,0.0,-0.0,0.0,-0.0,0.0,0.0,16068.831141697221,0.0,0.0,-0.0,0.0,0.0,0.0,0.0,0.0,0.0,0.0
95.64,-0.0,-0.0,0.0,-0.0,0.0,-0.0,0.0,16068.831141697221,0.0,0.0,0.0,0.0,0.0,0.0,0.0,0.0,0.0,-0.0
79.45,0.0,0.0,0.0,0.0,0.0,0.0,0.0,16068.831141697221,0.0,0.0,0.0,0.0,0.0,0.0,0.0,0.0,0.0,0.0
68.06,-0.0,-0.0,0.0,0.0,0.0,0.0,0.0,16068.831141697221,0.0,0.0,0.0,0.0,0.0,0.0,0.0,0.0,0.0,0.0
66.93,0.4743416490252569,0.9486832980505138,1.0,0.0,0.9486832980505138,0.0,-77.63000000000001,15991.201141697222,0.0,0.0,1.0,0.0,0.0,0.0,0.0,0.0,0.0,0.0
66.8,0.9486832980505138,1.8973665961010275,1.0,0.0,0.9486832980505138,0.0,-77.5,15913.701141697222,0.0,0.0,1.0,0.0,0.0,0.0,0.0,0.0,0.0,0.0
67.97,1.0,2.0,0.10818510677891963,0.0,0.10263340389897246,0.0,-8.512004201365396,15905.189137495856,0.0,0.0,0.10818510677891963,0.0,0.0,0.0,0.0,0.0,0.0,0.0
68.9,1.0,2.0,-0.0,0.0,-0.0,0.0,0.0,15905.189137495856,0.0,0.0,-0.0,0.0,0.0,0.0,0.0,0.0,0.0,0.0
82.18,1.0,2.0,0.0,0.0,0.0,0.0,0.0,15905.189137495856,0.0,0.0,0.0,0.0,0.0,0.0,0.0,0.0,0.0,0.0
113.84,1.0,2.0,0.0,-0.0,0.0,-0.0,0.0,15905.189137495856,0.0,0.0,0.0,0.0,0.0,0.0,0.0,0.0,0.0,-0.0
150.31,0.4729537233052701,0.9459074466105402,0.0,1.0,0.0,1.0540925533894598,148.93,16054.119137495856,0.0,0.0,0.0,0.0,0.0,0.0,0.0,0.0,0.0,1.0
124.7,0.0,0.0,0.0,0.8973665961010275,0.0,0.9459074466105402,110.66324863117872,16164.782386127035,0.0,0.0,0.0,0.0,0.0,0.0,0.0,0.0,0.0,0.8973665961010275
84.74,0.0,0.0,0.0,-0.0,0.0,-0.0,0.0,16164.782386127035,0.0,0.0,0.0,0.0,0.0,0.0,0.0,0.0,0.0,-0.0
48.38,0.0,0.0,0.0,-0.0,0.0,-0.0,0.0,16164.782386127035,0.0,0.0,0.0,0.0,0.0,0.0,0.0,0.0,0.0,-0.0
0.0,-0.0,-0.0,0.0,0.0,0.0,0.0,0.0,16164.782386127035,0.0,0.0,0.0,0.0,0.0,0.0,0.0,0.0,0.0,0.0
-2.47,0.4743416490252569,0.9486832980505138,1.0,0.0,0.9486832980505138,0.0,-7.24,16157.542386127036,0.0,0.0,1.0,0.0,0.0,0.0,0.0,0.0,0.0,0.0
-2.18,0.5256583509747431,1.0513167019494862,0.10818510677891963,0.0,0.10263340389897246,0.0,-0.8157157051130539,16156.726670421922,0.0,0.0,0.10818510677891963,0.0,0.0,0.0,0.0,0.0,0.0,0.0
-2.19,1.0,2.0,1.0,0.0,0.9486832980505138,0.0,-7.530000000000001,16149.196670421921,0.0,0.0,1.0,0.0,0.0,0.0,0.0,0.0,0.0,0.0
-1.61,1.0,2.0,0.0,0.0,0.0,0.0,-0.0,16149.196670421921,0.0,0.0,0.0,0.0,0.0,0.0,0.0,0.0,0.0,0.0
-0.45,1.0,2.0,0.0,0.0,0.0,0.0,-0.0,16149.196670421921,0.0,0.0,0.0,0.0,0.0,0.0,0.0,0.0,0.0,0.0
15.37,1.0,2.0,0.0,-0.0,0.0,-0.0,0.0,16149.196670421921,0.0,0.0,0.0,0.0,0.0,0.0,0.0,0.0,0.0,-0.0
88.84,1.0,2.0,-0.0,0.0,-0.0,0.0,0.0,16149.196670421921,0.0,0.0,-0.0,0.0,0.0,0.0,0.0,0.0,0.0,0.0
125.35,0.4729537233052701,0.9459074466105402,0.0,1.0,0.0,1.0540925533894598,123.97,16273.16667042192,0.0,0.0,0.0,0.0,0.0,0.0,0.0,0.0,0.0,1.0
114.0,-0.0,-0.0,0.0,0.8973665961010275,0.0,0.9459074466105402,101.06142605289772,16374.228096474819,0.0,0.0,0.0,0.0,0.0,0.0,0.0,0.0,0.0,0.8973665961010275
96.07,0.0,0.0,0.0,0.0,0.0,0.0,0.0,16374.228096474819,0.0,0.0,0.0,0.0,0.0,0.0,0.0,0.0,0.0,0.0
82.63,-0.0,-0.0,0.0,0.0,0.0,0.0,0.0,16374.228096474819,0.0,0.0,0.0,0.0,0.0,0.0,0.0,0.0,0.0,0.0
71.43,-0.0,-0.0,0.0,0.0,0.0,0.0,0.0,16374.228096474819,0.0,0.0,0.0,0.0,0.0,0.0,0.0,0.0,0.0,0.0
67.0,0.4743416490252569,0.9486832980505138,1.0,0.0,0.9486832980505138,0.0,-77.7,16296.528096474818,0.0,0.0,1.0,0.0,0.0,0.0,0.0,0.0,0.0,0.0
67.0,0.9486832980505138,1.8973665961010275,1.0,0.0,0.9486832980505138,0.0,-77.7,16218.828096474817,0.0,0.0,1.0,0.0,0.0,0.0,0.0,0.0,0.0,0.0
67.0,1.0,2.0,0.10818510677891963,0.0,0.10263340389897246,0.0,-8.405982796722055,16210.422113678096,0.0,0.0,0.10818510677891963,0.0,0.0,0.0,0.0,0.0,0.0,0.0
68.95,1.0,2.0,0.0,0.0,0.0,0.0,0.0,16210.422113678096,0.0,0.0,0.0,0.0,0.0,0.0,0.0,0.0,0.0,0.0
71.0,1.0,2.0,0.0,0.0,0.0,0.0,0.0,16210.422113678096,0.0,0.0,0.0,0.0,0.0,0.0,0.0,0.0,0.0,0.0
86.22,1.0,2.0,0.0,0.0,0.0,0.0,0.0,16210.422113678096,0.0,0.0,0.0,0.0,0.0,0.0,0.0,0.0,0.0,0.0
129.71,1.0,2.0,0.0,-0.0,0.0,-0.0,0.0,16210.422113678096,0.0,0.0,0.0,0.0,0.0,0.0,0.0,0.0,0.0,-0.0
162.77,0.4729537233052701,0.9459074466105402,0.0,1.0,0.0,1.0540925533894598,161.39000000000001,16371.812113678096,0.0,0.0,0.0,0.0,0.0,0.0,0.0,0.0,0.0,1.0
133.3,0.0,0.0,0.0,0.8973665961010275,0.0,0.9459074466105402,118.38060135764756,16490.192715035744,0.0,0.0,0.0,0.0,0.0,0.0,0.0,0.0,0.0,0.8973665961010275
79.11,0.0,0.0,-0.0,0.0,-0.0,0.0,0.0,16490.192715035744,0.0,0.0,-0.0,0.0,0.0,0.0,0.0,0.0,0.0,0.0
40.47,0.0,0.0,0.0,-0.0,0.0,-0.0,0.0,16490.192715035744,0.0,0.0,0.0,0.0,0.0,0.0,0.0,0.0,0.0,-0.0
-0.16,-0.0,-0.0,0.0,0.0,0.0,0.0,-0.0,16490.192715035744,0.0,0.0,0.0,0.0,0.0,0.0,0.0,0.0,0.0,0.0
-1.19,0.05131670194948623,0.10263340389897246,0.10818510677891963,0.0,0.10263340389897246,0.0,-0.9239008118919736,16489.26881422385,0.0,0.0,0.10818510677891963,0.0,0.0,0.0,0.0,0.0,0.0,0.0
-8.4,0.5256583509747431,1.0513167019494862,1.0,0.0,0.9486832980505138,0.0,-1.2300000000000004,16488.03881422385,0.0,0.0,1.0,0.0,0.0,0.0,0.0,0.0,0.0,0.0
-5.85,1.0,2.0,1.0,0.0,0.9486832980505138,0.0,-3.8200000000000003,16484.218814223852,0.0,0.0,1.0,0.0,0.0,0.0,0.0,0.0,0.0,0.0
-0.27,1.0,2.0,0.0,0.0,0.0,0.0,-0.0,16484.218814223852,0.0,0.0,0.0,0.0,0.0,0.0,0.0,0.0,0.0,0.0
16.09,1.0,2.0,0.0,-0.0,0.0,-0.0,0.0,16484.218814223852,0.0,0.0,0.0,0.0,0.0,0.0,0.0,0.0,0.0,-0.0
75.0,1.0,2.0,0.0,-0.0,0.0,-0.0,0.0,16484.218814223852,0.0,0.0,0.0,0.0,0.0,0.0,0.0,0.0,0.0,-0.0
130.36,1.0,2.0,0.0,-0.0,0.0,-0.0,0.0,16484.218814223852,0.0,0.0,0.0,0.0,0.0,0.0,0.0,0.0,0.0,-0.0
160.91,0.4729537233052701,0.9459074466105402,0.0,1.0,0.0,1.0540925533894598,159.53,16643.74881422385,0.0,0.0,0.0,0.0,0.0,0.0,0.0,0.0,0.0,1.0
153.31,0.0,0.0,0.0,0.8973665961010275,0.0,0.9459074466105402,136.33690694562912,16780.08572116948,0.0,0.0,0.0,0.0,0.0,0.0,0.0,0.0,0.0,0.8973665961010275
137.03,-0.0,-0.0,0.0,0.0,0.0,0.0,0.0,16780.08572116948,0.0,0.0,0.0,0.0,0.0,0.0,0.0,0.0,0.0,0.0
113.21,0.0,0.0,-0.0,0.0,-0.0,0.0,0.0,16780.08572116948,0.0,0.0,-0.0,0.0,0.0,0.0,0.0,0.0,0.0,0.0
102.68,-0.0,-0.0,0.0,0.0,0.0,0.0,0.0,16780.08572116948,0.0,0.0,0.0,0.0,0.0,0.0,0.0,0.0,0.0,0.0
104.97,-0.0,-0.0,0.0,0.0,0.0,0.0,0.0,16780.08572116948,0.0,0.0,0.0,0.0,0.0,0.0,0.0,0.0,0.0,0.0
99.9,0.4743416490252569,0.9486832980505138,1.0,0.0,0.9486832980505138,0.0,-111.07000000000001,16669.01572116948,0.0,0.0,1.0,0.0,0.0,0.0,0.0,0.0,0.0,0.0
101.57,0.5256583509747431,1.0513167019494862,0.10818510677891963,0.0,0.10263340389897246,0.0,-12.198952640390976,16656.816768529086,0.0,0.0,0.10818510677891963,0.0,0.0,0.0,0.0,0.0,0.0,0.0
103.61,0.5256583509747431,1.0513167019494862,0.0,0.0,0.0,0.0,0.0,16656.816768529086,0.0,0.0,0.0,0.0,0.0,0.0,0.0,0.0,0.0,0.0
100.3,1.0,2.0,1.0,0.0,0.9486832980505138,0.0,-111.47,16545.346768529085,0.0,0.0,1.0,0.0,0.0,0.0,0.0,0.0,0.0,0.0
105.37,1.0,2.0,0.0,0.0,0.0,0.0,0.0,16545.346768529085,0.0,0.0,0.0,0.0,0.0,0.0,0.0,0.0,0.0,0.0
135.16,1.0,2.0,0.0,-0.0,0.0,-0.0,0.0,16545.346768529085,0.0,0.0,0.0,0.0,0.0,0.0,0.0,0.0,0.0,-0.0
164.16,0.4729537233052701,0.9459074466105402,0.0,1.0,0.0,1.0540925533894598,162.78,16708.126768529084,0.0,0.0,0.0,0.0,0.0,0.0,0.0,0.0,0.0,1.0
139.4,0.0,0.0,0.0,0.8973665961010275,0.0,0.9459074466105402,123.85453759386382,16831.981306122947,0.0,0.0,0.0,0.0,0.0,0.0,0.0,0.0,0.0,0.8973665961010275
95.68,0.0,0.0,0.0,-0.0,0.0,-0.0,0.0,16831.981306122947,0.0,0.0,0.0,0.0,0.0,0.0,0.0,0.0,0.0,-0.0
65.0,0.0,0.0,0.0,-0.0,0.0,-0.0,0.0,16831.981306122947,0.0,0.0,0.0,0.0,0.0,0.0,0.0,0.0,0.0,-0.0
7.82,-0.0,-0.0,0.0,0.0,0.0,0.0,0.0,16831.981306122947,0.0,0.0,0.0,0.0,0.0,0.0,0.0,0.0,0.0,0.0
0.0,-0.0,-0.0,0.0,0.0,0.0,0.0,0.0,16831.981306122947,0.0,0.0,0.0,0.0,0.0,0.0,0.0,0.0,0.0,0.0
-1.31,0.4743416490252569,0.9486832980505138,1.0,0.0,0.9486832980505138,0.0,-8.42,16823.56130612295,0.0,0.0,1.0,0.0,0.0,0.0,0.0,0.0,0.0,0.0
-1.21,0.9486832980505138,1.8973665961010275,1.0,0.0,0.9486832980505138,0.0,-8.52,16815.04130612295,0.0,0.0,1.0,0.0,0.0,0.0,0.0,0.0,0.0,0.0
-0.13,1.0,2.0,0.10818510677891963,0.0,0.10263340389897246,0.0,-1.040740727213207,16814.000565395734,0.0,0.0,0.10818510677891963,0.0,0.0,0.0,0.0,0.0,0.0,0.0
25.01,1.0,2.0,0.0,-0.0,0.0,-0.0,0.0,16814.000565395734,0.0,0.0,0.0,0.0,0.0,0.0,0.0,0.0,0.0,-0.0
70.5,1.0,2.0,0.0,-0.0,0.0,-0.0,0.0,16814.000565395734,0.0,0.0,0.0,0.0,0.0,0.0,0.0,0.0,0.0,-0.0
111.03,1.0,2.0,0.0,0.0,0.0,0.0,0.0,16814.000565395734,0.0,0.0,0.0,0.0,0.0,0.0,0.0,0.0,0.0,0.0
132.99,0.5270462766947299,1.0540925533894598,0.0,0.8973665961010275,0.0,0.9459074466105402,118.10241771285624,16932.10298310859,0.0,0.0,0.0,0.0,0.0,0.0,0.0,0.0,0.0,0.8973665961010275
137.92,-0.0,-0.0,0.0,1.0,0.0,1.0540925533894598,136.54,17068.64298310859,0.0,0.0,0.0,0.0,0.0,0.0,0.0,0.0,0.0,1.0
111.14,0.0,0.0,0.0,0.0,0.0,0.0,0.0,17068.64298310859,0.0,0.0,0.0,0.0,0.0,0.0,0.0,0.0,0.0,0.0
98.1,-0.0,-0.0,0.0,0.0,0.0,0.0,0.0,17068.64298310859,0.0,0.0,0.0,0.0,0.0,0.0,0.0,0.0,0.0,0.0
91.06,-0.0,-0.0,0.0,0.0,0.0,0.0,0.0,17068.64298310859,0.0,0.0,0.0,0.0,0.0,0.0,0.0,0.0,0.0,0.0
99.21,-0.0,-0.0,0.0,-0.0,0.0,-0.0,0.0,17068.64298310859,0.0,0.0,0.0,0.0,0.0,0.0,0.0,0.0,0.0,-0.0
94.27,-0.0,-0.0,0.0,0.0,0.0,0.0,0.0,17068.64298310859,0.0,0.0,0.0,0.0,0.0,0.0,0.0,0.0,0.0,0.0
92.43,-0.0,-0.0,0.0,0.0,0.0,0.0,0.0,17068.64298310859,0.0,0.0,0.0,0.0,0.0,0.0,0.0,0.0,0.0,0.0
92.15,-0.0,-0.0,0.0,0.0,0.0,0.0,0.0,17068.64298310859,0.0,0.0,0.0,0.0,0.0,0.0,0.0,0.0,0.0,0.0
90.38,-0.0,-0.0,0.0,0.0,0.0,0.0,0.0,17068.64298310859,0.0,0.0,0.0,0.0,0.0,0.0,0.0,0.0,0.0,0.0
89.31,-0.0,-0.0,0.0,0.0,0.0,0.0,0.0,17068.64298310859,0.0,0.0,0.0,0.0,0.0,0.0,0.0,0.0,0.0,0.0
92.49,-0.0,-0.0,0.0,0.0,0.0,0.0,0.0,17068.64298310859,0.0,0.0,0.0,0.0,0.0,0.0,0.0,0.0,0.0,0.0
98.6,-0.0,-0.0,0.0,0.0,0.0,0.0,0.0,17068.64298310859,0.0,0.0,0.0,0.0,0.0,0.0,0.0,0.0,0.0,0.0
98.3,0.0,0.0,0.0,0.0,0.0,0.0,0.0,17068.64298310859,0.0,0.0,0.0,0.0,0.0,0.0,0.0,0.0,0.0,0.0
57.16,0.0,0.0,0.0,-0.0,0.0,-0.0,0.0,17068.64298310859,0.0,0.0,0.0,0.0,0.0,0.0,0.0,0.0,0.0,-0.0
0.66,0.0,0.0,0.0,0.0,0.0,0.0,0.0,17068.64298310859,0.0,0.0,0.0,0.0,0.0,0.0,0.0,0.0,0.0,0.0
-0.94,0.0,0.0,0.0,0.0,0.0,0.0,-0.0,17068.64298310859,0.0,0.0,0.0,0.0,0.0,0.0,0.0,0.0,0.0,0.0
-24.09,0.4743416490252569,0.9486832980505138,1.0,0.0,0.9486832980505138,0.0,14.68,17083.322983108592,0.0,0.0,1.0,0.0,0.0,0.0,0.0,0.0,0.0,0.0
-10.74,0.4743416490252569,0.9486832980505138,0.0,0.0,0.0,0.0,-0.0,17083.322983108592,0.0,0.0,0.0,0.0,0.0,0.0,0.0,0.0,0.0,0.0
-10.75,0.5256583509747431,1.0513167019494862,0.10818510677891963,0.0,0.10263340389897246,0.0,0.12441287279575763,17083.447395981388,0.0,0.0,0.10818510677891963,0.0,0.0,0.0,0.0,0.0,0.0,0.0
-20.83,1.0,2.0,1.0,0.0,0.9486832980505138,0.0,11.379999999999999,17094.82739598139,0.0,0.0,1.0,0.0,0.0,0.0,0.0,0.0,0.0,0.0
-4.3,1.0,2.0,0.0,0.0,0.0,0.0,-0.0,17094.82739598139,0.0,0.0,0.0,0.0,0.0,0.0,0.0,0.0,0.0,0.0
0.0,1.0,2.0,0.0,0.0,0.0,0.0,0.0,17094.82739598139,0.0,0.0,0.0,0.0,0.0,0.0,0.0,0.0,0.0,0.0
70.0,1.0,2.0,-0.0,0.0,-0.0,0.0,0.0,17094.82739598139,0.0,0.0,-0.0,0.0,0.0,0.0,0.0,0.0,0.0,0.0
99.4,0.4729537233052701,0.9459074466105402,0.0,1.0,0.0,1.0540925533894598,98.02000000000001,17192.84739598139,0.0,0.0,0.0,0.0,0.0,0.0,0.0,0.0,0.0,1.0
98.9,-0.0,-0.0,0.0,0.8973665961010275,0.0,0.9459074466105402,87.51119045177221,17280.35858643316,0.0,0.0,0.0,0.0,0.0,0.0,0.0,0.0,0.0,0.8973665961010275
84.25,-0.0,-0.0,0.0,0.0,0.0,0.0,0.0,17280.35858643316,0.0,0.0,0.0,0.0,0.0,0.0,0.0,0.0,0.0,0.0
78.99,0.0,0.0,0.0,0.0,0.0,0.0,0.0,17280.35858643316,0.0,0.0,0.0,0.0,0.0,0.0,0.0,0.0,0.0,0.0
68.75,-0.0,-0.0,0.0,0.0,0.0,0.0,0.0,17280.35858643316,0.0,0.0,0.0,0.0,0.0,0.0,0.0,0.0,0.0,0.0
70.45,-0.0,-0.0,0.0,0.0,0.0,0.0,0.0,17280.35858643316,0.0,0.0,0.0,0.0,0.0,0.0,0.0,0.0,0.0,0.0
61.0,-0.0,-0.0,0.0,0.0,0.0,0.0,0.0,17280.35858643316,0.0,0.0,0.0,0.0,0.0,0.0,0.0,0.0,0.0,0.0
62.72,-0.0,-0.0,0.0,0.0,0.0,0.0,0.0,17280.35858643316,0.0,0.0,0.0,0.0,0.0,0.0,0.0,0.0,0.0,0.0
68.28,-0.0,-0.0,0.0,0.0,0.0,0.0,0.0,17280.35858643316,0.0,0.0,0.0,0.0,0.0,0.0,0.0,0.0,0.0,0.0
69.95,-0.0,-0.0,0.0,0.0,0.0,0.0,0.0,17280.35858643316,0.0,0.0,0.0,0.0,0.0,0.0,0.0,0.0,0.0,0.0
77.43,-0.0,-0.0,0.0,0.0,0.0,0.0,0.0,17280.35858643316,0.0,0.0,0.0,0.0,0.0,0.0,0.0,0.0,0.0,0.0
76.54,-0.0,-0.0,0.0,0.0,0.0,0.0,0.0,17280.35858643316,0.0,0.0,0.0,0.0,0.0,0.0,0.0,0.0,0.0,0.0
78.11,0.0,0.0,0.0,-0.0,0.0,-0.0,0.0,17280.35858643316,0.0,0.0,0.0,0.0,0.0,0.0,0.0,0.0,0.0,-0.0
41.79,0.0,0.0,0.0,-0.0,0.0,-0.0,0.0,17280.35858643316,0.0,0.0,0.0,0.0,0.0,0.0,0.0,0.0,0.0,-0.0
0.1,0.0,0.0,0.0,0.0,0.0,0.0,0.0,17280.35858643316,0.0,0.0,0.0,0.0,0.0,0.0,0.0,0.0,0.0,0.0
-0.09,0.0,0.0,0.0,0.0,0.0,0.0,-0.0,17280.35858643316,0.0,0.0,0.0,0.0,0.0,0.0,0.0,0.0,0.0,0.0
-5.09,0.0,0.0,0.0,0.0,0.0,0.0,-0.0,17280.35858643316,0.0,0.0,0.0,0.0,0.0,0.0,0.0,0.0,0.0,0.0
-4.0,0.0,0.0,0.0,0.0,0.0,0.0,-0.0,17280.35858643316,0.0,0.0,0.0,0.0,0.0,0.0,0.0,0.0,0.0,0.0
-4.01,0.0,0.0,0.0,0.0,0.0,0.0,-0.0,17280.35858643316,0.0,0.0,0.0,0.0,0.0,0.0,0.0,0.0,0.0,0.0
-17.51,0.4743416490252569,0.9486832980505138,1.0,0.0,0.9486832980505138,0.0,8.010000000000002,17288.36858643316,0.0,0.0,1.0,0.0,0.0,0.0,0.0,0.0,0.0,0.0
-30.1,0.9486832980505138,1.8973665961010275,1.0,0.0,0.9486832980505138,0.0,20.78,17309.14858643316,0.0,0.0,1.0,0.0,0.0,0.0,0.0,0.0,0.0,0.0
-14.96,1.0,2.0,0.10818510677891963,0.0,0.10263340389897246,0.0,0.5863632787417445,17309.7349497119,0.0,0.0,0.10818510677891963,0.0,0.0,0.0,0.0,0.0,0.0,0.0
1.76,1.0,2.0,0.0,-0.0,0.0,-0.0,0.0,17309.7349497119,0.0,0.0,0.0,0.0,0.0,0.0,0.0,0.0,0.0,-0.0
112.41,1.0,2.0,0.0,0.0,0.0,0.0,0.0,17309.7349497119,0.0,0.0,0.0,0.0,0.0,0.0,0.0,0.0,0.0,0.0
131.56,0.4729537233052701,0.9459074466105402,0.0,1.0,0.0,1.0540925533894598,130.18,17439.9149497119,0.0,0.0,0.0,0.0,0.0,0.0,0.0,0.0,0.0,1.0
128.01,-0.0,-0.0,0.0,0.8973665961010275,0.0,0.9459074466105402,113.63353206427311,17553.54848177617,0.0,0.0,0.0,0.0,0.0,0.0,0.0,0.0,0.0,0.8973665961010275
119.67,0.0,0.0,0.0,0.0,0.0,0.0,0.0,17553.54848177617,0.0,0.0,0.0,0.0,0.0,0.0,0.0,0.0,0.0,0.0
108.19,-0.0,-0.0,0.0,-0.0,0.0,-0.0,0.0,17553.54848177617,0.0,0.0,0.0,0.0,0.0,0.0,0.0,0.0,0.0,-0.0
97.38,0.0,0.0,0.0,0.0,0.0,0.0,0.0,17553.54848177617,0.0,0.0,0.0,0.0,0.0,0.0,0.0,0.0,0.0,0.0
83.64,-0.0,-0.0,0.0,0.0,0.0,0.0,0.0,17553.54848177617,0.0,0.0,0.0,0.0,0.0,0.0,0.0,0.0,0.0,0.0
81.66,0.05131670194948623,0.10263340389897246,0.10818510677891963,0.0,0.10263340389897246,0.0,-10.01469533452459,17543.533786441647,0.0,0.0,0.10818510677891963,0.0,0.0,0.0,0.0,0.0,0.0,0.0
78.69,0.5256583509747431,1.0513167019494862,1.0,0.0,0.9486832980505138,0.0,-89.56,17453.973786441646,0.0,0.0,1.0,0.0,0.0,0.0,0.0,0.0,0.0,0.0
79.97,1.0,2.0,1.0,0.0,0.9486832980505138,0.0,-90.86,17363.113786441645,0.0,0.0,1.0,0.0,0.0,0.0,0.0,0.0,0.0,0.0
82.8,1.0,2.0,0.0,0.0,0.0,0.0,0.0,17363.113786441645,0.0,0.0,0.0,0.0,0.0,0.0,0.0,0.0,0.0,0.0
93.45,1.0,2.0,0.0,0.0,0.0,0.0,0.0,17363.113786441645,0.0,0.0,0.0,0.0,0.0,0.0,0.0,0.0,0.0,0.0
124.04,1.0,2.0,0.0,-0.0,0.0,-0.0,0.0,17363.113786441645,0.0,0.0,0.0,0.0,0.0,0.0,0.0,0.0,0.0,-0.0
175.97,0.4729537233052701,0.9459074466105402,0.0,1.0,0.0,1.0540925533894598,174.59,17537.703786441645,0.0,0.0,0.0,0.0,0.0,0.0,0.0,0.0,0.0,1.0
144.61,0.0,0.0,0.0,0.8973665961010275,0.0,0.9459074466105402,128.5298175595502,17666.233604001194,0.0,0.0,0.0,0.0,0.0,0.0,0.0,0.0,0.0,0.8973665961010275
107.1,0.0,0.0,0.0,-0.0,0.0,-0.0,0.0,17666.233604001194,0.0,0.0,0.0,0.0,0.0,0.0,0.0,0.0,0.0,-0.0
83.37,-0.0,-0.0,0.0,-0.0,0.0,-0.0,0.0,17666.233604001194,0.0,0.0,0.0,0.0,0.0,0.0,0.0,0.0,0.0,-0.0
65.0,0.0,0.0,0.0,0.0,0.0,0.0,0.0,17666.233604001194,0.0,0.0,0.0,0.0,0.0,0.0,0.0,0.0,0.0,0.0
11.8,0.05131670194948623,0.10263340389897246,0.10818510677891963,0.0,0.10263340389897246,0.0,-2.3497805192381342,17663.883823481956,0.0,0.0,0.10818510677891963,0.0,0.0,0.0,0.0,0.0,0.0,0.0
2.19,0.5256583509747431,1.0513167019494862,1.0,0.0,0.9486832980505138,0.0,-11.969999999999999,17651.913823481955,0.0,0.0,1.0,0.0,0.0,0.0,0.0,0.0,0.0,0.0
3.94,1.0,2.0,1.0,0.0,0.9486832980505138,0.0,-13.75,17638.163823481955,0.0,0.0,1.0,0.0,0.0,0.0,0.0,0.0,0.0,0.0
60.98,1.0,2.0,0.0,-0.0,0.0,-0.0,0.0,17638.163823481955,0.0,0.0,0.0,0.0,0.0,0.0,0.0,0.0,0.0,-0.0
72.0,1.0,2.0,0.0,-0.0,0.0,-0.0,0.0,17638.163823481955,0.0,0.0,0.0,0.0,0.0,0.0,0.0,0.0,0.0,-0.0
102.43,1.0,2.0,-0.0,0.0,-0.0,0.0,0.0,17638.163823481955,0.0,0.0,-0.0,0.0,0.0,0.0,0.0,0.0,0.0,0.0
127.6,1.0,2.0,-0.0,0.0,-0.0,0.0,0.0,17638.163823481955,0.0,0.0,-0.0,0.0,0.0,0.0,0.0,0.0,0.0,0.0
168.45,0.4729537233052701,0.9459074466105402,0.0,1.0,0.0,1.0540925533894598,167.07,17805.233823481954,0.0,0.0,0.0,0.0,0.0,0.0,0.0,0.0,0.0,1.0
165.05,0.0,0.0,0.0,0.8973665961010275,0.0,0.9459074466105402,146.87199078385518,17952.10581426581,0.0,0.0,0.0,0.0,0.0,0.0,0.0,0.0,0.0,0.8973665961010275
138.2,0.0,0.0,0.0,-0.0,0.0,-0.0,0.0,17952.10581426581,0.0,0.0,0.0,0.0,0.0,0.0,0.0,0.0,0.0,-0.0
121.02,-0.0,-0.0,0.0,-0.0,0.0,-0.0,0.0,17952.10581426581,0.0,0.0,0.0,0.0,0.0,0.0,0.0,0.0,0.0,-0.0
105.21,0.0,0.0,0.0,0.0,0.0,0.0,0.0,17952.10581426581,0.0,0.0,0.0,0.0,0.0,0.0,0.0,0.0,0.0,0.0
94.93,-0.0,-0.0,0.0,0.0,0.0,0.0,0.0,17952.10581426581,0.0,0.0,0.0,0.0,0.0,0.0,0.0,0.0,0.0,0.0
87.83,0.4743416490252569,0.9486832980505138,1.0,0.0,0.9486832980505138,0.0,-98.83,17853.27581426581,0.0,0.0,1.0,0.0,0.0,0.0,0.0,0.0,0.0,0.0
89.06,0.9486832980505138,1.8973665961010275,1.0,0.0,0.9486832980505138,0.0,-100.07000000000001,17753.20581426581,0.0,0.0,1.0,0.0,0.0,0.0,0.0,0.0,0.0,0.0
89.9,1.0,2.0,0.10818510677891963,0.0,0.10263340389897246,0.0,-10.919122827196357,17742.286691438614,0.0,0.0,0.10818510677891963,0.0,0.0,0.0,0.0,0.0,0.0,0.0
91.62,1.0,2.0,0.0,0.0,0.0,0.0,0.0,17742.286691438614,0.0,0.0,0.0,0.0,0.0,0.0,0.0,0.0,0.0,0.0
105.73,1.0,2.0,0.0,0.0,0.0,0.0,0.0,17742.286691438614,0.0,0.0,0.0,0.0,0.0,0.0,0.0,0.0,0.0,0.0
142.97,0.5270462766947299,1.0540925533894598,0.0,0.8973665961010275,0.0,0.9459074466105402,127.05813634194448,17869.34482778056,0.0,0.0,0.0,0.0,0.0,0.0,0.0,0.0,0.0,0.8973665961010275
180.55,0.0,0.0,0.0,1.0,0.0,1.0540925533894598,179.17000000000002,18048.514827780557,0.0,0.0,0.0,0.0,0.0,0.0,0.0,0.0,0.0,1.0
136.77,0.0,0.0,0.0,-0.0,0.0,-0.0,0.0,18048.514827780557,0.0,0.0,0.0,0.0,0.0,0.0,0.0,0.0,0.0,-0.0
91.3,0.0,0.0,-0.0,0.0,-0.0,0.0,0.0,18048.514827780557,0.0,0.0,-0.0,0.0,0.0,0.0,0.0,0.0,0.0,0.0
76.47,0.0,0.0,-0.0,0.0,-0.0,0.0,0.0,18048.514827780557,0.0,0.0,-0.0,0.0,0.0,0.0,0.0,0.0,0.0,0.0
61.09,0.0,0.0,0.0,-0.0,0.0,-0.0,0.0,18048.514827780557,0.0,0.0,0.0,0.0,0.0,0.0,0.0,0.0,0.0,-0.0
19.57,0.4743416490252569,0.9486832980505138,1.0,0.0,0.9486832980505138,0.0,-29.6,18018.914827780558,0.0,0.0,1.0,0.0,0.0,0.0,0.0,0.0,0.0,0.0
16.83,0.9486832980505138,1.8973665961010275,1.0,0.0,0.9486832980505138,0.0,-26.82,17992.09482778056,0.0,0.0,1.0,0.0,0.0,0.0,0.0,0.0,0.0,0.0
28.59,1.0,2.0,0.10818510677891963,0.0,0.10263340389897246,0.0,-4.192172887683135,17987.902654892874,0.0,0.0,0.10818510677891963,0.0,0.0,0.0,0.0,0.0,0.0,0.0
57.47,1.0,2.0,0.0,-0.0,0.0,-0.0,0.0,17987.902654892874,0.0,0.0,0.0,0.0,0.0,0.0,0.0,0.0,0.0,-0.0
73.33,1.0,2.0,0.0,-0.0,0.0,-0.0,0.0,17987.902654892874,0.0,0.0,0.0,0.0,0.0,0.0,0.0,0.0,0.0,-0.0
90.34,1.0,2.0,0.0,-0.0,0.0,-0.0,0.0,17987.902654892874,0.0,0.0,0.0,0.0,0.0,0.0,0.0,0.0,0.0,-0.0
118.26,1.0,2.0,0.0,-0.0,0.0,-0.0,0.0,17987.902654892874,0.0,0.0,0.0,0.0,0.0,0.0,0.0,0.0,0.0,-0.0
180.4,0.4729537233052701,0.9459074466105402,0.0,1.0,0.0,1.0540925533894598,179.02,18166.922654892875,0.0,0.0,0.0,0.0,0.0,0.0,0.0,0.0,0.0,1.0
171.31,0.0,0.0,0.0,0.8973665961010275,0.0,0.9459074466105402,152.48950567544762,18319.41216056832,0.0,0.0,0.0,0.0,0.0,0.0,0.0,0.0,0.0,0.8973665961010275
140.0,-0.0,-0.0,0.0,0.0,0.0,0.0,0.0,18319.41216056832,0.0,0.0,0.0,0.0,0.0,0.0,0.0,0.0,0.0,0.0
120.47,0.0,0.0,-0.0,0.0,-0.0,0.0,0.0,18319.41216056832,0.0,0.0,-0.0,0.0,0.0,0.0,0.0,0.0,0.0,0.0
105.12,-0.0,-0.0,0.0,0.0,0.0,0.0,0.0,18319.41216056832,0.0,0.0,0.0,0.0,0.0,0.0,0.0,0.0,0.0,0.0
104.99,-0.0,-0.0,0.0,0.0,0.0,0.0,0.0,18319.41216056832,0.0,0.0,0.0,0.0,0.0,0.0,0.0,0.0,0.0,0.0
95.99,-0.0,-0.0,0.0,0.0,0.0,0.0,0.0,18319.41216056832,0.0,0.0,0.0,0.0,0.0,0.0,0.0,0.0,0.0,0.0
94.67,0.4743416490252569,0.9486832980505138,1.0,0.0,0.9486832980505138,0.0,-105.76,18213.652160568323,0.0,0.0,1.0,0.0,0.0,0.0,0.0,0.0,0.0,0.0
94.45,0.9486832980505138,1.8973665961010275,1.0,0.0,0.9486832980505138,0.0,-105.54,18108.112160568322,0.0,0.0,1.0,0.0,0.0,0.0,0.0,0.0,0.0,0.0
95.79,1.0,2.0,0.10818510677891963,0.0,0.10263340389897246,0.0,-11.564987914666508,18096.547172653656,0.0,0.0,0.10818510677891963,0.0,0.0,0.0,0.0,0.0,0.0,0.0
109.41,1.0,2.0,0.0,0.0,0.0,0.0,0.0,18096.547172653656,0.0,0.0,0.0,0.0,0.0,0.0,0.0,0.0,0.0,0.0
152.68,0.5270462766947299,1.0540925533894598,0.0,0.8973665961010275,0.0,0.9459074466105402,135.77156599008546,18232.318738643742,0.0,0.0,0.0,0.0,0.0,0.0,0.0,0.0,0.0,0.8973665961010275
175.56,0.0,0.0,0.0,1.0,0.0,1.0540925533894598,174.18,18406.498738643742,0.0,0.0,0.0,0.0,0.0,0.0,0.0,0.0,0.0,1.0
131.56,0.0,0.0,0.0,-0.0,0.0,-0.0,0.0,18406.498738643742,0.0,0.0,0.0,0.0,0.0,0.0,0.0,0.0,0.0,-0.0
99.51,0.0,0.0,-0.0,0.0,-0.0,0.0,0.0,18406.498738643742,0.0,0.0,-0.0,0.0,0.0,0.0,0.0,0.0,0.0,0.0
82.71,0.0,0.0,0.0,-0.0,0.0,-0.0,0.0,18406.498738643742,0.0,0.0,0.0,0.0,0.0,0.0,0.0,0.0,0.0,-0.0
59.69,0.0,0.0,0.0,-0.0,0.0,-0.0,0.0,18406.498738643742,0.0,0.0,0.0,0.0,0.0,0.0,0.0,0.0,0.0,-0.0
13.61,0.05131670194948623,0.10263340389897246,0.10818510677891963,0.0,0.10263340389897246,0.0,-2.547759264643557,18403.9509793791,0.0,0.0,0.10818510677891963,0.0,0.0,0.0,0.0,0.0,0.0,0.0
6.72,0.5256583509747431,1.0513167019494862,1.0,0.0,0.9486832980505138,0.0,-16.57,18387.3809793791,0.0,0.0,1.0,0.0,0.0,0.0,0.0,0.0,0.0,0.0
13.27,1.0,2.0,1.0,0.0,0.9486832980505138,0.0,-23.21,18364.1709793791,0.0,0.0,1.0,0.0,0.0,0.0,0.0,0.0,0.0,0.0
34.87,1.0,2.0,0.0,-0.0,0.0,-0.0,0.0,18364.1709793791,0.0,0.0,0.0,0.0,0.0,0.0,0.0,0.0,0.0,-0.0
62.98,1.0,2.0,0.0,-0.0,0.0,-0.0,0.0,18364.1709793791,0.0,0.0,0.0,0.0,0.0,0.0,0.0,0.0,0.0,-0.0
83.5,1.0,2.0,0.0,-0.0,0.0,-0.0,0.0,18364.1709793791,0.0,0.0,0.0,0.0,0.0,0.0,0.0,0.0,0.0,-0.0
99.53,1.0,2.0,0.0,-0.0,0.0,-0.0,0.0,18364.1709793791,0.0,0.0,0.0,0.0,0.0,0.0,0.0,0.0,0.0,-0.0
125.9,0.5270462766947299,1.0540925533894598,0.0,0.8973665961010275,0.0,0.9459074466105402,111.74008854649995,18475.9110679256,0.0,0.0,0.0,0.0,0.0,0.0,0.0,0.0,0.0,0.8973665961010275
138.73,0.0,0.0,0.0,1.0,0.0,1.0540925533894598,137.35,18613.2610679256,0.0,0.0,0.0,0.0,0.0,0.0,0.0,0.0,0.0,1.0
111.23,-0.0,-0.0,0.0,0.0,0.0,0.0,0.0,18613.2610679256,0.0,0.0,0.0,0.0,0.0,0.0,0.0,0.0,0.0,0.0
101.94,-0.0,-0.0,0.0,0.0,0.0,0.0,0.0,18613.2610679256,0.0,0.0,0.0,0.0,0.0,0.0,0.0,0.0,0.0,0.0
98.51,-0.0,-0.0,0.0,0.0,0.0,0.0,0.0,18613.2610679256,0.0,0.0,0.0,0.0,0.0,0.0,0.0,0.0,0.0,0.0
92.9,-0.0,-0.0,0.0,0.0,0.0,0.0,0.0,18613.2610679256,0.0,0.0,0.0,0.0,0.0,0.0,0.0,0.0,0.0,0.0
89.55,0.05131670194948623,0.10263340389897246,0.10818510677891963,0.0,0.10263340389897246,0.0,-10.880176188755946,18602.380891736844,0.0,0.0,0.10818510677891963,0.0,0.0,0.0,0.0,0.0,0.0,0.0
88.9,0.5256583509747431,1.0513167019494862,1.0,0.0,0.9486832980505138,0.0,-99.91000000000001,18502.470891736844,0.0,0.0,1.0,0.0,0.0,0.0,0.0,0.0,0.0,0.0
87.92,1.0,2.0,1.0,0.0,0.9486832980505138,0.0,-98.92,18403.550891736846,0.0,0.0,1.0,0.0,0.0,0.0,0.0,0.0,0.0,0.0
90.0,1.0,2.0,0.0,0.0,0.0,0.0,0.0,18403.550891736846,0.0,0.0,0.0,0.0,0.0,0.0,0.0,0.0,0.0,0.0
97.54,1.0,2.0,0.0,0.0,0.0,0.0,0.0,18403.550891736846,0.0,0.0,0.0,0.0,0.0,0.0,0.0,0.0,0.0,0.0
132.44,1.0,2.0,0.0,0.0,0.0,0.0,0.0,18403.550891736846,0.0,0.0,0.0,0.0,0.0,0.0,0.0,0.0,0.0,0.0
170.59,0.4729537233052701,0.9459074466105402,0.0,1.0,0.0,1.0540925533894598,169.21,18572.760891736845,0.0,0.0,0.0,0.0,0.0,0.0,0.0,0.0,0.0,1.0
135.44,0.0,0.0,0.0,0.8973665961010275,0.0,0.9459074466105402,120.30096587330375,18693.061857610148,0.0,0.0,0.0,0.0,0.0,0.0,0.0,0.0,0.0,0.8973665961010275
102.4,0.0,0.0,-0.0,0.0,-0.0,0.0,0.0,18693.061857610148,0.0,0.0,-0.0,0.0,0.0,0.0,0.0,0.0,0.0,0.0
85.71,-0.0,-0.0,0.0,-0.0,0.0,-0.0,0.0,18693.061857610148,0.0,0.0,0.0,0.0,0.0,0.0,0.0,0.0,0.0,-0.0
66.34,0.0,0.0,0.0,0.0,0.0,0.0,0.0,18693.061857610148,0.0,0.0,0.0,0.0,0.0,0.0,0.0,0.0,0.0,0.0
34.95,0.0,0.0,0.0,-0.0,0.0,-0.0,0.0,18693.061857610148,0.0,0.0,0.0,0.0,0.0,0.0,0.0,0.0,0.0,-0.0
2.18,0.05131670194948623,0.10263340389897246,0.10818510677891963,0.0,0.10263340389897246,0.0,-1.2938938770758788,18691.767963733073,0.0,0.0,0.10818510677891963,0.0,0.0,0.0,0.0,0.0,0.0,0.0
0.08,0.5256583509747431,1.0513167019494862,1.0,0.0,0.9486832980505138,0.0,-9.83,18681.93796373307,0.0,0.0,1.0,0.0,0.0,0.0,0.0,0.0,0.0,0.0
1.18,1.0,2.0,1.0,0.0,0.9486832980505138,0.0,-10.95,18670.98796373307,0.0,0.0,1.0,0.0,0.0,0.0,0.0,0.0,0.0,0.0
4.29,1.0,2.0,0.0,0.0,0.0,0.0,0.0,18670.98796373307,0.0,0.0,0.0,0.0,0.0,0.0,0.0,0.0,0.0,0.0
16.11,1.0,2.0,0.0,-0.0,0.0,-0.0,0.0,18670.98796373307,0.0,0.0,0.0,0.0,0.0,0.0,0.0,0.0,0.0,-0.0
33.01,0.5270462766947299,1.0540925533894598,0.0,0.8973665961010275,0.0,0.9459074466105402,28.3837054346755,18699.371669167747,0.0,0.0,0.0,0.0,0.0,0.0,0.0,0.0,0.0,0.8973665961010275
47.98,-0.0,-0.0,0.0,1.0,0.0,1.0540925533894598,46.599999999999994,18745.971669167746,0.0,0.0,0.0,0.0,0.0,0.0,0.0,0.0,0.0,1.0
22.71,-0.0,-0.0,0.0,0.0,0.0,0.0,0.0,18745.971669167746,0.0,0.0,0.0,0.0,0.0,0.0,0.0,0.0,0.0,0.0
20.01,-0.0,-0.0,0.0,0.0,0.0,0.0,0.0,18745.971669167746,0.0,0.0,0.0,0.0,0.0,0.0,0.0,0.0,0.0,0.0
20.37,-0.0,-0.0,0.0,0.0,0.0,0.0,0.0,18745.971669167746,0.0,0.0,0.0,0.0,0.0,0.0,0.0,0.0,0.0,0.0
21.79,0.0,0.0,0.0,0.0,0.0,0.0,0.0,18745.971669167746,0.0,0.0,0.0,0.0,0.0,0.0,0.0,0.0,0.0,0.0
4.69,-0.0,-0.0,0.0,0.0,0.0,0.0,0.0,18745.971669167746,0.0,0.0,0.0,0.0,0.0,0.0,0.0,0.0,0.0,0.0
5.9,-0.0,-0.0,0.0,0.0,0.0,0.0,0.0,18745.971669167746,0.0,0.0,0.0,0.0,0.0,0.0,0.0,0.0,0.0,0.0
4.27,0.4743416490252569,0.9486832980505138,1.0,0.0,0.9486832980505138,0.0,-14.08,18731.891669167744,0.0,0.0,1.0,0.0,0.0,0.0,0.0,0.0,0.0,0.0
4.28,0.5256583509747431,1.0513167019494862,0.10818510677891963,0.0,0.10263340389897246,0.0,-1.5243281545149778,18730.36734101323,0.0,0.0,0.10818510677891963,0.0,0.0,0.0,0.0,0.0,0.0,0.0
4.08,1.0,2.0,1.0,0.0,0.9486832980505138,0.0,-13.89,18716.47734101323,0.0,0.0,1.0,0.0,0.0,0.0,0.0,0.0,0.0,0.0
5.93,1.0,2.0,0.0,0.0,0.0,0.0,0.0,18716.47734101323,0.0,0.0,0.0,0.0,0.0,0.0,0.0,0.0,0.0,0.0
9.06,1.0,2.0,0.0,0.0,0.0,0.0,0.0,18716.47734101323,0.0,0.0,0.0,0.0,0.0,0.0,0.0,0.0,0.0,0.0
20.01,1.0,2.0,0.0,-0.0,0.0,-0.0,0.0,18716.47734101323,0.0,0.0,0.0,0.0,0.0,0.0,0.0,0.0,0.0,-0.0
36.61,0.4729537233052701,0.9459074466105402,0.0,1.0,0.0,1.0540925533894598,35.23,18751.70734101323,0.0,0.0,0.0,0.0,0.0,0.0,0.0,0.0,0.0,1.0
26.92,0.0,0.0,0.0,0.8973665961010275,0.0,0.9459074466105402,22.918742864420246,18774.62608387765,0.0,0.0,0.0,0.0,0.0,0.0,0.0,0.0,0.0,0.8973665961010275
11.31,-0.0,-0.0,0.0,0.0,0.0,0.0,0.0,18774.62608387765,0.0,0.0,0.0,0.0,0.0,0.0,0.0,0.0,0.0,0.0
0.0,-0.0,-0.0,0.0,0.0,0.0,0.0,0.0,18774.62608387765,0.0,0.0,0.0,0.0,0.0,0.0,0.0,0.0,0.0,0.0
-0.21,0.05131670194948623,0.10263340389897246,0.10818510677891963,0.0,0.10263340389897246,0.0,-1.0320859186708933,18773.59399795898,0.0,0.0,0.10818510677891963,0.0,0.0,0.0,0.0,0.0,0.0,0.0
-2.7,0.5256583509747431,1.0513167019494862,1.0,0.0,0.9486832980505138,0.0,-7.010000000000001,18766.58399795898,0.0,0.0,1.0,0.0,0.0,0.0,0.0,0.0,0.0,0.0
-3.61,1.0,2.0,1.0,0.0,0.9486832980505138,0.0,-6.09,18760.49399795898,0.0,0.0,1.0,0.0,0.0,0.0,0.0,0.0,0.0,0.0
-0.1,1.0,2.0,0.0,0.0,0.0,0.0,-0.0,18760.49399795898,0.0,0.0,0.0,0.0,0.0,0.0,0.0,0.0,0.0,0.0
0.0,1.0,2.0,0.0,0.0,0.0,0.0,0.0,18760.49399795898,0.0,0.0,0.0,0.0,0.0,0.0,0.0,0.0,0.0,0.0
62.96,1.0,2.0,0.0,-0.0,0.0,-0.0,0.0,18760.49399795898,0.0,0.0,0.0,0.0,0.0,0.0,0.0,0.0,0.0,-0.0
96.71,1.0,2.0,-0.0,0.0,-0.0,0.0,0.0,18760.49399795898,0.0,0.0,-0.0,0.0,0.0,0.0,0.0,0.0,0.0,0.0
119.88,1.0,2.0,0.0,0.0,0.0,0.0,0.0,18760.49399795898,0.0,0.0,0.0,0.0,0.0,0.0,0.0,0.0,0.0,0.0
130.5,0.4729537233052701,0.9459074466105402,0.0,1.0,0.0,1.0540925533894598,129.12,18889.61399795898,0.0,0.0,0.0,0.0,0.0,0.0,0.0,0.0,0.0,1.0
125.0,0.0,0.0,0.0,0.8973665961010275,0.0,0.9459074466105402,110.93245861000902,19000.546456568987,0.0,0.0,0.0,0.0,0.0,0.0,0.0,0.0,0.0,0.8973665961010275
106.75,-0.0,-0.0,0.0,0.0,0.0,0.0,0.0,19000.546456568987,0.0,0.0,0.0,0.0,0.0,0.0,0.0,0.0,0.0,0.0
99.34,-0.0,-0.0,0.0,0.0,0.0,0.0,0.0,19000.546456568987,0.0,0.0,0.0,0.0,0.0,0.0,0.0,0.0,0.0,0.0
101.1,-0.0,-0.0,0.0,0.0,0.0,0.0,0.0,19000.546456568987,0.0,0.0,0.0,0.0,0.0,0.0,0.0,0.0,0.0,0.0
98.43,0.0,0.0,-0.0,0.0,-0.0,0.0,0.0,19000.546456568987,0.0,0.0,-0.0,0.0,0.0,0.0,0.0,0.0,0.0,0.0
95.38,-0.0,-0.0,0.0,0.0,0.0,0.0,0.0,19000.546456568987,0.0,0.0,0.0,0.0,0.0,0.0,0.0,0.0,0.0,0.0
89.09,-0.0,-0.0,0.0,0.0,0.0,0.0,0.0,19000.546456568987,0.0,0.0,0.0,0.0,0.0,0.0,0.0,0.0,0.0,0.0
89.13,-0.0,-0.0,0.0,0.0,0.0,0.0,0.0,19000.546456568987,0.0,0.0,0.0,0.0,0.0,0.0,0.0,0.0,0.0,0.0
89.11,-0.0,-0.0,0.0,0.0,0.0,0.0,0.0,19000.546456568987,0.0,0.0,0.0,0.0,0.0,0.0,0.0,0.0,0.0,0.0
93.51,-0.0,-0.0,0.0,0.0,0.0,0.0,0.0,19000.546456568987,0.0,0.0,0.0,0.0,0.0,0.0,0.0,0.0,0.0,0.0
94.7,-0.0,-0.0,0.0,0.0,0.0,0.0,0.0,19000.546456568987,0.0,0.0,0.0,0.0,0.0,0.0,0.0,0.0,0.0,0.0
95.49,0.0,0.0,0.0,-0.0,0.0,-0.0,0.0,19000.546456568987,0.0,0.0,0.0,0.0,0.0,0.0,0.0,0.0,0.0,-0.0
67.26,0.0,0.0,-0.0,0.0,-0.0,0.0,0.0,19000.546456568987,0.0,0.0,-0.0,0.0,0.0,0.0,0.0,0.0,0.0,0.0
20.19,0.0,0.0,0.0,-0.0,0.0,-0.0,0.0,19000.546456568987,0.0,0.0,0.0,0.0,0.0,0.0,0.0,0.0,0.0,-0.0
0.0,0.0,0.0,0.0,0.0,0.0,0.0,0.0,19000.546456568987,0.0,0.0,0.0,0.0,0.0,0.0,0.0,0.0,0.0,0.0
-9.23,0.0,0.0,0.0,0.0,0.0,0.0,-0.0,19000.546456568987,0.0,0.0,0.0,0.0,0.0,0.0,0.0,0.0,0.0,0.0
-16.89,0.05131670194948623,0.10263340389897246,0.10818510677891963,0.0,0.10263340389897246,0.0,0.7984060880284269,19001.344862657017,0.0,0.0,0.10818510677891963,0.0,0.0,0.0,0.0,0.0,0.0,0.0
-20.53,0.5256583509747431,1.0513167019494862,1.0,0.0,0.9486832980505138,0.0,11.07,19012.414862657017,0.0,0.0,1.0,0.0,0.0,0.0,0.0,0.0,0.0,0.0
-18.68,1.0,2.0,1.0,0.0,0.9486832980505138,0.0,9.2,19021.614862657018,0.0,0.0,1.0,0.0,0.0,0.0,0.0,0.0,0.0,0.0
-0.08,1.0,2.0,0.0,-0.0,0.0,-0.0,0.0,19021.614862657018,0.0,0.0,0.0,0.0,0.0,0.0,0.0,0.0,0.0,-0.0
59.47,1.0,2.0,0.0,-0.0,0.0,-0.0,0.0,19021.614862657018,0.0,0.0,0.0,0.0,0.0,0.0,0.0,0.0,0.0,-0.0
111.31,1.0,2.0,0.0,0.0,0.0,0.0,0.0,19021.614862657018,0.0,0.0,0.0,0.0,0.0,0.0,0.0,0.0,0.0,0.0
150.06,0.4729537233052701,0.9459074466105402,0.0,1.0,0.0,1.0540925533894598,148.68,19170.294862657018,0.0,0.0,0.0,0.0,0.0,0.0,0.0,0.0,0.0,1.0
120.89,0.0,0.0,0.0,0.8973665961010275,0.0,0.9459074466105402,107.2442819000338,19277.539144557053,0.0,0.0,0.0,0.0,0.0,0.0,0.0,0.0,0.0,0.8973665961010275
91.0,-0.0,-0.0,0.0,-0.0,0.0,-0.0,0.0,19277.539144557053,0.0,0.0,0.0,0.0,0.0,0.0,0.0,0.0,0.0,-0.0
86.27,0.0,0.0,0.0,0.0,0.0,0.0,0.0,19277.539144557053,0.0,0.0,0.0,0.0,0.0,0.0,0.0,0.0,0.0,0.0
64.27,-0.0,-0.0,0.0,0.0,0.0,0.0,0.0,19277.539144557053,0.0,0.0,0.0,0.0,0.0,0.0,0.0,0.0,0.0,0.0
63.99,0.0,0.0,-0.0,0.0,-0.0,0.0,0.0,19277.539144557053,0.0,0.0,-0.0,0.0,0.0,0.0,0.0,0.0,0.0,0.0
56.0,-0.0,-0.0,0.0,0.0,0.0,0.0,0.0,19277.539144557053,0.0,0.0,0.0,0.0,0.0,0.0,0.0,0.0,0.0,0.0
42.36,0.0,0.0,-0.0,0.0,-0.0,0.0,0.0,19277.539144557053,0.0,0.0,-0.0,0.0,0.0,0.0,0.0,0.0,0.0,0.0
29.5,-0.0,-0.0,0.0,0.0,0.0,0.0,0.0,19277.539144557053,0.0,0.0,0.0,0.0,0.0,0.0,0.0,0.0,0.0,0.0
32.06,-0.0,-0.0,0.0,0.0,0.0,0.0,0.0,19277.539144557053,0.0,0.0,0.0,0.0,0.0,0.0,0.0,0.0,0.0,0.0
34.48,-0.0,-0.0,0.0,0.0,0.0,0.0,0.0,19277.539144557053,0.0,0.0,0.0,0.0,0.0,0.0,0.0,0.0,0.0,0.0
29.41,0.0,0.0,-0.0,0.0,-0.0,0.0,0.0,19277.539144557053,0.0,0.0,-0.0,0.0,0.0,0.0,0.0,0.0,0.0,0.0
27.75,0.0,0.0,0.0,-0.0,0.0,-0.0,0.0,19277.539144557053,0.0,0.0,0.0,0.0,0.0,0.0,0.0,0.0,0.0,-0.0
12.87,-0.0,-0.0,0.0,-0.0,0.0,-0.0,0.0,19277.539144557053,0.0,0.0,0.0,0.0,0.0,0.0,0.0,0.0,0.0,-0.0
8.43,0.0,0.0,0.0,0.0,0.0,0.0,0.0,19277.539144557053,0.0,0.0,0.0,0.0,0.0,0.0,0.0,0.0,0.0,0.0
0.0,-0.0,-0.0,0.0,0.0,0.0,0.0,0.0,19277.539144557053,0.0,0.0,0.0,0.0,0.0,0.0,0.0,0.0,0.0,0.0
-0.02,-0.0,-0.0,0.0,0.0,0.0,0.0,-0.0,19277.539144557053,0.0,0.0,0.0,0.0,0.0,0.0,0.0,0.0,0.0,0.0
-2.0,-0.0,-0.0,0.0,0.0,0.0,0.0,-0.0,19277.539144557053,0.0,0.0,0.0,0.0,0.0,0.0,0.0,0.0,0.0,0.0
-3.36,0.05131670194948623,0.10263340389897246,0.10818510677891963,0.0,0.10263340389897246,0.0,-0.6858935769783503,19276.853250980075,0.0,0.0,0.10818510677891963,0.0,0.0,0.0,0.0,0.0,0.0,0.0
-5.35,0.5256583509747431,1.0513167019494862,1.0,0.0,0.9486832980505138,0.0,-4.32,19272.533250980076,0.0,0.0,1.0,0.0,0.0,0.0,0.0,0.0,0.0,0.0
-9.93,1.0,2.0,1.0,0.0,0.9486832980505138,0.0,0.3200000000000003,19272.853250980075,0.0,0.0,1.0,0.0,0.0,0.0,0.0,0.0,0.0,0.0
-0.01,1.0,2.0,0.0,0.0,0.0,0.0,-0.0,19272.853250980075,0.0,0.0,0.0,0.0,0.0,0.0,0.0,0.0,0.0,0.0
17.56,1.0,2.0,0.0,-0.0,0.0,-0.0,0.0,19272.853250980075,0.0,0.0,0.0,0.0,0.0,0.0,0.0,0.0,0.0,-0.0
90.02,1.0,2.0,0.0,0.0,0.0,0.0,0.0,19272.853250980075,0.0,0.0,0.0,0.0,0.0,0.0,0.0,0.0,0.0,0.0
109.57,0.5270462766947299,1.0540925533894598,0.0,0.8973665961010275,0.0,0.9459074466105402,97.08609203217016,19369.939343012244,0.0,0.0,0.0,0.0,0.0,0.0,0.0,0.0,0.0,0.8973665961010275
112.74,0.0,0.0,0.0,1.0,0.0,1.0540925533894598,111.36,19481.299343012244,0.0,0.0,0.0,0.0,0.0,0.0,0.0,0.0,0.0,1.0
106.96,-0.0,-0.0,0.0,-0.0,0.0,-0.0,0.0,19481.299343012244,0.0,0.0,0.0,0.0,0.0,0.0,0.0,0.0,0.0,-0.0
97.65,-0.0,-0.0,0.0,0.0,0.0,0.0,0.0,19481.299343012244,0.0,0.0,0.0,0.0,0.0,0.0,0.0,0.0,0.0,0.0
90.0,0.0,0.0,0.0,0.0,0.0,0.0,0.0,19481.299343012244,0.0,0.0,0.0,0.0,0.0,0.0,0.0,0.0,0.0,0.0
81.61,0.05131670194948623,0.10263340389897246,0.10818510677891963,0.0,0.10263340389897246,0.0,-10.009286079185644,19471.29005693306,0.0,0.0,0.10818510677891963,0.0,0.0,0.0,0.0,0.0,0.0,0.0
77.99,0.5256583509747431,1.0513167019494862,1.0,0.0,0.9486832980505138,0.0,-88.85,19382.44005693306,0.0,0.0,1.0,0.0,0.0,0.0,0.0,0.0,0.0,0.0
77.51,1.0,2.0,1.0,0.0,0.9486832980505138,0.0,-88.36,19294.08005693306,0.0,0.0,1.0,0.0,0.0,0.0,0.0,0.0,0.0,0.0
82.29,1.0,2.0,0.0,0.0,0.0,0.0,0.0,19294.08005693306,0.0,0.0,0.0,0.0,0.0,0.0,0.0,0.0,0.0,0.0
84.52,1.0,2.0,0.0,0.0,0.0,0.0,0.0,19294.08005693306,0.0,0.0,0.0,0.0,0.0,0.0,0.0,0.0,0.0,0.0
88.68,1.0,2.0,0.0,0.0,0.0,0.0,0.0,19294.08005693306,0.0,0.0,0.0,0.0,0.0,0.0,0.0,0.0,0.0,0.0
118.17,1.0,2.0,0.0,-0.0,0.0,-0.0,0.0,19294.08005693306,0.0,0.0,0.0,0.0,0.0,0.0,0.0,0.0,0.0,-0.0
152.03,0.4729537233052701,0.9459074466105402,0.0,1.0,0.0,1.0540925533894598,150.65,19444.730056933062,0.0,0.0,0.0,0.0,0.0,0.0,0.0,0.0,0.0,1.0
143.7,0.0,0.0,0.0,0.8973665961010275,0.0,0.9459074466105402,127.71321395709822,19572.44327089016,0.0,0.0,0.0,0.0,0.0,0.0,0.0,0.0,0.0,0.8973665961010275
104.7,0.0,0.0,-0.0,0.0,-0.0,0.0,0.0,19572.44327089016,0.0,0.0,-0.0,0.0,0.0,0.0,0.0,0.0,0.0,0.0
91.02,0.0,0.0,-0.0,0.0,-0.0,0.0,0.0,19572.44327089016,0.0,0.0,-0.0,0.0,0.0,0.0,0.0,0.0,0.0,0.0
77.07,-0.0,-0.0,0.0,0.0,0.0,0.0,0.0,19572.44327089016,0.0,0.0,0.0,0.0,0.0,0.0,0.0,0.0,0.0,0.0
62.35,0.4743416490252569,0.9486832980505138,1.0,0.0,0.9486832980505138,0.0,-72.99000000000001,19499.453270890157,0.0,0.0,1.0,0.0,0.0,0.0,0.0,0.0,0.0,0.0
61.64,0.9486832980505138,1.8973665961010275,1.0,0.0,0.9486832980505138,0.0,-72.26,19427.19327089016,0.0,0.0,1.0,0.0,0.0,0.0,0.0,0.0,0.0,0.0
64.36,1.0,2.0,0.10818510677891963,0.0,0.10263340389897246,0.0,-8.11604671055455,19419.077224179604,0.0,0.0,0.10818510677891963,0.0,0.0,0.0,0.0,0.0,0.0,0.0
75.29,1.0,2.0,0.0,0.0,0.0,0.0,0.0,19419.077224179604,0.0,0.0,0.0,0.0,0.0,0.0,0.0,0.0,0.0,0.0
84.6,1.0,2.0,-0.0,0.0,-0.0,0.0,0.0,19419.077224179604,0.0,0.0,-0.0,0.0,0.0,0.0,0.0,0.0,0.0,0.0
91.9,1.0,2.0,0.0,0.0,0.0,0.0,0.0,19419.077224179604,0.0,0.0,0.0,0.0,0.0,0.0,0.0,0.0,0.0,0.0
112.4,1.0,2.0,0.0,-0.0,0.0,-0.0,0.0,19419.077224179604,0.0,0.0,0.0,0.0,0.0,0.0,0.0,0.0,0.0,-0.0
180.0,0.4729537233052701,0.9459074466105402,0.0,1.0,0.0,1.0540925533894598,178.62,19597.697224179603,0.0,0.0,0.0,0.0,0.0,0.0,0.0,0.0,0.0,1.0
140.61,0.0,0.0,0.0,0.8973665961010275,0.0,0.9459074466105402,124.94035117514608,19722.637575354747,0.0,0.0,0.0,0.0,0.0,0.0,0.0,0.0,0.0,0.8973665961010275
102.83,0.0,0.0,-0.0,0.0,-0.0,0.0,0.0,19722.637575354747,0.0,0.0,-0.0,0.0,0.0,0.0,0.0,0.0,0.0,0.0
82.59,-0.0,-0.0,0.0,0.0,0.0,0.0,0.0,19722.637575354747,0.0,0.0,0.0,0.0,0.0,0.0,0.0,0.0,0.0,0.0
76.0,-0.0,-0.0,0.0,0.0,0.0,0.0,0.0,19722.637575354747,0.0,0.0,0.0,0.0,0.0,0.0,0.0,0.0,0.0,0.0
72.93,-0.0,-0.0,-0.0,0.0,-0.0,0.0,0.0,19722.637575354747,0.0,0.0,-0.0,0.0,0.0,0.0,0.0,0.0,0.0,0.0
73.2,0.0,0.0,0.0,0.0,0.0,0.0,0.0,19722.637575354747,0.0,0.0,0.0,0.0,0.0,0.0,0.0,0.0,0.0,0.0
67.38,-0.0,-0.0,0.0,0.0,0.0,0.0,0.0,19722.637575354747,0.0,0.0,0.0,0.0,0.0,0.0,0.0,0.0,0.0,0.0
64.29,0.0,0.0,-0.0,0.0,-0.0,0.0,0.0,19722.637575354747,0.0,0.0,-0.0,0.0,0.0,0.0,0.0,0.0,0.0,0.0
52.55,0.4743416490252569,0.9486832980505138,1.0,0.0,0.9486832980505138,0.0,-63.05,19659.587575354748,0.0,0.0,1.0,0.0,0.0,0.0,0.0,0.0,0.0,0.0
53.01,0.9486832980505138,1.8973665961010275,1.0,0.0,0.9486832980505138,0.0,-63.51,19596.07757535475,0.0,0.0,1.0,0.0,0.0,0.0,0.0,0.0,0.0,0.0
71.65,0.9486832980505138,1.8973665961010275,0.0,0.0,0.0,0.0,0.0,19596.07757535475,0.0,0.0,0.0,0.0,0.0,0.0,0.0,0.0,0.0,0.0
83.47,0.42163702135578385,0.8432740427115677,0.0,1.0,0.0,1.0540925533894598,82.09,19678.16757535475,0.0,0.0,0.0,0.0,0.0,0.0,0.0,0.0,0.0,1.0
73.28,0.0,0.0,0.0,0.7999999999999998,0.0,0.8432740427115677,57.51999999999999,19735.68757535475,0.0,0.0,0.0,0.0,0.0,0.0,0.0,0.0,0.0,0.7999999999999998
45.16,0.0,0.0,-0.0,0.0,-0.0,0.0,0.0,19735.68757535475,0.0,0.0,-0.0,0.0,0.0,0.0,0.0,0.0,0.0,0.0
34.66,0.0,0.0,0.0,-0.0,0.0,-0.0,0.0,19735.68757535475,0.0,0.0,0.0,0.0,0.0,0.0,0.0,0.0,0.0,-0.0
2.92,-0.0,-0.0,0.0,0.0,0.0,0.0,0.0,19735.68757535475,0.0,0.0,0.0,0.0,0.0,0.0,0.0,0.0,0.0,0.0
0.08,0.4743416490252569,0.9486832980505138,1.0,0.0,0.9486832980505138,0.0,-9.83,19725.85757535475,0.0,0.0,1.0,0.0,0.0,0.0,0.0,0.0,0.0,0.0
0.0,0.9486832980505138,1.8973665961010275,1.0,0.0,0.9486832980505138,0.0,-9.75,19716.10757535475,0.0,0.0,1.0,0.0,0.0,0.0,0.0,0.0,0.0,0.0
0.1,1.0,2.0,0.10818510677891963,0.0,0.10263340389897246,0.0,-1.0656233017723584,19715.041952052976,0.0,0.0,0.10818510677891963,0.0,0.0,0.0,0.0,0.0,0.0,0.0
2.4,1.0,2.0,0.0,0.0,0.0,0.0,0.0,19715.041952052976,0.0,0.0,0.0,0.0,0.0,0.0,0.0,0.0,0.0,0.0
2.99,1.0,2.0,0.0,0.0,0.0,0.0,0.0,19715.041952052976,0.0,0.0,0.0,0.0,0.0,0.0,0.0,0.0,0.0,0.0
4.03,1.0,2.0,0.0,0.0,0.0,0.0,0.0,19715.041952052976,0.0,0.0,0.0,0.0,0.0,0.0,0.0,0.0,0.0,0.0
20.01,1.0,2.0,0.0,-0.0,0.0,-0.0,0.0,19715.041952052976,0.0,0.0,0.0,0.0,0.0,0.0,0.0,0.0,0.0,-0.0
38.74,1.0,2.0,0.0,-0.0,0.0,-0.0,0.0,19715.041952052976,0.0,0.0,0.0,0.0,0.0,0.0,0.0,0.0,0.0,-0.0
44.79,1.0,2.0,0.0,-0.0,0.0,-0.0,0.0,19715.041952052976,0.0,0.0,0.0,0.0,0.0,0.0,0.0,0.0,0.0,-0.0
40.44,1.0,2.0,0.0,0.0,0.0,0.0,0.0,19715.041952052976,0.0,0.0,0.0,0.0,0.0,0.0,0.0,0.0,0.0,0.0
43.18,1.0,2.0,0.0,0.0,0.0,0.0,0.0,19715.041952052976,0.0,0.0,0.0,0.0,0.0,0.0,0.0,0.0,0.0,0.0
47.99,1.0,2.0,0.0,-0.0,0.0,-0.0,0.0,19715.041952052976,0.0,0.0,0.0,0.0,0.0,0.0,0.0,0.0,0.0,-0.0
40.49,1.0,2.0,0.0,0.0,0.0,0.0,0.0,19715.041952052976,0.0,0.0,0.0,0.0,0.0,0.0,0.0,0.0,0.0,0.0
50.92,1.0,2.0,0.0,-0.0,0.0,-0.0,0.0,19715.041952052976,0.0,0.0,0.0,0.0,0.0,0.0,0.0,0.0,0.0,-0.0
76.36,0.4729537233052701,0.9459074466105402,0.0,1.0,0.0,1.0540925533894598,74.98,19790.021952052975,0.0,0.0,0.0,0.0,0.0,0.0,0.0,0.0,0.0,1.0
52.69,0.5256583509747431,1.0513167019494862,0.11111111111111122,0.0,0.10540925533894607,0.0,-7.021111111111118,19783.000840941866,0.0,0.0,0.11111111111111122,0.0,0.0,0.0,0.0,0.0,0.0,0.0
47.11,1.0,2.0,1.0,0.0,0.9486832980505138,0.0,-57.53,19725.470840941867,0.0,0.0,1.0,0.0,0.0,0.0,0.0,0.0,0.0,0.0
56.85,1.0,2.0,0.0,0.0,0.0,0.0,0.0,19725.470840941867,0.0,0.0,0.0,0.0,0.0,0.0,0.0,0.0,0.0,0.0
101.5,1.0,2.0,0.0,-0.0,0.0,-0.0,0.0,19725.470840941867,0.0,0.0,0.0,0.0,0.0,0.0,0.0,0.0,0.0,-0.0
124.47,0.4729537233052701,0.9459074466105402,0.0,1.0,0.0,1.0540925533894598,123.09,19848.560840941867,0.0,0.0,0.0,0.0,0.0,0.0,0.0,0.0,0.0,1.0
109.94,0.0,0.0,0.0,0.8973665961010275,0.0,0.9459074466105402,97.41811767272755,19945.978958614596,0.0,0.0,0.0,0.0,0.0,0.0,0.0,0.0,0.0,0.8973665961010275
94.82,-0.0,-0.0,0.0,0.0,0.0,0.0,0.0,19945.978958614596,0.0,0.0,0.0,0.0,0.0,0.0,0.0,0.0,0.0,0.0
79.75,0.0,0.0,-0.0,0.0,-0.0,0.0,0.0,19945.978958614596,0.0,0.0,-0.0,0.0,0.0,0.0,0.0,0.0,0.0,0.0
64.08,0.0,0.0,-0.0,0.0,-0.0,0.0,0.0,19945.978958614596,0.0,0.0,-0.0,0.0,0.0,0.0,0.0,0.0,0.0,0.0
35.3,0.05131670194948623,0.10263340389897246,0.10818510677891963,0.0,0.10263340389897246,0.0,-4.927831613779789,19941.051127000817,0.0,0.0,0.10818510677891963,0.0,0.0,0.0,0.0,0.0,0.0,0.0
22.4,0.5256583509747431,1.0513167019494862,1.0,0.0,0.9486832980505138,0.0,-32.47,19908.581127000816,0.0,0.0,1.0,0.0,0.0,0.0,0.0,0.0,0.0,0.0
24.94,1.0,2.0,1.0,0.0,0.9486832980505138,0.0,-35.04,19873.541127000815,0.0,0.0,1.0,0.0,0.0,0.0,0.0,0.0,0.0,0.0
54.18,1.0,2.0,0.0,-0.0,0.0,-0.0,0.0,19873.541127000815,0.0,0.0,0.0,0.0,0.0,0.0,0.0,0.0,0.0,-0.0
68.0,1.0,2.0,0.0,-0.0,0.0,-0.0,0.0,19873.541127000815,0.0,0.0,0.0,0.0,0.0,0.0,0.0,0.0,0.0,-0.0
89.0,1.0,2.0,-0.0,0.0,-0.0,0.0,0.0,19873.541127000815,0.0,0.0,-0.0,0.0,0.0,0.0,0.0,0.0,0.0,0.0
114.87,1.0,2.0,0.0,0.0,0.0,0.0,0.0,19873.541127000815,0.0,0.0,0.0,0.0,0.0,0.0,0.0,0.0,0.0,0.0
146.19,0.4729537233052701,0.9459074466105402,0.0,1.0,0.0,1.0540925533894598,144.81,20018.351127000817,0.0,0.0,0.0,0.0,0.0,0.0,0.0,0.0,0.0,1.0
136.48,0.0,0.0,0.0,0.8973665961010275,0.0,0.9459074466105402,121.23422713324881,20139.585354134066,0.0,0.0,0.0,0.0,0.0,0.0,0.0,0.0,0.0,0.8973665961010275
120.99,0.0,0.0,0.0,-0.0,0.0,-0.0,0.0,20139.585354134066,0.0,0.0,0.0,0.0,0.0,0.0,0.0,0.0,0.0,-0.0
109.69,-0.0,-0.0,0.0,0.0,0.0,0.0,0.0,20139.585354134066,0.0,0.0,0.0,0.0,0.0,0.0,0.0,0.0,0.0,0.0
98.59,-0.0,-0.0,0.0,0.0,0.0,0.0,0.0,20139.585354134066,0.0,0.0,0.0,0.0,0.0,0.0,0.0,0.0,0.0,0.0
88.99,0.0,0.0,-0.0,0.0,-0.0,0.0,0.0,20139.585354134066,0.0,0.0,-0.0,0.0,0.0,0.0,0.0,0.0,0.0,0.0
83.99,-0.0,-0.0,0.0,0.0,0.0,0.0,0.0,20139.585354134066,0.0,0.0,0.0,0.0,0.0,0.0,0.0,0.0,0.0,0.0
81.67,0.05131670194948623,0.10263340389897246,0.10818510677891963,0.0,0.10263340389897246,0.0,-10.01577718559238,20129.569576948474,0.0,0.0,0.10818510677891963,0.0,0.0,0.0,0.0,0.0,0.0,0.0
80.07,0.5256583509747431,1.0513167019494862,1.0,0.0,0.9486832980505138,0.0,-90.96,20038.609576948475,0.0,0.0,1.0,0.0,0.0,0.0,0.0,0.0,0.0,0.0
81.28,1.0,2.0,1.0,0.0,0.9486832980505138,0.0,-92.18,19946.429576948474,0.0,0.0,1.0,0.0,0.0,0.0,0.0,0.0,0.0,0.0
87.43,1.0,2.0,0.0,0.0,0.0,0.0,0.0,19946.429576948474,0.0,0.0,0.0,0.0,0.0,0.0,0.0,0.0,0.0,0.0
105.06,1.0,2.0,0.0,-0.0,0.0,-0.0,0.0,19946.429576948474,0.0,0.0,0.0,0.0,0.0,0.0,0.0,0.0,0.0,-0.0
122.33,0.5270462766947299,1.0540925533894598,0.0,0.8973665961010275,0.0,0.9459074466105402,108.53648979841928,20054.966066746892,0.0,0.0,0.0,0.0,0.0,0.0,0.0,0.0,0.0,0.8973665961010275
130.0,-0.0,-0.0,0.0,1.0,0.0,1.0540925533894598,128.62,20183.58606674689,0.0,0.0,0.0,0.0,0.0,0.0,0.0,0.0,0.0,1.0
121.0,-0.0,-0.0,0.0,0.0,0.0,0.0,0.0,20183.58606674689,0.0,0.0,0.0,0.0,0.0,0.0,0.0,0.0,0.0,0.0
110.0,0.0,0.0,0.0,0.0,0.0,0.0,0.0,20183.58606674689,0.0,0.0,0.0,0.0,0.0,0.0,0.0,0.0,0.0,0.0
95.03,-0.0,-0.0,0.0,0.0,0.0,0.0,0.0,20183.58606674689,0.0,0.0,0.0,0.0,0.0,0.0,0.0,0.0,0.0,0.0
80.84,0.05131670194948623,0.10263340389897246,0.10818510677891963,0.0,0.10263340389897246,0.0,-9.924901695898088,20173.661165050995,0.0,0.0,0.10818510677891963,0.0,0.0,0.0,0.0,0.0,0.0,0.0
81.04,0.05131670194948623,0.10263340389897246,0.0,0.0,0.0,0.0,0.0,20173.661165050995,0.0,0.0,0.0,0.0,0.0,0.0,0.0,0.0,0.0,0.0
77.75,0.5256583509747431,1.0513167019494862,1.0,0.0,0.9486832980505138,0.0,-88.6,20085.061165050996,0.0,0.0,1.0,0.0,0.0,0.0,0.0,0.0,0.0,0.0
77.65,1.0,2.0,1.0,0.0,0.9486832980505138,0.0,-88.5,19996.561165050996,0.0,0.0,1.0,0.0,0.0,0.0,0.0,0.0,0.0,0.0
83.45,1.0,2.0,-0.0,0.0,-0.0,0.0,0.0,19996.561165050996,0.0,0.0,-0.0,0.0,0.0,0.0,0.0,0.0,0.0,0.0
91.21,1.0,2.0,0.0,0.0,0.0,0.0,0.0,19996.561165050996,0.0,0.0,0.0,0.0,0.0,0.0,0.0,0.0,0.0,0.0
109.09,1.0,2.0,0.0,0.0,0.0,0.0,0.0,19996.561165050996,0.0,0.0,0.0,0.0,0.0,0.0,0.0,0.0,0.0,0.0
119.51,0.4729537233052701,0.9459074466105402,0.0,1.0,0.0,1.0540925533894598,118.13000000000001,20114.691165050997,0.0,0.0,0.0,0.0,0.0,0.0,0.0,0.0,0.0,1.0
118.17,-0.0,-0.0,0.0,0.8973665961010275,0.0,0.9459074466105402,104.803444758639,20219.494609809637,0.0,0.0,0.0,0.0,0.0,0.0,0.0,0.0,0.0,0.8973665961010275
105.34,0.0,0.0,0.0,0.0,0.0,0.0,0.0,20219.494609809637,0.0,0.0,0.0,0.0,0.0,0.0,0.0,0.0,0.0,0.0
84.7,-0.0,-0.0,0.0,0.0,0.0,0.0,0.0,20219.494609809637,0.0,0.0,0.0,0.0,0.0,0.0,0.0,0.0,0.0,0.0
82.63,-0.0,-0.0,0.0,0.0,0.0,0.0,0.0,20219.494609809637,0.0,0.0,0.0,0.0,0.0,0.0,0.0,0.0,0.0,0.0
80.75,0.0,0.0,-0.0,0.0,-0.0,0.0,0.0,20219.494609809637,0.0,0.0,-0.0,0.0,0.0,0.0,0.0,0.0,0.0,0.0
73.7,-0.0,-0.0,0.0,0.0,0.0,0.0,0.0,20219.494609809637,0.0,0.0,0.0,0.0,0.0,0.0,0.0,0.0,0.0,0.0
71.51,0.0,0.0,-0.0,0.0,-0.0,0.0,0.0,20219.494609809637,0.0,0.0,-0.0,0.0,0.0,0.0,0.0,0.0,0.0,0.0
71.64,-0.0,-0.0,0.0,0.0,0.0,0.0,0.0,20219.494609809637,0.0,0.0,0.0,0.0,0.0,0.0,0.0,0.0,0.0,0.0
67.7,-0.0,-0.0,0.0,0.0,0.0,0.0,0.0,20219.494609809637,0.0,0.0,0.0,0.0,0.0,0.0,0.0,0.0,0.0,0.0
70.0,-0.0,-0.0,0.0,0.0,0.0,0.0,0.0,20219.494609809637,0.0,0.0,0.0,0.0,0.0,0.0,0.0,0.0,0.0,0.0
70.66,-0.0,-0.0,0.0,0.0,0.0,0.0,0.0,20219.494609809637,0.0,0.0,0.0,0.0,0.0,0.0,0.0,0.0,0.0,0.0
78.1,-0.0,-0.0,0.0,0.0,0.0,0.0,0.0,20219.494609809637,0.0,0.0,0.0,0.0,0.0,0.0,0.0,0.0,0.0,0.0
80.76,-0.0,-0.0,0.0,-0.0,0.0,-0.0,0.0,20219.494609809637,0.0,0.0,0.0,0.0,0.0,0.0,0.0,0.0,0.0,-0.0
79.91,0.0,0.0,0.0,0.0,0.0,0.0,0.0,20219.494609809637,0.0,0.0,0.0,0.0,0.0,0.0,0.0,0.0,0.0,0.0
76.73,-0.0,-0.0,0.0,0.0,0.0,0.0,0.0,20219.494609809637,0.0,0.0,0.0,0.0,0.0,0.0,0.0,0.0,0.0,0.0
70.2,-0.0,-0.0,0.0,0.0,0.0,0.0,0.0,20219.494609809637,0.0,0.0,0.0,0.0,0.0,0.0,0.0,0.0,0.0,0.0
75.03,-0.0,-0.0,0.0,0.0,0.0,0.0,0.0,20219.494609809637,0.0,0.0,0.0,0.0,0.0,0.0,0.0,0.0,0.0,0.0
58.0,0.05131670194948623,0.10263340389897246,0.10818510677891963,0.0,0.10263340389897246,0.0,-7.4182527718305185,20212.076357037808,0.0,0.0,0.10818510677891963,0.0,0.0,0.0,0.0,0.0,0.0,0.0
53.11,0.5256583509747431,1.0513167019494862,1.0,0.0,0.9486832980505138,0.0,-63.61,20148.466357037807,0.0,0.0,1.0,0.0,0.0,0.0,0.0,0.0,0.0,0.0
55.02,1.0,2.0,1.0,0.0,0.9486832980505138,0.0,-65.55,20082.916357037808,0.0,0.0,1.0,0.0,0.0,0.0,0.0,0.0,0.0,0.0
65.81,1.0,2.0,0.0,0.0,0.0,0.0,0.0,20082.916357037808,0.0,0.0,0.0,0.0,0.0,0.0,0.0,0.0,0.0,0.0
83.35,1.0,2.0,-0.0,0.0,-0.0,0.0,0.0,20082.916357037808,0.0,0.0,-0.0,0.0,0.0,0.0,0.0,0.0,0.0,0.0
99.24,1.0,2.0,0.0,0.0,0.0,0.0,0.0,20082.916357037808,0.0,0.0,0.0,0.0,0.0,0.0,0.0,0.0,0.0,0.0
118.93,0.5270462766947299,1.0540925533894598,0.0,0.8973665961010275,0.0,0.9459074466105402,105.48544337167579,20188.401800409483,0.0,0.0,0.0,0.0,0.0,0.0,0.0,0.0,0.0,0.8973665961010275
121.59,0.0,0.0,0.0,1.0,0.0,1.0540925533894598,120.21000000000001,20308.611800409482,0.0,0.0,0.0,0.0,0.0,0.0,0.0,0.0,0.0,1.0
111.76,0.0,0.0,0.0,-0.0,0.0,-0.0,0.0,20308.611800409482,0.0,0.0,0.0,0.0,0.0,0.0,0.0,0.0,0.0,-0.0
99.55,-0.0,-0.0,0.0,0.0,0.0,0.0,0.0,20308.611800409482,0.0,0.0,0.0,0.0,0.0,0.0,0.0,0.0,0.0,0.0
90.0,-0.0,-0.0,0.0,0.0,0.0,0.0,0.0,20308.611800409482,0.0,0.0,0.0,0.0,0.0,0.0,0.0,0.0,0.0,0.0
81.45,0.0,0.0,-0.0,0.0,-0.0,0.0,0.0,20308.611800409482,0.0,0.0,-0.0,0.0,0.0,0.0,0.0,0.0,0.0,0.0
74.38,0.0,0.0,-0.0,0.0,-0.0,0.0,0.0,20308.611800409482,0.0,0.0,-0.0,0.0,0.0,0.0,0.0,0.0,0.0,0.0
78.6,-0.0,-0.0,0.0,0.0,0.0,0.0,0.0,20308.611800409482,0.0,0.0,0.0,0.0,0.0,0.0,0.0,0.0,0.0,0.0
76.21,-0.0,-0.0,0.0,0.0,0.0,0.0,0.0,20308.611800409482,0.0,0.0,0.0,0.0,0.0,0.0,0.0,0.0,0.0,0.0
78.92,-0.0,-0.0,0.0,0.0,0.0,0.0,0.0,20308.611800409482,0.0,0.0,0.0,0.0,0.0,0.0,0.0,0.0,0.0,0.0
83.05,-0.0,-0.0,0.0,0.0,0.0,0.0,0.0,20308.611800409482,0.0,0.0,0.0,0.0,0.0,0.0,0.0,0.0,0.0,0.0
84.36,-0.0,-0.0,0.0,0.0,0.0,0.0,0.0,20308.611800409482,0.0,0.0,0.0,0.0,0.0,0.0,0.0,0.0,0.0,0.0
88.92,0.0,0.0,0.0,-0.0,0.0,-0.0,0.0,20308.611800409482,0.0,0.0,0.0,0.0,0.0,0.0,0.0,0.0,0.0,-0.0
83.89,0.0,0.0,0.0,-0.0,0.0,-0.0,0.0,20308.611800409482,0.0,0.0,0.0,0.0,0.0,0.0,0.0,0.0,0.0,-0.0
76.43,0.0,0.0,0.0,-0.0,0.0,-0.0,0.0,20308.611800409482,0.0,0.0,0.0,0.0,0.0,0.0,0.0,0.0,0.0,-0.0
29.99,0.0,0.0,-0.0,0.0,-0.0,0.0,0.0,20308.611800409482,0.0,0.0,-0.0,0.0,0.0,0.0,0.0,0.0,0.0,0.0
4.54,-0.0,-0.0,0.0,0.0,0.0,0.0,0.0,20308.611800409482,0.0,0.0,0.0,0.0,0.0,0.0,0.0,0.0,0.0,0.0
0.0,-0.0,-0.0,0.0,0.0,0.0,0.0,0.0,20308.611800409482,0.0,0.0,0.0,0.0,0.0,0.0,0.0,0.0,0.0,0.0
-0.83,0.4743416490252569,0.9486832980505138,1.0,0.0,0.9486832980505138,0.0,-8.91,20299.701800409483,0.0,0.0,1.0,0.0,0.0,0.0,0.0,0.0,0.0,0.0
-0.37,0.5256583509747431,1.0513167019494862,0.10818510677891963,0.0,0.10263340389897246,0.0,-1.0136944505184768,20298.688105958965,0.0,0.0,0.10818510677891963,0.0,0.0,0.0,0.0,0.0,0.0,0.0
-0.86,1.0,2.0,1.0,0.0,0.9486832980505138,0.0,-8.88,20289.808105958964,0.0,0.0,1.0,0.0,0.0,0.0,0.0,0.0,0.0,0.0
0.2,1.0,2.0,0.0,0.0,0.0,0.0,0.0,20289.808105958964,0.0,0.0,0.0,0.0,0.0,0.0,0.0,0.0,0.0,0.0
64.01,1.0,2.0,0.0,-0.0,0.0,-0.0,0.0,20289.808105958964,0.0,0.0,0.0,0.0,0.0,0.0,0.0,0.0,0.0,-0.0
102.77,1.0,2.0,0.0,-0.0,0.0,-0.0,0.0,20289.808105958964,0.0,0.0,0.0,0.0,0.0,0.0,0.0,0.0,0.0,-0.0
108.01,1.0,2.0,0.0,-0.0,0.0,-0.0,0.0,20289.808105958964,0.0,0.0,0.0,0.0,0.0,0.0,0.0,0.0,0.0,-0.0
126.68,0.4729537233052701,0.9459074466105402,0.0,1.0,0.0,1.0540925533894598,125.30000000000001,20415.108105958963,0.0,0.0,0.0,0.0,0.0,0.0,0.0,0.0,0.0,1.0
119.9,0.0,0.0,0.0,0.8973665961010275,0.0,0.9459074466105402,106.35588896989378,20521.463994928858,0.0,0.0,0.0,0.0,0.0,0.0,0.0,0.0,0.0,0.8973665961010275
103.9,-0.0,-0.0,0.0,0.0,0.0,0.0,0.0,20521.463994928858,0.0,0.0,0.0,0.0,0.0,0.0,0.0,0.0,0.0,0.0
94.41,-0.0,-0.0,0.0,0.0,0.0,0.0,0.0,20521.463994928858,0.0,0.0,0.0,0.0,0.0,0.0,0.0,0.0,0.0,0.0
98.0,-0.0,-0.0,0.0,0.0,0.0,0.0,0.0,20521.463994928858,0.0,0.0,0.0,0.0,0.0,0.0,0.0,0.0,0.0,0.0
94.9,-0.0,-0.0,0.0,0.0,0.0,0.0,0.0,20521.463994928858,0.0,0.0,0.0,0.0,0.0,0.0,0.0,0.0,0.0,0.0
98.98,-0.0,-0.0,0.0,0.0,0.0,0.0,0.0,20521.463994928858,0.0,0.0,0.0,0.0,0.0,0.0,0.0,0.0,0.0,0.0
97.41,-0.0,-0.0,0.0,0.0,0.0,0.0,0.0,20521.463994928858,0.0,0.0,0.0,0.0,0.0,0.0,0.0,0.0,0.0,0.0
98.83,-0.0,-0.0,0.0,0.0,0.0,0.0,0.0,20521.463994928858,0.0,0.0,0.0,0.0,0.0,0.0,0.0,0.0,0.0,0.0
108.64,-0.0,-0.0,0.0,0.0,0.0,0.0,0.0,20521.463994928858,0.0,0.0,0.0,0.0,0.0,0.0,0.0,0.0,0.0,0.0
109.38,0.0,0.0,0.0,-0.0,0.0,-0.0,0.0,20521.463994928858,0.0,0.0,0.0,0.0,0.0,0.0,0.0,0.0,0.0,-0.0
94.32,0.0,0.0,0.0,-0.0,0.0,-0.0,0.0,20521.463994928858,0.0,0.0,0.0,0.0,0.0,0.0,0.0,0.0,0.0,-0.0
68.6,0.0,0.0,0.0,-0.0,0.0,-0.0,0.0,20521.463994928858,0.0,0.0,0.0,0.0,0.0,0.0,0.0,0.0,0.0,-0.0
18.63,0.0,0.0,-0.0,0.0,-0.0,0.0,0.0,20521.463994928858,0.0,0.0,-0.0,0.0,0.0,0.0,0.0,0.0,0.0,0.0
0.0,-0.0,-0.0,0.0,0.0,0.0,0.0,0.0,20521.463994928858,0.0,0.0,0.0,0.0,0.0,0.0,0.0,0.0,0.0,0.0
-0.08,0.05131670194948623,0.10263340389897246,0.10818510677891963,0.0,0.10263340389897246,0.0,-1.046149982552153,20520.417844946307,0.0,0.0,0.10818510677891963,0.0,0.0,0.0,0.0,0.0,0.0,0.0
-0.72,0.5256583509747431,1.0513167019494862,1.0,0.0,0.9486832980505138,0.0,-9.02,20511.397844946307,0.0,0.0,1.0,0.0,0.0,0.0,0.0,0.0,0.0,0.0
-0.01,0.5256583509747431,1.0513167019494862,0.0,0.0,0.0,0.0,-0.0,20511.397844946307,0.0,0.0,0.0,0.0,0.0,0.0,0.0,0.0,0.0,0.0
0.0,0.5256583509747431,1.0513167019494862,0.0,0.0,0.0,0.0,0.0,20511.397844946307,0.0,0.0,0.0,0.0,0.0,0.0,0.0,0.0,0.0,0.0
-0.77,1.0,2.0,1.0,0.0,0.9486832980505138,0.0,-8.97,20502.427844946305,0.0,0.0,1.0,0.0,0.0,0.0,0.0,0.0,0.0,0.0
0.0,1.0,2.0,0.0,0.0,0.0,0.0,0.0,20502.427844946305,0.0,0.0,0.0,0.0,0.0,0.0,0.0,0.0,0.0,0.0
72.42,1.0,2.0,0.0,-0.0,0.0,-0.0,0.0,20502.427844946305,0.0,0.0,0.0,0.0,0.0,0.0,0.0,0.0,0.0,-0.0
106.81,1.0,2.0,0.0,-0.0,0.0,-0.0,0.0,20502.427844946305,0.0,0.0,0.0,0.0,0.0,0.0,0.0,0.0,0.0,-0.0
119.94,1.0,2.0,0.0,0.0,0.0,0.0,0.0,20502.427844946305,0.0,0.0,0.0,0.0,0.0,0.0,0.0,0.0,0.0,0.0
144.95,0.4729537233052701,0.9459074466105402,0.0,1.0,0.0,1.0540925533894598,143.57,20645.997844946305,0.0,0.0,0.0,0.0,0.0,0.0,0.0,0.0,0.0,1.0
137.56,-0.0,-0.0,0.0,0.8973665961010275,0.0,0.9459074466105402,122.20338305703793,20768.20122800334,0.0,0.0,0.0,0.0,0.0,0.0,0.0,0.0,0.0,0.8973665961010275
121.82,0.0,0.0,0.0,0.0,0.0,0.0,0.0,20768.20122800334,0.0,0.0,0.0,0.0,0.0,0.0,0.0,0.0,0.0,0.0
110.68,-0.0,-0.0,0.0,-0.0,0.0,-0.0,0.0,20768.20122800334,0.0,0.0,0.0,0.0,0.0,0.0,0.0,0.0,0.0,-0.0
108.58,-0.0,-0.0,0.0,0.0,0.0,0.0,0.0,20768.20122800334,0.0,0.0,0.0,0.0,0.0,0.0,0.0,0.0,0.0,0.0
97.59,-0.0,-0.0,0.0,0.0,0.0,0.0,0.0,20768.20122800334,0.0,0.0,0.0,0.0,0.0,0.0,0.0,0.0,0.0,0.0
96.47,-0.0,-0.0,0.0,0.0,0.0,0.0,0.0,20768.20122800334,0.0,0.0,0.0,0.0,0.0,0.0,0.0,0.0,0.0,0.0
96.84,-0.0,-0.0,0.0,0.0,0.0,0.0,0.0,20768.20122800334,0.0,0.0,0.0,0.0,0.0,0.0,0.0,0.0,0.0,0.0
97.98,-0.0,-0.0,0.0,0.0,0.0,0.0,0.0,20768.20122800334,0.0,0.0,0.0,0.0,0.0,0.0,0.0,0.0,0.0,0.0
98.54,-0.0,-0.0,0.0,0.0,0.0,0.0,0.0,20768.20122800334,0.0,0.0,0.0,0.0,0.0,0.0,0.0,0.0,0.0,0.0
97.07,-0.0,-0.0,0.0,0.0,0.0,0.0,0.0,20768.20122800334,0.0,0.0,0.0,0.0,0.0,0.0,0.0,0.0,0.0,0.0
91.31,-0.0,-0.0,0.0,0.0,0.0,0.0,0.0,20768.20122800334,0.0,0.0,0.0,0.0,0.0,0.0,0.0,0.0,0.0,0.0
88.5,-0.0,-0.0,0.0,0.0,0.0,0.0,0.0,20768.20122800334,0.0,0.0,0.0,0.0,0.0,0.0,0.0,0.0,0.0,0.0
87.99,0.0,0.0,0.0,0.0,0.0,0.0,0.0,20768.20122800334,0.0,0.0,0.0,0.0,0.0,0.0,0.0,0.0,0.0,0.0
65.24,0.0,0.0,-0.0,0.0,-0.0,0.0,0.0,20768.20122800334,0.0,0.0,-0.0,0.0,0.0,0.0,0.0,0.0,0.0,0.0
33.88,0.0,0.0,0.0,-0.0,0.0,-0.0,0.0,20768.20122800334,0.0,0.0,0.0,0.0,0.0,0.0,0.0,0.0,0.0,-0.0
17.19,-0.0,-0.0,0.0,0.0,0.0,0.0,0.0,20768.20122800334,0.0,0.0,0.0,0.0,0.0,0.0,0.0,0.0,0.0,0.0
8.91,0.4743416490252569,0.9486832980505138,1.0,0.0,0.9486832980505138,0.0,-18.79,20749.41122800334,0.0,0.0,1.0,0.0,0.0,0.0,0.0,0.0,0.0,0.0
8.44,0.9486832980505138,1.8973665961010275,1.0,0.0,0.9486832980505138,0.0,-18.31,20731.10122800334,0.0,0.0,1.0,0.0,0.0,0.0,0.0,0.0,0.0,0.0
10.29,1.0,2.0,0.10818510677891963,0.0,0.10263340389897246,0.0,-2.184257305866387,20728.91697069747,0.0,0.0,0.10818510677891963,0.0,0.0,0.0,0.0,0.0,0.0,0.0
50.05,1.0,2.0,0.0,-0.0,0.0,-0.0,0.0,20728.91697069747,0.0,0.0,0.0,0.0,0.0,0.0,0.0,0.0,0.0,-0.0
88.77,1.0,2.0,-0.0,0.0,-0.0,0.0,0.0,20728.91697069747,0.0,0.0,-0.0,0.0,0.0,0.0,0.0,0.0,0.0,0.0
101.95,1.0,2.0,-0.0,0.0,-0.0,0.0,0.0,20728.91697069747,0.0,0.0,-0.0,0.0,0.0,0.0,0.0,0.0,0.0,0.0
121.95,1.0,2.0,0.0,0.0,0.0,0.0,0.0,20728.91697069747,0.0,0.0,0.0,0.0,0.0,0.0,0.0,0.0,0.0,0.0
139.14,0.4729537233052701,0.9459074466105402,0.0,1.0,0.0,1.0540925533894598,137.76,20866.67697069747,0.0,0.0,0.0,0.0,0.0,0.0,0.0,0.0,0.0,1.0
132.1,-0.0,-0.0,0.0,0.8973665961010275,0.0,0.9459074466105402,117.3037614423263,20983.980732139797,0.0,0.0,0.0,0.0,0.0,0.0,0.0,0.0,0.0,0.8973665961010275
122.77,0.0,0.0,0.0,0.0,0.0,0.0,0.0,20983.980732139797,0.0,0.0,0.0,0.0,0.0,0.0,0.0,0.0,0.0,0.0
106.54,-0.0,-0.0,0.0,0.0,0.0,0.0,0.0,20983.980732139797,0.0,0.0,0.0,0.0,0.0,0.0,0.0,0.0,0.0,0.0
96.21,-0.0,-0.0,0.0,0.0,0.0,0.0,0.0,20983.980732139797,0.0,0.0,0.0,0.0,0.0,0.0,0.0,0.0,0.0,0.0
88.8,0.0,0.0,-0.0,0.0,-0.0,0.0,0.0,20983.980732139797,0.0,0.0,-0.0,0.0,0.0,0.0,0.0,0.0,0.0,0.0
87.4,0.05131670194948623,0.10263340389897246,0.10818510677891963,0.0,0.10263340389897246,0.0,-10.644332655977902,20973.33639948382,0.0,0.0,0.10818510677891963,0.0,0.0,0.0,0.0,0.0,0.0,0.0
85.01,0.5256583509747431,1.0513167019494862,1.0,0.0,0.9486832980505138,0.0,-95.97,20877.366399483817,0.0,0.0,1.0,0.0,0.0,0.0,0.0,0.0,0.0,0.0
84.58,1.0,2.0,1.0,0.0,0.9486832980505138,0.0,-95.53,20781.83639948382,0.0,0.0,1.0,0.0,0.0,0.0,0.0,0.0,0.0,0.0
97.39,1.0,2.0,0.0,0.0,0.0,0.0,0.0,20781.83639948382,0.0,0.0,0.0,0.0,0.0,0.0,0.0,0.0,0.0,0.0
120.76,1.0,2.0,0.0,0.0,0.0,0.0,0.0,20781.83639948382,0.0,0.0,0.0,0.0,0.0,0.0,0.0,0.0,0.0,0.0
151.54,0.4729537233052701,0.9459074466105402,0.0,1.0,0.0,1.0540925533894598,150.16,20931.996399483818,0.0,0.0,0.0,0.0,0.0,0.0,0.0,0.0,0.0,1.0
147.0,0.0,0.0,0.0,0.8973665961010275,0.0,0.9459074466105402,130.67452372423162,21062.67092320805,0.0,0.0,0.0,0.0,0.0,0.0,0.0,0.0,0.0,0.8973665961010275
111.88,-0.0,-0.0,0.0,0.0,0.0,0.0,0.0,21062.67092320805,0.0,0.0,0.0,0.0,0.0,0.0,0.0,0.0,0.0,0.0
95.2,0.0,0.0,-0.0,0.0,-0.0,0.0,0.0,21062.67092320805,0.0,0.0,-0.0,0.0,0.0,0.0,0.0,0.0,0.0,0.0
89.97,0.0,0.0,-0.0,0.0,-0.0,0.0,0.0,21062.67092320805,0.0,0.0,-0.0,0.0,0.0,0.0,0.0,0.0,0.0,0.0
79.92,-0.0,-0.0,0.0,0.0,0.0,0.0,0.0,21062.67092320805,0.0,0.0,0.0,0.0,0.0,0.0,0.0,0.0,0.0,0.0
67.66,0.4743416490252569,0.9486832980505138,1.0,0.0,0.9486832980505138,0.0,-78.37,20984.30092320805,0.0,0.0,1.0,0.0,0.0,0.0,0.0,0.0,0.0,0.0
71.47,0.9486832980505138,1.8973665961010275,1.0,0.0,0.9486832980505138,0.0,-82.23,20902.07092320805,0.0,0.0,1.0,0.0,0.0,0.0,0.0,0.0,0.0,0.0
78.45,1.0,2.0,0.10818510677891963,0.0,0.10263340389897246,0.0,-9.662011886425312,20892.408911321625,0.0,0.0,0.10818510677891963,0.0,0.0,0.0,0.0,0.0,0.0,0.0
83.07,1.0,2.0,0.0,0.0,0.0,0.0,0.0,20892.408911321625,0.0,0.0,0.0,0.0,0.0,0.0,0.0,0.0,0.0,0.0
100.04,1.0,2.0,0.0,0.0,0.0,0.0,0.0,20892.408911321625,0.0,0.0,0.0,0.0,0.0,0.0,0.0,0.0,0.0,0.0
122.38,1.0,2.0,-0.0,0.0,-0.0,0.0,0.0,20892.408911321625,0.0,0.0,-0.0,0.0,0.0,0.0,0.0,0.0,0.0,0.0
190.41,0.5270462766947299,1.0540925533894598,0.0,0.8973665961010275,0.0,0.9459074466105402,169.62920766097722,21062.038118982604,0.0,0.0,0.0,0.0,0.0,0.0,0.0,0.0,0.0,0.8973665961010275
263.2,0.0,0.0,0.0,1.0,0.0,1.0540925533894598,261.82,21323.858118982604,0.0,0.0,0.0,0.0,0.0,0.0,0.0,0.0,0.0,1.0
157.28,0.0,0.0,0.0,-0.0,0.0,-0.0,0.0,21323.858118982604,0.0,0.0,0.0,0.0,0.0,0.0,0.0,0.0,0.0,-0.0
121.0,0.0,0.0,-0.0,0.0,-0.0,0.0,0.0,21323.858118982604,0.0,0.0,-0.0,0.0,0.0,0.0,0.0,0.0,0.0,0.0
107.49,0.0,0.0,-0.0,0.0,-0.0,0.0,0.0,21323.858118982604,0.0,0.0,-0.0,0.0,0.0,0.0,0.0,0.0,0.0,0.0
106.72,-0.0,-0.0,0.0,0.0,0.0,0.0,0.0,21323.858118982604,0.0,0.0,0.0,0.0,0.0,0.0,0.0,0.0,0.0,0.0
99.4,0.05131670194948623,0.10263340389897246,0.10818510677891963,0.0,0.10263340389897246,0.0,-11.960945405477355,21311.897173577127,0.0,0.0,0.10818510677891963,0.0,0.0,0.0,0.0,0.0,0.0,0.0
96.84,0.5256583509747431,1.0513167019494862,1.0,0.0,0.9486832980505138,0.0,-107.96000000000001,21203.937173577127,0.0,0.0,1.0,0.0,0.0,0.0,0.0,0.0,0.0,0.0
96.7,1.0,2.0,1.0,0.0,0.9486832980505138,0.0,-107.82000000000001,21096.117173577128,0.0,0.0,1.0,0.0,0.0,0.0,0.0,0.0,0.0,0.0
99.68,1.0,2.0,-0.0,0.0,-0.0,0.0,0.0,21096.117173577128,0.0,0.0,-0.0,0.0,0.0,0.0,0.0,0.0,0.0,0.0
108.23,1.0,2.0,0.0,0.0,0.0,0.0,0.0,21096.117173577128,0.0,0.0,0.0,0.0,0.0,0.0,0.0,0.0,0.0,0.0
137.09,0.5270462766947299,1.0540925533894598,0.0,0.8973665961010275,0.0,0.9459074466105402,121.78162075687045,21217.898794334,0.0,0.0,0.0,0.0,0.0,0.0,0.0,0.0,0.0,0.8973665961010275
152.0,-0.0,-0.0,0.0,1.0,0.0,1.0540925533894598,150.62,21368.518794334,0.0,0.0,0.0,0.0,0.0,0.0,0.0,0.0,0.0,1.0
128.84,0.0,0.0,0.0,0.0,0.0,0.0,0.0,21368.518794334,0.0,0.0,0.0,0.0,0.0,0.0,0.0,0.0,0.0,0.0
100.0,-0.0,-0.0,0.0,0.0,0.0,0.0,0.0,21368.518794334,0.0,0.0,0.0,0.0,0.0,0.0,0.0,0.0,0.0,0.0
92.0,-0.0,-0.0,0.0,0.0,0.0,0.0,0.0,21368.518794334,0.0,0.0,0.0,0.0,0.0,0.0,0.0,0.0,0.0,0.0
94.39,-0.0,-0.0,0.0,0.0,0.0,0.0,0.0,21368.518794334,0.0,0.0,0.0,0.0,0.0,0.0,0.0,0.0,0.0,0.0
81.04,0.4743416490252569,0.9486832980505138,1.0,0.0,0.9486832980505138,0.0,-91.94000000000001,21276.578794334,0.0,0.0,1.0,0.0,0.0,0.0,0.0,0.0,0.0,0.0
80.29,0.9486832980505138,1.8973665961010275,1.0,0.0,0.9486832980505138,0.0,-91.18,21185.398794334,0.0,0.0,1.0,0.0,0.0,0.0,0.0,0.0,0.0,0.0
88.0,1.0,2.0,0.10818510677891963,0.0,0.10263340389897246,0.0,-10.710325571113042,21174.688468762888,0.0,0.0,0.10818510677891963,0.0,0.0,0.0,0.0,0.0,0.0,0.0
92.35,1.0,2.0,-0.0,0.0,-0.0,0.0,0.0,21174.688468762888,0.0,0.0,-0.0,0.0,0.0,0.0,0.0,0.0,0.0,0.0
99.05,1.0,2.0,0.0,0.0,0.0,0.0,0.0,21174.688468762888,0.0,0.0,0.0,0.0,0.0,0.0,0.0,0.0,0.0,0.0
108.28,1.0,2.0,0.0,0.0,0.0,0.0,0.0,21174.688468762888,0.0,0.0,0.0,0.0,0.0,0.0,0.0,0.0,0.0,0.0
128.9,1.0,2.0,0.0,0.0,0.0,0.0,0.0,21174.688468762888,0.0,0.0,0.0,0.0,0.0,0.0,0.0,0.0,0.0,0.0
155.97,0.4729537233052701,0.9459074466105402,0.0,1.0,0.0,1.0540925533894598,154.59,21329.27846876289,0.0,0.0,0.0,0.0,0.0,0.0,0.0,0.0,0.0,1.0
148.67,0.0,0.0,0.0,0.8973665961010275,0.0,0.9459074466105402,132.17312593972034,21461.45159470261,0.0,0.0,0.0,0.0,0.0,0.0,0.0,0.0,0.0,0.8973665961010275
126.11,-0.0,-0.0,0.0,-0.0,0.0,-0.0,0.0,21461.45159470261,0.0,0.0,0.0,0.0,0.0,0.0,0.0,0.0,0.0,-0.0
108.2,0.0,0.0,0.0,0.0,0.0,0.0,0.0,21461.45159470261,0.0,0.0,0.0,0.0,0.0,0.0,0.0,0.0,0.0,0.0
97.15,-0.0,-0.0,0.0,0.0,0.0,0.0,0.0,21461.45159470261,0.0,0.0,0.0,0.0,0.0,0.0,0.0,0.0,0.0,0.0
94.17,0.0,0.0,-0.0,0.0,-0.0,0.0,0.0,21461.45159470261,0.0,0.0,-0.0,0.0,0.0,0.0,0.0,0.0,0.0,0.0
88.3,0.0,0.0,-0.0,0.0,-0.0,0.0,0.0,21461.45159470261,0.0,0.0,-0.0,0.0,0.0,0.0,0.0,0.0,0.0,0.0
86.7,0.05131670194948623,0.10263340389897246,0.10818510677891963,0.0,0.10263340389897246,0.0,-10.56752123016487,21450.884073472444,0.0,0.0,0.10818510677891963,0.0,0.0,0.0,0.0,0.0,0.0,0.0
85.65,0.5256583509747431,1.0513167019494862,1.0,0.0,0.9486832980505138,0.0,-96.62,21354.264073472445,0.0,0.0,1.0,0.0,0.0,0.0,0.0,0.0,0.0,0.0
84.35,1.0,2.0,1.0,0.0,0.9486832980505138,0.0,-95.3,21258.964073472445,0.0,0.0,1.0,0.0,0.0,0.0,0.0,0.0,0.0,0.0
90.93,1.0,2.0,0.0,0.0,0.0,0.0,0.0,21258.964073472445,0.0,0.0,0.0,0.0,0.0,0.0,0.0,0.0,0.0,0.0
110.34,1.0,2.0,0.0,-0.0,0.0,-0.0,0.0,21258.964073472445,0.0,0.0,0.0,0.0,0.0,0.0,0.0,0.0,0.0,-0.0
118.51,0.4729537233052701,0.9459074466105402,0.0,1.0,0.0,1.0540925533894598,117.13000000000001,21376.094073472446,0.0,0.0,0.0,0.0,0.0,0.0,0.0,0.0,0.0,1.0
117.65,-0.0,-0.0,0.0,0.8973665961010275,0.0,0.9459074466105402,104.33681412866648,21480.430887601113,0.0,0.0,0.0,0.0,0.0,0.0,0.0,0.0,0.0,0.8973665961010275
108.91,0.0,0.0,0.0,0.0,0.0,0.0,0.0,21480.430887601113,0.0,0.0,0.0,0.0,0.0,0.0,0.0,0.0,0.0,0.0
96.67,-0.0,-0.0,0.0,0.0,0.0,0.0,0.0,21480.430887601113,0.0,0.0,0.0,0.0,0.0,0.0,0.0,0.0,0.0,0.0
93.55,-0.0,-0.0,0.0,0.0,0.0,0.0,0.0,21480.430887601113,0.0,0.0,0.0,0.0,0.0,0.0,0.0,0.0,0.0,0.0
81.56,0.0,0.0,-0.0,0.0,-0.0,0.0,0.0,21480.430887601113,0.0,0.0,-0.0,0.0,0.0,0.0,0.0,0.0,0.0,0.0
78.95,0.05131670194948623,0.10263340389897246,0.10818510677891963,0.0,0.10263340389897246,0.0,-9.717186290882562,21470.71370131023,0.0,0.0,0.10818510677891963,0.0,0.0,0.0,0.0,0.0,0.0,0.0
78.04,0.5256583509747431,1.0513167019494862,1.0,0.0,0.9486832980505138,0.0,-88.9,21381.813701310228,0.0,0.0,1.0,0.0,0.0,0.0,0.0,0.0,0.0,0.0
78.72,1.0,2.0,1.0,0.0,0.9486832980505138,0.0,-89.59,21292.223701310228,0.0,0.0,1.0,0.0,0.0,0.0,0.0,0.0,0.0,0.0
83.37,1.0,2.0,-0.0,0.0,-0.0,0.0,0.0,21292.223701310228,0.0,0.0,-0.0,0.0,0.0,0.0,0.0,0.0,0.0,0.0
95.36,1.0,2.0,0.0,0.0,0.0,0.0,0.0,21292.223701310228,0.0,0.0,0.0,0.0,0.0,0.0,0.0,0.0,0.0,0.0
101.02,1.0,2.0,0.0,0.0,0.0,0.0,0.0,21292.223701310228,0.0,0.0,0.0,0.0,0.0,0.0,0.0,0.0,0.0,0.0
114.64,0.5270462766947299,1.0540925533894598,0.0,0.8973665961010275,0.0,0.9459074466105402,101.63574067440237,21393.85944198463,0.0,0.0,0.0,0.0,0.0,0.0,0.0,0.0,0.0,0.8973665961010275
121.61,-0.0,-0.0,0.0,1.0,0.0,1.0540925533894598,120.23,21514.08944198463,0.0,0.0,0.0,0.0,0.0,0.0,0.0,0.0,0.0,1.0
114.48,0.0,0.0,0.0,0.0,0.0,0.0,0.0,21514.08944198463,0.0,0.0,0.0,0.0,0.0,0.0,0.0,0.0,0.0,0.0
106.53,-0.0,-0.0,0.0,-0.0,0.0,-0.0,0.0,21514.08944198463,0.0,0.0,0.0,0.0,0.0,0.0,0.0,0.0,0.0,-0.0
93.1,-0.0,-0.0,0.0,0.0,0.0,0.0,0.0,21514.08944198463,0.0,0.0,0.0,0.0,0.0,0.0,0.0,0.0,0.0,0.0
91.03,0.0,0.0,0.0,0.0,0.0,0.0,0.0,21514.08944198463,0.0,0.0,0.0,0.0,0.0,0.0,0.0,0.0,0.0,0.0
82.92,0.4743416490252569,0.9486832980505138,1.0,0.0,0.9486832980505138,0.0,-93.85,21420.23944198463,0.0,0.0,1.0,0.0,0.0,0.0,0.0,0.0,0.0,0.0
82.23,0.9486832980505138,1.8973665961010275,1.0,0.0,0.9486832980505138,0.0,-93.15,21327.08944198463,0.0,0.0,1.0,0.0,0.0,0.0,0.0,0.0,0.0,0.0
83.4,1.0,2.0,0.10818510677891963,0.0,0.10263340389897246,0.0,-10.205101122455488,21316.884340862176,0.0,0.0,0.10818510677891963,0.0,0.0,0.0,0.0,0.0,0.0,0.0
84.95,1.0,2.0,-0.0,0.0,-0.0,0.0,0.0,21316.884340862176,0.0,0.0,-0.0,0.0,0.0,0.0,0.0,0.0,0.0,0.0
94.64,1.0,2.0,0.0,0.0,0.0,0.0,0.0,21316.884340862176,0.0,0.0,0.0,0.0,0.0,0.0,0.0,0.0,0.0,0.0
104.41,1.0,2.0,0.0,0.0,0.0,0.0,0.0,21316.884340862176,0.0,0.0,0.0,0.0,0.0,0.0,0.0,0.0,0.0,0.0
113.39,0.4729537233052701,0.9459074466105402,0.0,1.0,0.0,1.0540925533894598,112.01,21428.894340862174,0.0,0.0,0.0,0.0,0.0,0.0,0.0,0.0,0.0,1.0
111.0,-0.0,-0.0,0.0,0.8973665961010275,0.0,0.9459074466105402,98.36932626459463,21527.26366712677,0.0,0.0,0.0,0.0,0.0,0.0,0.0,0.0,0.0,0.8973665961010275
99.41,-0.0,-0.0,0.0,0.0,0.0,0.0,0.0,21527.26366712677,0.0,0.0,0.0,0.0,0.0,0.0,0.0,0.0,0.0,0.0
88.17,0.0,0.0,0.0,0.0,0.0,0.0,0.0,21527.26366712677,0.0,0.0,0.0,0.0,0.0,0.0,0.0,0.0,0.0,0.0
75.45,0.0,0.0,-0.0,0.0,-0.0,0.0,0.0,21527.26366712677,0.0,0.0,-0.0,0.0,0.0,0.0,0.0,0.0,0.0,0.0
66.61,-0.0,-0.0,0.0,0.0,0.0,0.0,0.0,21527.26366712677,0.0,0.0,0.0,0.0,0.0,0.0,0.0,0.0,0.0,0.0
48.03,0.4743416490252569,0.9486832980505138,1.0,0.0,0.9486832980505138,0.0,-58.46,21468.80366712677,0.0,0.0,1.0,0.0,0.0,0.0,0.0,0.0,0.0,0.0
40.99,0.9486832980505138,1.8973665961010275,1.0,0.0,0.9486832980505138,0.0,-51.32,21417.48366712677,0.0,0.0,1.0,0.0,0.0,0.0,0.0,0.0,0.0,0.0
59.47,1.0,2.0,0.10818510677891963,0.0,0.10263340389897246,0.0,-7.579448580931109,21409.90421854584,0.0,0.0,0.10818510677891963,0.0,0.0,0.0,0.0,0.0,0.0,0.0
73.04,1.0,2.0,0.0,0.0,0.0,0.0,0.0,21409.90421854584,0.0,0.0,0.0,0.0,0.0,0.0,0.0,0.0,0.0,0.0
84.19,1.0,2.0,0.0,-0.0,0.0,-0.0,0.0,21409.90421854584,0.0,0.0,0.0,0.0,0.0,0.0,0.0,0.0,0.0,-0.0
99.43,1.0,2.0,0.0,0.0,0.0,0.0,0.0,21409.90421854584,0.0,0.0,0.0,0.0,0.0,0.0,0.0,0.0,0.0,0.0
115.99,0.5270462766947299,1.0540925533894598,0.0,0.8973665961010275,0.0,0.9459074466105402,102.84718557913875,21512.751404124978,0.0,0.0,0.0,0.0,0.0,0.0,0.0,0.0,0.0,0.8973665961010275
123.78,0.0,0.0,0.0,1.0,0.0,1.0540925533894598,122.4,21635.15140412498,0.0,0.0,0.0,0.0,0.0,0.0,0.0,0.0,0.0,1.0
109.63,-0.0,-0.0,0.0,0.0,0.0,0.0,0.0,21635.15140412498,0.0,0.0,0.0,0.0,0.0,0.0,0.0,0.0,0.0,0.0
100.37,-0.0,-0.0,0.0,0.0,0.0,0.0,0.0,21635.15140412498,0.0,0.0,0.0,0.0,0.0,0.0,0.0,0.0,0.0,0.0
92.09,-0.0,-0.0,0.0,0.0,0.0,0.0,0.0,21635.15140412498,0.0,0.0,0.0,0.0,0.0,0.0,0.0,0.0,0.0,0.0
100.0,-0.0,-0.0,0.0,0.0,0.0,0.0,0.0,21635.15140412498,0.0,0.0,0.0,0.0,0.0,0.0,0.0,0.0,0.0,0.0
92.19,-0.0,-0.0,0.0,0.0,0.0,0.0,0.0,21635.15140412498,0.0,0.0,0.0,0.0,0.0,0.0,0.0,0.0,0.0,0.0
91.02,-0.0,-0.0,0.0,0.0,0.0,0.0,0.0,21635.15140412498,0.0,0.0,0.0,0.0,0.0,0.0,0.0,0.0,0.0,0.0
89.66,-0.0,-0.0,0.0,0.0,0.0,0.0,0.0,21635.15140412498,0.0,0.0,0.0,0.0,0.0,0.0,0.0,0.0,0.0,0.0
89.01,0.0,0.0,-0.0,0.0,-0.0,0.0,0.0,21635.15140412498,0.0,0.0,-0.0,0.0,0.0,0.0,0.0,0.0,0.0,0.0
90.86,-0.0,-0.0,0.0,0.0,0.0,0.0,0.0,21635.15140412498,0.0,0.0,0.0,0.0,0.0,0.0,0.0,0.0,0.0,0.0
93.01,0.0,0.0,0.0,-0.0,0.0,-0.0,0.0,21635.15140412498,0.0,0.0,0.0,0.0,0.0,0.0,0.0,0.0,0.0,-0.0
86.33,0.0,0.0,0.0,-0.0,0.0,-0.0,0.0,21635.15140412498,0.0,0.0,0.0,0.0,0.0,0.0,0.0,0.0,0.0,-0.0
72.19,0.0,0.0,0.0,-0.0,0.0,-0.0,0.0,21635.15140412498,0.0,0.0,0.0,0.0,0.0,0.0,0.0,0.0,0.0,-0.0
34.45,0.0,0.0,0.0,-0.0,0.0,-0.0,0.0,21635.15140412498,0.0,0.0,0.0,0.0,0.0,0.0,0.0,0.0,0.0,-0.0
2.55,-0.0,-0.0,0.0,0.0,0.0,0.0,0.0,21635.15140412498,0.0,0.0,0.0,0.0,0.0,0.0,0.0,0.0,0.0,0.0
-0.01,-0.0,-0.0,0.0,0.0,0.0,0.0,-0.0,21635.15140412498,0.0,0.0,0.0,0.0,0.0,0.0,0.0,0.0,0.0,0.0
-2.82,0.4743416490252569,0.9486832980505138,1.0,0.0,0.9486832980505138,0.0,-6.890000000000001,21628.26140412498,0.0,0.0,1.0,0.0,0.0,0.0,0.0,0.0,0.0,0.0
-2.41,0.5256583509747431,1.0513167019494862,0.10818510677891963,0.0,0.10263340389897246,0.0,-0.7908331305539025,21627.470570994425,0.0,0.0,0.10818510677891963,0.0,0.0,0.0,0.0,0.0,0.0,0.0
-3.4,1.0,2.0,1.0,0.0,0.9486832980505138,0.0,-6.299999999999999,21621.170570994425,0.0,0.0,1.0,0.0,0.0,0.0,0.0,0.0,0.0,0.0
-2.16,1.0,2.0,0.0,0.0,0.0,0.0,-0.0,21621.170570994425,0.0,0.0,0.0,0.0,0.0,0.0,0.0,0.0,0.0,0.0
-0.02,1.0,2.0,0.0,0.0,0.0,0.0,-0.0,21621.170570994425,0.0,0.0,0.0,0.0,0.0,0.0,0.0,0.0,0.0,0.0
30.99,1.0,2.0,0.0,-0.0,0.0,-0.0,0.0,21621.170570994425,0.0,0.0,0.0,0.0,0.0,0.0,0.0,0.0,0.0,-0.0
79.0,1.0,2.0,0.0,0.0,0.0,0.0,0.0,21621.170570994425,0.0,0.0,0.0,0.0,0.0,0.0,0.0,0.0,0.0,0.0
99.81,0.5270462766947299,1.0540925533894598,0.0,0.8973665961010275,0.0,0.9459074466105402,88.32779405422414,21709.49836504865,0.0,0.0,0.0,0.0,0.0,0.0,0.0,0.0,0.0,0.8973665961010275
107.4,-0.0,-0.0,0.0,1.0,0.0,1.0540925533894598,106.02000000000001,21815.51836504865,0.0,0.0,0.0,0.0,0.0,0.0,0.0,0.0,0.0,1.0
96.85,0.0,0.0,0.0,0.0,0.0,0.0,0.0,21815.51836504865,0.0,0.0,0.0,0.0,0.0,0.0,0.0,0.0,0.0,0.0
85.26,-0.0,-0.0,0.0,-0.0,0.0,-0.0,0.0,21815.51836504865,0.0,0.0,0.0,0.0,0.0,0.0,0.0,0.0,0.0,-0.0
72.31,-0.0,-0.0,0.0,0.0,0.0,0.0,0.0,21815.51836504865,0.0,0.0,0.0,0.0,0.0,0.0,0.0,0.0,0.0,0.0
67.71,0.0,0.0,0.0,0.0,0.0,0.0,0.0,21815.51836504865,0.0,0.0,0.0,0.0,0.0,0.0,0.0,0.0,0.0,0.0
62.91,-0.0,-0.0,0.0,0.0,0.0,0.0,0.0,21815.51836504865,0.0,0.0,0.0,0.0,0.0,0.0,0.0,0.0,0.0,0.0
57.96,0.0,0.0,-0.0,0.0,-0.0,0.0,0.0,21815.51836504865,0.0,0.0,-0.0,0.0,0.0,0.0,0.0,0.0,0.0,0.0
59.12,-0.0,-0.0,0.0,0.0,0.0,0.0,0.0,21815.51836504865,0.0,0.0,0.0,0.0,0.0,0.0,0.0,0.0,0.0,0.0
61.94,-0.0,-0.0,0.0,0.0,0.0,0.0,0.0,21815.51836504865,0.0,0.0,0.0,0.0,0.0,0.0,0.0,0.0,0.0,0.0
69.05,-0.0,-0.0,0.0,0.0,0.0,0.0,0.0,21815.51836504865,0.0,0.0,0.0,0.0,0.0,0.0,0.0,0.0,0.0,0.0
69.14,0.0,0.0,0.0,-0.0,0.0,-0.0,0.0,21815.51836504865,0.0,0.0,0.0,0.0,0.0,0.0,0.0,0.0,0.0,-0.0
63.72,0.0,0.0,0.0,-0.0,0.0,-0.0,0.0,21815.51836504865,0.0,0.0,0.0,0.0,0.0,0.0,0.0,0.0,0.0,-0.0
34.95,0.0,0.0,0.0,-0.0,0.0,-0.0,0.0,21815.51836504865,0.0,0.0,0.0,0.0,0.0,0.0,0.0,0.0,0.0,-0.0
0.04,0.0,0.0,0.0,0.0,0.0,0.0,0.0,21815.51836504865,0.0,0.0,0.0,0.0,0.0,0.0,0.0,0.0,0.0,0.0
-3.0,0.0,0.0,0.0,0.0,0.0,0.0,-0.0,21815.51836504865,0.0,0.0,0.0,0.0,0.0,0.0,0.0,0.0,0.0,0.0
-5.3,0.0,0.0,0.0,0.0,0.0,0.0,-0.0,21815.51836504865,0.0,0.0,0.0,0.0,0.0,0.0,0.0,0.0,0.0,0.0
-11.92,0.0,0.0,-0.0,0.0,-0.0,0.0,0.0,21815.51836504865,0.0,0.0,-0.0,0.0,0.0,0.0,0.0,0.0,0.0,0.0
-17.77,0.05131670194948623,0.10263340389897246,0.10818510677891963,0.0,0.10263340389897246,0.0,0.8946908330616652,21816.413055881712,0.0,0.0,0.10818510677891963,0.0,0.0,0.0,0.0,0.0,0.0,0.0
-20.1,0.5256583509747431,1.0513167019494862,1.0,0.0,0.9486832980505138,0.0,10.64,21827.05305588171,0.0,0.0,1.0,0.0,0.0,0.0,0.0,0.0,0.0,0.0
-22.96,1.0,2.0,1.0,0.0,0.9486832980505138,0.0,13.540000000000001,21840.593055881713,0.0,0.0,1.0,0.0,0.0,0.0,0.0,0.0,0.0,0.0
-5.17,1.0,2.0,0.0,-0.0,0.0,-0.0,0.0,21840.593055881713,0.0,0.0,0.0,0.0,0.0,0.0,0.0,0.0,0.0,-0.0
18.35,1.0,2.0,0.0,-0.0,0.0,-0.0,0.0,21840.593055881713,0.0,0.0,0.0,0.0,0.0,0.0,0.0,0.0,0.0,-0.0
90.29,1.0,2.0,0.0,0.0,0.0,0.0,0.0,21840.593055881713,0.0,0.0,0.0,0.0,0.0,0.0,0.0,0.0,0.0,0.0
110.83,0.5270462766947299,1.0540925533894598,0.0,0.8973665961010275,0.0,0.9459074466105402,98.21677394325746,21938.80982982497,0.0,0.0,0.0,0.0,0.0,0.0,0.0,0.0,0.0,0.8973665961010275
124.23,0.0,0.0,0.0,1.0,0.0,1.0540925533894598,122.85000000000001,22061.65982982497,0.0,0.0,0.0,0.0,0.0,0.0,0.0,0.0,0.0,1.0
109.24,-0.0,-0.0,0.0,0.0,0.0,0.0,0.0,22061.65982982497,0.0,0.0,0.0,0.0,0.0,0.0,0.0,0.0,0.0,0.0
99.0,-0.0,-0.0,0.0,0.0,0.0,0.0,0.0,22061.65982982497,0.0,0.0,0.0,0.0,0.0,0.0,0.0,0.0,0.0,0.0
93.56,-0.0,-0.0,0.0,0.0,0.0,0.0,0.0,22061.65982982497,0.0,0.0,0.0,0.0,0.0,0.0,0.0,0.0,0.0,0.0
92.24,-0.0,-0.0,0.0,0.0,0.0,0.0,0.0,22061.65982982497,0.0,0.0,0.0,0.0,0.0,0.0,0.0,0.0,0.0,0.0
86.49,0.05131670194948623,0.10263340389897246,0.10818510677891963,0.0,0.10263340389897246,0.0,-10.544802357741297,22051.11502746723,0.0,0.0,0.10818510677891963,0.0,0.0,0.0,0.0,0.0,0.0,0.0
83.1,0.5256583509747431,1.0513167019494862,1.0,0.0,0.9486832980505138,0.0,-94.03,21957.08502746723,0.0,0.0,1.0,0.0,0.0,0.0,0.0,0.0,0.0,0.0
85.41,1.0,2.0,1.0,0.0,0.9486832980505138,0.0,-96.37,21860.71502746723,0.0,0.0,1.0,0.0,0.0,0.0,0.0,0.0,0.0,0.0
91.19,1.0,2.0,0.0,0.0,0.0,0.0,0.0,21860.71502746723,0.0,0.0,0.0,0.0,0.0,0.0,0.0,0.0,0.0,0.0
99.49,1.0,2.0,0.0,0.0,0.0,0.0,0.0,21860.71502746723,0.0,0.0,0.0,0.0,0.0,0.0,0.0,0.0,0.0,0.0
140.0,0.4729537233052701,0.9459074466105402,0.0,1.0,0.0,1.0540925533894598,138.62,21999.33502746723,0.0,0.0,0.0,0.0,0.0,0.0,0.0,0.0,0.0,1.0
131.09,0.0,0.0,0.0,0.8973665961010275,0.0,0.9459074466105402,116.39742118026429,22115.732448647494,0.0,0.0,0.0,0.0,0.0,0.0,0.0,0.0,0.0,0.8973665961010275
96.85,0.0,0.0,0.0,-0.0,0.0,-0.0,0.0,22115.732448647494,0.0,0.0,0.0,0.0,0.0,0.0,0.0,0.0,0.0,-0.0
67.37,0.0,0.0,0.0,-0.0,0.0,-0.0,0.0,22115.732448647494,0.0,0.0,0.0,0.0,0.0,0.0,0.0,0.0,0.0,-0.0
10.03,0.0,0.0,0.0,-0.0,0.0,-0.0,0.0,22115.732448647494,0.0,0.0,0.0,0.0,0.0,0.0,0.0,0.0,0.0,-0.0
-0.01,-0.0,-0.0,0.0,0.0,0.0,0.0,-0.0,22115.732448647494,0.0,0.0,0.0,0.0,0.0,0.0,0.0,0.0,0.0,0.0
-4.02,0.05131670194948623,0.10263340389897246,0.10818510677891963,0.0,0.10263340389897246,0.0,-0.6134095554364744,22115.119039092056,0.0,0.0,0.10818510677891963,0.0,0.0,0.0,0.0,0.0,0.0,0.0
-5.9,0.5256583509747431,1.0513167019494862,1.0,0.0,0.9486832980505138,0.0,-3.7699999999999996,22111.349039092056,0.0,0.0,1.0,0.0,0.0,0.0,0.0,0.0,0.0,0.0
-6.18,1.0,2.0,1.0,0.0,0.9486832980505138,0.0,-3.4800000000000004,22107.869039092056,0.0,0.0,1.0,0.0,0.0,0.0,0.0,0.0,0.0,0.0
-1.54,1.0,2.0,0.0,0.0,0.0,0.0,-0.0,22107.869039092056,0.0,0.0,0.0,0.0,0.0,0.0,0.0,0.0,0.0,0.0
2.01,1.0,2.0,0.0,0.0,0.0,0.0,0.0,22107.869039092056,0.0,0.0,0.0,0.0,0.0,0.0,0.0,0.0,0.0,0.0
68.67,1.0,2.0,0.0,-0.0,0.0,-0.0,0.0,22107.869039092056,0.0,0.0,0.0,0.0,0.0,0.0,0.0,0.0,0.0,-0.0
101.92,1.0,2.0,-0.0,0.0,-0.0,0.0,0.0,22107.869039092056,0.0,0.0,-0.0,0.0,0.0,0.0,0.0,0.0,0.0,0.0
149.9,0.5270462766947299,1.0540925533894598,0.0,0.8973665961010275,0.0,0.9459074466105402,133.2768868529246,22241.14592594498,0.0,0.0,0.0,0.0,0.0,0.0,0.0,0.0,0.0,0.8973665961010275
194.81,0.0,0.0,0.0,1.0,0.0,1.0540925533894598,193.43,22434.57592594498,0.0,0.0,0.0,0.0,0.0,0.0,0.0,0.0,0.0,1.0
128.83,0.0,0.0,0.0,-0.0,0.0,-0.0,0.0,22434.57592594498,0.0,0.0,0.0,0.0,0.0,0.0,0.0,0.0,0.0,-0.0
106.24,-0.0,-0.0,0.0,0.0,0.0,0.0,0.0,22434.57592594498,0.0,0.0,0.0,0.0,0.0,0.0,0.0,0.0,0.0,0.0
96.16,-0.0,-0.0,0.0,0.0,0.0,0.0,0.0,22434.57592594498,0.0,0.0,0.0,0.0,0.0,0.0,0.0,0.0,0.0,0.0
89.47,-0.0,-0.0,0.0,0.0,0.0,0.0,0.0,22434.57592594498,0.0,0.0,0.0,0.0,0.0,0.0,0.0,0.0,0.0,0.0
85.08,0.0,0.0,-0.0,0.0,-0.0,0.0,0.0,22434.57592594498,0.0,0.0,-0.0,0.0,0.0,0.0,0.0,0.0,0.0,0.0
80.31,0.05131670194948623,0.10263340389897246,0.10818510677891963,0.0,0.10263340389897246,0.0,-9.86648173823747,22424.709444206743,0.0,0.0,0.10818510677891963,0.0,0.0,0.0,0.0,0.0,0.0,0.0
77.64,0.5256583509747431,1.0513167019494862,1.0,0.0,0.9486832980505138,0.0,-88.49,22336.21944420674,0.0,0.0,1.0,0.0,0.0,0.0,0.0,0.0,0.0,0.0
76.77,1.0,2.0,1.0,0.0,0.9486832980505138,0.0,-87.61,22248.60944420674,0.0,0.0,1.0,0.0,0.0,0.0,0.0,0.0,0.0,0.0
85.18,1.0,2.0,0.0,0.0,0.0,0.0,0.0,22248.60944420674,0.0,0.0,0.0,0.0,0.0,0.0,0.0,0.0,0.0,0.0
106.9,0.5270462766947299,1.0540925533894598,0.0,0.8973665961010275,0.0,0.9459074466105402,94.69012322058043,22343.299567427322,0.0,0.0,0.0,0.0,0.0,0.0,0.0,0.0,0.0,0.8973665961010275
113.13,-0.0,-0.0,0.0,1.0,0.0,1.0540925533894598,111.75,22455.049567427322,0.0,0.0,0.0,0.0,0.0,0.0,0.0,0.0,0.0,1.0
99.98,0.0,0.0,0.0,0.0,0.0,0.0,0.0,22455.049567427322,0.0,0.0,0.0,0.0,0.0,0.0,0.0,0.0,0.0,0.0
78.0,0.0,0.0,0.0,-0.0,0.0,-0.0,0.0,22455.049567427322,0.0,0.0,0.0,0.0,0.0,0.0,0.0,0.0,0.0,-0.0
9.31,-0.0,-0.0,0.0,0.0,0.0,0.0,0.0,22455.049567427322,0.0,0.0,0.0,0.0,0.0,0.0,0.0,0.0,0.0,0.0
0.0,-0.0,-0.0,0.0,0.0,0.0,0.0,0.0,22455.049567427322,0.0,0.0,0.0,0.0,0.0,0.0,0.0,0.0,0.0,0.0
-0.76,0.05131670194948623,0.10263340389897246,0.10818510677891963,0.0,0.10263340389897246,0.0,-0.9715022588746983,22454.078065168447,0.0,0.0,0.10818510677891963,0.0,0.0,0.0,0.0,0.0,0.0,0.0
-1.9,0.5256583509747431,1.0513167019494862,1.0,0.0,0.9486832980505138,0.0,-7.82,22446.258065168448,0.0,0.0,1.0,0.0,0.0,0.0,0.0,0.0,0.0,0.0
-1.67,1.0,2.0,1.0,0.0,0.9486832980505138,0.0,-8.06,22438.198065168446,0.0,0.0,1.0,0.0,0.0,0.0,0.0,0.0,0.0,0.0
-0.01,1.0,2.0,0.0,0.0,0.0,0.0,-0.0,22438.198065168446,0.0,0.0,0.0,0.0,0.0,0.0,0.0,0.0,0.0,0.0
14.82,1.0,2.0,0.0,-0.0,0.0,-0.0,0.0,22438.198065168446,0.0,0.0,0.0,0.0,0.0,0.0,0.0,0.0,0.0,-0.0
77.6,1.0,2.0,0.0,-0.0,0.0,-0.0,0.0,22438.198065168446,0.0,0.0,0.0,0.0,0.0,0.0,0.0,0.0,0.0,-0.0
102.0,1.0,2.0,0.0,-0.0,0.0,-0.0,0.0,22438.198065168446,0.0,0.0,0.0,0.0,0.0,0.0,0.0,0.0,0.0,-0.0
139.83,0.5270462766947299,1.0540925533894598,0.0,0.8973665961010275,0.0,0.9459074466105402,124.24040523018726,22562.438470398632,0.0,0.0,0.0,0.0,0.0,0.0,0.0,0.0,0.0,0.8973665961010275
174.75,0.0,0.0,0.0,1.0,0.0,1.0540925533894598,173.37,22735.80847039863,0.0,0.0,0.0,0.0,0.0,0.0,0.0,0.0,0.0,1.0
129.11,-0.0,-0.0,0.0,-0.0,0.0,-0.0,0.0,22735.80847039863,0.0,0.0,0.0,0.0,0.0,0.0,0.0,0.0,0.0,-0.0
108.83,0.0,0.0,0.0,0.0,0.0,0.0,0.0,22735.80847039863,0.0,0.0,0.0,0.0,0.0,0.0,0.0,0.0,0.0,0.0
97.82,-0.0,-0.0,0.0,0.0,0.0,0.0,0.0,22735.80847039863,0.0,0.0,0.0,0.0,0.0,0.0,0.0,0.0,0.0,0.0
95.0,-0.0,-0.0,0.0,0.0,0.0,0.0,0.0,22735.80847039863,0.0,0.0,0.0,0.0,0.0,0.0,0.0,0.0,0.0,0.0
90.0,0.05131670194948623,0.10263340389897246,0.10818510677891963,0.0,0.10263340389897246,0.0,-10.929941337874249,22724.878529060756,0.0,0.0,0.10818510677891963,0.0,0.0,0.0,0.0,0.0,0.0,0.0
87.59,0.5256583509747431,1.0513167019494862,1.0,0.0,0.9486832980505138,0.0,-98.58,22626.298529060754,0.0,0.0,1.0,0.0,0.0,0.0,0.0,0.0,0.0,0.0
88.25,1.0,2.0,1.0,0.0,0.9486832980505138,0.0,-99.25,22527.048529060754,0.0,0.0,1.0,0.0,0.0,0.0,0.0,0.0,0.0,0.0
91.4,1.0,2.0,0.0,0.0,0.0,0.0,0.0,22527.048529060754,0.0,0.0,0.0,0.0,0.0,0.0,0.0,0.0,0.0,0.0
95.83,1.0,2.0,0.0,0.0,0.0,0.0,0.0,22527.048529060754,0.0,0.0,0.0,0.0,0.0,0.0,0.0,0.0,0.0,0.0
115.27,0.5270462766947299,1.0540925533894598,0.0,0.8973665961010275,0.0,0.9459074466105402,102.20108162994602,22629.2496106907,0.0,0.0,0.0,0.0,0.0,0.0,0.0,0.0,0.0,0.8973665961010275
120.3,0.0,0.0,0.0,1.0,0.0,1.0540925533894598,118.92,22748.169610690697,0.0,0.0,0.0,0.0,0.0,0.0,0.0,0.0,0.0,1.0
99.9,0.0,0.0,0.0,-0.0,0.0,-0.0,0.0,22748.169610690697,0.0,0.0,0.0,0.0,0.0,0.0,0.0,0.0,0.0,-0.0
76.7,0.0,0.0,0.0,-0.0,0.0,-0.0,0.0,22748.169610690697,0.0,0.0,0.0,0.0,0.0,0.0,0.0,0.0,0.0,-0.0
7.08,-0.0,-0.0,0.0,0.0,0.0,0.0,0.0,22748.169610690697,0.0,0.0,0.0,0.0,0.0,0.0,0.0,0.0,0.0,0.0
0.0,-0.0,-0.0,0.0,0.0,0.0,0.0,0.0,22748.169610690697,0.0,0.0,0.0,0.0,0.0,0.0,0.0,0.0,0.0,0.0
-1.0,0.05131670194948623,0.10263340389897246,0.10818510677891963,0.0,0.10263340389897246,0.0,-0.9455378332477575,22747.224072857447,0.0,0.0,0.10818510677891963,0.0,0.0,0.0,0.0,0.0,0.0,0.0
-2.7,0.5256583509747431,1.0513167019494862,1.0,0.0,0.9486832980505138,0.0,-7.010000000000001,22740.21407285745,0.0,0.0,1.0,0.0,0.0,0.0,0.0,0.0,0.0,0.0
-3.0,1.0,2.0,1.0,0.0,0.9486832980505138,0.0,-6.710000000000001,22733.50407285745,0.0,0.0,1.0,0.0,0.0,0.0,0.0,0.0,0.0,0.0
-0.02,1.0,2.0,0.0,0.0,0.0,0.0,-0.0,22733.50407285745,0.0,0.0,0.0,0.0,0.0,0.0,0.0,0.0,0.0,0.0
19.91,1.0,2.0,0.0,-0.0,0.0,-0.0,0.0,22733.50407285745,0.0,0.0,0.0,0.0,0.0,0.0,0.0,0.0,0.0,-0.0
78.39,1.0,2.0,0.0,-0.0,0.0,-0.0,0.0,22733.50407285745,0.0,0.0,0.0,0.0,0.0,0.0,0.0,0.0,0.0,-0.0
101.8,1.0,2.0,0.0,-0.0,0.0,-0.0,0.0,22733.50407285745,0.0,0.0,0.0,0.0,0.0,0.0,0.0,0.0,0.0,-0.0
130.37,0.5270462766947299,1.0540925533894598,0.0,0.8973665961010275,0.0,0.9459074466105402,115.75131723107154,22849.25539008852,0.0,0.0,0.0,0.0,0.0,0.0,0.0,0.0,0.0,0.8973665961010275
176.43,0.0,0.0,0.0,1.0,0.0,1.0540925533894598,175.05,23024.30539008852,0.0,0.0,0.0,0.0,0.0,0.0,0.0,0.0,0.0,1.0
128.0,0.0,0.0,0.0,-0.0,0.0,-0.0,0.0,23024.30539008852,0.0,0.0,0.0,0.0,0.0,0.0,0.0,0.0,0.0,-0.0
108.33,-0.0,-0.0,0.0,-0.0,0.0,-0.0,0.0,23024.30539008852,0.0,0.0,0.0,0.0,0.0,0.0,0.0,0.0,0.0,-0.0
98.68,-0.0,-0.0,0.0,0.0,0.0,0.0,0.0,23024.30539008852,0.0,0.0,0.0,0.0,0.0,0.0,0.0,0.0,0.0,0.0
97.51,-0.0,-0.0,0.0,0.0,0.0,0.0,0.0,23024.30539008852,0.0,0.0,0.0,0.0,0.0,0.0,0.0,0.0,0.0,0.0
91.78,-0.0,-0.0,0.0,0.0,0.0,0.0,0.0,23024.30539008852,0.0,0.0,0.0,0.0,0.0,0.0,0.0,0.0,0.0,0.0
90.46,-0.0,-0.0,0.0,0.0,0.0,0.0,0.0,23024.30539008852,0.0,0.0,0.0,0.0,0.0,0.0,0.0,0.0,0.0,0.0
90.63,-0.0,-0.0,0.0,0.0,0.0,0.0,0.0,23024.30539008852,0.0,0.0,0.0,0.0,0.0,0.0,0.0,0.0,0.0,0.0
90.5,0.0,0.0,0.0,0.0,0.0,0.0,0.0,23024.30539008852,0.0,0.0,0.0,0.0,0.0,0.0,0.0,0.0,0.0,0.0
84.16,0.0,0.0,0.0,-0.0,0.0,-0.0,0.0,23024.30539008852,0.0,0.0,0.0,0.0,0.0,0.0,0.0,0.0,0.0,-0.0
83.94,-0.0,-0.0,0.0,-0.0,0.0,-0.0,0.0,23024.30539008852,0.0,0.0,0.0,0.0,0.0,0.0,0.0,0.0,0.0,-0.0
78.04,0.0,0.0,0.0,0.0,0.0,0.0,0.0,23024.30539008852,0.0,0.0,0.0,0.0,0.0,0.0,0.0,0.0,0.0,0.0
62.1,0.0,0.0,0.0,-0.0,0.0,-0.0,0.0,23024.30539008852,0.0,0.0,0.0,0.0,0.0,0.0,0.0,0.0,0.0,-0.0
0.0,-0.0,-0.0,0.0,0.0,0.0,0.0,0.0,23024.30539008852,0.0,0.0,0.0,0.0,0.0,0.0,0.0,0.0,0.0,0.0
-0.8,-0.0,-0.0,0.0,0.0,0.0,0.0,-0.0,23024.30539008852,0.0,0.0,0.0,0.0,0.0,0.0,0.0,0.0,0.0,0.0
-4.19,-0.0,-0.0,0.0,0.0,0.0,0.0,-0.0,23024.30539008852,0.0,0.0,0.0,0.0,0.0,0.0,0.0,0.0,0.0,0.0
-4.48,-0.0,-0.0,0.0,0.0,0.0,0.0,-0.0,23024.30539008852,0.0,0.0,0.0,0.0,0.0,0.0,0.0,0.0,0.0,0.0
-5.09,-0.0,-0.0,0.0,0.0,0.0,0.0,-0.0,23024.30539008852,0.0,0.0,0.0,0.0,0.0,0.0,0.0,0.0,0.0,0.0
-10.24,0.4743416490252569,0.9486832980505138,1.0,0.0,0.9486832980505138,0.0,0.6400000000000006,23024.94539008852,0.0,0.0,1.0,0.0,0.0,0.0,0.0,0.0,0.0,0.0
-22.78,0.9486832980505138,1.8973665961010275,1.0,0.0,0.9486832980505138,0.0,13.350000000000001,23038.29539008852,0.0,0.0,1.0,0.0,0.0,0.0,0.0,0.0,0.0,0.0
-5.17,1.0,2.0,0.10818510677891963,0.0,0.10263340389897246,0.0,-0.4879148315729275,23037.807475256945,0.0,0.0,0.10818510677891963,0.0,0.0,0.0,0.0,0.0,0.0,0.0
40.77,1.0,2.0,0.0,-0.0,0.0,-0.0,0.0,23037.807475256945,0.0,0.0,0.0,0.0,0.0,0.0,0.0,0.0,0.0,-0.0
96.14,1.0,2.0,-0.0,0.0,-0.0,0.0,0.0,23037.807475256945,0.0,0.0,-0.0,0.0,0.0,0.0,0.0,0.0,0.0,0.0
129.87,0.5270462766947299,1.0540925533894598,0.0,0.8973665961010275,0.0,0.9459074466105402,115.30263393302103,23153.110109189965,0.0,0.0,0.0,0.0,0.0,0.0,0.0,0.0,0.0,0.8973665961010275
164.38,0.0,0.0,0.0,1.0,0.0,1.0540925533894598,163.0,23316.110109189965,0.0,0.0,0.0,0.0,0.0,0.0,0.0,0.0,0.0,1.0
122.45,-0.0,-0.0,0.0,-0.0,0.0,-0.0,0.0,23316.110109189965,0.0,0.0,0.0,0.0,0.0,0.0,0.0,0.0,0.0,-0.0
100.73,0.0,0.0,0.0,0.0,0.0,0.0,0.0,23316.110109189965,0.0,0.0,0.0,0.0,0.0,0.0,0.0,0.0,0.0,0.0
87.1,-0.0,-0.0,0.0,0.0,0.0,0.0,0.0,23316.110109189965,0.0,0.0,0.0,0.0,0.0,0.0,0.0,0.0,0.0,0.0
89.92,-0.0,-0.0,0.0,0.0,0.0,0.0,0.0,23316.110109189965,0.0,0.0,0.0,0.0,0.0,0.0,0.0,0.0,0.0,0.0
77.12,0.0,0.0,-0.0,0.0,-0.0,0.0,0.0,23316.110109189965,0.0,0.0,-0.0,0.0,0.0,0.0,0.0,0.0,0.0,0.0
66.9,-0.0,-0.0,0.0,0.0,0.0,0.0,0.0,23316.110109189965,0.0,0.0,0.0,0.0,0.0,0.0,0.0,0.0,0.0,0.0
63.91,0.4743416490252569,0.9486832980505138,1.0,0.0,0.9486832980505138,0.0,-74.57,23241.540109189966,0.0,0.0,1.0,0.0,0.0,0.0,0.0,0.0,0.0,0.0
66.0,0.9486832980505138,1.8973665961010275,1.0,0.0,0.9486832980505138,0.0,-76.69,23164.850109189967,0.0,0.0,1.0,0.0,0.0,0.0,0.0,0.0,0.0,0.0
74.01,0.9486832980505138,1.8973665961010275,0.0,0.0,0.0,0.0,0.0,23164.850109189967,0.0,0.0,0.0,0.0,0.0,0.0,0.0,0.0,0.0,0.0
86.83,0.5270462766947299,1.0540925533894598,0.0,0.7999999999999998,0.0,0.8432740427115677,68.35999999999999,23233.210109189968,0.0,0.0,0.0,0.0,0.0,0.0,0.0,0.0,0.0,0.7999999999999998
88.55,0.0,0.0,0.0,1.0,0.0,1.0540925533894598,87.17,23320.380109189966,0.0,0.0,0.0,0.0,0.0,0.0,0.0,0.0,0.0,1.0
84.9,0.0,0.0,0.0,-0.0,0.0,-0.0,0.0,23320.380109189966,0.0,0.0,0.0,0.0,0.0,0.0,0.0,0.0,0.0,-0.0
55.0,0.0,0.0,0.0,-0.0,0.0,-0.0,0.0,23320.380109189966,0.0,0.0,0.0,0.0,0.0,0.0,0.0,0.0,0.0,-0.0
0.85,-0.0,-0.0,0.0,0.0,0.0,0.0,0.0,23320.380109189966,0.0,0.0,0.0,0.0,0.0,0.0,0.0,0.0,0.0,0.0
-0.01,-0.0,-0.0,0.0,0.0,0.0,0.0,-0.0,23320.380109189966,0.0,0.0,0.0,0.0,0.0,0.0,0.0,0.0,0.0,0.0
-0.8,0.05131670194948623,0.10263340389897246,0.10818510677891963,0.0,0.10263340389897246,0.0,-0.9671748546035415,23319.412934335363,0.0,0.0,0.10818510677891963,0.0,0.0,0.0,0.0,0.0,0.0,0.0
-3.0,0.5256583509747431,1.0513167019494862,1.0,0.0,0.9486832980505138,0.0,-6.710000000000001,23312.702934335364,0.0,0.0,1.0,0.0,0.0,0.0,0.0,0.0,0.0,0.0
-4.0,1.0,2.0,1.0,0.0,0.9486832980505138,0.0,-5.6899999999999995,23307.012934335366,0.0,0.0,1.0,0.0,0.0,0.0,0.0,0.0,0.0,0.0
-0.08,1.0,2.0,0.0,0.0,0.0,0.0,-0.0,23307.012934335366,0.0,0.0,0.0,0.0,0.0,0.0,0.0,0.0,0.0,0.0
0.3,1.0,2.0,0.0,0.0,0.0,0.0,0.0,23307.012934335366,0.0,0.0,0.0,0.0,0.0,0.0,0.0,0.0,0.0,0.0
55.64,1.0,2.0,0.0,-0.0,0.0,-0.0,0.0,23307.012934335366,0.0,0.0,0.0,0.0,0.0,0.0,0.0,0.0,0.0,-0.0
77.95,1.0,2.0,0.0,-0.0,0.0,-0.0,0.0,23307.012934335366,0.0,0.0,0.0,0.0,0.0,0.0,0.0,0.0,0.0,-0.0
105.15,1.0,2.0,0.0,0.0,0.0,0.0,0.0,23307.012934335366,0.0,0.0,0.0,0.0,0.0,0.0,0.0,0.0,0.0,0.0
116.28,0.5270462766947299,1.0540925533894598,0.0,0.8973665961010275,0.0,0.9459074466105402,103.10742189200806,23410.120356227373,0.0,0.0,0.0,0.0,0.0,0.0,0.0,0.0,0.0,0.8973665961010275
117.73,-0.0,-0.0,0.0,1.0,0.0,1.0540925533894598,116.35000000000001,23526.47035622737,0.0,0.0,0.0,0.0,0.0,0.0,0.0,0.0,0.0,1.0
103.26,0.0,0.0,0.0,0.0,0.0,0.0,0.0,23526.47035622737,0.0,0.0,0.0,0.0,0.0,0.0,0.0,0.0,0.0,0.0
92.8,-0.0,-0.0,0.0,0.0,0.0,0.0,0.0,23526.47035622737,0.0,0.0,0.0,0.0,0.0,0.0,0.0,0.0,0.0,0.0
93.74,-0.0,-0.0,0.0,0.0,0.0,0.0,0.0,23526.47035622737,0.0,0.0,0.0,0.0,0.0,0.0,0.0,0.0,0.0,0.0
89.0,-0.0,-0.0,0.0,0.0,0.0,0.0,0.0,23526.47035622737,0.0,0.0,0.0,0.0,0.0,0.0,0.0,0.0,0.0,0.0
88.72,-0.0,-0.0,0.0,0.0,0.0,0.0,0.0,23526.47035622737,0.0,0.0,0.0,0.0,0.0,0.0,0.0,0.0,0.0,0.0
92.0,-0.0,-0.0,0.0,0.0,0.0,0.0,0.0,23526.47035622737,0.0,0.0,0.0,0.0,0.0,0.0,0.0,0.0,0.0,0.0
91.23,-0.0,-0.0,0.0,0.0,0.0,0.0,0.0,23526.47035622737,0.0,0.0,0.0,0.0,0.0,0.0,0.0,0.0,0.0,0.0
91.84,-0.0,-0.0,0.0,0.0,0.0,0.0,0.0,23526.47035622737,0.0,0.0,0.0,0.0,0.0,0.0,0.0,0.0,0.0,0.0
92.86,-0.0,-0.0,0.0,0.0,0.0,0.0,0.0,23526.47035622737,0.0,0.0,0.0,0.0,0.0,0.0,0.0,0.0,0.0,0.0
87.73,-0.0,-0.0,0.0,0.0,0.0,0.0,0.0,23526.47035622737,0.0,0.0,0.0,0.0,0.0,0.0,0.0,0.0,0.0,0.0
79.9,0.0,0.0,-0.0,0.0,-0.0,0.0,0.0,23526.47035622737,0.0,0.0,-0.0,0.0,0.0,0.0,0.0,0.0,0.0,0.0
13.53,0.0,0.0,0.0,-0.0,0.0,-0.0,0.0,23526.47035622737,0.0,0.0,0.0,0.0,0.0,0.0,0.0,0.0,0.0,-0.0
0.01,-0.0,-0.0,0.0,0.0,0.0,0.0,0.0,23526.47035622737,0.0,0.0,0.0,0.0,0.0,0.0,0.0,0.0,0.0,0.0
-0.01,-0.0,-0.0,0.0,0.0,0.0,0.0,-0.0,23526.47035622737,0.0,0.0,0.0,0.0,0.0,0.0,0.0,0.0,0.0,0.0
-1.16,0.05131670194948623,0.10263340389897246,0.10818510677891963,0.0,0.10263340389897246,0.0,-0.9271463650953412,23525.543209862277,0.0,0.0,0.10818510677891963,0.0,0.0,0.0,0.0,0.0,0.0,0.0
-3.04,0.5256583509747431,1.0513167019494862,1.0,0.0,0.9486832980505138,0.0,-6.670000000000001,23518.87320986228,0.0,0.0,1.0,0.0,0.0,0.0,0.0,0.0,0.0,0.0
-2.69,1.0,2.0,1.0,0.0,0.9486832980505138,0.0,-7.020000000000001,23511.853209862278,0.0,0.0,1.0,0.0,0.0,0.0,0.0,0.0,0.0,0.0
-0.03,1.0,2.0,0.0,0.0,0.0,0.0,-0.0,23511.853209862278,0.0,0.0,0.0,0.0,0.0,0.0,0.0,0.0,0.0,0.0
0.06,1.0,2.0,0.0,0.0,0.0,0.0,0.0,23511.853209862278,0.0,0.0,0.0,0.0,0.0,0.0,0.0,0.0,0.0,0.0
28.87,1.0,2.0,0.0,-0.0,0.0,-0.0,0.0,23511.853209862278,0.0,0.0,0.0,0.0,0.0,0.0,0.0,0.0,0.0,-0.0
60.1,1.0,2.0,0.0,-0.0,0.0,-0.0,0.0,23511.853209862278,0.0,0.0,0.0,0.0,0.0,0.0,0.0,0.0,0.0,-0.0
76.68,0.5270462766947299,1.0540925533894598,0.0,0.8973665961010275,0.0,0.9459074466105402,67.57170468640737,23579.424914548687,0.0,0.0,0.0,0.0,0.0,0.0,0.0,0.0,0.0,0.8973665961010275
83.83,0.0,0.0,0.0,1.0,0.0,1.0540925533894598,82.45,23661.874914548687,0.0,0.0,0.0,0.0,0.0,0.0,0.0,0.0,0.0,1.0
75.2,0.0,0.0,0.0,-0.0,0.0,-0.0,0.0,23661.874914548687,0.0,0.0,0.0,0.0,0.0,0.0,0.0,0.0,0.0,-0.0
66.89,0.0,0.0,0.0,-0.0,0.0,-0.0,0.0,23661.874914548687,0.0,0.0,0.0,0.0,0.0,0.0,0.0,0.0,0.0,-0.0
63.44,0.0,0.0,0.0,-0.0,0.0,-0.0,0.0,23661.874914548687,0.0,0.0,0.0,0.0,0.0,0.0,0.0,0.0,0.0,-0.0
59.95,0.0,0.0,0.0,-0.0,0.0,-0.0,0.0,23661.874914548687,0.0,0.0,0.0,0.0,0.0,0.0,0.0,0.0,0.0,-0.0
44.9,0.0,0.0,0.0,-0.0,0.0,-0.0,0.0,23661.874914548687,0.0,0.0,0.0,0.0,0.0,0.0,0.0,0.0,0.0,-0.0
31.47,0.0,0.0,0.0,-0.0,0.0,-0.0,0.0,23661.874914548687,0.0,0.0,0.0,0.0,0.0,0.0,0.0,0.0,0.0,-0.0
20.39,0.0,0.0,0.0,-0.0,0.0,-0.0,0.0,23661.874914548687,0.0,0.0,0.0,0.0,0.0,0.0,0.0,0.0,0.0,-0.0
20.02,-0.0,-0.0,0.0,-0.0,0.0,-0.0,0.0,23661.874914548687,0.0,0.0,0.0,0.0,0.0,0.0,0.0,0.0,0.0,-0.0
15.58,-0.0,-0.0,0.0,0.0,0.0,0.0,0.0,23661.874914548687,0.0,0.0,0.0,0.0,0.0,0.0,0.0,0.0,0.0,0.0
13.62,0.0,0.0,0.0,0.0,0.0,0.0,0.0,23661.874914548687,0.0,0.0,0.0,0.0,0.0,0.0,0.0,0.0,0.0,0.0
7.83,-0.0,-0.0,0.0,0.0,0.0,0.0,0.0,23661.874914548687,0.0,0.0,0.0,0.0,0.0,0.0,0.0,0.0,0.0,0.0
2.93,-0.0,-0.0,0.0,0.0,0.0,0.0,0.0,23661.874914548687,0.0,0.0,0.0,0.0,0.0,0.0,0.0,0.0,0.0,0.0
0.0,-0.0,-0.0,0.0,0.0,0.0,0.0,0.0,23661.874914548687,0.0,0.0,0.0,0.0,0.0,0.0,0.0,0.0,0.0,0.0
-0.01,-0.0,-0.0,0.0,0.0,0.0,0.0,-0.0,23661.874914548687,0.0,0.0,0.0,0.0,0.0,0.0,0.0,0.0,0.0,0.0
-0.01,-0.0,-0.0,0.0,0.0,0.0,0.0,-0.0,23661.874914548687,0.0,0.0,0.0,0.0,0.0,0.0,0.0,0.0,0.0,0.0
-0.02,-0.0,-0.0,0.0,0.0,0.0,0.0,-0.0,23661.874914548687,0.0,0.0,0.0,0.0,0.0,0.0,0.0,0.0,0.0,0.0
-2.0,0.4743416490252569,0.9486832980505138,1.0,0.0,0.9486832980505138,0.0,-7.720000000000001,23654.154914548686,0.0,0.0,1.0,0.0,0.0,0.0,0.0,0.0,0.0,0.0
-5.01,0.9486832980505138,1.8973665961010275,1.0,0.0,0.9486832980505138,0.0,-4.67,23649.484914548688,0.0,0.0,1.0,0.0,0.0,0.0,0.0,0.0,0.0,0.0
-1.59,1.0,2.0,0.10818510677891963,0.0,0.10263340389897246,0.0,-0.8806267691804057,23648.604287779508,0.0,0.0,0.10818510677891963,0.0,0.0,0.0,0.0,0.0,0.0,0.0
-0.01,1.0,2.0,0.0,0.0,0.0,0.0,-0.0,23648.604287779508,0.0,0.0,0.0,0.0,0.0,0.0,0.0,0.0,0.0,0.0
10.07,1.0,2.0,0.0,0.0,0.0,0.0,0.0,23648.604287779508,0.0,0.0,0.0,0.0,0.0,0.0,0.0,0.0,0.0,0.0
80.08,1.0,2.0,-0.0,0.0,-0.0,0.0,0.0,23648.604287779508,0.0,0.0,-0.0,0.0,0.0,0.0,0.0,0.0,0.0,0.0
95.95,1.0,2.0,0.0,0.0,0.0,0.0,0.0,23648.604287779508,0.0,0.0,0.0,0.0,0.0,0.0,0.0,0.0,0.0,0.0
109.0,0.5270462766947299,1.0540925533894598,0.0,0.8973665961010275,0.0,0.9459074466105402,96.57459307239257,23745.1788808519,0.0,0.0,0.0,0.0,0.0,0.0,0.0,0.0,0.0,0.8973665961010275
112.38,-0.0,-0.0,0.0,1.0,0.0,1.0540925533894598,111.0,23856.1788808519,0.0,0.0,0.0,0.0,0.0,0.0,0.0,0.0,0.0,1.0
101.79,0.0,0.0,0.0,0.0,0.0,0.0,0.0,23856.1788808519,0.0,0.0,0.0,0.0,0.0,0.0,0.0,0.0,0.0,0.0
87.35,-0.0,-0.0,0.0,0.0,0.0,0.0,0.0,23856.1788808519,0.0,0.0,0.0,0.0,0.0,0.0,0.0,0.0,0.0,0.0
75.18,0.0,0.0,-0.0,0.0,-0.0,0.0,0.0,23856.1788808519,0.0,0.0,-0.0,0.0,0.0,0.0,0.0,0.0,0.0,0.0
70.51,0.4743416490252569,0.9486832980505138,1.0,0.0,0.9486832980505138,0.0,-81.26,23774.918880851903,0.0,0.0,1.0,0.0,0.0,0.0,0.0,0.0,0.0,0.0
72.25,0.9486832980505138,1.8973665961010275,1.0,0.0,0.9486832980505138,0.0,-83.03,23691.888880851904,0.0,0.0,1.0,0.0,0.0,0.0,0.0,0.0,0.0,0.0
75.15,0.9486832980505138,1.8973665961010275,0.0,0.0,0.0,0.0,0.0,23691.888880851904,0.0,0.0,0.0,0.0,0.0,0.0,0.0,0.0,0.0,0.0
74.98,1.0,2.0,0.10818510677891963,0.0,0.10263340389897246,0.0,-9.281200310563515,23682.60768054134,0.0,0.0,0.10818510677891963,0.0,0.0,0.0,0.0,0.0,0.0,0.0
89.49,1.0,2.0,0.0,0.0,0.0,0.0,0.0,23682.60768054134,0.0,0.0,0.0,0.0,0.0,0.0,0.0,0.0,0.0,0.0
110.92,0.5270462766947299,1.0540925533894598,0.0,0.8973665961010275,0.0,0.9459074466105402,98.29753693690655,23780.905217478245,0.0,0.0,0.0,0.0,0.0,0.0,0.0,0.0,0.0,0.8973665961010275
122.57,0.0,0.0,0.0,1.0,0.0,1.0540925533894598,121.19,23902.095217478243,0.0,0.0,0.0,0.0,0.0,0.0,0.0,0.0,0.0,1.0
106.69,-0.0,-0.0,0.0,-0.0,0.0,-0.0,0.0,23902.095217478243,0.0,0.0,0.0,0.0,0.0,0.0,0.0,0.0,0.0,-0.0
90.82,0.0,0.0,0.0,0.0,0.0,0.0,0.0,23902.095217478243,0.0,0.0,0.0,0.0,0.0,0.0,0.0,0.0,0.0,0.0
80.0,0.0,0.0,-0.0,0.0,-0.0,0.0,0.0,23902.095217478243,0.0,0.0,-0.0,0.0,0.0,0.0,0.0,0.0,0.0,0.0
61.65,-0.0,-0.0,0.0,0.0,0.0,0.0,0.0,23902.095217478243,0.0,0.0,0.0,0.0,0.0,0.0,0.0,0.0,0.0,0.0
53.83,0.4743416490252569,0.9486832980505138,1.0,0.0,0.9486832980505138,0.0,-64.34,23837.755217478243,0.0,0.0,1.0,0.0,0.0,0.0,0.0,0.0,0.0,0.0
49.66,0.9486832980505138,1.8973665961010275,1.0,0.0,0.9486832980505138,0.0,-60.11,23777.645217478243,0.0,0.0,1.0,0.0,0.0,0.0,0.0,0.0,0.0,0.0
59.3,1.0,2.0,0.10818510677891963,0.0,0.10263340389897246,0.0,-7.561057112778692,23770.084160365463,0.0,0.0,0.10818510677891963,0.0,0.0,0.0,0.0,0.0,0.0,0.0
68.67,1.0,2.0,0.0,0.0,0.0,0.0,0.0,23770.084160365463,0.0,0.0,0.0,0.0,0.0,0.0,0.0,0.0,0.0,0.0
59.96,1.0,2.0,0.0,0.0,0.0,0.0,0.0,23770.084160365463,0.0,0.0,0.0,0.0,0.0,0.0,0.0,0.0,0.0,0.0
83.52,1.0,2.0,0.0,0.0,0.0,0.0,0.0,23770.084160365463,0.0,0.0,0.0,0.0,0.0,0.0,0.0,0.0,0.0,0.0
84.4,1.0,2.0,0.0,0.0,0.0,0.0,0.0,23770.084160365463,0.0,0.0,0.0,0.0,0.0,0.0,0.0,0.0,0.0,0.0
106.99,0.4729537233052701,0.9459074466105402,0.0,1.0,0.0,1.0540925533894598,105.61,23875.694160365463,0.0,0.0,0.0,0.0,0.0,0.0,0.0,0.0,0.0,1.0
101.4,0.4729537233052701,0.9459074466105402,0.0,0.0,0.0,0.0,0.0,23875.694160365463,0.0,0.0,0.0,0.0,0.0,0.0,0.0,0.0,0.0,0.0
103.8,0.0,0.0,0.0,0.8973665961010275,0.0,0.9459074466105402,91.90828677266724,23967.60244713813,0.0,0.0,0.0,0.0,0.0,0.0,0.0,0.0,0.0,0.8973665961010275
99.12,-0.0,-0.0,0.0,0.0,0.0,0.0,0.0,23967.60244713813,0.0,0.0,0.0,0.0,0.0,0.0,0.0,0.0,0.0,0.0
80.99,0.05131670194948623,0.10263340389897246,0.10818510677891963,0.0,0.10263340389897246,0.0,-9.941129461914924,23957.661317676215,0.0,0.0,0.10818510677891963,0.0,0.0,0.0,0.0,0.0,0.0,0.0
82.46,0.05131670194948623,0.10263340389897246,0.0,0.0,0.0,0.0,0.0,23957.661317676215,0.0,0.0,0.0,0.0,0.0,0.0,0.0,0.0,0.0,0.0
81.41,0.05131670194948623,0.10263340389897246,0.0,0.0,0.0,0.0,0.0,23957.661317676215,0.0,0.0,0.0,0.0,0.0,0.0,0.0,0.0,0.0,0.0
80.5,0.5256583509747431,1.0513167019494862,1.0,0.0,0.9486832980505138,0.0,-91.39,23866.271317676215,0.0,0.0,1.0,0.0,0.0,0.0,0.0,0.0,0.0,0.0
79.78,1.0,2.0,1.0,0.0,0.9486832980505138,0.0,-90.66,23775.611317676216,0.0,0.0,1.0,0.0,0.0,0.0,0.0,0.0,0.0,0.0
82.19,1.0,2.0,-0.0,0.0,-0.0,0.0,0.0,23775.611317676216,0.0,0.0,-0.0,0.0,0.0,0.0,0.0,0.0,0.0,0.0
91.66,1.0,2.0,0.0,0.0,0.0,0.0,0.0,23775.611317676216,0.0,0.0,0.0,0.0,0.0,0.0,0.0,0.0,0.0,0.0
106.62,1.0,2.0,0.0,0.0,0.0,0.0,0.0,23775.611317676216,0.0,0.0,0.0,0.0,0.0,0.0,0.0,0.0,0.0,0.0
121.86,0.4729537233052701,0.9459074466105402,0.0,1.0,0.0,1.0540925533894598,120.48,23896.091317676215,0.0,0.0,0.0,0.0,0.0,0.0,0.0,0.0,0.0,1.0
108.37,0.0,0.0,0.0,0.8973665961010275,0.0,0.9459074466105402,96.00925211684894,23992.100569793063,0.0,0.0,0.0,0.0,0.0,0.0,0.0,0.0,0.0,0.8973665961010275
83.08,-0.0,-0.0,0.0,-0.0,0.0,-0.0,0.0,23992.100569793063,0.0,0.0,0.0,0.0,0.0,0.0,0.0,0.0,0.0,-0.0
72.27,0.0,0.0,0.0,0.0,0.0,0.0,0.0,23992.100569793063,0.0,0.0,0.0,0.0,0.0,0.0,0.0,0.0,0.0,0.0
59.89,-0.0,-0.0,0.0,0.0,0.0,0.0,0.0,23992.100569793063,0.0,0.0,0.0,0.0,0.0,0.0,0.0,0.0,0.0,0.0
42.81,0.4743416490252569,0.9486832980505138,1.0,0.0,0.9486832980505138,0.0,-53.17,23938.930569793065,0.0,0.0,1.0,0.0,0.0,0.0,0.0,0.0,0.0,0.0
38.17,0.9486832980505138,1.8973665961010275,1.0,0.0,0.9486832980505138,0.0,-48.46,23890.470569793066,0.0,0.0,1.0,0.0,0.0,0.0,0.0,0.0,0.0,0.0
45.44,1.0,2.0,0.10818510677891963,0.0,0.10263340389897246,0.0,-6.039974511467083,23884.4305952816,0.0,0.0,0.10818510677891963,0.0,0.0,0.0,0.0,0.0,0.0,0.0
65.0,1.0,2.0,0.0,-0.0,0.0,-0.0,0.0,23884.4305952816,0.0,0.0,0.0,0.0,0.0,0.0,0.0,0.0,0.0,-0.0
73.73,1.0,2.0,0.0,-0.0,0.0,-0.0,0.0,23884.4305952816,0.0,0.0,0.0,0.0,0.0,0.0,0.0,0.0,0.0,-0.0
89.99,1.0,2.0,-0.0,0.0,-0.0,0.0,0.0,23884.4305952816,0.0,0.0,-0.0,0.0,0.0,0.0,0.0,0.0,0.0,0.0
106.89,1.0,2.0,0.0,0.0,0.0,0.0,0.0,23884.4305952816,0.0,0.0,0.0,0.0,0.0,0.0,0.0,0.0,0.0,0.0
134.09,1.0,2.0,0.0,0.0,0.0,0.0,0.0,23884.4305952816,0.0,0.0,0.0,0.0,0.0,0.0,0.0,0.0,0.0,0.0
161.18,0.4729537233052701,0.9459074466105402,0.0,1.0,0.0,1.0540925533894598,159.8,24044.2305952816,0.0,0.0,0.0,0.0,0.0,0.0,0.0,0.0,0.0,1.0
136.6,0.0,0.0,0.0,0.8973665961010275,0.0,0.9459074466105402,121.34191112478094,24165.57250640638,0.0,0.0,0.0,0.0,0.0,0.0,0.0,0.0,0.0,0.8973665961010275
118.28,-0.0,-0.0,0.0,0.0,0.0,0.0,0.0,24165.57250640638,0.0,0.0,0.0,0.0,0.0,0.0,0.0,0.0,0.0,0.0
101.27,0.0,0.0,-0.0,0.0,-0.0,0.0,0.0,24165.57250640638,0.0,0.0,-0.0,0.0,0.0,0.0,0.0,0.0,0.0,0.0
92.67,0.0,0.0,-0.0,0.0,-0.0,0.0,0.0,24165.57250640638,0.0,0.0,-0.0,0.0,0.0,0.0,0.0,0.0,0.0,0.0
87.05,0.4743416490252569,0.9486832980505138,1.0,0.0,0.9486832980505138,0.0,-98.03999999999999,24067.53250640638,0.0,0.0,1.0,0.0,0.0,0.0,0.0,0.0,0.0,0.0
85.63,0.9486832980505138,1.8973665961010275,1.0,0.0,0.9486832980505138,0.0,-96.6,23970.93250640638,0.0,0.0,1.0,0.0,0.0,0.0,0.0,0.0,0.0,0.0
88.6,1.0,2.0,0.10818510677891963,0.0,0.10263340389897246,0.0,-10.776318486248183,23960.156187920133,0.0,0.0,0.10818510677891963,0.0,0.0,0.0,0.0,0.0,0.0,0.0
95.16,1.0,2.0,0.0,0.0,0.0,0.0,0.0,23960.156187920133,0.0,0.0,0.0,0.0,0.0,0.0,0.0,0.0,0.0,0.0
108.57,1.0,2.0,0.0,0.0,0.0,0.0,0.0,23960.156187920133,0.0,0.0,0.0,0.0,0.0,0.0,0.0,0.0,0.0,0.0
131.68,0.5270462766947299,1.0540925533894598,0.0,0.8973665961010275,0.0,0.9459074466105402,116.92686747196389,24077.083055392097,0.0,0.0,0.0,0.0,0.0,0.0,0.0,0.0,0.0,0.8973665961010275
143.95,0.0,0.0,0.0,1.0,0.0,1.0540925533894598,142.57,24219.653055392097,0.0,0.0,0.0,0.0,0.0,0.0,0.0,0.0,0.0,1.0
125.0,0.0,0.0,0.0,-0.0,0.0,-0.0,0.0,24219.653055392097,0.0,0.0,0.0,0.0,0.0,0.0,0.0,0.0,0.0,-0.0
96.43,0.0,0.0,0.0,-0.0,0.0,-0.0,0.0,24219.653055392097,0.0,0.0,0.0,0.0,0.0,0.0,0.0,0.0,0.0,-0.0
82.41,-0.0,-0.0,0.0,0.0,0.0,0.0,0.0,24219.653055392097,0.0,0.0,0.0,0.0,0.0,0.0,0.0,0.0,0.0,0.0
73.3,-0.0,-0.0,0.0,0.0,0.0,0.0,0.0,24219.653055392097,0.0,0.0,0.0,0.0,0.0,0.0,0.0,0.0,0.0,0.0
64.43,0.4743416490252569,0.9486832980505138,1.0,0.0,0.9486832980505138,0.0,-75.09,24144.563055392096,0.0,0.0,1.0,0.0,0.0,0.0,0.0,0.0,0.0,0.0
63.92,0.9486832980505138,1.8973665961010275,1.0,0.0,0.9486832980505138,0.0,-74.58,24069.983055392095,0.0,0.0,1.0,0.0,0.0,0.0,0.0,0.0,0.0,0.0
68.04,1.0,2.0,0.10818510677891963,0.0,0.10263340389897246,0.0,-8.52065900990771,24061.462396382187,0.0,0.0,0.10818510677891963,0.0,0.0,0.0,0.0,0.0,0.0,0.0
75.0,1.0,2.0,0.0,0.0,0.0,0.0,0.0,24061.462396382187,0.0,0.0,0.0,0.0,0.0,0.0,0.0,0.0,0.0,0.0
81.8,1.0,2.0,0.0,0.0,0.0,0.0,0.0,24061.462396382187,0.0,0.0,0.0,0.0,0.0,0.0,0.0,0.0,0.0,0.0
95.85,1.0,2.0,-0.0,0.0,-0.0,0.0,0.0,24061.462396382187,0.0,0.0,-0.0,0.0,0.0,0.0,0.0,0.0,0.0,0.0
108.49,1.0,2.0,0.0,0.0,0.0,0.0,0.0,24061.462396382187,0.0,0.0,0.0,0.0,0.0,0.0,0.0,0.0,0.0,0.0
128.93,0.5270462766947299,1.0540925533894598,0.0,0.8973665961010275,0.0,0.9459074466105402,114.45910933268607,24175.921505714872,0.0,0.0,0.0,0.0,0.0,0.0,0.0,0.0,0.0,0.8973665961010275
147.15,0.0,0.0,0.0,1.0,0.0,1.0540925533894598,145.77,24321.691505714873,0.0,0.0,0.0,0.0,0.0,0.0,0.0,0.0,0.0,1.0
125.18,0.0,0.0,0.0,-0.0,0.0,-0.0,0.0,24321.691505714873,0.0,0.0,0.0,0.0,0.0,0.0,0.0,0.0,0.0,-0.0
108.49,-0.0,-0.0,0.0,0.0,0.0,0.0,0.0,24321.691505714873,0.0,0.0,0.0,0.0,0.0,0.0,0.0,0.0,0.0,0.0
96.59,-0.0,-0.0,0.0,0.0,0.0,0.0,0.0,24321.691505714873,0.0,0.0,0.0,0.0,0.0,0.0,0.0,0.0,0.0,0.0
95.86,-0.0,-0.0,0.0,0.0,0.0,0.0,0.0,24321.691505714873,0.0,0.0,0.0,0.0,0.0,0.0,0.0,0.0,0.0,0.0
91.66,0.4743416490252569,0.9486832980505138,1.0,0.0,0.9486832980505138,0.0,-102.71,24218.981505714873,0.0,0.0,1.0,0.0,0.0,0.0,0.0,0.0,0.0,0.0
91.51,0.9486832980505138,1.8973665961010275,1.0,0.0,0.9486832980505138,0.0,-102.56,24116.421505714872,0.0,0.0,1.0,0.0,0.0,0.0,0.0,0.0,0.0,0.0
93.18,1.0,2.0,0.10818510677891963,0.0,0.10263340389897246,0.0,-11.278297381702371,24105.14320833317,0.0,0.0,0.10818510677891963,0.0,0.0,0.0,0.0,0.0,0.0,0.0
96.09,1.0,2.0,0.0,0.0,0.0,0.0,0.0,24105.14320833317,0.0,0.0,0.0,0.0,0.0,0.0,0.0,0.0,0.0,0.0
109.25,1.0,2.0,0.0,0.0,0.0,0.0,0.0,24105.14320833317,0.0,0.0,0.0,0.0,0.0,0.0,0.0,0.0,0.0,0.0
124.27,0.5270462766947299,1.0540925533894598,0.0,0.8973665961010275,0.0,0.9459074466105402,110.27738099485526,24215.420589328027,0.0,0.0,0.0,0.0,0.0,0.0,0.0,0.0,0.0,0.8973665961010275
138.73,0.0,0.0,0.0,1.0,0.0,1.0540925533894598,137.35,24352.770589328025,0.0,0.0,0.0,0.0,0.0,0.0,0.0,0.0,0.0,1.0
124.11,0.0,0.0,0.0,-0.0,0.0,-0.0,0.0,24352.770589328025,0.0,0.0,0.0,0.0,0.0,0.0,0.0,0.0,0.0,-0.0
101.13,-0.0,-0.0,0.0,-0.0,0.0,-0.0,0.0,24352.770589328025,0.0,0.0,0.0,0.0,0.0,0.0,0.0,0.0,0.0,-0.0
87.81,0.0,0.0,0.0,0.0,0.0,0.0,0.0,24352.770589328025,0.0,0.0,0.0,0.0,0.0,0.0,0.0,0.0,0.0,0.0
75.34,0.0,0.0,-0.0,0.0,-0.0,0.0,0.0,24352.770589328025,0.0,0.0,-0.0,0.0,0.0,0.0,0.0,0.0,0.0,0.0
64.25,0.4743416490252569,0.9486832980505138,1.0,0.0,0.9486832980505138,0.0,-74.91,24277.860589328026,0.0,0.0,1.0,0.0,0.0,0.0,0.0,0.0,0.0,0.0
63.75,0.9486832980505138,1.8973665961010275,1.0,0.0,0.9486832980505138,0.0,-74.4,24203.460589328024,0.0,0.0,1.0,0.0,0.0,0.0,0.0,0.0,0.0,0.0
70.05,1.0,2.0,0.10818510677891963,0.0,0.10263340389897246,0.0,-8.740274776668917,24194.720314551356,0.0,0.0,0.10818510677891963,0.0,0.0,0.0,0.0,0.0,0.0,0.0
78.77,1.0,2.0,0.0,0.0,0.0,0.0,0.0,24194.720314551356,0.0,0.0,0.0,0.0,0.0,0.0,0.0,0.0,0.0,0.0
85.3,1.0,2.0,0.0,0.0,0.0,0.0,0.0,24194.720314551356,0.0,0.0,0.0,0.0,0.0,0.0,0.0,0.0,0.0,0.0
91.63,1.0,2.0,0.0,-0.0,0.0,-0.0,0.0,24194.720314551356,0.0,0.0,0.0,0.0,0.0,0.0,0.0,0.0,0.0,-0.0
109.09,1.0,2.0,0.0,-0.0,0.0,-0.0,0.0,24194.720314551356,0.0,0.0,0.0,0.0,0.0,0.0,0.0,0.0,0.0,-0.0
134.96,1.0,2.0,0.0,-0.0,0.0,-0.0,0.0,24194.720314551356,0.0,0.0,0.0,0.0,0.0,0.0,0.0,0.0,0.0,-0.0
185.08,0.4729537233052701,0.9459074466105402,0.0,1.0,0.0,1.0540925533894598,183.70000000000002,24378.420314551357,0.0,0.0,0.0,0.0,0.0,0.0,0.0,0.0,0.0,1.0
143.18,0.0,0.0,0.0,0.8973665961010275,0.0,0.9459074466105402,127.2465833271257,24505.666897878484,0.0,0.0,0.0,0.0,0.0,0.0,0.0,0.0,0.0,0.8973665961010275
114.77,-0.0,-0.0,0.0,0.0,0.0,0.0,0.0,24505.666897878484,0.0,0.0,0.0,0.0,0.0,0.0,0.0,0.0,0.0,0.0
106.48,-0.0,-0.0,0.0,0.0,0.0,0.0,0.0,24505.666897878484,0.0,0.0,0.0,0.0,0.0,0.0,0.0,0.0,0.0,0.0
102.27,-0.0,-0.0,0.0,0.0,0.0,0.0,0.0,24505.666897878484,0.0,0.0,0.0,0.0,0.0,0.0,0.0,0.0,0.0,0.0
96.55,0.05131670194948623,0.10263340389897246,0.10818510677891963,0.0,0.10263340389897246,0.0,-11.648290446886277,24494.018607431597,0.0,0.0,0.10818510677891963,0.0,0.0,0.0,0.0,0.0,0.0,0.0
93.76,0.5256583509747431,1.0513167019494862,1.0,0.0,0.9486832980505138,0.0,-104.84,24389.178607431597,0.0,0.0,1.0,0.0,0.0,0.0,0.0,0.0,0.0,0.0
95.09,1.0,2.0,1.0,0.0,0.9486832980505138,0.0,-106.19,24282.9886074316,0.0,0.0,1.0,0.0,0.0,0.0,0.0,0.0,0.0,0.0
99.0,1.0,2.0,0.0,0.0,0.0,0.0,0.0,24282.9886074316,0.0,0.0,0.0,0.0,0.0,0.0,0.0,0.0,0.0,0.0
109.07,1.0,2.0,0.0,0.0,0.0,0.0,0.0,24282.9886074316,0.0,0.0,0.0,0.0,0.0,0.0,0.0,0.0,0.0,0.0
141.0,0.4729537233052701,0.9459074466105402,0.0,1.0,0.0,1.0540925533894598,139.62,24422.608607431597,0.0,0.0,0.0,0.0,0.0,0.0,0.0,0.0,0.0,1.0
136.03,0.0,0.0,0.0,0.8973665961010275,0.0,0.9459074466105402,120.83041216500335,24543.4390195966,0.0,0.0,0.0,0.0,0.0,0.0,0.0,0.0,0.0,0.8973665961010275
100.61,0.0,0.0,-0.0,0.0,-0.0,0.0,0.0,24543.4390195966,0.0,0.0,-0.0,0.0,0.0,0.0,0.0,0.0,0.0,0.0
82.0,0.0,0.0,0.0,-0.0,0.0,-0.0,0.0,24543.4390195966,0.0,0.0,0.0,0.0,0.0,0.0,0.0,0.0,0.0,-0.0
51.6,0.0,0.0,0.0,-0.0,0.0,-0.0,0.0,24543.4390195966,0.0,0.0,0.0,0.0,0.0,0.0,0.0,0.0,0.0,-0.0
0.1,-0.0,-0.0,0.0,0.0,0.0,0.0,0.0,24543.4390195966,0.0,0.0,0.0,0.0,0.0,0.0,0.0,0.0,0.0,0.0
-0.01,0.05131670194948623,0.10263340389897246,0.10818510677891963,0.0,0.10263340389897246,0.0,-1.0537229400266772,24542.385296656576,0.0,0.0,0.10818510677891963,0.0,0.0,0.0,0.0,0.0,0.0,0.0
-0.02,0.5256583509747431,1.0513167019494862,1.0,0.0,0.9486832980505138,0.0,-9.73,24532.655296656576,0.0,0.0,1.0,0.0,0.0,0.0,0.0,0.0,0.0,0.0
-0.01,1.0,2.0,1.0,0.0,0.9486832980505138,0.0,-9.74,24522.915296656574,0.0,0.0,1.0,0.0,0.0,0.0,0.0,0.0,0.0,0.0
0.09,1.0,2.0,0.0,0.0,0.0,0.0,0.0,24522.915296656574,0.0,0.0,0.0,0.0,0.0,0.0,0.0,0.0,0.0,0.0
52.66,1.0,2.0,0.0,-0.0,0.0,-0.0,0.0,24522.915296656574,0.0,0.0,0.0,0.0,0.0,0.0,0.0,0.0,0.0,-0.0
79.06,1.0,2.0,0.0,-0.0,0.0,-0.0,0.0,24522.915296656574,0.0,0.0,0.0,0.0,0.0,0.0,0.0,0.0,0.0,-0.0
98.81,1.0,2.0,-0.0,0.0,-0.0,0.0,0.0,24522.915296656574,0.0,0.0,-0.0,0.0,0.0,0.0,0.0,0.0,0.0,0.0
118.2,1.0,2.0,0.0,0.0,0.0,0.0,0.0,24522.915296656574,0.0,0.0,0.0,0.0,0.0,0.0,0.0,0.0,0.0,0.0
149.13,0.4729537233052701,0.9459074466105402,0.0,1.0,0.0,1.0540925533894598,147.75,24670.665296656574,0.0,0.0,0.0,0.0,0.0,0.0,0.0,0.0,0.0,1.0
130.35,0.0,0.0,0.0,0.8973665961010275,0.0,0.9459074466105402,115.73336989914951,24786.398666555724,0.0,0.0,0.0,0.0,0.0,0.0,0.0,0.0,0.0,0.8973665961010275
107.32,-0.0,-0.0,0.0,0.0,0.0,0.0,0.0,24786.398666555724,0.0,0.0,0.0,0.0,0.0,0.0,0.0,0.0,0.0,0.0
98.32,0.0,0.0,-0.0,0.0,-0.0,0.0,0.0,24786.398666555724,0.0,0.0,-0.0,0.0,0.0,0.0,0.0,0.0,0.0,0.0
105.22,-0.0,-0.0,0.0,-0.0,0.0,-0.0,0.0,24786.398666555724,0.0,0.0,0.0,0.0,0.0,0.0,0.0,0.0,0.0,-0.0
102.91,0.0,0.0,0.0,0.0,0.0,0.0,0.0,24786.398666555724,0.0,0.0,0.0,0.0,0.0,0.0,0.0,0.0,0.0,0.0
98.78,-0.0,-0.0,0.0,0.0,0.0,0.0,0.0,24786.398666555724,0.0,0.0,0.0,0.0,0.0,0.0,0.0,0.0,0.0,0.0
96.28,-0.0,-0.0,0.0,0.0,0.0,0.0,0.0,24786.398666555724,0.0,0.0,0.0,0.0,0.0,0.0,0.0,0.0,0.0,0.0
100.9,0.0,0.0,0.0,-0.0,0.0,-0.0,0.0,24786.398666555724,0.0,0.0,0.0,0.0,0.0,0.0,0.0,0.0,0.0,-0.0
100.47,0.0,0.0,0.0,-0.0,0.0,-0.0,0.0,24786.398666555724,0.0,0.0,0.0,0.0,0.0,0.0,0.0,0.0,0.0,-0.0
97.73,-0.0,-0.0,0.0,-0.0,0.0,-0.0,0.0,24786.398666555724,0.0,0.0,0.0,0.0,0.0,0.0,0.0,0.0,0.0,-0.0
93.91,0.0,0.0,0.0,0.0,0.0,0.0,0.0,24786.398666555724,0.0,0.0,0.0,0.0,0.0,0.0,0.0,0.0,0.0,0.0
73.72,0.0,0.0,-0.0,0.0,-0.0,0.0,0.0,24786.398666555724,0.0,0.0,-0.0,0.0,0.0,0.0,0.0,0.0,0.0,0.0
9.55,-0.0,-0.0,0.0,0.0,0.0,0.0,0.0,24786.398666555724,0.0,0.0,0.0,0.0,0.0,0.0,0.0,0.0,0.0,0.0
8.31,-0.0,-0.0,0.0,0.0,0.0,0.0,0.0,24786.398666555724,0.0,0.0,0.0,0.0,0.0,0.0,0.0,0.0,0.0,0.0
4.84,-0.0,-0.0,0.0,0.0,0.0,0.0,0.0,24786.398666555724,0.0,0.0,0.0,0.0,0.0,0.0,0.0,0.0,0.0,0.0
2.1,-0.0,-0.0,0.0,0.0,0.0,0.0,0.0,24786.398666555724,0.0,0.0,0.0,0.0,0.0,0.0,0.0,0.0,0.0,0.0
1.87,-0.0,-0.0,0.0,0.0,0.0,0.0,0.0,24786.398666555724,0.0,0.0,0.0,0.0,0.0,0.0,0.0,0.0,0.0,0.0
-0.01,0.05131670194948623,0.10263340389897246,0.10818510677891963,0.0,0.10263340389897246,0.0,-1.0537229400266772,24785.3449436157,0.0,0.0,0.10818510677891963,0.0,0.0,0.0,0.0,0.0,0.0,0.0
-1.74,0.5256583509747431,1.0513167019494862,1.0,0.0,0.9486832980505138,0.0,-7.98,24777.3649436157,0.0,0.0,1.0,0.0,0.0,0.0,0.0,0.0,0.0,0.0
-2.7,1.0,2.0,1.0,0.0,0.9486832980505138,0.0,-7.010000000000001,24770.3549436157,0.0,0.0,1.0,0.0,0.0,0.0,0.0,0.0,0.0,0.0
23.99,1.0,2.0,0.0,-0.0,0.0,-0.0,0.0,24770.3549436157,0.0,0.0,0.0,0.0,0.0,0.0,0.0,0.0,0.0,-0.0
95.27,1.0,2.0,-0.0,0.0,-0.0,0.0,0.0,24770.3549436157,0.0,0.0,-0.0,0.0,0.0,0.0,0.0,0.0,0.0,0.0
124.04,1.0,2.0,0.0,0.0,0.0,0.0,0.0,24770.3549436157,0.0,0.0,0.0,0.0,0.0,0.0,0.0,0.0,0.0,0.0
163.2,0.4729537233052701,0.9459074466105402,0.0,1.0,0.0,1.0540925533894598,161.82,24932.1749436157,0.0,0.0,0.0,0.0,0.0,0.0,0.0,0.0,0.0,1.0
129.49,-0.0,-0.0,0.0,0.8973665961010275,0.0,0.9459074466105402,114.96163462650264,25047.136578242204,0.0,0.0,0.0,0.0,0.0,0.0,0.0,0.0,0.0,0.8973665961010275
107.72,0.0,0.0,0.0,0.0,0.0,0.0,0.0,25047.136578242204,0.0,0.0,0.0,0.0,0.0,0.0,0.0,0.0,0.0,0.0
94.49,0.0,0.0,-0.0,0.0,-0.0,0.0,0.0,25047.136578242204,0.0,0.0,-0.0,0.0,0.0,0.0,0.0,0.0,0.0,0.0
97.8,-0.0,-0.0,0.0,-0.0,0.0,-0.0,0.0,25047.136578242204,0.0,0.0,0.0,0.0,0.0,0.0,0.0,0.0,0.0,-0.0
95.1,0.0,0.0,0.0,0.0,0.0,0.0,0.0,25047.136578242204,0.0,0.0,0.0,0.0,0.0,0.0,0.0,0.0,0.0,0.0
94.51,-0.0,-0.0,0.0,0.0,0.0,0.0,0.0,25047.136578242204,0.0,0.0,0.0,0.0,0.0,0.0,0.0,0.0,0.0,0.0
95.42,-0.0,-0.0,0.0,0.0,0.0,0.0,0.0,25047.136578242204,0.0,0.0,0.0,0.0,0.0,0.0,0.0,0.0,0.0,0.0
95.39,-0.0,-0.0,0.0,0.0,0.0,0.0,0.0,25047.136578242204,0.0,0.0,0.0,0.0,0.0,0.0,0.0,0.0,0.0,0.0
95.45,0.0,0.0,0.0,-0.0,0.0,-0.0,0.0,25047.136578242204,0.0,0.0,0.0,0.0,0.0,0.0,0.0,0.0,0.0,-0.0
87.61,0.0,0.0,0.0,-0.0,0.0,-0.0,0.0,25047.136578242204,0.0,0.0,0.0,0.0,0.0,0.0,0.0,0.0,0.0,-0.0
65.76,0.0,0.0,0.0,-0.0,0.0,-0.0,0.0,25047.136578242204,0.0,0.0,0.0,0.0,0.0,0.0,0.0,0.0,0.0,-0.0
4.97,-0.0,-0.0,-0.0,0.0,-0.0,0.0,0.0,25047.136578242204,0.0,0.0,-0.0,0.0,0.0,0.0,0.0,0.0,0.0,0.0
7.81,0.0,0.0,0.0,0.0,0.0,0.0,0.0,25047.136578242204,0.0,0.0,0.0,0.0,0.0,0.0,0.0,0.0,0.0,0.0
3.92,-0.0,-0.0,0.0,0.0,0.0,0.0,0.0,25047.136578242204,0.0,0.0,0.0,0.0,0.0,0.0,0.0,0.0,0.0,0.0
2.06,-0.0,-0.0,0.0,0.0,0.0,0.0,0.0,25047.136578242204,0.0,0.0,0.0,0.0,0.0,0.0,0.0,0.0,0.0,0.0
1.71,-0.0,-0.0,0.0,0.0,0.0,0.0,0.0,25047.136578242204,0.0,0.0,0.0,0.0,0.0,0.0,0.0,0.0,0.0,0.0
-0.01,-0.0,-0.0,0.0,0.0,0.0,0.0,-0.0,25047.136578242204,0.0,0.0,0.0,0.0,0.0,0.0,0.0,0.0,0.0,0.0
-0.27,0.4743416490252569,0.9486832980505138,1.0,0.0,0.9486832980505138,0.0,-9.48,25037.656578242204,0.0,0.0,1.0,0.0,0.0,0.0,0.0,0.0,0.0,0.0
-1.01,0.9486832980505138,1.8973665961010275,1.0,0.0,0.9486832980505138,0.0,-8.73,25028.926578242204,0.0,0.0,1.0,0.0,0.0,0.0,0.0,0.0,0.0,0.0
-0.13,1.0,2.0,0.10818510677891963,0.0,0.10263340389897246,0.0,-1.040740727213207,25027.88583751499,0.0,0.0,0.10818510677891963,0.0,0.0,0.0,0.0,0.0,0.0,0.0
0.58,1.0,2.0,0.0,0.0,0.0,0.0,0.0,25027.88583751499,0.0,0.0,0.0,0.0,0.0,0.0,0.0,0.0,0.0,0.0
85.96,1.0,2.0,0.0,-0.0,0.0,-0.0,0.0,25027.88583751499,0.0,0.0,0.0,0.0,0.0,0.0,0.0,0.0,0.0,-0.0
117.11,0.5270462766947299,1.0540925533894598,0.0,0.8973665961010275,0.0,0.9459074466105402,103.85223616677192,25131.73807368176,0.0,0.0,0.0,0.0,0.0,0.0,0.0,0.0,0.0,0.8973665961010275
124.86,-0.0,-0.0,0.0,1.0,0.0,1.0540925533894598,123.48,25255.21807368176,0.0,0.0,0.0,0.0,0.0,0.0,0.0,0.0,0.0,1.0
109.55,0.0,0.0,0.0,0.0,0.0,0.0,0.0,25255.21807368176,0.0,0.0,0.0,0.0,0.0,0.0,0.0,0.0,0.0,0.0
98.45,-0.0,-0.0,0.0,0.0,0.0,0.0,0.0,25255.21807368176,0.0,0.0,0.0,0.0,0.0,0.0,0.0,0.0,0.0,0.0
84.68,-0.0,-0.0,-0.0,0.0,-0.0,0.0,0.0,25255.21807368176,0.0,0.0,-0.0,0.0,0.0,0.0,0.0,0.0,0.0,0.0
86.0,0.0,0.0,0.0,0.0,0.0,0.0,0.0,25255.21807368176,0.0,0.0,0.0,0.0,0.0,0.0,0.0,0.0,0.0,0.0
81.28,0.4743416490252569,0.9486832980505138,1.0,0.0,0.9486832980505138,0.0,-92.18,25163.03807368176,0.0,0.0,1.0,0.0,0.0,0.0,0.0,0.0,0.0,0.0
80.95,0.9486832980505138,1.8973665961010275,1.0,0.0,0.9486832980505138,0.0,-91.85000000000001,25071.188073681762,0.0,0.0,1.0,0.0,0.0,0.0,0.0,0.0,0.0,0.0
81.48,1.0,2.0,0.10818510677891963,0.0,0.10263340389897246,0.0,-9.995222015304385,25061.19285166646,0.0,0.0,0.10818510677891963,0.0,0.0,0.0,0.0,0.0,0.0,0.0
84.65,1.0,2.0,0.0,0.0,0.0,0.0,0.0,25061.19285166646,0.0,0.0,0.0,0.0,0.0,0.0,0.0,0.0,0.0,0.0
97.71,1.0,2.0,0.0,0.0,0.0,0.0,0.0,25061.19285166646,0.0,0.0,0.0,0.0,0.0,0.0,0.0,0.0,0.0,0.0
137.05,0.5270462766947299,1.0540925533894598,0.0,0.8973665961010275,0.0,0.9459074466105402,121.74572609302642,25182.938577759487,0.0,0.0,0.0,0.0,0.0,0.0,0.0,0.0,0.0,0.8973665961010275
141.15,0.0,0.0,0.0,1.0,0.0,1.0540925533894598,139.77,25322.708577759488,0.0,0.0,0.0,0.0,0.0,0.0,0.0,0.0,0.0,1.0
108.49,0.0,0.0,-0.0,0.0,-0.0,0.0,0.0,25322.708577759488,0.0,0.0,-0.0,0.0,0.0,0.0,0.0,0.0,0.0,0.0
69.74,0.0,0.0,0.0,-0.0,0.0,-0.0,0.0,25322.708577759488,0.0,0.0,0.0,0.0,0.0,0.0,0.0,0.0,0.0,-0.0
15.37,0.0,0.0,-0.0,0.0,-0.0,0.0,0.0,25322.708577759488,0.0,0.0,-0.0,0.0,0.0,0.0,0.0,0.0,0.0,0.0
11.35,-0.0,-0.0,0.0,0.0,0.0,0.0,0.0,25322.708577759488,0.0,0.0,0.0,0.0,0.0,0.0,0.0,0.0,0.0,0.0
2.09,0.4743416490252569,0.9486832980505138,1.0,0.0,0.9486832980505138,0.0,-11.87,25310.83857775949,0.0,0.0,1.0,0.0,0.0,0.0,0.0,0.0,0.0,0.0
4.17,0.5256583509747431,1.0513167019494862,0.10818510677891963,0.0,0.10263340389897246,0.0,-1.5124277927692966,25309.32614996672,0.0,0.0,0.10818510677891963,0.0,0.0,0.0,0.0,0.0,0.0,0.0
2.08,1.0,2.0,1.0,0.0,0.9486832980505138,0.0,-11.86,25297.46614996672,0.0,0.0,1.0,0.0,0.0,0.0,0.0,0.0,0.0,0.0
6.96,1.0,2.0,0.0,0.0,0.0,0.0,0.0,25297.46614996672,0.0,0.0,0.0,0.0,0.0,0.0,0.0,0.0,0.0,0.0
7.78,1.0,2.0,0.0,0.0,0.0,0.0,0.0,25297.46614996672,0.0,0.0,0.0,0.0,0.0,0.0,0.0,0.0,0.0,0.0
72.58,1.0,2.0,0.0,-0.0,0.0,-0.0,0.0,25297.46614996672,0.0,0.0,0.0,0.0,0.0,0.0,0.0,0.0,0.0,-0.0
107.12,1.0,2.0,0.0,-0.0,0.0,-0.0,0.0,25297.46614996672,0.0,0.0,0.0,0.0,0.0,0.0,0.0,0.0,0.0,-0.0
141.41,0.5270462766947299,1.0540925533894598,0.0,0.8973665961010275,0.0,0.9459074466105402,125.65824445202688,25423.124394418748,0.0,0.0,0.0,0.0,0.0,0.0,0.0,0.0,0.0,0.8973665961010275
172.7,0.0,0.0,0.0,1.0,0.0,1.0540925533894598,171.32,25594.444394418748,0.0,0.0,0.0,0.0,0.0,0.0,0.0,0.0,0.0,1.0
117.25,0.0,0.0,0.0,-0.0,0.0,-0.0,0.0,25594.444394418748,0.0,0.0,0.0,0.0,0.0,0.0,0.0,0.0,0.0,-0.0
100.11,-0.0,-0.0,0.0,0.0,0.0,0.0,0.0,25594.444394418748,0.0,0.0,0.0,0.0,0.0,0.0,0.0,0.0,0.0,0.0
92.97,-0.0,-0.0,0.0,0.0,0.0,0.0,0.0,25594.444394418748,0.0,0.0,0.0,0.0,0.0,0.0,0.0,0.0,0.0,0.0
89.87,0.05131670194948623,0.10263340389897246,0.10818510677891963,0.0,0.10263340389897246,0.0,-10.91587727399299,25583.528517144754,0.0,0.0,0.10818510677891963,0.0,0.0,0.0,0.0,0.0,0.0,0.0
88.55,0.5256583509747431,1.0513167019494862,1.0,0.0,0.9486832980505138,0.0,-99.56,25483.968517144753,0.0,0.0,1.0,0.0,0.0,0.0,0.0,0.0,0.0,0.0
89.2,1.0,2.0,1.0,0.0,0.9486832980505138,0.0,-100.22,25383.74851714475,0.0,0.0,1.0,0.0,0.0,0.0,0.0,0.0,0.0,0.0
93.94,1.0,2.0,0.0,0.0,0.0,0.0,0.0,25383.74851714475,0.0,0.0,0.0,0.0,0.0,0.0,0.0,0.0,0.0,0.0
96.71,1.0,2.0,0.0,0.0,0.0,0.0,0.0,25383.74851714475,0.0,0.0,0.0,0.0,0.0,0.0,0.0,0.0,0.0,0.0
104.0,1.0,2.0,0.0,0.0,0.0,0.0,0.0,25383.74851714475,0.0,0.0,0.0,0.0,0.0,0.0,0.0,0.0,0.0,0.0
136.77,0.4729537233052701,0.9459074466105402,0.0,1.0,0.0,1.0540925533894598,135.39000000000001,25519.13851714475,0.0,0.0,0.0,0.0,0.0,0.0,0.0,0.0,0.0,1.0
128.33,0.0,0.0,0.0,0.8973665961010275,0.0,0.9459074466105402,113.92068937502546,25633.059206519778,0.0,0.0,0.0,0.0,0.0,0.0,0.0,0.0,0.0,0.8973665961010275
100.42,0.0,0.0,-0.0,0.0,-0.0,0.0,0.0,25633.059206519778,0.0,0.0,-0.0,0.0,0.0,0.0,0.0,0.0,0.0,0.0
79.36,0.0,0.0,-0.0,0.0,-0.0,0.0,0.0,25633.059206519778,0.0,0.0,-0.0,0.0,0.0,0.0,0.0,0.0,0.0,0.0
16.09,0.0,0.0,0.0,-0.0,0.0,-0.0,0.0,25633.059206519778,0.0,0.0,0.0,0.0,0.0,0.0,0.0,0.0,0.0,-0.0
-0.75,-0.0,-0.0,0.0,0.0,0.0,0.0,-0.0,25633.059206519778,0.0,0.0,0.0,0.0,0.0,0.0,0.0,0.0,0.0,0.0
-2.56,0.05131670194948623,0.10263340389897246,0.10818510677891963,0.0,0.10263340389897246,0.0,-0.7735235134692755,25632.28568300631,0.0,0.0,0.10818510677891963,0.0,0.0,0.0,0.0,0.0,0.0,0.0
-1.74,0.05131670194948623,0.10263340389897246,0.0,0.0,0.0,0.0,-0.0,25632.28568300631,0.0,0.0,0.0,0.0,0.0,0.0,0.0,0.0,0.0,0.0
-3.2,0.5256583509747431,1.0513167019494862,1.0,0.0,0.9486832980505138,0.0,-6.499999999999999,25625.78568300631,0.0,0.0,1.0,0.0,0.0,0.0,0.0,0.0,0.0,0.0
-3.64,1.0,2.0,1.0,0.0,0.9486832980505138,0.0,-6.059999999999999,25619.72568300631,0.0,0.0,1.0,0.0,0.0,0.0,0.0,0.0,0.0,0.0
0.54,1.0,2.0,0.0,0.0,0.0,0.0,0.0,25619.72568300631,0.0,0.0,0.0,0.0,0.0,0.0,0.0,0.0,0.0,0.0
73.95,1.0,2.0,0.0,-0.0,0.0,-0.0,0.0,25619.72568300631,0.0,0.0,0.0,0.0,0.0,0.0,0.0,0.0,0.0,-0.0
99.71,1.0,2.0,-0.0,0.0,-0.0,0.0,0.0,25619.72568300631,0.0,0.0,-0.0,0.0,0.0,0.0,0.0,0.0,0.0,0.0
135.91,1.0,2.0,0.0,-0.0,0.0,-0.0,0.0,25619.72568300631,0.0,0.0,0.0,0.0,0.0,0.0,0.0,0.0,0.0,-0.0
212.92,0.4729537233052701,0.9459074466105402,0.0,1.0,0.0,1.0540925533894598,211.54,25831.26568300631,0.0,0.0,0.0,0.0,0.0,0.0,0.0,0.0,0.0,1.0
148.37,0.0,0.0,0.0,0.8973665961010275,0.0,0.9459074466105402,131.90391596089003,25963.1695989672,0.0,0.0,0.0,0.0,0.0,0.0,0.0,0.0,0.0,0.8973665961010275
111.97,-0.0,-0.0,0.0,0.0,0.0,0.0,0.0,25963.1695989672,0.0,0.0,0.0,0.0,0.0,0.0,0.0,0.0,0.0,0.0
99.21,-0.0,-0.0,0.0,0.0,0.0,0.0,0.0,25963.1695989672,0.0,0.0,0.0,0.0,0.0,0.0,0.0,0.0,0.0,0.0
97.07,0.0,0.0,-0.0,0.0,-0.0,0.0,0.0,25963.1695989672,0.0,0.0,-0.0,0.0,0.0,0.0,0.0,0.0,0.0,0.0
89.86,0.05131670194948623,0.10263340389897246,0.10818510677891963,0.0,0.10263340389897246,0.0,-10.9147954229252,25952.254803544274,0.0,0.0,0.10818510677891963,0.0,0.0,0.0,0.0,0.0,0.0,0.0
87.78,0.5256583509747431,1.0513167019494862,1.0,0.0,0.9486832980505138,0.0,-98.78,25853.474803544275,0.0,0.0,1.0,0.0,0.0,0.0,0.0,0.0,0.0,0.0
89.09,1.0,2.0,1.0,0.0,0.9486832980505138,0.0,-100.10000000000001,25753.374803544277,0.0,0.0,1.0,0.0,0.0,0.0,0.0,0.0,0.0,0.0
98.51,1.0,2.0,0.0,0.0,0.0,0.0,0.0,25753.374803544277,0.0,0.0,0.0,0.0,0.0,0.0,0.0,0.0,0.0,0.0
103.92,1.0,2.0,0.0,0.0,0.0,0.0,0.0,25753.374803544277,0.0,0.0,0.0,0.0,0.0,0.0,0.0,0.0,0.0,0.0
128.58,0.4729537233052701,0.9459074466105402,0.0,1.0,0.0,1.0540925533894598,127.20000000000002,25880.574803544278,0.0,0.0,0.0,0.0,0.0,0.0,0.0,0.0,0.0,1.0
122.5,0.0,0.0,0.0,0.8973665961010275,0.0,0.9459074466105402,108.68904211975645,25989.263845664034,0.0,0.0,0.0,0.0,0.0,0.0,0.0,0.0,0.0,0.8973665961010275
99.56,0.0,0.0,0.0,-0.0,0.0,-0.0,0.0,25989.263845664034,0.0,0.0,0.0,0.0,0.0,0.0,0.0,0.0,0.0,-0.0
70.91,0.0,0.0,0.0,-0.0,0.0,-0.0,0.0,25989.263845664034,0.0,0.0,0.0,0.0,0.0,0.0,0.0,0.0,0.0,-0.0
0.2,-0.0,-0.0,0.0,0.0,0.0,0.0,0.0,25989.263845664034,0.0,0.0,0.0,0.0,0.0,0.0,0.0,0.0,0.0,0.0
-1.68,-0.0,-0.0,0.0,0.0,0.0,0.0,-0.0,25989.263845664034,0.0,0.0,0.0,0.0,0.0,0.0,0.0,0.0,0.0,0.0
-5.09,0.4743416490252569,0.9486832980505138,1.0,0.0,0.9486832980505138,0.0,-4.59,25984.673845664034,0.0,0.0,1.0,0.0,0.0,0.0,0.0,0.0,0.0,0.0
-5.01,0.5256583509747431,1.0513167019494862,0.10818510677891963,0.0,0.10263340389897246,0.0,-0.5052244486575547,25984.168621215376,0.0,0.0,0.10818510677891963,0.0,0.0,0.0,0.0,0.0,0.0,0.0
-5.31,1.0,2.0,1.0,0.0,0.9486832980505138,0.0,-4.36,25979.808621215376,0.0,0.0,1.0,0.0,0.0,0.0,0.0,0.0,0.0,0.0
-3.36,1.0,2.0,0.0,0.0,0.0,0.0,-0.0,25979.808621215376,0.0,0.0,0.0,0.0,0.0,0.0,0.0,0.0,0.0,0.0
-1.34,1.0,2.0,0.0,0.0,0.0,0.0,-0.0,25979.808621215376,0.0,0.0,0.0,0.0,0.0,0.0,0.0,0.0,0.0,0.0
30.94,1.0,2.0,0.0,-0.0,0.0,-0.0,0.0,25979.808621215376,0.0,0.0,0.0,0.0,0.0,0.0,0.0,0.0,0.0,-0.0
91.6,1.0,2.0,-0.0,0.0,-0.0,0.0,0.0,25979.808621215376,0.0,0.0,-0.0,0.0,0.0,0.0,0.0,0.0,0.0,0.0
114.0,1.0,2.0,0.0,0.0,0.0,0.0,0.0,25979.808621215376,0.0,0.0,0.0,0.0,0.0,0.0,0.0,0.0,0.0,0.0
158.45,0.4729537233052701,0.9459074466105402,0.0,1.0,0.0,1.0540925533894598,157.07,26136.878621215375,0.0,0.0,0.0,0.0,0.0,0.0,0.0,0.0,0.0,1.0
132.59,0.0,0.0,0.0,0.8973665961010275,0.0,0.9459074466105402,117.74347107441582,26254.622092289792,0.0,0.0,0.0,0.0,0.0,0.0,0.0,0.0,0.0,0.8973665961010275
109.08,-0.0,-0.0,0.0,-0.0,0.0,-0.0,0.0,26254.622092289792,0.0,0.0,0.0,0.0,0.0,0.0,0.0,0.0,0.0,-0.0
95.3,-0.0,-0.0,0.0,0.0,0.0,0.0,0.0,26254.622092289792,0.0,0.0,0.0,0.0,0.0,0.0,0.0,0.0,0.0,0.0
97.02,-0.0,-0.0,0.0,0.0,0.0,0.0,0.0,26254.622092289792,0.0,0.0,0.0,0.0,0.0,0.0,0.0,0.0,0.0,0.0
88.0,0.0,0.0,0.0,0.0,0.0,0.0,0.0,26254.622092289792,0.0,0.0,0.0,0.0,0.0,0.0,0.0,0.0,0.0,0.0
82.24,0.4743416490252569,0.9486832980505138,1.0,0.0,0.9486832980505138,0.0,-93.16,26161.462092289792,0.0,0.0,1.0,0.0,0.0,0.0,0.0,0.0,0.0,0.0
81.67,0.9486832980505138,1.8973665961010275,1.0,0.0,0.9486832980505138,0.0,-92.58,26068.88209228979,0.0,0.0,1.0,0.0,0.0,0.0,0.0,0.0,0.0,0.0
85.01,1.0,2.0,0.10818510677891963,0.0,0.10263340389897246,0.0,-10.382524697572917,26058.49956759222,0.0,0.0,0.10818510677891963,0.0,0.0,0.0,0.0,0.0,0.0,0.0
94.83,1.0,2.0,0.0,0.0,0.0,0.0,0.0,26058.49956759222,0.0,0.0,0.0,0.0,0.0,0.0,0.0,0.0,0.0,0.0
119.9,0.4729537233052701,0.9459074466105402,0.0,1.0,0.0,1.0540925533894598,118.52000000000001,26177.01956759222,0.0,0.0,0.0,0.0,0.0,0.0,0.0,0.0,0.0,1.0
114.62,0.0,0.0,0.0,0.8973665961010275,0.0,0.9459074466105402,101.61779334248035,26278.6373609347,0.0,0.0,0.0,0.0,0.0,0.0,0.0,0.0,0.0,0.8973665961010275
89.0,-0.0,-0.0,0.0,-0.0,0.0,-0.0,0.0,26278.6373609347,0.0,0.0,0.0,0.0,0.0,0.0,0.0,0.0,0.0,-0.0
69.89,0.0,0.0,0.0,0.0,0.0,0.0,0.0,26278.6373609347,0.0,0.0,0.0,0.0,0.0,0.0,0.0,0.0,0.0,0.0
4.58,-0.0,-0.0,0.0,0.0,0.0,0.0,0.0,26278.6373609347,0.0,0.0,0.0,0.0,0.0,0.0,0.0,0.0,0.0,0.0
-0.08,-0.0,-0.0,0.0,0.0,0.0,0.0,-0.0,26278.6373609347,0.0,0.0,0.0,0.0,0.0,0.0,0.0,0.0,0.0,0.0
-4.91,-0.0,-0.0,0.0,0.0,0.0,0.0,-0.0,26278.6373609347,0.0,0.0,0.0,0.0,0.0,0.0,0.0,0.0,0.0,0.0
-6.71,0.4743416490252569,0.9486832980505138,1.0,0.0,0.9486832980505138,0.0,-2.9400000000000004,26275.6973609347,0.0,0.0,1.0,0.0,0.0,0.0,0.0,0.0,0.0,0.0
-5.3,0.9486832980505138,1.8973665961010275,1.0,0.0,0.9486832980505138,0.0,-4.37,26271.3273609347,0.0,0.0,1.0,0.0,0.0,0.0,0.0,0.0,0.0,0.0
-5.09,1.0,2.0,0.10818510677891963,0.0,0.10263340389897246,0.0,-0.4965696401152411,26270.830791294586,0.0,0.0,0.10818510677891963,0.0,0.0,0.0,0.0,0.0,0.0,0.0
-0.6,1.0,2.0,0.0,0.0,0.0,0.0,-0.0,26270.830791294586,0.0,0.0,0.0,0.0,0.0,0.0,0.0,0.0,0.0,0.0
3.83,1.0,2.0,0.0,0.0,0.0,0.0,0.0,26270.830791294586,0.0,0.0,0.0,0.0,0.0,0.0,0.0,0.0,0.0,0.0
68.91,1.0,2.0,0.0,-0.0,0.0,-0.0,0.0,26270.830791294586,0.0,0.0,0.0,0.0,0.0,0.0,0.0,0.0,0.0,-0.0
99.27,1.0,2.0,-0.0,0.0,-0.0,0.0,0.0,26270.830791294586,0.0,0.0,-0.0,0.0,0.0,0.0,0.0,0.0,0.0,0.0
130.74,0.4729537233052701,0.9459074466105402,0.0,1.0,0.0,1.0540925533894598,129.36,26400.190791294586,0.0,0.0,0.0,0.0,0.0,0.0,0.0,0.0,0.0,1.0
125.13,0.0,0.0,0.0,0.8973665961010275,0.0,0.9459074466105402,111.04911626750216,26511.23990756209,0.0,0.0,0.0,0.0,0.0,0.0,0.0,0.0,0.0,0.8973665961010275
110.49,-0.0,-0.0,0.0,0.0,0.0,0.0,0.0,26511.23990756209,0.0,0.0,0.0,0.0,0.0,0.0,0.0,0.0,0.0,0.0
101.0,-0.0,-0.0,0.0,0.0,0.0,0.0,0.0,26511.23990756209,0.0,0.0,0.0,0.0,0.0,0.0,0.0,0.0,0.0,0.0
94.5,-0.0,-0.0,0.0,0.0,0.0,0.0,0.0,26511.23990756209,0.0,0.0,0.0,0.0,0.0,0.0,0.0,0.0,0.0,0.0
88.47,0.05131670194948623,0.10263340389897246,0.10818510677891963,0.0,0.10263340389897246,0.0,-10.762254422366924,26500.477653139722,0.0,0.0,0.10818510677891963,0.0,0.0,0.0,0.0,0.0,0.0,0.0
84.91,0.5256583509747431,1.0513167019494862,1.0,0.0,0.9486832980505138,0.0,-95.87,26404.607653139723,0.0,0.0,1.0,0.0,0.0,0.0,0.0,0.0,0.0,0.0
85.0,1.0,2.0,1.0,0.0,0.9486832980505138,0.0,-95.96000000000001,26308.647653139724,0.0,0.0,1.0,0.0,0.0,0.0,0.0,0.0,0.0,0.0
88.76,1.0,2.0,0.0,0.0,0.0,0.0,0.0,26308.647653139724,0.0,0.0,0.0,0.0,0.0,0.0,0.0,0.0,0.0,0.0
98.26,1.0,2.0,0.0,0.0,0.0,0.0,0.0,26308.647653139724,0.0,0.0,0.0,0.0,0.0,0.0,0.0,0.0,0.0,0.0
113.18,0.5270462766947299,1.0540925533894598,0.0,0.8973665961010275,0.0,0.9459074466105402,100.32558544409488,26408.973238583818,0.0,0.0,0.0,0.0,0.0,0.0,0.0,0.0,0.0,0.8973665961010275
117.6,0.0,0.0,0.0,1.0,0.0,1.0540925533894598,116.22,26525.19323858382,0.0,0.0,0.0,0.0,0.0,0.0,0.0,0.0,0.0,1.0
106.66,0.0,0.0,0.0,-0.0,0.0,-0.0,0.0,26525.19323858382,0.0,0.0,0.0,0.0,0.0,0.0,0.0,0.0,0.0,-0.0
78.99,0.0,0.0,0.0,-0.0,0.0,-0.0,0.0,26525.19323858382,0.0,0.0,0.0,0.0,0.0,0.0,0.0,0.0,0.0,-0.0
11.11,0.0,0.0,0.0,-0.0,0.0,-0.0,0.0,26525.19323858382,0.0,0.0,0.0,0.0,0.0,0.0,0.0,0.0,0.0,-0.0
-0.01,-0.0,-0.0,0.0,0.0,0.0,0.0,-0.0,26525.19323858382,0.0,0.0,0.0,0.0,0.0,0.0,0.0,0.0,0.0,0.0
-2.54,0.4743416490252569,0.9486832980505138,1.0,0.0,0.9486832980505138,0.0,-7.170000000000001,26518.02323858382,0.0,0.0,1.0,0.0,0.0,0.0,0.0,0.0,0.0,0.0
-1.72,0.9486832980505138,1.8973665961010275,1.0,0.0,0.9486832980505138,0.0,-8.01,26510.013238583822,0.0,0.0,1.0,0.0,0.0,0.0,0.0,0.0,0.0,0.0
-1.55,1.0,2.0,0.10818510677891963,0.0,0.10263340389897246,0.0,-0.8849541734515626,26509.12828441037,0.0,0.0,0.10818510677891963,0.0,0.0,0.0,0.0,0.0,0.0,0.0
-0.01,1.0,2.0,0.0,0.0,0.0,0.0,-0.0,26509.12828441037,0.0,0.0,0.0,0.0,0.0,0.0,0.0,0.0,0.0,0.0
2.98,1.0,2.0,0.0,0.0,0.0,0.0,0.0,26509.12828441037,0.0,0.0,0.0,0.0,0.0,0.0,0.0,0.0,0.0,0.0
54.27,1.0,2.0,0.0,-0.0,0.0,-0.0,0.0,26509.12828441037,0.0,0.0,0.0,0.0,0.0,0.0,0.0,0.0,0.0,-0.0
88.51,1.0,2.0,0.0,-0.0,0.0,-0.0,0.0,26509.12828441037,0.0,0.0,0.0,0.0,0.0,0.0,0.0,0.0,0.0,-0.0
111.77,1.0,2.0,-0.0,0.0,-0.0,0.0,0.0,26509.12828441037,0.0,0.0,-0.0,0.0,0.0,0.0,0.0,0.0,0.0,0.0
154.91,0.4729537233052701,0.9459074466105402,0.0,1.0,0.0,1.0540925533894598,153.53,26662.65828441037,0.0,0.0,0.0,0.0,0.0,0.0,0.0,0.0,0.0,1.0
143.23,0.0,0.0,0.0,0.8973665961010275,0.0,0.9459074466105402,127.29145165693075,26789.949736067298,0.0,0.0,0.0,0.0,0.0,0.0,0.0,0.0,0.0,0.8973665961010275
116.08,0.0,0.0,-0.0,0.0,-0.0,0.0,0.0,26789.949736067298,0.0,0.0,-0.0,0.0,0.0,0.0,0.0,0.0,0.0,0.0
102.08,-0.0,-0.0,0.0,0.0,0.0,0.0,0.0,26789.949736067298,0.0,0.0,0.0,0.0,0.0,0.0,0.0,0.0,0.0,0.0
92.5,-0.0,-0.0,0.0,0.0,0.0,0.0,0.0,26789.949736067298,0.0,0.0,0.0,0.0,0.0,0.0,0.0,0.0,0.0,0.0
93.48,-0.0,-0.0,0.0,0.0,0.0,0.0,0.0,26789.949736067298,0.0,0.0,0.0,0.0,0.0,0.0,0.0,0.0,0.0,0.0
88.93,0.0,0.0,-0.0,0.0,-0.0,0.0,0.0,26789.949736067298,0.0,0.0,-0.0,0.0,0.0,0.0,0.0,0.0,0.0,0.0
88.9,0.0,0.0,-0.0,0.0,-0.0,0.0,0.0,26789.949736067298,0.0,0.0,-0.0,0.0,0.0,0.0,0.0,0.0,0.0,0.0
89.89,-0.0,-0.0,0.0,0.0,0.0,0.0,0.0,26789.949736067298,0.0,0.0,0.0,0.0,0.0,0.0,0.0,0.0,0.0,0.0
90.01,-0.0,-0.0,0.0,0.0,0.0,0.0,0.0,26789.949736067298,0.0,0.0,0.0,0.0,0.0,0.0,0.0,0.0,0.0,0.0
91.56,0.0,0.0,0.0,-0.0,0.0,-0.0,0.0,26789.949736067298,0.0,0.0,0.0,0.0,0.0,0.0,0.0,0.0,0.0,-0.0
89.85,0.0,0.0,0.0,-0.0,0.0,-0.0,0.0,26789.949736067298,0.0,0.0,0.0,0.0,0.0,0.0,0.0,0.0,0.0,-0.0
59.11,0.0,0.0,0.0,-0.0,0.0,-0.0,0.0,26789.949736067298,0.0,0.0,0.0,0.0,0.0,0.0,0.0,0.0,0.0,-0.0
0.86,-0.0,-0.0,0.0,0.0,0.0,0.0,0.0,26789.949736067298,0.0,0.0,0.0,0.0,0.0,0.0,0.0,0.0,0.0,0.0
-0.06,-0.0,-0.0,0.0,0.0,0.0,0.0,-0.0,26789.949736067298,0.0,0.0,0.0,0.0,0.0,0.0,0.0,0.0,0.0,0.0
-3.91,0.05131670194948623,0.10263340389897246,0.10818510677891963,0.0,0.10263340389897246,0.0,-0.6253099171821555,26789.324426150117,0.0,0.0,0.10818510677891963,0.0,0.0,0.0,0.0,0.0,0.0,0.0
-3.55,0.05131670194948623,0.10263340389897246,0.0,0.0,0.0,0.0,-0.0,26789.324426150117,0.0,0.0,0.0,0.0,0.0,0.0,0.0,0.0,0.0,0.0
-3.13,0.05131670194948623,0.10263340389897246,0.0,0.0,0.0,0.0,-0.0,26789.324426150117,0.0,0.0,0.0,0.0,0.0,0.0,0.0,0.0,0.0,0.0
-5.26,0.5256583509747431,1.0513167019494862,1.0,0.0,0.9486832980505138,0.0,-4.42,26784.90442615012,0.0,0.0,1.0,0.0,0.0,0.0,0.0,0.0,0.0,0.0
-5.09,1.0,2.0,1.0,0.0,0.9486832980505138,0.0,-4.59,26780.31442615012,0.0,0.0,1.0,0.0,0.0,0.0,0.0,0.0,0.0,0.0
-0.8,1.0,2.0,0.0,0.0,0.0,0.0,-0.0,26780.31442615012,0.0,0.0,0.0,0.0,0.0,0.0,0.0,0.0,0.0,0.0
5.01,1.0,2.0,0.0,0.0,0.0,0.0,0.0,26780.31442615012,0.0,0.0,0.0,0.0,0.0,0.0,0.0,0.0,0.0,0.0
73.99,1.0,2.0,0.0,-0.0,0.0,-0.0,0.0,26780.31442615012,0.0,0.0,0.0,0.0,0.0,0.0,0.0,0.0,0.0,-0.0
99.64,1.0,2.0,0.0,-0.0,0.0,-0.0,0.0,26780.31442615012,0.0,0.0,0.0,0.0,0.0,0.0,0.0,0.0,0.0,-0.0
121.38,1.0,2.0,0.0,0.0,0.0,0.0,0.0,26780.31442615012,0.0,0.0,0.0,0.0,0.0,0.0,0.0,0.0,0.0,0.0
130.21,0.4729537233052701,0.9459074466105402,0.0,1.0,0.0,1.0540925533894598,128.83,26909.14442615012,0.0,0.0,0.0,0.0,0.0,0.0,0.0,0.0,0.0,1.0
129.9,-0.0,-0.0,0.0,0.8973665961010275,0.0,0.9459074466105402,115.32955493090407,27024.473981081024,0.0,0.0,0.0,0.0,0.0,0.0,0.0,0.0,0.0,0.8973665961010275
111.6,-0.0,-0.0,0.0,0.0,0.0,0.0,0.0,27024.473981081024,0.0,0.0,0.0,0.0,0.0,0.0,0.0,0.0,0.0,0.0
106.73,0.0,0.0,0.0,0.0,0.0,0.0,0.0,27024.473981081024,0.0,0.0,0.0,0.0,0.0,0.0,0.0,0.0,0.0,0.0
101.49,0.0,0.0,0.0,-0.0,0.0,-0.0,0.0,27024.473981081024,0.0,0.0,0.0,0.0,0.0,0.0,0.0,0.0,0.0,-0.0
98.57,0.0,0.0,0.0,-0.0,0.0,-0.0,0.0,27024.473981081024,0.0,0.0,0.0,0.0,0.0,0.0,0.0,0.0,0.0,-0.0
97.4,-0.0,-0.0,0.0,0.0,0.0,0.0,0.0,27024.473981081024,0.0,0.0,0.0,0.0,0.0,0.0,0.0,0.0,0.0,0.0
98.41,0.0,0.0,0.0,-0.0,0.0,-0.0,0.0,27024.473981081024,0.0,0.0,0.0,0.0,0.0,0.0,0.0,0.0,0.0,-0.0
97.98,0.0,0.0,0.0,-0.0,0.0,-0.0,0.0,27024.473981081024,0.0,0.0,0.0,0.0,0.0,0.0,0.0,0.0,0.0,-0.0
91.3,0.0,0.0,0.0,-0.0,0.0,-0.0,0.0,27024.473981081024,0.0,0.0,0.0,0.0,0.0,0.0,0.0,0.0,0.0,-0.0
87.16,0.0,0.0,0.0,-0.0,0.0,-0.0,0.0,27024.473981081024,0.0,0.0,0.0,0.0,0.0,0.0,0.0,0.0,0.0,-0.0
67.86,0.0,0.0,0.0,-0.0,0.0,-0.0,0.0,27024.473981081024,0.0,0.0,0.0,0.0,0.0,0.0,0.0,0.0,0.0,-0.0
10.1,0.0,0.0,-0.0,0.0,-0.0,0.0,0.0,27024.473981081024,0.0,0.0,-0.0,0.0,0.0,0.0,0.0,0.0,0.0,0.0
0.0,-0.0,-0.0,0.0,0.0,0.0,0.0,0.0,27024.473981081024,0.0,0.0,0.0,0.0,0.0,0.0,0.0,0.0,0.0,0.0
-0.2,-0.0,-0.0,0.0,0.0,0.0,0.0,-0.0,27024.473981081024,0.0,0.0,0.0,0.0,0.0,0.0,0.0,0.0,0.0,0.0
-2.0,-0.0,-0.0,0.0,0.0,0.0,0.0,-0.0,27024.473981081024,0.0,0.0,0.0,0.0,0.0,0.0,0.0,0.0,0.0,0.0
-7.09,0.4743416490252569,0.9486832980505138,1.0,0.0,0.9486832980505138,0.0,-2.5600000000000005,27021.913981081023,0.0,0.0,1.0,0.0,0.0,0.0,0.0,0.0,0.0,0.0
-12.04,0.9486832980505138,1.8973665961010275,1.0,0.0,0.9486832980505138,0.0,2.459999999999999,27024.373981081022,0.0,0.0,1.0,0.0,0.0,0.0,0.0,0.0,0.0,0.0
-6.77,1.0,2.0,0.10818510677891963,0.0,0.10263340389897246,0.0,-0.3115731075232887,27024.0624079735,0.0,0.0,0.10818510677891963,0.0,0.0,0.0,0.0,0.0,0.0,0.0
-0.2,1.0,2.0,0.0,0.0,0.0,0.0,-0.0,27024.0624079735,0.0,0.0,0.0,0.0,0.0,0.0,0.0,0.0,0.0,0.0
9.67,1.0,2.0,0.0,-0.0,0.0,-0.0,0.0,27024.0624079735,0.0,0.0,0.0,0.0,0.0,0.0,0.0,0.0,0.0,-0.0
85.65,1.0,2.0,0.0,-0.0,0.0,-0.0,0.0,27024.0624079735,0.0,0.0,0.0,0.0,0.0,0.0,0.0,0.0,0.0,-0.0
108.4,1.0,2.0,0.0,0.0,0.0,0.0,0.0,27024.0624079735,0.0,0.0,0.0,0.0,0.0,0.0,0.0,0.0,0.0,0.0
125.17,0.5270462766947299,1.0540925533894598,0.0,0.8973665961010275,0.0,0.9459074466105402,111.0850109313462,27135.147418904846,0.0,0.0,0.0,0.0,0.0,0.0,0.0,0.0,0.0,0.8973665961010275
130.47,0.0,0.0,0.0,1.0,0.0,1.0540925533894598,129.09,27264.237418904846,0.0,0.0,0.0,0.0,0.0,0.0,0.0,0.0,0.0,1.0
118.41,-0.0,-0.0,0.0,-0.0,0.0,-0.0,0.0,27264.237418904846,0.0,0.0,0.0,0.0,0.0,0.0,0.0,0.0,0.0,-0.0
103.62,-0.0,-0.0,0.0,0.0,0.0,0.0,0.0,27264.237418904846,0.0,0.0,0.0,0.0,0.0,0.0,0.0,0.0,0.0,0.0
110.48,-0.0,-0.0,0.0,0.0,0.0,0.0,0.0,27264.237418904846,0.0,0.0,0.0,0.0,0.0,0.0,0.0,0.0,0.0,0.0
99.03,0.0,0.0,0.0,0.0,0.0,0.0,0.0,27264.237418904846,0.0,0.0,0.0,0.0,0.0,0.0,0.0,0.0,0.0,0.0
93.37,0.05131670194948623,0.10263340389897246,0.10818510677891963,0.0,0.10263340389897246,0.0,-11.299934403058156,27252.93748450179,0.0,0.0,0.10818510677891963,0.0,0.0,0.0,0.0,0.0,0.0,0.0
90.1,0.5256583509747431,1.0513167019494862,1.0,0.0,0.9486832980505138,0.0,-101.13,27151.807484501787,0.0,0.0,1.0,0.0,0.0,0.0,0.0,0.0,0.0,0.0
90.75,1.0,2.0,1.0,0.0,0.9486832980505138,0.0,-101.78999999999999,27050.017484501786,0.0,0.0,1.0,0.0,0.0,0.0,0.0,0.0,0.0,0.0
102.4,1.0,2.0,-0.0,0.0,-0.0,0.0,0.0,27050.017484501786,0.0,0.0,-0.0,0.0,0.0,0.0,0.0,0.0,0.0,0.0
128.0,0.5270462766947299,1.0540925533894598,0.0,0.8973665961010275,0.0,0.9459074466105402,113.6245583983121,27163.642042900097,0.0,0.0,0.0,0.0,0.0,0.0,0.0,0.0,0.0,0.8973665961010275
137.22,0.0,0.0,0.0,1.0,0.0,1.0540925533894598,135.84,27299.482042900097,0.0,0.0,0.0,0.0,0.0,0.0,0.0,0.0,0.0,1.0
113.41,-0.0,-0.0,0.0,0.0,0.0,0.0,0.0,27299.482042900097,0.0,0.0,0.0,0.0,0.0,0.0,0.0,0.0,0.0,0.0
93.66,0.0,0.0,-0.0,0.0,-0.0,0.0,0.0,27299.482042900097,0.0,0.0,-0.0,0.0,0.0,0.0,0.0,0.0,0.0,0.0
69.59,0.0,0.0,0.0,-0.0,0.0,-0.0,0.0,27299.482042900097,0.0,0.0,0.0,0.0,0.0,0.0,0.0,0.0,0.0,-0.0
28.56,0.0,0.0,0.0,-0.0,0.0,-0.0,0.0,27299.482042900097,0.0,0.0,0.0,0.0,0.0,0.0,0.0,0.0,0.0,-0.0
12.77,0.05131670194948623,0.10263340389897246,0.10818510677891963,0.0,0.10263340389897246,0.0,-2.4558019238814754,27297.026240976214,0.0,0.0,0.10818510677891963,0.0,0.0,0.0,0.0,0.0,0.0,0.0
5.0,0.5256583509747431,1.0513167019494862,1.0,0.0,0.9486832980505138,0.0,-14.82,27282.206240976215,0.0,0.0,1.0,0.0,0.0,0.0,0.0,0.0,0.0,0.0
8.0,1.0,2.0,1.0,0.0,0.9486832980505138,0.0,-17.86,27264.346240976214,0.0,0.0,1.0,0.0,0.0,0.0,0.0,0.0,0.0,0.0
28.15,1.0,2.0,0.0,-0.0,0.0,-0.0,0.0,27264.346240976214,0.0,0.0,0.0,0.0,0.0,0.0,0.0,0.0,0.0,-0.0
72.93,1.0,2.0,0.0,-0.0,0.0,-0.0,0.0,27264.346240976214,0.0,0.0,0.0,0.0,0.0,0.0,0.0,0.0,0.0,-0.0
89.67,1.0,2.0,0.0,-0.0,0.0,-0.0,0.0,27264.346240976214,0.0,0.0,0.0,0.0,0.0,0.0,0.0,0.0,0.0,-0.0
106.16,1.0,2.0,-0.0,0.0,-0.0,0.0,0.0,27264.346240976214,0.0,0.0,-0.0,0.0,0.0,0.0,0.0,0.0,0.0,0.0
138.45,1.0,2.0,0.0,-0.0,0.0,-0.0,0.0,27264.346240976214,0.0,0.0,0.0,0.0,0.0,0.0,0.0,0.0,0.0,-0.0
196.18,0.4729537233052701,0.9459074466105402,0.0,1.0,0.0,1.0540925533894598,194.8,27459.146240976213,0.0,0.0,0.0,0.0,0.0,0.0,0.0,0.0,0.0,1.0
154.86,0.0,0.0,0.0,0.8973665961010275,0.0,0.9459074466105402,137.7278251695857,27596.8740661458,0.0,0.0,0.0,0.0,0.0,0.0,0.0,0.0,0.0,0.8973665961010275
124.79,-0.0,-0.0,0.0,0.0,0.0,0.0,0.0,27596.8740661458,0.0,0.0,0.0,0.0,0.0,0.0,0.0,0.0,0.0,0.0
111.85,-0.0,-0.0,0.0,0.0,0.0,0.0,0.0,27596.8740661458,0.0,0.0,0.0,0.0,0.0,0.0,0.0,0.0,0.0,0.0
109.03,-0.0,-0.0,0.0,0.0,0.0,0.0,0.0,27596.8740661458,0.0,0.0,0.0,0.0,0.0,0.0,0.0,0.0,0.0,0.0
102.12,0.0,0.0,-0.0,0.0,-0.0,0.0,0.0,27596.8740661458,0.0,0.0,-0.0,0.0,0.0,0.0,0.0,0.0,0.0,0.0
97.41,0.05131670194948623,0.10263340389897246,0.10818510677891963,0.0,0.10263340389897246,0.0,-11.742411489783937,27585.131654656016,0.0,0.0,0.10818510677891963,0.0,0.0,0.0,0.0,0.0,0.0,0.0
97.1,0.5256583509747431,1.0513167019494862,1.0,0.0,0.9486832980505138,0.0,-108.22999999999999,27476.901654656016,0.0,0.0,1.0,0.0,0.0,0.0,0.0,0.0,0.0,0.0
96.62,1.0,2.0,1.0,0.0,0.9486832980505138,0.0,-107.74000000000001,27369.161654656014,0.0,0.0,1.0,0.0,0.0,0.0,0.0,0.0,0.0,0.0
107.9,1.0,2.0,0.0,0.0,0.0,0.0,0.0,27369.161654656014,0.0,0.0,0.0,0.0,0.0,0.0,0.0,0.0,0.0,0.0
139.27,0.4729537233052701,0.9459074466105402,0.0,1.0,0.0,1.0540925533894598,137.89000000000001,27507.051654656014,0.0,0.0,0.0,0.0,0.0,0.0,0.0,0.0,0.0,1.0
126.0,0.0,0.0,0.0,0.8973665961010275,0.0,0.9459074466105402,111.82982520611004,27618.881479862124,0.0,0.0,0.0,0.0,0.0,0.0,0.0,0.0,0.0,0.8973665961010275
100.0,-0.0,-0.0,0.0,0.0,0.0,0.0,0.0,27618.881479862124,0.0,0.0,0.0,0.0,0.0,0.0,0.0,0.0,0.0,0.0
85.2,0.0,0.0,-0.0,0.0,-0.0,0.0,0.0,27618.881479862124,0.0,0.0,-0.0,0.0,0.0,0.0,0.0,0.0,0.0,0.0
57.06,0.0,0.0,0.0,-0.0,0.0,-0.0,0.0,27618.881479862124,0.0,0.0,0.0,0.0,0.0,0.0,0.0,0.0,0.0,-0.0
15.95,0.0,0.0,0.0,-0.0,0.0,-0.0,0.0,27618.881479862124,0.0,0.0,0.0,0.0,0.0,0.0,0.0,0.0,0.0,-0.0
0.17,0.05131670194948623,0.10263340389897246,0.10818510677891963,0.0,0.10263340389897246,0.0,-1.0731962592468829,27617.808283602877,0.0,0.0,0.10818510677891963,0.0,0.0,0.0,0.0,0.0,0.0,0.0
0.01,0.5256583509747431,1.0513167019494862,1.0,0.0,0.9486832980505138,0.0,-9.76,27608.04828360288,0.0,0.0,1.0,0.0,0.0,0.0,0.0,0.0,0.0,0.0
0.09,1.0,2.0,1.0,0.0,0.9486832980505138,0.0,-9.84,27598.20828360288,0.0,0.0,1.0,0.0,0.0,0.0,0.0,0.0,0.0,0.0
7.09,1.0,2.0,0.0,0.0,0.0,0.0,0.0,27598.20828360288,0.0,0.0,0.0,0.0,0.0,0.0,0.0,0.0,0.0,0.0
48.36,1.0,2.0,0.0,-0.0,0.0,-0.0,0.0,27598.20828360288,0.0,0.0,0.0,0.0,0.0,0.0,0.0,0.0,0.0,-0.0
74.96,1.0,2.0,-0.0,0.0,-0.0,0.0,0.0,27598.20828360288,0.0,0.0,-0.0,0.0,0.0,0.0,0.0,0.0,0.0,0.0
101.19,1.0,2.0,0.0,-0.0,0.0,-0.0,0.0,27598.20828360288,0.0,0.0,0.0,0.0,0.0,0.0,0.0,0.0,0.0,-0.0
128.48,1.0,2.0,0.0,0.0,0.0,0.0,0.0,27598.20828360288,0.0,0.0,0.0,0.0,0.0,0.0,0.0,0.0,0.0,0.0
171.83,0.4729537233052701,0.9459074466105402,0.0,1.0,0.0,1.0540925533894598,170.45000000000002,27768.65828360288,0.0,0.0,0.0,0.0,0.0,0.0,0.0,0.0,0.0,1.0
137.05,0.0,0.0,0.0,0.8973665961010275,0.0,0.9459074466105402,121.74572609302642,27890.404009695907,0.0,0.0,0.0,0.0,0.0,0.0,0.0,0.0,0.0,0.8973665961010275
111.76,0.0,0.0,0.0,-0.0,0.0,-0.0,0.0,27890.404009695907,0.0,0.0,0.0,0.0,0.0,0.0,0.0,0.0,0.0,-0.0
84.75,-0.0,-0.0,-0.0,0.0,-0.0,0.0,0.0,27890.404009695907,0.0,0.0,-0.0,0.0,0.0,0.0,0.0,0.0,0.0,0.0
84.76,0.0,0.0,0.0,0.0,0.0,0.0,0.0,27890.404009695907,0.0,0.0,0.0,0.0,0.0,0.0,0.0,0.0,0.0,0.0
75.18,-0.0,-0.0,0.0,0.0,0.0,0.0,0.0,27890.404009695907,0.0,0.0,0.0,0.0,0.0,0.0,0.0,0.0,0.0,0.0
64.34,0.0,0.0,-0.0,0.0,-0.0,0.0,0.0,27890.404009695907,0.0,0.0,-0.0,0.0,0.0,0.0,0.0,0.0,0.0,0.0
40.55,0.052704627669473036,0.10540925533894607,0.11111111111111122,0.0,0.10540925533894607,0.0,-5.653333333333338,27884.750676362575,0.0,0.0,0.11111111111111122,0.0,0.0,0.0,0.0,0.0,0.0,0.0
37.16,0.5270462766947299,1.0540925533894598,1.0,0.0,0.9486832980505138,0.0,-47.44,27837.310676362576,0.0,0.0,1.0,0.0,0.0,0.0,0.0,0.0,0.0,0.0
54.21,0.5270462766947299,1.0540925533894598,0.0,0.0,0.0,0.0,0.0,27837.310676362576,0.0,0.0,0.0,0.0,0.0,0.0,0.0,0.0,0.0,0.0
58.7,-0.0,-0.0,0.0,1.0,0.0,1.0540925533894598,57.32,27894.630676362576,0.0,0.0,0.0,0.0,0.0,0.0,0.0,0.0,0.0,1.0
54.26,0.0,0.0,0.0,0.0,0.0,0.0,0.0,27894.630676362576,0.0,0.0,0.0,0.0,0.0,0.0,0.0,0.0,0.0,0.0
34.79,-0.0,-0.0,-0.0,0.0,-0.0,0.0,0.0,27894.630676362576,0.0,0.0,-0.0,0.0,0.0,0.0,0.0,0.0,0.0,0.0
36.11,-0.0,-0.0,0.0,0.0,0.0,0.0,0.0,27894.630676362576,0.0,0.0,0.0,0.0,0.0,0.0,0.0,0.0,0.0,0.0
42.22,0.0,0.0,0.0,0.0,0.0,0.0,0.0,27894.630676362576,0.0,0.0,0.0,0.0,0.0,0.0,0.0,0.0,0.0,0.0
0.15,-0.0,-0.0,0.0,0.0,0.0,0.0,0.0,27894.630676362576,0.0,0.0,0.0,0.0,0.0,0.0,0.0,0.0,0.0,0.0
1.5,-0.0,-0.0,0.0,0.0,0.0,0.0,0.0,27894.630676362576,0.0,0.0,0.0,0.0,0.0,0.0,0.0,0.0,0.0,0.0
-0.01,0.4743416490252569,0.9486832980505138,1.0,0.0,0.9486832980505138,0.0,-9.74,27884.890676362575,0.0,0.0,1.0,0.0,0.0,0.0,0.0,0.0,0.0,0.0
0.14,0.5256583509747431,1.0513167019494862,0.10818510677891963,0.0,0.10263340389897246,0.0,-1.0699507060435152,27883.820725656533,0.0,0.0,0.10818510677891963,0.0,0.0,0.0,0.0,0.0,0.0,0.0
0.0,1.0,2.0,1.0,0.0,0.9486832980505138,0.0,-9.75,27874.070725656533,0.0,0.0,1.0,0.0,0.0,0.0,0.0,0.0,0.0,0.0
2.06,1.0,2.0,0.0,0.0,0.0,0.0,0.0,27874.070725656533,0.0,0.0,0.0,0.0,0.0,0.0,0.0,0.0,0.0,0.0
49.08,0.5270462766947299,1.0540925533894598,0.0,0.8973665961010275,0.0,0.9459074466105402,42.80438663401901,27916.875112290552,0.0,0.0,0.0,0.0,0.0,0.0,0.0,0.0,0.0,0.8973665961010275
50.32,0.0,0.0,0.0,1.0,0.0,1.0540925533894598,48.94,27965.81511229055,0.0,0.0,0.0,0.0,0.0,0.0,0.0,0.0,0.0,1.0
40.01,-0.0,-0.0,0.0,0.0,0.0,0.0,0.0,27965.81511229055,0.0,0.0,0.0,0.0,0.0,0.0,0.0,0.0,0.0,0.0
42.15,-0.0,-0.0,0.0,0.0,0.0,0.0,0.0,27965.81511229055,0.0,0.0,0.0,0.0,0.0,0.0,0.0,0.0,0.0,0.0
40.01,-0.0,-0.0,0.0,0.0,0.0,0.0,0.0,27965.81511229055,0.0,0.0,0.0,0.0,0.0,0.0,0.0,0.0,0.0,0.0
34.0,-0.0,-0.0,0.0,0.0,0.0,0.0,0.0,27965.81511229055,0.0,0.0,0.0,0.0,0.0,0.0,0.0,0.0,0.0,0.0
30.69,0.0,0.0,-0.0,0.0,-0.0,0.0,0.0,27965.81511229055,0.0,0.0,-0.0,0.0,0.0,0.0,0.0,0.0,0.0,0.0
5.0,0.4743416490252569,0.9486832980505138,1.0,0.0,0.9486832980505138,0.0,-14.82,27950.99511229055,0.0,0.0,1.0,0.0,0.0,0.0,0.0,0.0,0.0,0.0
5.04,0.5256583509747431,1.0513167019494862,0.10818510677891963,0.0,0.10263340389897246,0.0,-1.6076306867347456,27949.387481603815,0.0,0.0,0.10818510677891963,0.0,0.0,0.0,0.0,0.0,0.0,0.0
7.38,0.5256583509747431,1.0513167019494862,0.0,0.0,0.0,0.0,0.0,27949.387481603815,0.0,0.0,0.0,0.0,0.0,0.0,0.0,0.0,0.0,0.0
7.5,0.5256583509747431,1.0513167019494862,0.0,0.0,0.0,0.0,0.0,27949.387481603815,0.0,0.0,0.0,0.0,0.0,0.0,0.0,0.0,0.0,0.0
5.02,1.0,2.0,1.0,0.0,0.9486832980505138,0.0,-14.84,27934.547481603815,0.0,0.0,1.0,0.0,0.0,0.0,0.0,0.0,0.0,0.0
10.01,1.0,2.0,0.0,0.0,0.0,0.0,0.0,27934.547481603815,0.0,0.0,0.0,0.0,0.0,0.0,0.0,0.0,0.0,0.0
14.24,1.0,2.0,0.0,0.0,0.0,0.0,0.0,27934.547481603815,0.0,0.0,0.0,0.0,0.0,0.0,0.0,0.0,0.0,0.0
19.99,0.5270462766947299,1.0540925533894598,0.0,0.8973665961010275,0.0,0.9459074466105402,16.699992353440123,27951.247473957254,0.0,0.0,0.0,0.0,0.0,0.0,0.0,0.0,0.0,0.8973665961010275
31.0,-0.0,-0.0,0.0,1.0,0.0,1.0540925533894598,29.62,27980.867473957253,0.0,0.0,0.0,0.0,0.0,0.0,0.0,0.0,0.0,1.0
12.64,0.0,0.0,0.0,0.0,0.0,0.0,0.0,27980.867473957253,0.0,0.0,0.0,0.0,0.0,0.0,0.0,0.0,0.0,0.0
1.66,-0.0,-0.0,0.0,0.0,0.0,0.0,0.0,27980.867473957253,0.0,0.0,0.0,0.0,0.0,0.0,0.0,0.0,0.0,0.0
0.01,-0.0,-0.0,0.0,0.0,0.0,0.0,0.0,27980.867473957253,0.0,0.0,0.0,0.0,0.0,0.0,0.0,0.0,0.0,0.0
-0.01,-0.0,-0.0,0.0,0.0,0.0,0.0,-0.0,27980.867473957253,0.0,0.0,0.0,0.0,0.0,0.0,0.0,0.0,0.0,0.0
-0.01,-0.0,-0.0,0.0,0.0,0.0,0.0,-0.0,27980.867473957253,0.0,0.0,0.0,0.0,0.0,0.0,0.0,0.0,0.0,0.0
-0.01,-0.0,-0.0,0.0,0.0,0.0,0.0,-0.0,27980.867473957253,0.0,0.0,0.0,0.0,0.0,0.0,0.0,0.0,0.0,0.0
-0.02,0.4743416490252569,0.9486832980505138,1.0,0.0,0.9486832980505138,0.0,-9.73,27971.137473957253,0.0,0.0,1.0,0.0,0.0,0.0,0.0,0.0,0.0,0.0
-0.3,0.9486832980505138,1.8973665961010275,1.0,0.0,0.9486832980505138,0.0,-9.45,27961.687473957252,0.0,0.0,1.0,0.0,0.0,0.0,0.0,0.0,0.0,0.0
-0.01,1.0,2.0,0.10818510677891963,0.0,0.10263340389897246,0.0,-1.0537229400266772,27960.633751017227,0.0,0.0,0.10818510677891963,0.0,0.0,0.0,0.0,0.0,0.0,0.0
50.0,1.0,2.0,0.0,-0.0,0.0,-0.0,0.0,27960.633751017227,0.0,0.0,0.0,0.0,0.0,0.0,0.0,0.0,0.0,-0.0
82.99,1.0,2.0,0.0,-0.0,0.0,-0.0,0.0,27960.633751017227,0.0,0.0,0.0,0.0,0.0,0.0,0.0,0.0,0.0,-0.0
105.0,1.0,2.0,0.0,0.0,0.0,0.0,0.0,27960.633751017227,0.0,0.0,0.0,0.0,0.0,0.0,0.0,0.0,0.0,0.0
127.25,0.4729537233052701,0.9459074466105402,0.0,1.0,0.0,1.0540925533894598,125.87,28086.503751017226,0.0,0.0,0.0,0.0,0.0,0.0,0.0,0.0,0.0,1.0
117.48,0.0,0.0,0.0,0.8973665961010275,0.0,0.9459074466105402,104.18426180732929,28190.688012824554,0.0,0.0,0.0,0.0,0.0,0.0,0.0,0.0,0.0,0.8973665961010275
103.23,-0.0,-0.0,0.0,0.0,0.0,0.0,0.0,28190.688012824554,0.0,0.0,0.0,0.0,0.0,0.0,0.0,0.0,0.0,0.0
93.13,-0.0,-0.0,0.0,0.0,0.0,0.0,0.0,28190.688012824554,0.0,0.0,0.0,0.0,0.0,0.0,0.0,0.0,0.0,0.0
93.16,-0.0,-0.0,0.0,0.0,0.0,0.0,0.0,28190.688012824554,0.0,0.0,0.0,0.0,0.0,0.0,0.0,0.0,0.0,0.0
87.12,0.05131670194948623,0.10263340389897246,0.10818510677891963,0.0,0.10263340389897246,0.0,-10.614040826079805,28180.073971998474,0.0,0.0,0.10818510677891963,0.0,0.0,0.0,0.0,0.0,0.0,0.0
86.53,0.5256583509747431,1.0513167019494862,1.0,0.0,0.9486832980505138,0.0,-97.51,28082.563971998476,0.0,0.0,1.0,0.0,0.0,0.0,0.0,0.0,0.0,0.0
86.51,1.0,2.0,1.0,0.0,0.9486832980505138,0.0,-97.49000000000001,27985.073971998474,0.0,0.0,1.0,0.0,0.0,0.0,0.0,0.0,0.0,0.0
95.89,1.0,2.0,0.0,0.0,0.0,0.0,0.0,27985.073971998474,0.0,0.0,0.0,0.0,0.0,0.0,0.0,0.0,0.0,0.0
128.49,0.5270462766947299,1.0540925533894598,0.0,0.8973665961010275,0.0,0.9459074466105402,114.06426803040162,28099.138240028875,0.0,0.0,0.0,0.0,0.0,0.0,0.0,0.0,0.0,0.8973665961010275
132.8,-0.0,-0.0,0.0,1.0,0.0,1.0540925533894598,131.42000000000002,28230.558240028873,0.0,0.0,0.0,0.0,0.0,0.0,0.0,0.0,0.0,1.0
114.67,0.0,0.0,0.0,0.0,0.0,0.0,0.0,28230.558240028873,0.0,0.0,0.0,0.0,0.0,0.0,0.0,0.0,0.0,0.0
85.9,-0.0,-0.0,0.0,0.0,0.0,0.0,0.0,28230.558240028873,0.0,0.0,0.0,0.0,0.0,0.0,0.0,0.0,0.0,0.0
70.0,0.0,0.0,-0.0,0.0,-0.0,0.0,0.0,28230.558240028873,0.0,0.0,-0.0,0.0,0.0,0.0,0.0,0.0,0.0,0.0
54.05,0.0,0.0,0.0,-0.0,0.0,-0.0,0.0,28230.558240028873,0.0,0.0,0.0,0.0,0.0,0.0,0.0,0.0,0.0,-0.0
13.44,0.0,0.0,-0.0,0.0,-0.0,0.0,0.0,28230.558240028873,0.0,0.0,-0.0,0.0,0.0,0.0,0.0,0.0,0.0,0.0
2.81,0.4743416490252569,0.9486832980505138,1.0,0.0,0.9486832980505138,0.0,-12.6,28217.958240028875,0.0,0.0,1.0,0.0,0.0,0.0,0.0,0.0,0.0,0.0
3.13,0.9486832980505138,1.8973665961010275,1.0,0.0,0.9486832980505138,0.0,-12.919999999999998,28205.038240028876,0.0,0.0,1.0,0.0,0.0,0.0,0.0,0.0,0.0,0.0
4.13,1.0,2.0,0.10818510677891963,0.0,0.10263340389897246,0.0,-1.5081003884981397,28203.530139640377,0.0,0.0,0.10818510677891963,0.0,0.0,0.0,0.0,0.0,0.0,0.0
25.33,1.0,2.0,0.0,-0.0,0.0,-0.0,0.0,28203.530139640377,0.0,0.0,0.0,0.0,0.0,0.0,0.0,0.0,0.0,-0.0
71.91,1.0,2.0,0.0,-0.0,0.0,-0.0,0.0,28203.530139640377,0.0,0.0,0.0,0.0,0.0,0.0,0.0,0.0,0.0,-0.0
72.37,1.0,2.0,0.0,-0.0,0.0,-0.0,0.0,28203.530139640377,0.0,0.0,0.0,0.0,0.0,0.0,0.0,0.0,0.0,-0.0
86.56,1.0,2.0,0.0,-0.0,0.0,-0.0,0.0,28203.530139640377,0.0,0.0,0.0,0.0,0.0,0.0,0.0,0.0,0.0,-0.0
100.0,1.0,2.0,0.0,0.0,0.0,0.0,0.0,28203.530139640377,0.0,0.0,0.0,0.0,0.0,0.0,0.0,0.0,0.0,0.0
115.18,0.4729537233052701,0.9459074466105402,0.0,1.0,0.0,1.0540925533894598,113.80000000000001,28317.330139640377,0.0,0.0,0.0,0.0,0.0,0.0,0.0,0.0,0.0,1.0
101.95,0.4729537233052701,0.9459074466105402,0.0,0.0,0.0,0.0,0.0,28317.330139640377,0.0,0.0,0.0,0.0,0.0,0.0,0.0,0.0,0.0,0.0
102.87,-0.0,-0.0,0.0,0.8973665961010275,0.0,0.9459074466105402,91.07373583829329,28408.40387547867,0.0,0.0,0.0,0.0,0.0,0.0,0.0,0.0,0.0,0.8973665961010275
97.6,0.0,0.0,0.0,0.0,0.0,0.0,0.0,28408.40387547867,0.0,0.0,0.0,0.0,0.0,0.0,0.0,0.0,0.0,0.0
94.76,0.0,0.0,0.0,-0.0,0.0,-0.0,0.0,28408.40387547867,0.0,0.0,0.0,0.0,0.0,0.0,0.0,0.0,0.0,-0.0
88.74,0.0,0.0,0.0,-0.0,0.0,-0.0,0.0,28408.40387547867,0.0,0.0,0.0,0.0,0.0,0.0,0.0,0.0,0.0,-0.0
84.22,0.0,0.0,0.0,-0.0,0.0,-0.0,0.0,28408.40387547867,0.0,0.0,0.0,0.0,0.0,0.0,0.0,0.0,0.0,-0.0
82.93,0.0,0.0,0.0,-0.0,0.0,-0.0,0.0,28408.40387547867,0.0,0.0,0.0,0.0,0.0,0.0,0.0,0.0,0.0,-0.0
80.71,-0.0,-0.0,0.0,0.0,0.0,0.0,0.0,28408.40387547867,0.0,0.0,0.0,0.0,0.0,0.0,0.0,0.0,0.0,0.0
82.07,-0.0,-0.0,0.0,-0.0,0.0,-0.0,0.0,28408.40387547867,0.0,0.0,0.0,0.0,0.0,0.0,0.0,0.0,0.0,-0.0
76.9,0.0,0.0,0.0,0.0,0.0,0.0,0.0,28408.40387547867,0.0,0.0,0.0,0.0,0.0,0.0,0.0,0.0,0.0,0.0
62.09,0.0,0.0,0.0,-0.0,0.0,-0.0,0.0,28408.40387547867,0.0,0.0,0.0,0.0,0.0,0.0,0.0,0.0,0.0,-0.0
12.26,0.0,0.0,0.0,-0.0,0.0,-0.0,0.0,28408.40387547867,0.0,0.0,0.0,0.0,0.0,0.0,0.0,0.0,0.0,-0.0
-0.01,-0.0,-0.0,0.0,0.0,0.0,0.0,-0.0,28408.40387547867,0.0,0.0,0.0,0.0,0.0,0.0,0.0,0.0,0.0,0.0
-0.09,0.05131670194948623,0.10263340389897246,0.10818510677891963,0.0,0.10263340389897246,0.0,-1.0450681314843637,28407.358807347187,0.0,0.0,0.10818510677891963,0.0,0.0,0.0,0.0,0.0,0.0,0.0
-0.12,0.5256583509747431,1.0513167019494862,1.0,0.0,0.9486832980505138,0.0,-9.63,28397.728807347186,0.0,0.0,1.0,0.0,0.0,0.0,0.0,0.0,0.0,0.0
-0.16,1.0,2.0,1.0,0.0,0.9486832980505138,0.0,-9.59,28388.138807347186,0.0,0.0,1.0,0.0,0.0,0.0,0.0,0.0,0.0,0.0
-0.05,1.0,2.0,0.0,0.0,0.0,0.0,-0.0,28388.138807347186,0.0,0.0,0.0,0.0,0.0,0.0,0.0,0.0,0.0,0.0
-0.03,1.0,2.0,0.0,0.0,0.0,0.0,-0.0,28388.138807347186,0.0,0.0,0.0,0.0,0.0,0.0,0.0,0.0,0.0,0.0
0.01,1.0,2.0,0.0,0.0,0.0,0.0,0.0,28388.138807347186,0.0,0.0,0.0,0.0,0.0,0.0,0.0,0.0,0.0,0.0
48.67,1.0,2.0,-0.0,0.0,-0.0,0.0,0.0,28388.138807347186,0.0,0.0,-0.0,0.0,0.0,0.0,0.0,0.0,0.0,0.0
85.34,1.0,2.0,0.0,-0.0,0.0,-0.0,0.0,28388.138807347186,0.0,0.0,0.0,0.0,0.0,0.0,0.0,0.0,0.0,-0.0
109.08,0.5270462766947299,1.0540925533894598,0.0,0.8973665961010275,0.0,0.9459074466105402,96.64638240008067,28484.78518974727,0.0,0.0,0.0,0.0,0.0,0.0,0.0,0.0,0.0,0.8973665961010275
111.0,0.0,0.0,0.0,1.0,0.0,1.0540925533894598,109.62,28594.405189747267,0.0,0.0,0.0,0.0,0.0,0.0,0.0,0.0,0.0,1.0
107.91,-0.0,-0.0,0.0,-0.0,0.0,-0.0,0.0,28594.405189747267,0.0,0.0,0.0,0.0,0.0,0.0,0.0,0.0,0.0,-0.0
89.12,0.0,0.0,0.0,0.0,0.0,0.0,0.0,28594.405189747267,0.0,0.0,0.0,0.0,0.0,0.0,0.0,0.0,0.0,0.0
73.97,0.0,0.0,-0.0,0.0,-0.0,0.0,0.0,28594.405189747267,0.0,0.0,-0.0,0.0,0.0,0.0,0.0,0.0,0.0,0.0
20.21,-0.0,-0.0,-0.0,0.0,-0.0,0.0,0.0,28594.405189747267,0.0,0.0,-0.0,0.0,0.0,0.0,0.0,0.0,0.0,0.0
22.9,0.0,0.0,0.0,0.0,0.0,0.0,0.0,28594.405189747267,0.0,0.0,0.0,0.0,0.0,0.0,0.0,0.0,0.0,0.0
14.39,0.0,0.0,0.0,-0.0,0.0,-0.0,0.0,28594.405189747267,0.0,0.0,0.0,0.0,0.0,0.0,0.0,0.0,0.0,-0.0
8.38,-0.0,-0.0,0.0,0.0,0.0,0.0,0.0,28594.405189747267,0.0,0.0,0.0,0.0,0.0,0.0,0.0,0.0,0.0,0.0
3.9,-0.0,-0.0,0.0,0.0,0.0,0.0,0.0,28594.405189747267,0.0,0.0,0.0,0.0,0.0,0.0,0.0,0.0,0.0,0.0
2.11,-0.0,-0.0,0.0,0.0,0.0,0.0,0.0,28594.405189747267,0.0,0.0,0.0,0.0,0.0,0.0,0.0,0.0,0.0,0.0
1.17,-0.0,-0.0,0.0,0.0,0.0,0.0,0.0,28594.405189747267,0.0,0.0,0.0,0.0,0.0,0.0,0.0,0.0,0.0,0.0
1.21,-0.0,-0.0,0.0,0.0,0.0,0.0,0.0,28594.405189747267,0.0,0.0,0.0,0.0,0.0,0.0,0.0,0.0,0.0,0.0
0.03,-0.0,-0.0,0.0,0.0,0.0,0.0,0.0,28594.405189747267,0.0,0.0,0.0,0.0,0.0,0.0,0.0,0.0,0.0,0.0
0.0,-0.0,-0.0,0.0,0.0,0.0,0.0,0.0,28594.405189747267,0.0,0.0,0.0,0.0,0.0,0.0,0.0,0.0,0.0,0.0
-0.07,-0.0,-0.0,0.0,0.0,0.0,0.0,-0.0,28594.405189747267,0.0,0.0,0.0,0.0,0.0,0.0,0.0,0.0,0.0,0.0
-0.54,-0.0,-0.0,0.0,0.0,0.0,0.0,-0.0,28594.405189747267,0.0,0.0,0.0,0.0,0.0,0.0,0.0,0.0,0.0,0.0
-0.25,-0.0,-0.0,0.0,0.0,0.0,0.0,-0.0,28594.405189747267,0.0,0.0,0.0,0.0,0.0,0.0,0.0,0.0,0.0,0.0
-1.21,0.05131670194948623,0.10263340389897246,0.10818510677891963,0.0,0.10263340389897246,0.0,-0.9217371097563952,28593.483452637513,0.0,0.0,0.10818510677891963,0.0,0.0,0.0,0.0,0.0,0.0,0.0
-2.7,0.5256583509747431,1.0513167019494862,1.0,0.0,0.9486832980505138,0.0,-7.010000000000001,28586.473452637514,0.0,0.0,1.0,0.0,0.0,0.0,0.0,0.0,0.0,0.0
-2.9,1.0,2.0,1.0,0.0,0.9486832980505138,0.0,-6.8100000000000005,28579.663452637513,0.0,0.0,1.0,0.0,0.0,0.0,0.0,0.0,0.0,0.0
-0.84,1.0,2.0,0.0,0.0,0.0,0.0,-0.0,28579.663452637513,0.0,0.0,0.0,0.0,0.0,0.0,0.0,0.0,0.0,0.0
0.0,1.0,2.0,0.0,0.0,0.0,0.0,0.0,28579.663452637513,0.0,0.0,0.0,0.0,0.0,0.0,0.0,0.0,0.0,0.0
5.47,1.0,2.0,0.0,0.0,0.0,0.0,0.0,28579.663452637513,0.0,0.0,0.0,0.0,0.0,0.0,0.0,0.0,0.0,0.0
20.01,1.0,2.0,0.0,-0.0,0.0,-0.0,0.0,28579.663452637513,0.0,0.0,0.0,0.0,0.0,0.0,0.0,0.0,0.0,-0.0
52.76,1.0,2.0,0.0,-0.0,0.0,-0.0,0.0,28579.663452637513,0.0,0.0,0.0,0.0,0.0,0.0,0.0,0.0,0.0,-0.0
64.36,0.5270462766947299,1.0540925533894598,0.0,0.8973665961010275,0.0,0.9459074466105402,56.51614822244271,28636.179600859956,0.0,0.0,0.0,0.0,0.0,0.0,0.0,0.0,0.0,0.8973665961010275
64.62,0.0,0.0,0.0,1.0,0.0,1.0540925533894598,63.24,28699.419600859957,0.0,0.0,0.0,0.0,0.0,0.0,0.0,0.0,0.0,1.0
50.25,-0.0,-0.0,0.0,0.0,0.0,0.0,0.0,28699.419600859957,0.0,0.0,0.0,0.0,0.0,0.0,0.0,0.0,0.0,0.0
45.78,-0.0,-0.0,0.0,0.0,0.0,0.0,0.0,28699.419600859957,0.0,0.0,0.0,0.0,0.0,0.0,0.0,0.0,0.0,0.0
44.03,0.05131670194948623,0.10263340389897246,0.10818510677891963,0.0,0.10263340389897246,0.0,-5.885269808773228,28693.534331051185,0.0,0.0,0.10818510677891963,0.0,0.0,0.0,0.0,0.0,0.0,0.0
58.04,0.05131670194948623,0.10263340389897246,0.0,0.0,0.0,0.0,0.0,28693.534331051185,0.0,0.0,0.0,0.0,0.0,0.0,0.0,0.0,0.0,0.0
42.82,0.5256583509747431,1.0513167019494862,1.0,0.0,0.9486832980505138,0.0,-53.18,28640.354331051185,0.0,0.0,1.0,0.0,0.0,0.0,0.0,0.0,0.0,0.0
37.35,1.0,2.0,1.0,0.0,0.9486832980505138,0.0,-47.63,28592.724331051184,0.0,0.0,1.0,0.0,0.0,0.0,0.0,0.0,0.0,0.0
76.0,0.5270462766947299,1.0540925533894598,0.0,0.8973665961010275,0.0,0.9459074466105402,66.96149540105867,28659.68582645224,0.0,0.0,0.0,0.0,0.0,0.0,0.0,0.0,0.0,0.8973665961010275
98.87,-0.0,-0.0,0.0,1.0,0.0,1.0540925533894598,97.49000000000001,28757.175826452243,0.0,0.0,0.0,0.0,0.0,0.0,0.0,0.0,0.0,1.0
59.94,0.0,0.0,0.0,0.0,0.0,0.0,0.0,28757.175826452243,0.0,0.0,0.0,0.0,0.0,0.0,0.0,0.0,0.0,0.0
34.88,0.0,0.0,-0.0,0.0,-0.0,0.0,0.0,28757.175826452243,0.0,0.0,-0.0,0.0,0.0,0.0,0.0,0.0,0.0,0.0
13.3,0.0,0.0,0.0,-0.0,0.0,-0.0,0.0,28757.175826452243,0.0,0.0,0.0,0.0,0.0,0.0,0.0,0.0,0.0,-0.0
5.0,-0.0,-0.0,0.0,0.0,0.0,0.0,0.0,28757.175826452243,0.0,0.0,0.0,0.0,0.0,0.0,0.0,0.0,0.0,0.0
0.05,-0.0,-0.0,0.0,0.0,0.0,0.0,0.0,28757.175826452243,0.0,0.0,0.0,0.0,0.0,0.0,0.0,0.0,0.0,0.0
-0.4,-0.0,-0.0,0.0,0.0,0.0,0.0,-0.0,28757.175826452243,0.0,0.0,0.0,0.0,0.0,0.0,0.0,0.0,0.0,0.0
-1.45,0.4743416490252569,0.9486832980505138,1.0,0.0,0.9486832980505138,0.0,-8.280000000000001,28748.895826452244,0.0,0.0,1.0,0.0,0.0,0.0,0.0,0.0,0.0,0.0
-1.18,0.9486832980505138,1.8973665961010275,1.0,0.0,0.9486832980505138,0.0,-8.55,28740.345826452245,0.0,0.0,1.0,0.0,0.0,0.0,0.0,0.0,0.0,0.0
-0.82,1.0,2.0,0.10818510677891963,0.0,0.10263340389897246,0.0,-0.9650111524679631,28739.380815299777,0.0,0.0,0.10818510677891963,0.0,0.0,0.0,0.0,0.0,0.0,0.0
0.0,1.0,2.0,0.0,0.0,0.0,0.0,0.0,28739.380815299777,0.0,0.0,0.0,0.0,0.0,0.0,0.0,0.0,0.0,0.0
10.67,1.0,2.0,0.0,0.0,0.0,0.0,0.0,28739.380815299777,0.0,0.0,0.0,0.0,0.0,0.0,0.0,0.0,0.0,0.0
39.75,1.0,2.0,-0.0,0.0,-0.0,0.0,0.0,28739.380815299777,0.0,0.0,-0.0,0.0,0.0,0.0,0.0,0.0,0.0,0.0
106.05,1.0,2.0,-0.0,0.0,-0.0,0.0,0.0,28739.380815299777,0.0,0.0,-0.0,0.0,0.0,0.0,0.0,0.0,0.0,0.0
131.91,0.5270462766947299,1.0540925533894598,0.0,0.8973665961010275,0.0,0.9459074466105402,117.13326178906712,28856.514077088843,0.0,0.0,0.0,0.0,0.0,0.0,0.0,0.0,0.0,0.8973665961010275
146.76,0.0,0.0,0.0,1.0,0.0,1.0540925533894598,145.38,29001.894077088844,0.0,0.0,0.0,0.0,0.0,0.0,0.0,0.0,0.0,1.0
112.0,-0.0,-0.0,0.0,0.0,0.0,0.0,0.0,29001.894077088844,0.0,0.0,0.0,0.0,0.0,0.0,0.0,0.0,0.0,0.0
88.96,0.0,0.0,-0.0,0.0,-0.0,0.0,0.0,29001.894077088844,0.0,0.0,-0.0,0.0,0.0,0.0,0.0,0.0,0.0,0.0
40.5,0.0,0.0,-0.0,0.0,-0.0,0.0,0.0,29001.894077088844,0.0,0.0,-0.0,0.0,0.0,0.0,0.0,0.0,0.0,0.0
20.5,-0.0,-0.0,0.0,0.0,0.0,0.0,0.0,29001.894077088844,0.0,0.0,0.0,0.0,0.0,0.0,0.0,0.0,0.0,0.0
19.4,0.0,0.0,-0.0,0.0,-0.0,0.0,0.0,29001.894077088844,0.0,0.0,-0.0,0.0,0.0,0.0,0.0,0.0,0.0,0.0
14.99,-0.0,-0.0,0.0,0.0,0.0,0.0,0.0,29001.894077088844,0.0,0.0,0.0,0.0,0.0,0.0,0.0,0.0,0.0,0.0
10.59,0.052704627669473036,0.10540925533894607,0.11111111111111122,0.0,0.10540925533894607,0.0,-2.276666666666669,28999.617410422175,0.0,0.0,0.11111111111111122,0.0,0.0,0.0,0.0,0.0,0.0,0.0
4.24,0.5270462766947299,1.0540925533894598,1.0,0.0,0.9486832980505138,0.0,-14.05,28985.567410422176,0.0,0.0,1.0,0.0,0.0,0.0,0.0,0.0,0.0,0.0
16.09,0.5270462766947299,1.0540925533894598,0.0,0.0,0.0,0.0,0.0,28985.567410422176,0.0,0.0,0.0,0.0,0.0,0.0,0.0,0.0,0.0,0.0
20.01,0.5270462766947299,1.0540925533894598,0.0,0.0,0.0,0.0,0.0,28985.567410422176,0.0,0.0,0.0,0.0,0.0,0.0,0.0,0.0,0.0,0.0
27.6,-0.0,-0.0,0.0,1.0,0.0,1.0540925533894598,26.220000000000002,29011.787410422177,0.0,0.0,0.0,0.0,0.0,0.0,0.0,0.0,0.0,1.0
20.0,0.0,0.0,0.0,0.0,0.0,0.0,0.0,29011.787410422177,0.0,0.0,0.0,0.0,0.0,0.0,0.0,0.0,0.0,0.0
4.26,0.0,0.0,-0.0,0.0,-0.0,0.0,0.0,29011.787410422177,0.0,0.0,-0.0,0.0,0.0,0.0,0.0,0.0,0.0,0.0
3.19,-0.0,-0.0,0.0,0.0,0.0,0.0,0.0,29011.787410422177,0.0,0.0,0.0,0.0,0.0,0.0,0.0,0.0,0.0,0.0
0.03,0.4743416490252569,0.9486832980505138,1.0,0.0,0.9486832980505138,0.0,-9.78,29002.00741042218,0.0,0.0,1.0,0.0,0.0,0.0,0.0,0.0,0.0,0.0
0.02,0.9486832980505138,1.8973665961010275,1.0,0.0,0.9486832980505138,0.0,-9.77,28992.237410422178,0.0,0.0,1.0,0.0,0.0,0.0,0.0,0.0,0.0,0.0
0.09,1.0,2.0,0.10818510677891963,0.0,0.10263340389897246,0.0,-1.0645414507045692,28991.172868971473,0.0,0.0,0.10818510677891963,0.0,0.0,0.0,0.0,0.0,0.0,0.0
3.14,1.0,2.0,0.0,0.0,0.0,0.0,0.0,28991.172868971473,0.0,0.0,0.0,0.0,0.0,0.0,0.0,0.0,0.0,0.0
6.72,1.0,2.0,0.0,0.0,0.0,0.0,0.0,28991.172868971473,0.0,0.0,0.0,0.0,0.0,0.0,0.0,0.0,0.0,0.0
43.0,1.0,2.0,0.0,-0.0,0.0,-0.0,0.0,28991.172868971473,0.0,0.0,0.0,0.0,0.0,0.0,0.0,0.0,0.0,-0.0
85.3,1.0,2.0,0.0,-0.0,0.0,-0.0,0.0,28991.172868971473,0.0,0.0,0.0,0.0,0.0,0.0,0.0,0.0,0.0,-0.0
122.64,0.5270462766947299,1.0540925533894598,0.0,0.8973665961010275,0.0,0.9459074466105402,108.8146734432106,29099.987542414685,0.0,0.0,0.0,0.0,0.0,0.0,0.0,0.0,0.0,0.8973665961010275
137.6,0.0,0.0,0.0,1.0,0.0,1.0540925533894598,136.22,29236.207542414686,0.0,0.0,0.0,0.0,0.0,0.0,0.0,0.0,0.0,1.0
111.16,0.0,0.0,0.0,-0.0,0.0,-0.0,0.0,29236.207542414686,0.0,0.0,0.0,0.0,0.0,0.0,0.0,0.0,0.0,-0.0
100.34,0.0,0.0,0.0,-0.0,0.0,-0.0,0.0,29236.207542414686,0.0,0.0,0.0,0.0,0.0,0.0,0.0,0.0,0.0,-0.0
82.41,-0.0,-0.0,0.0,0.0,0.0,0.0,0.0,29236.207542414686,0.0,0.0,0.0,0.0,0.0,0.0,0.0,0.0,0.0,0.0
76.43,-0.0,-0.0,0.0,0.0,0.0,0.0,0.0,29236.207542414686,0.0,0.0,0.0,0.0,0.0,0.0,0.0,0.0,0.0,0.0
69.01,-0.0,-0.0,0.0,0.0,0.0,0.0,0.0,29236.207542414686,0.0,0.0,0.0,0.0,0.0,0.0,0.0,0.0,0.0,0.0
67.39,0.05131670194948623,0.10263340389897246,0.10818510677891963,0.0,0.10263340389897246,0.0,-8.449256839433623,29227.75828557525,0.0,0.0,0.10818510677891963,0.0,0.0,0.0,0.0,0.0,0.0,0.0
61.01,0.5256583509747431,1.0513167019494862,1.0,0.0,0.9486832980505138,0.0,-71.63,29156.12828557525,0.0,0.0,1.0,0.0,0.0,0.0,0.0,0.0,0.0,0.0
65.19,1.0,2.0,1.0,0.0,0.9486832980505138,0.0,-75.87,29080.25828557525,0.0,0.0,1.0,0.0,0.0,0.0,0.0,0.0,0.0,0.0
72.52,1.0,2.0,0.0,0.0,0.0,0.0,0.0,29080.25828557525,0.0,0.0,0.0,0.0,0.0,0.0,0.0,0.0,0.0,0.0
92.85,1.0,2.0,0.0,0.0,0.0,0.0,0.0,29080.25828557525,0.0,0.0,0.0,0.0,0.0,0.0,0.0,0.0,0.0,0.0
100.09,0.4729537233052701,0.9459074466105402,0.0,1.0,0.0,1.0540925533894598,98.71000000000001,29178.96828557525,0.0,0.0,0.0,0.0,0.0,0.0,0.0,0.0,0.0,1.0
95.0,0.0,0.0,0.0,0.8973665961010275,0.0,0.9459074466105402,84.0114607269782,29262.97974630223,0.0,0.0,0.0,0.0,0.0,0.0,0.0,0.0,0.0,0.8973665961010275
90.0,-0.0,-0.0,0.0,0.0,0.0,0.0,0.0,29262.97974630223,0.0,0.0,0.0,0.0,0.0,0.0,0.0,0.0,0.0,0.0
76.48,-0.0,-0.0,0.0,0.0,0.0,0.0,0.0,29262.97974630223,0.0,0.0,0.0,0.0,0.0,0.0,0.0,0.0,0.0,0.0
71.46,0.0,0.0,-0.0,0.0,-0.0,0.0,0.0,29262.97974630223,0.0,0.0,-0.0,0.0,0.0,0.0,0.0,0.0,0.0,0.0
65.67,0.0,0.0,-0.0,0.0,-0.0,0.0,0.0,29262.97974630223,0.0,0.0,-0.0,0.0,0.0,0.0,0.0,0.0,0.0,0.0
58.03,0.05131670194948623,0.10263340389897246,0.10818510677891963,0.0,0.10263340389897246,0.0,-7.421498325033887,29255.558247977195,0.0,0.0,0.10818510677891963,0.0,0.0,0.0,0.0,0.0,0.0,0.0
53.21,0.5256583509747431,1.0513167019494862,1.0,0.0,0.9486832980505138,0.0,-63.72,29191.838247977194,0.0,0.0,1.0,0.0,0.0,0.0,0.0,0.0,0.0,0.0
42.1,1.0,2.0,1.0,0.0,0.9486832980505138,0.0,-52.45,29139.388247977193,0.0,0.0,1.0,0.0,0.0,0.0,0.0,0.0,0.0,0.0
67.28,1.0,2.0,0.0,0.0,0.0,0.0,0.0,29139.388247977193,0.0,0.0,0.0,0.0,0.0,0.0,0.0,0.0,0.0,0.0
83.7,1.0,2.0,0.0,-0.0,0.0,-0.0,0.0,29139.388247977193,0.0,0.0,0.0,0.0,0.0,0.0,0.0,0.0,0.0,-0.0
94.99,1.0,2.0,0.0,-0.0,0.0,-0.0,0.0,29139.388247977193,0.0,0.0,0.0,0.0,0.0,0.0,0.0,0.0,0.0,-0.0
110.0,1.0,2.0,0.0,-0.0,0.0,-0.0,0.0,29139.388247977193,0.0,0.0,0.0,0.0,0.0,0.0,0.0,0.0,0.0,-0.0
134.83,0.4729537233052701,0.9459074466105402,0.0,1.0,0.0,1.0540925533894598,133.45000000000002,29272.838247977194,0.0,0.0,0.0,0.0,0.0,0.0,0.0,0.0,0.0,1.0
133.16,-0.0,-0.0,0.0,0.8973665961010275,0.0,0.9459074466105402,118.2549700341934,29391.09321801139,0.0,0.0,0.0,0.0,0.0,0.0,0.0,0.0,0.0,0.8973665961010275
124.29,0.0,0.0,0.0,0.0,0.0,0.0,0.0,29391.09321801139,0.0,0.0,0.0,0.0,0.0,0.0,0.0,0.0,0.0,0.0
103.11,-0.0,-0.0,0.0,0.0,0.0,0.0,0.0,29391.09321801139,0.0,0.0,0.0,0.0,0.0,0.0,0.0,0.0,0.0,0.0
99.13,-0.0,-0.0,0.0,0.0,0.0,0.0,0.0,29391.09321801139,0.0,0.0,0.0,0.0,0.0,0.0,0.0,0.0,0.0,0.0
94.8,-0.0,-0.0,0.0,0.0,0.0,0.0,0.0,29391.09321801139,0.0,0.0,0.0,0.0,0.0,0.0,0.0,0.0,0.0,0.0
92.06,-0.0,-0.0,0.0,0.0,0.0,0.0,0.0,29391.09321801139,0.0,0.0,0.0,0.0,0.0,0.0,0.0,0.0,0.0,0.0
91.55,-0.0,-0.0,0.0,0.0,0.0,0.0,0.0,29391.09321801139,0.0,0.0,0.0,0.0,0.0,0.0,0.0,0.0,0.0,0.0
91.54,-0.0,-0.0,0.0,0.0,0.0,0.0,0.0,29391.09321801139,0.0,0.0,0.0,0.0,0.0,0.0,0.0,0.0,0.0,0.0
91.36,-0.0,-0.0,0.0,0.0,0.0,0.0,0.0,29391.09321801139,0.0,0.0,0.0,0.0,0.0,0.0,0.0,0.0,0.0,0.0
89.46,0.0,0.0,-0.0,0.0,-0.0,0.0,0.0,29391.09321801139,0.0,0.0,-0.0,0.0,0.0,0.0,0.0,0.0,0.0,0.0
86.49,0.0,0.0,-0.0,0.0,-0.0,0.0,0.0,29391.09321801139,0.0,0.0,-0.0,0.0,0.0,0.0,0.0,0.0,0.0,0.0
82.95,0.0,0.0,0.0,-0.0,0.0,-0.0,0.0,29391.09321801139,0.0,0.0,0.0,0.0,0.0,0.0,0.0,0.0,0.0,-0.0
62.83,0.0,0.0,0.0,-0.0,0.0,-0.0,0.0,29391.09321801139,0.0,0.0,0.0,0.0,0.0,0.0,0.0,0.0,0.0,-0.0
19.93,0.0,0.0,0.0,-0.0,0.0,-0.0,0.0,29391.09321801139,0.0,0.0,0.0,0.0,0.0,0.0,0.0,0.0,0.0,-0.0
2.04,-0.0,-0.0,0.0,0.0,0.0,0.0,0.0,29391.09321801139,0.0,0.0,0.0,0.0,0.0,0.0,0.0,0.0,0.0,0.0
0.29,-0.0,-0.0,0.0,0.0,0.0,0.0,0.0,29391.09321801139,0.0,0.0,0.0,0.0,0.0,0.0,0.0,0.0,0.0,0.0
0.0,-0.0,-0.0,0.0,0.0,0.0,0.0,0.0,29391.09321801139,0.0,0.0,0.0,0.0,0.0,0.0,0.0,0.0,0.0,0.0
-0.2,0.4743416490252569,0.9486832980505138,1.0,0.0,0.9486832980505138,0.0,-9.55,29381.54321801139,0.0,0.0,1.0,0.0,0.0,0.0,0.0,0.0,0.0,0.0
-0.13,0.5256583509747431,1.0513167019494862,0.10818510677891963,0.0,0.10263340389897246,0.0,-1.040740727213207,29380.502477284175,0.0,0.0,0.10818510677891963,0.0,0.0,0.0,0.0,0.0,0.0,0.0
-1.09,1.0,2.0,1.0,0.0,0.9486832980505138,0.0,-8.64,29371.862477284176,0.0,0.0,1.0,0.0,0.0,0.0,0.0,0.0,0.0,0.0
23.13,1.0,2.0,0.0,-0.0,0.0,-0.0,0.0,29371.862477284176,0.0,0.0,0.0,0.0,0.0,0.0,0.0,0.0,0.0,-0.0
59.62,1.0,2.0,0.0,0.0,0.0,0.0,0.0,29371.862477284176,0.0,0.0,0.0,0.0,0.0,0.0,0.0,0.0,0.0,0.0
64.6,0.5270462766947299,1.0540925533894598,0.0,0.8973665961010275,0.0,0.9459074466105402,56.73151620550695,29428.59399348968,0.0,0.0,0.0,0.0,0.0,0.0,0.0,0.0,0.0,0.8973665961010275
70.11,-0.0,-0.0,0.0,1.0,0.0,1.0540925533894598,68.73,29497.32399348968,0.0,0.0,0.0,0.0,0.0,0.0,0.0,0.0,0.0,1.0
60.0,-0.0,-0.0,0.0,0.0,0.0,0.0,0.0,29497.32399348968,0.0,0.0,0.0,0.0,0.0,0.0,0.0,0.0,0.0,0.0
49.23,-0.0,-0.0,0.0,0.0,0.0,0.0,0.0,29497.32399348968,0.0,0.0,0.0,0.0,0.0,0.0,0.0,0.0,0.0,0.0
52.96,0.0,0.0,0.0,0.0,0.0,0.0,0.0,29497.32399348968,0.0,0.0,0.0,0.0,0.0,0.0,0.0,0.0,0.0,0.0
24.3,-0.0,-0.0,0.0,0.0,0.0,0.0,0.0,29497.32399348968,0.0,0.0,0.0,0.0,0.0,0.0,0.0,0.0,0.0,0.0
22.34,-0.0,-0.0,0.0,0.0,0.0,0.0,0.0,29497.32399348968,0.0,0.0,0.0,0.0,0.0,0.0,0.0,0.0,0.0,0.0
20.2,0.0,0.0,-0.0,0.0,-0.0,0.0,0.0,29497.32399348968,0.0,0.0,-0.0,0.0,0.0,0.0,0.0,0.0,0.0,0.0
18.7,0.4743416490252569,0.9486832980505138,1.0,0.0,0.9486832980505138,0.0,-28.72,29468.60399348968,0.0,0.0,1.0,0.0,0.0,0.0,0.0,0.0,0.0,0.0
14.79,0.9486832980505138,1.8973665961010275,1.0,0.0,0.9486832980505138,0.0,-24.75,29443.85399348968,0.0,0.0,1.0,0.0,0.0,0.0,0.0,0.0,0.0,0.0
19.67,1.0,2.0,0.10818510677891963,0.0,0.10263340389897246,0.0,-3.213097671333913,29440.640895818346,0.0,0.0,0.10818510677891963,0.0,0.0,0.0,0.0,0.0,0.0,0.0
36.0,1.0,2.0,0.0,0.0,0.0,0.0,0.0,29440.640895818346,0.0,0.0,0.0,0.0,0.0,0.0,0.0,0.0,0.0,0.0
44.3,0.5270462766947299,1.0540925533894598,0.0,0.8973665961010275,0.0,0.9459074466105402,38.51497430465609,29479.155870123002,0.0,0.0,0.0,0.0,0.0,0.0,0.0,0.0,0.0,0.8973665961010275
53.01,0.0,0.0,0.0,1.0,0.0,1.0540925533894598,51.629999999999995,29530.785870123003,0.0,0.0,0.0,0.0,0.0,0.0,0.0,0.0,0.0,1.0
29.13,0.0,0.0,0.0,-0.0,0.0,-0.0,0.0,29530.785870123003,0.0,0.0,0.0,0.0,0.0,0.0,0.0,0.0,0.0,-0.0
2.31,-0.0,-0.0,0.0,0.0,0.0,0.0,0.0,29530.785870123003,0.0,0.0,0.0,0.0,0.0,0.0,0.0,0.0,0.0,0.0
0.83,-0.0,-0.0,0.0,0.0,0.0,0.0,0.0,29530.785870123003,0.0,0.0,0.0,0.0,0.0,0.0,0.0,0.0,0.0,0.0
0.4,-0.0,-0.0,0.0,0.0,0.0,0.0,0.0,29530.785870123003,0.0,0.0,0.0,0.0,0.0,0.0,0.0,0.0,0.0,0.0
-0.28,0.05131670194948623,0.10263340389897246,0.10818510677891963,0.0,0.10263340389897246,0.0,-1.024512961196369,29529.761357161806,0.0,0.0,0.10818510677891963,0.0,0.0,0.0,0.0,0.0,0.0,0.0
-1.83,0.5256583509747431,1.0513167019494862,1.0,0.0,0.9486832980505138,0.0,-7.890000000000001,29521.871357161806,0.0,0.0,1.0,0.0,0.0,0.0,0.0,0.0,0.0,0.0
-1.08,1.0,2.0,1.0,0.0,0.9486832980505138,0.0,-8.65,29513.221357161805,0.0,0.0,1.0,0.0,0.0,0.0,0.0,0.0,0.0,0.0
-0.01,1.0,2.0,0.0,0.0,0.0,0.0,-0.0,29513.221357161805,0.0,0.0,0.0,0.0,0.0,0.0,0.0,0.0,0.0,0.0
5.88,1.0,2.0,0.0,0.0,0.0,0.0,0.0,29513.221357161805,0.0,0.0,0.0,0.0,0.0,0.0,0.0,0.0,0.0,0.0
55.67,1.0,2.0,0.0,-0.0,0.0,-0.0,0.0,29513.221357161805,0.0,0.0,0.0,0.0,0.0,0.0,0.0,0.0,0.0,-0.0
94.87,1.0,2.0,-0.0,0.0,-0.0,0.0,0.0,29513.221357161805,0.0,0.0,-0.0,0.0,0.0,0.0,0.0,0.0,0.0,0.0
130.92,0.5270462766947299,1.0540925533894598,0.0,0.8973665961010275,0.0,0.9459074466105402,116.24486885892709,29629.466226020733,0.0,0.0,0.0,0.0,0.0,0.0,0.0,0.0,0.0,0.8973665961010275
139.69,0.0,0.0,0.0,1.0,0.0,1.0540925533894598,138.31,29767.776226020735,0.0,0.0,0.0,0.0,0.0,0.0,0.0,0.0,0.0,1.0
130.19,0.0,0.0,0.0,-0.0,0.0,-0.0,0.0,29767.776226020735,0.0,0.0,0.0,0.0,0.0,0.0,0.0,0.0,0.0,-0.0
108.15,-0.0,-0.0,0.0,0.0,0.0,0.0,0.0,29767.776226020735,0.0,0.0,0.0,0.0,0.0,0.0,0.0,0.0,0.0,0.0
107.0,-0.0,-0.0,0.0,0.0,0.0,0.0,0.0,29767.776226020735,0.0,0.0,0.0,0.0,0.0,0.0,0.0,0.0,0.0,0.0
97.7,-0.0,-0.0,0.0,0.0,0.0,0.0,0.0,29767.776226020735,0.0,0.0,0.0,0.0,0.0,0.0,0.0,0.0,0.0,0.0
94.81,-0.0,-0.0,0.0,0.0,0.0,0.0,0.0,29767.776226020735,0.0,0.0,0.0,0.0,0.0,0.0,0.0,0.0,0.0,0.0
93.63,-0.0,-0.0,-0.0,0.0,-0.0,0.0,0.0,29767.776226020735,0.0,0.0,-0.0,0.0,0.0,0.0,0.0,0.0,0.0,0.0
94.13,0.0,0.0,0.0,0.0,0.0,0.0,0.0,29767.776226020735,0.0,0.0,0.0,0.0,0.0,0.0,0.0,0.0,0.0,0.0
92.58,-0.0,-0.0,-0.0,0.0,-0.0,0.0,0.0,29767.776226020735,0.0,0.0,-0.0,0.0,0.0,0.0,0.0,0.0,0.0,0.0
94.79,0.0,0.0,0.0,0.0,0.0,0.0,0.0,29767.776226020735,0.0,0.0,0.0,0.0,0.0,0.0,0.0,0.0,0.0,0.0
84.61,0.0,0.0,0.0,-0.0,0.0,-0.0,0.0,29767.776226020735,0.0,0.0,0.0,0.0,0.0,0.0,0.0,0.0,0.0,-0.0
55.0,0.0,0.0,0.0,-0.0,0.0,-0.0,0.0,29767.776226020735,0.0,0.0,0.0,0.0,0.0,0.0,0.0,0.0,0.0,-0.0
1.0,-0.0,-0.0,0.0,0.0,0.0,0.0,0.0,29767.776226020735,0.0,0.0,0.0,0.0,0.0,0.0,0.0,0.0,0.0,0.0
-0.02,-0.0,-0.0,0.0,0.0,0.0,0.0,-0.0,29767.776226020735,0.0,0.0,0.0,0.0,0.0,0.0,0.0,0.0,0.0,0.0
-1.0,-0.0,-0.0,0.0,0.0,0.0,0.0,-0.0,29767.776226020735,0.0,0.0,0.0,0.0,0.0,0.0,0.0,0.0,0.0,0.0
-3.07,0.05131670194948623,0.10263340389897246,0.10818510677891963,0.0,0.10263340389897246,0.0,-0.7183491090120264,29767.057876911724,0.0,0.0,0.10818510677891963,0.0,0.0,0.0,0.0,0.0,0.0,0.0
-13.17,0.5256583509747431,1.0513167019494862,1.0,0.0,0.9486832980505138,0.0,3.6099999999999994,29770.667876911724,0.0,0.0,1.0,0.0,0.0,0.0,0.0,0.0,0.0,0.0
-7.75,1.0,2.0,1.0,0.0,0.9486832980505138,0.0,-1.8900000000000006,29768.777876911725,0.0,0.0,1.0,0.0,0.0,0.0,0.0,0.0,0.0,0.0
-3.0,1.0,2.0,0.0,0.0,0.0,0.0,-0.0,29768.777876911725,0.0,0.0,0.0,0.0,0.0,0.0,0.0,0.0,0.0,0.0
-0.05,1.0,2.0,0.0,0.0,0.0,0.0,-0.0,29768.777876911725,0.0,0.0,0.0,0.0,0.0,0.0,0.0,0.0,0.0,0.0
41.4,1.0,2.0,0.0,-0.0,0.0,-0.0,0.0,29768.777876911725,0.0,0.0,0.0,0.0,0.0,0.0,0.0,0.0,0.0,-0.0
88.85,1.0,2.0,0.0,-0.0,0.0,-0.0,0.0,29768.777876911725,0.0,0.0,0.0,0.0,0.0,0.0,0.0,0.0,0.0,-0.0
131.41,1.0,2.0,-0.0,0.0,-0.0,0.0,0.0,29768.777876911725,0.0,0.0,-0.0,0.0,0.0,0.0,0.0,0.0,0.0,0.0
192.35,0.5270462766947299,1.0540925533894598,0.0,0.8973665961010275,0.0,0.9459074466105402,171.3700988574132,29940.147975769138,0.0,0.0,0.0,0.0,0.0,0.0,0.0,0.0,0.0,0.8973665961010275
192.37,0.0,0.0,0.0,1.0,0.0,1.0540925533894598,190.99,30131.13797576914,0.0,0.0,0.0,0.0,0.0,0.0,0.0,0.0,0.0,1.0
133.49,0.0,0.0,0.0,-0.0,0.0,-0.0,0.0,30131.13797576914,0.0,0.0,0.0,0.0,0.0,0.0,0.0,0.0,0.0,-0.0
102.06,0.0,0.0,-0.0,0.0,-0.0,0.0,0.0,30131.13797576914,0.0,0.0,-0.0,0.0,0.0,0.0,0.0,0.0,0.0,0.0
92.53,0.0,0.0,0.0,-0.0,0.0,-0.0,0.0,30131.13797576914,0.0,0.0,0.0,0.0,0.0,0.0,0.0,0.0,0.0,-0.0
85.22,0.0,0.0,0.0,-0.0,0.0,-0.0,0.0,30131.13797576914,0.0,0.0,0.0,0.0,0.0,0.0,0.0,0.0,0.0,-0.0
77.13,0.0,0.0,0.0,-0.0,0.0,-0.0,0.0,30131.13797576914,0.0,0.0,0.0,0.0,0.0,0.0,0.0,0.0,0.0,-0.0
74.09,0.0,0.0,0.0,-0.0,0.0,-0.0,0.0,30131.13797576914,0.0,0.0,0.0,0.0,0.0,0.0,0.0,0.0,0.0,-0.0
72.66,0.0,0.0,0.0,-0.0,0.0,-0.0,0.0,30131.13797576914,0.0,0.0,0.0,0.0,0.0,0.0,0.0,0.0,0.0,-0.0
66.11,0.0,0.0,0.0,-0.0,0.0,-0.0,0.0,30131.13797576914,0.0,0.0,0.0,0.0,0.0,0.0,0.0,0.0,0.0,-0.0
35.84,0.0,0.0,0.0,-0.0,0.0,-0.0,0.0,30131.13797576914,0.0,0.0,0.0,0.0,0.0,0.0,0.0,0.0,0.0,-0.0
13.0,0.0,0.0,0.0,-0.0,0.0,-0.0,0.0,30131.13797576914,0.0,0.0,0.0,0.0,0.0,0.0,0.0,0.0,0.0,-0.0
2.4,0.0,0.0,0.0,-0.0,0.0,-0.0,0.0,30131.13797576914,0.0,0.0,0.0,0.0,0.0,0.0,0.0,0.0,0.0,-0.0
-0.01,0.0,0.0,0.0,0.0,0.0,0.0,-0.0,30131.13797576914,0.0,0.0,0.0,0.0,0.0,0.0,0.0,0.0,0.0,0.0
-0.6,0.0,0.0,0.0,0.0,0.0,0.0,-0.0,30131.13797576914,0.0,0.0,0.0,0.0,0.0,0.0,0.0,0.0,0.0,0.0
-2.11,0.0,0.0,0.0,0.0,0.0,0.0,-0.0,30131.13797576914,0.0,0.0,0.0,0.0,0.0,0.0,0.0,0.0,0.0,0.0
-5.48,0.0,0.0,0.0,0.0,0.0,0.0,-0.0,30131.13797576914,0.0,0.0,0.0,0.0,0.0,0.0,0.0,0.0,0.0,0.0
-10.87,0.05131670194948623,0.10263340389897246,0.10818510677891963,0.0,0.10263340389897246,0.0,0.13739508560922808,30131.27537085475,0.0,0.0,0.10818510677891963,0.0,0.0,0.0,0.0,0.0,0.0,0.0
-16.09,0.5256583509747431,1.0513167019494862,1.0,0.0,0.9486832980505138,0.0,6.57,30137.84537085475,0.0,0.0,1.0,0.0,0.0,0.0,0.0,0.0,0.0,0.0
-15.61,1.0,2.0,1.0,0.0,0.9486832980505138,0.0,6.08,30143.92537085475,0.0,0.0,1.0,0.0,0.0,0.0,0.0,0.0,0.0,0.0
-6.0,1.0,2.0,0.0,0.0,0.0,0.0,-0.0,30143.92537085475,0.0,0.0,0.0,0.0,0.0,0.0,0.0,0.0,0.0,0.0
-0.99,1.0,2.0,0.0,0.0,0.0,0.0,-0.0,30143.92537085475,0.0,0.0,0.0,0.0,0.0,0.0,0.0,0.0,0.0,0.0
17.0,1.0,2.0,0.0,-0.0,0.0,-0.0,0.0,30143.92537085475,0.0,0.0,0.0,0.0,0.0,0.0,0.0,0.0,0.0,-0.0
60.1,1.0,2.0,-0.0,0.0,-0.0,0.0,0.0,30143.92537085475,0.0,0.0,-0.0,0.0,0.0,0.0,0.0,0.0,0.0,0.0
83.1,1.0,2.0,0.0,-0.0,0.0,-0.0,0.0,30143.92537085475,0.0,0.0,0.0,0.0,0.0,0.0,0.0,0.0,0.0,-0.0
86.7,0.5270462766947299,1.0540925533894598,0.0,0.8973665961010275,0.0,0.9459074466105402,76.56331797933967,30220.48868883409,0.0,0.0,0.0,0.0,0.0,0.0,0.0,0.0,0.0,0.8973665961010275
92.0,0.0,0.0,0.0,1.0,0.0,1.0540925533894598,90.62,30311.10868883409,0.0,0.0,0.0,0.0,0.0,0.0,0.0,0.0,0.0,1.0
66.89,-0.0,-0.0,0.0,0.0,0.0,0.0,0.0,30311.10868883409,0.0,0.0,0.0,0.0,0.0,0.0,0.0,0.0,0.0,0.0
63.4,-0.0,-0.0,0.0,0.0,0.0,0.0,0.0,30311.10868883409,0.0,0.0,0.0,0.0,0.0,0.0,0.0,0.0,0.0,0.0
54.82,0.4743416490252569,0.9486832980505138,1.0,0.0,0.9486832980505138,0.0,-65.35,30245.758688834092,0.0,0.0,1.0,0.0,0.0,0.0,0.0,0.0,0.0,0.0
51.63,0.9486832980505138,1.8973665961010275,1.0,0.0,0.9486832980505138,0.0,-62.11,30183.64868883409,0.0,0.0,1.0,0.0,0.0,0.0,0.0,0.0,0.0,0.0
55.29,1.0,2.0,0.10818510677891963,0.0,0.10263340389897246,0.0,-7.120743728188489,30176.527945105903,0.0,0.0,0.10818510677891963,0.0,0.0,0.0,0.0,0.0,0.0,0.0
58.83,1.0,2.0,-0.0,0.0,-0.0,0.0,0.0,30176.527945105903,0.0,0.0,-0.0,0.0,0.0,0.0,0.0,0.0,0.0,0.0
78.3,1.0,2.0,0.0,0.0,0.0,0.0,0.0,30176.527945105903,0.0,0.0,0.0,0.0,0.0,0.0,0.0,0.0,0.0,0.0
96.5,1.0,2.0,0.0,0.0,0.0,0.0,0.0,30176.527945105903,0.0,0.0,0.0,0.0,0.0,0.0,0.0,0.0,0.0,0.0
117.9,0.4729537233052701,0.9459074466105402,0.0,1.0,0.0,1.0540925533894598,116.52000000000001,30293.047945105904,0.0,0.0,0.0,0.0,0.0,0.0,0.0,0.0,0.0,1.0
102.36,-0.0,-0.0,0.0,0.8973665961010275,0.0,0.9459074466105402,90.61607887428175,30383.664023980185,0.0,0.0,0.0,0.0,0.0,0.0,0.0,0.0,0.0,0.8973665961010275
85.6,0.0,0.0,0.0,0.0,0.0,0.0,0.0,30383.664023980185,0.0,0.0,0.0,0.0,0.0,0.0,0.0,0.0,0.0,0.0
57.47,0.0,0.0,-0.0,0.0,-0.0,0.0,0.0,30383.664023980185,0.0,0.0,-0.0,0.0,0.0,0.0,0.0,0.0,0.0,0.0
33.21,-0.0,-0.0,0.0,0.0,0.0,0.0,0.0,30383.664023980185,0.0,0.0,0.0,0.0,0.0,0.0,0.0,0.0,0.0,0.0
20.0,0.0,0.0,-0.0,0.0,-0.0,0.0,0.0,30383.664023980185,0.0,0.0,-0.0,0.0,0.0,0.0,0.0,0.0,0.0,0.0
12.78,0.4743416490252569,0.9486832980505138,1.0,0.0,0.9486832980505138,0.0,-22.71,30360.954023980186,0.0,0.0,1.0,0.0,0.0,0.0,0.0,0.0,0.0,0.0
11.0,0.9486832980505138,1.8973665961010275,1.0,0.0,0.9486832980505138,0.0,-20.91,30340.044023980186,0.0,0.0,1.0,0.0,0.0,0.0,0.0,0.0,0.0,0.0
19.75,1.0,2.0,0.10818510677891963,0.0,0.10263340389897246,0.0,-3.2217524798762263,30336.82227150031,0.0,0.0,0.10818510677891963,0.0,0.0,0.0,0.0,0.0,0.0,0.0
48.31,1.0,2.0,0.0,-0.0,0.0,-0.0,0.0,30336.82227150031,0.0,0.0,0.0,0.0,0.0,0.0,0.0,0.0,0.0,-0.0
59.6,1.0,2.0,0.0,-0.0,0.0,-0.0,0.0,30336.82227150031,0.0,0.0,0.0,0.0,0.0,0.0,0.0,0.0,0.0,-0.0
83.3,1.0,2.0,0.0,-0.0,0.0,-0.0,0.0,30336.82227150031,0.0,0.0,0.0,0.0,0.0,0.0,0.0,0.0,0.0,-0.0
109.32,1.0,2.0,0.0,-0.0,0.0,-0.0,0.0,30336.82227150031,0.0,0.0,0.0,0.0,0.0,0.0,0.0,0.0,0.0,-0.0
164.69,0.5270462766947299,1.0540925533894598,0.0,0.8973665961010275,0.0,0.9459074466105402,146.5489388092588,30483.371210309568,0.0,0.0,0.0,0.0,0.0,0.0,0.0,0.0,0.0,0.8973665961010275
231.25,-0.0,-0.0,0.0,1.0,0.0,1.0540925533894598,229.87,30713.241210309567,0.0,0.0,0.0,0.0,0.0,0.0,0.0,0.0,0.0,1.0
141.66,0.0,0.0,0.0,0.0,0.0,0.0,0.0,30713.241210309567,0.0,0.0,0.0,0.0,0.0,0.0,0.0,0.0,0.0,0.0
106.36,-0.0,-0.0,0.0,0.0,0.0,0.0,0.0,30713.241210309567,0.0,0.0,0.0,0.0,0.0,0.0,0.0,0.0,0.0,0.0
100.73,-0.0,-0.0,0.0,0.0,0.0,0.0,0.0,30713.241210309567,0.0,0.0,0.0,0.0,0.0,0.0,0.0,0.0,0.0,0.0
101.64,-0.0,-0.0,0.0,0.0,0.0,0.0,0.0,30713.241210309567,0.0,0.0,0.0,0.0,0.0,0.0,0.0,0.0,0.0,0.0
94.03,-0.0,-0.0,0.0,0.0,0.0,0.0,0.0,30713.241210309567,0.0,0.0,0.0,0.0,0.0,0.0,0.0,0.0,0.0,0.0
91.04,0.0,0.0,-0.0,0.0,-0.0,0.0,0.0,30713.241210309567,0.0,0.0,-0.0,0.0,0.0,0.0,0.0,0.0,0.0,0.0
86.98,0.4743416490252569,0.9486832980505138,1.0,0.0,0.9486832980505138,0.0,-97.96000000000001,30615.281210309568,0.0,0.0,1.0,0.0,0.0,0.0,0.0,0.0,0.0,0.0
91.83,0.4743416490252569,0.9486832980505138,0.0,0.0,0.0,0.0,0.0,30615.281210309568,0.0,0.0,0.0,0.0,0.0,0.0,0.0,0.0,0.0,0.0
112.33,-0.0,-0.0,0.0,0.8999999999999999,0.0,0.9486832980505138,99.85499999999999,30715.136210309567,0.0,0.0,0.0,0.0,0.0,0.0,0.0,0.0,0.0,0.8999999999999999
101.21,0.0,0.0,0.0,0.0,0.0,0.0,0.0,30715.136210309567,0.0,0.0,0.0,0.0,0.0,0.0,0.0,0.0,0.0,0.0
77.4,0.0,0.0,0.0,-0.0,0.0,-0.0,0.0,30715.136210309567,0.0,0.0,0.0,0.0,0.0,0.0,0.0,0.0,0.0,-0.0
32.2,0.0,0.0,0.0,-0.0,0.0,-0.0,0.0,30715.136210309567,0.0,0.0,0.0,0.0,0.0,0.0,0.0,0.0,0.0,-0.0
2.0,-0.0,-0.0,0.0,0.0,0.0,0.0,0.0,30715.136210309567,0.0,0.0,0.0,0.0,0.0,0.0,0.0,0.0,0.0,0.0
-0.05,-0.0,-0.0,0.0,0.0,0.0,0.0,-0.0,30715.136210309567,0.0,0.0,0.0,0.0,0.0,0.0,0.0,0.0,0.0,0.0
-1.01,-0.0,-0.0,0.0,0.0,0.0,0.0,-0.0,30715.136210309567,0.0,0.0,0.0,0.0,0.0,0.0,0.0,0.0,0.0,0.0
-3.0,0.4743416490252569,0.9486832980505138,1.0,0.0,0.9486832980505138,0.0,-6.710000000000001,30708.426210309568,0.0,0.0,1.0,0.0,0.0,0.0,0.0,0.0,0.0,0.0
-4.32,0.9486832980505138,1.8973665961010275,1.0,0.0,0.9486832980505138,0.0,-5.369999999999999,30703.05621030957,0.0,0.0,1.0,0.0,0.0,0.0,0.0,0.0,0.0,0.0
-1.33,1.0,2.0,0.10818510677891963,0.0,0.10263340389897246,0.0,-0.9087548969429249,30702.147455412625,0.0,0.0,0.10818510677891963,0.0,0.0,0.0,0.0,0.0,0.0,0.0
0.0,1.0,2.0,0.0,0.0,0.0,0.0,0.0,30702.147455412625,0.0,0.0,0.0,0.0,0.0,0.0,0.0,0.0,0.0,0.0
3.61,1.0,2.0,0.0,0.0,0.0,0.0,0.0,30702.147455412625,0.0,0.0,0.0,0.0,0.0,0.0,0.0,0.0,0.0,0.0
44.2,1.0,2.0,0.0,-0.0,0.0,-0.0,0.0,30702.147455412625,0.0,0.0,0.0,0.0,0.0,0.0,0.0,0.0,0.0,-0.0
72.49,1.0,2.0,-0.0,0.0,-0.0,0.0,0.0,30702.147455412625,0.0,0.0,-0.0,0.0,0.0,0.0,0.0,0.0,0.0,0.0
109.01,0.4729537233052701,0.9459074466105402,0.0,1.0,0.0,1.0540925533894598,107.63000000000001,30809.777455412626,0.0,0.0,0.0,0.0,0.0,0.0,0.0,0.0,0.0,1.0
95.2,0.4729537233052701,0.9459074466105402,0.0,0.0,0.0,0.0,0.0,30809.777455412626,0.0,0.0,0.0,0.0,0.0,0.0,0.0,0.0,0.0,0.0
95.81,-0.0,-0.0,0.0,0.8973665961010275,0.0,0.9459074466105402,84.73832766982002,30894.515783082446,0.0,0.0,0.0,0.0,0.0,0.0,0.0,0.0,0.0,0.8973665961010275
86.3,0.0,0.0,0.0,0.0,0.0,0.0,0.0,30894.515783082446,0.0,0.0,0.0,0.0,0.0,0.0,0.0,0.0,0.0,0.0
71.27,-0.0,-0.0,0.0,0.0,0.0,0.0,0.0,30894.515783082446,0.0,0.0,0.0,0.0,0.0,0.0,0.0,0.0,0.0,0.0
62.77,0.0,0.0,-0.0,0.0,-0.0,0.0,0.0,30894.515783082446,0.0,0.0,-0.0,0.0,0.0,0.0,0.0,0.0,0.0,0.0
60.93,-0.0,-0.0,0.0,0.0,0.0,0.0,0.0,30894.515783082446,0.0,0.0,0.0,0.0,0.0,0.0,0.0,0.0,0.0,0.0
59.4,0.4743416490252569,0.9486832980505138,1.0,0.0,0.9486832980505138,0.0,-69.99,30824.525783082445,0.0,0.0,1.0,0.0,0.0,0.0,0.0,0.0,0.0,0.0
60.52,0.5256583509747431,1.0513167019494862,0.10818510677891963,0.0,0.10263340389897246,0.0,-7.6952066451845536,30816.83057643726,0.0,0.0,0.10818510677891963,0.0,0.0,0.0,0.0,0.0,0.0,0.0
59.6,1.0,2.0,1.0,0.0,0.9486832980505138,0.0,-70.2,30746.63057643726,0.0,0.0,1.0,0.0,0.0,0.0,0.0,0.0,0.0,0.0
92.75,1.0,2.0,0.0,0.0,0.0,0.0,0.0,30746.63057643726,0.0,0.0,0.0,0.0,0.0,0.0,0.0,0.0,0.0,0.0
99.09,0.5270462766947299,1.0540925533894598,0.0,0.8973665961010275,0.0,0.9459074466105402,87.68169010503141,30834.31226654229,0.0,0.0,0.0,0.0,0.0,0.0,0.0,0.0,0.0,0.8973665961010275
112.4,0.0,0.0,0.0,1.0,0.0,1.0540925533894598,111.02000000000001,30945.33226654229,0.0,0.0,0.0,0.0,0.0,0.0,0.0,0.0,0.0,1.0
79.08,0.0,0.0,0.0,-0.0,0.0,-0.0,0.0,30945.33226654229,0.0,0.0,0.0,0.0,0.0,0.0,0.0,0.0,0.0,-0.0
70.68,0.0,0.0,0.0,-0.0,0.0,-0.0,0.0,30945.33226654229,0.0,0.0,0.0,0.0,0.0,0.0,0.0,0.0,0.0,-0.0
44.84,0.0,0.0,0.0,-0.0,0.0,-0.0,0.0,30945.33226654229,0.0,0.0,0.0,0.0,0.0,0.0,0.0,0.0,0.0,-0.0
20.12,0.05131670194948623,0.10263340389897246,0.10818510677891963,0.0,0.10263340389897246,0.0,-3.262862820452216,30942.069403721838,0.0,0.0,0.10818510677891963,0.0,0.0,0.0,0.0,0.0,0.0,0.0
9.69,0.5256583509747431,1.0513167019494862,1.0,0.0,0.9486832980505138,0.0,-19.58,30922.489403721836,0.0,0.0,1.0,0.0,0.0,0.0,0.0,0.0,0.0,0.0
18.26,1.0,2.0,1.0,0.0,0.9486832980505138,0.0,-28.270000000000003,30894.219403721836,0.0,0.0,1.0,0.0,0.0,0.0,0.0,0.0,0.0,0.0
34.61,1.0,2.0,0.0,0.0,0.0,0.0,0.0,30894.219403721836,0.0,0.0,0.0,0.0,0.0,0.0,0.0,0.0,0.0,0.0
46.91,1.0,2.0,0.0,-0.0,0.0,-0.0,0.0,30894.219403721836,0.0,0.0,0.0,0.0,0.0,0.0,0.0,0.0,0.0,-0.0
73.1,1.0,2.0,0.0,-0.0,0.0,-0.0,0.0,30894.219403721836,0.0,0.0,0.0,0.0,0.0,0.0,0.0,0.0,0.0,-0.0
95.0,1.0,2.0,0.0,0.0,0.0,0.0,0.0,30894.219403721836,0.0,0.0,0.0,0.0,0.0,0.0,0.0,0.0,0.0,0.0
108.0,1.0,2.0,0.0,-0.0,0.0,-0.0,0.0,30894.219403721836,0.0,0.0,0.0,0.0,0.0,0.0,0.0,0.0,0.0,-0.0
137.57,0.5270462766947299,1.0540925533894598,0.0,0.8973665961010275,0.0,0.9459074466105402,122.21235672299893,31016.431760444833,0.0,0.0,0.0,0.0,0.0,0.0,0.0,0.0,0.0,0.8973665961010275
138.82,0.0,0.0,0.0,1.0,0.0,1.0540925533894598,137.44,31153.871760444832,0.0,0.0,0.0,0.0,0.0,0.0,0.0,0.0,0.0,1.0
112.43,-0.0,-0.0,0.0,-0.0,0.0,-0.0,0.0,31153.871760444832,0.0,0.0,0.0,0.0,0.0,0.0,0.0,0.0,0.0,-0.0
94.08,-0.0,-0.0,0.0,0.0,0.0,0.0,0.0,31153.871760444832,0.0,0.0,0.0,0.0,0.0,0.0,0.0,0.0,0.0,0.0
95.82,0.0,0.0,0.0,0.0,0.0,0.0,0.0,31153.871760444832,0.0,0.0,0.0,0.0,0.0,0.0,0.0,0.0,0.0,0.0
85.97,0.0,0.0,-0.0,0.0,-0.0,0.0,0.0,31153.871760444832,0.0,0.0,-0.0,0.0,0.0,0.0,0.0,0.0,0.0,0.0
80.48,0.4743416490252569,0.9486832980505138,1.0,0.0,0.9486832980505138,0.0,-91.37,31062.501760444833,0.0,0.0,1.0,0.0,0.0,0.0,0.0,0.0,0.0,0.0
79.79,0.9486832980505138,1.8973665961010275,1.0,0.0,0.9486832980505138,0.0,-90.67,30971.831760444835,0.0,0.0,1.0,0.0,0.0,0.0,0.0,0.0,0.0,0.0
80.57,1.0,2.0,0.10818510677891963,0.0,0.10263340389897246,0.0,-9.894609865999987,30961.937150578833,0.0,0.0,0.10818510677891963,0.0,0.0,0.0,0.0,0.0,0.0,0.0
81.0,1.0,2.0,0.0,0.0,0.0,0.0,0.0,30961.937150578833,0.0,0.0,0.0,0.0,0.0,0.0,0.0,0.0,0.0,0.0
86.66,1.0,2.0,0.0,0.0,0.0,0.0,0.0,30961.937150578833,0.0,0.0,0.0,0.0,0.0,0.0,0.0,0.0,0.0,0.0
110.57,0.5270462766947299,1.0540925533894598,0.0,0.8973665961010275,0.0,0.9459074466105402,97.9834586282712,31059.920609207104,0.0,0.0,0.0,0.0,0.0,0.0,0.0,0.0,0.0,0.8973665961010275
112.78,0.0,0.0,0.0,1.0,0.0,1.0540925533894598,111.4,31171.320609207105,0.0,0.0,0.0,0.0,0.0,0.0,0.0,0.0,0.0,1.0
83.03,-0.0,-0.0,0.0,0.0,0.0,0.0,0.0,31171.320609207105,0.0,0.0,0.0,0.0,0.0,0.0,0.0,0.0,0.0,0.0
65.01,0.0,0.0,-0.0,0.0,-0.0,0.0,0.0,31171.320609207105,0.0,0.0,-0.0,0.0,0.0,0.0,0.0,0.0,0.0,0.0
46.18,0.0,0.0,0.0,-0.0,0.0,-0.0,0.0,31171.320609207105,0.0,0.0,0.0,0.0,0.0,0.0,0.0,0.0,0.0,-0.0
20.0,0.0,0.0,-0.0,0.0,-0.0,0.0,0.0,31171.320609207105,0.0,0.0,-0.0,0.0,0.0,0.0,0.0,0.0,0.0,0.0
11.03,0.4743416490252569,0.9486832980505138,1.0,0.0,0.9486832980505138,0.0,-20.939999999999998,31150.380609207106,0.0,0.0,1.0,0.0,0.0,0.0,0.0,0.0,0.0,0.0
7.07,0.9486832980505138,1.8973665961010275,1.0,0.0,0.9486832980505138,0.0,-16.92,31133.460609207108,0.0,0.0,1.0,0.0,0.0,0.0,0.0,0.0,0.0,0.0
19.87,1.0,2.0,0.10818510677891963,0.0,0.10263340389897246,0.0,-3.234734692689697,31130.225874514417,0.0,0.0,0.10818510677891963,0.0,0.0,0.0,0.0,0.0,0.0,0.0
57.5,1.0,2.0,-0.0,0.0,-0.0,0.0,0.0,31130.225874514417,0.0,0.0,-0.0,0.0,0.0,0.0,0.0,0.0,0.0,0.0
72.98,1.0,2.0,-0.0,0.0,-0.0,0.0,0.0,31130.225874514417,0.0,0.0,-0.0,0.0,0.0,0.0,0.0,0.0,0.0,0.0
94.44,1.0,2.0,0.0,0.0,0.0,0.0,0.0,31130.225874514417,0.0,0.0,0.0,0.0,0.0,0.0,0.0,0.0,0.0,0.0
107.13,0.5270462766947299,1.0540925533894598,0.0,0.8973665961010275,0.0,0.9459074466105402,94.89651753768365,31225.1223920521,0.0,0.0,0.0,0.0,0.0,0.0,0.0,0.0,0.0,0.8973665961010275
122.73,0.0,0.0,0.0,1.0,0.0,1.0540925533894598,121.35000000000001,31346.4723920521,0.0,0.0,0.0,0.0,0.0,0.0,0.0,0.0,0.0,1.0
106.95,0.0,0.0,0.0,-0.0,0.0,-0.0,0.0,31346.4723920521,0.0,0.0,0.0,0.0,0.0,0.0,0.0,0.0,0.0,-0.0
85.03,-0.0,-0.0,0.0,0.0,0.0,0.0,0.0,31346.4723920521,0.0,0.0,0.0,0.0,0.0,0.0,0.0,0.0,0.0,0.0
75.83,-0.0,-0.0,0.0,0.0,0.0,0.0,0.0,31346.4723920521,0.0,0.0,0.0,0.0,0.0,0.0,0.0,0.0,0.0,0.0
83.66,-0.0,-0.0,0.0,0.0,0.0,0.0,0.0,31346.4723920521,0.0,0.0,0.0,0.0,0.0,0.0,0.0,0.0,0.0,0.0
71.66,0.0,0.0,-0.0,0.0,-0.0,0.0,0.0,31346.4723920521,0.0,0.0,-0.0,0.0,0.0,0.0,0.0,0.0,0.0,0.0
60.86,0.0,0.0,-0.0,0.0,-0.0,0.0,0.0,31346.4723920521,0.0,0.0,-0.0,0.0,0.0,0.0,0.0,0.0,0.0,0.0
55.27,-0.0,-0.0,0.0,0.0,0.0,0.0,0.0,31346.4723920521,0.0,0.0,0.0,0.0,0.0,0.0,0.0,0.0,0.0,0.0
52.78,0.4743416490252569,0.9486832980505138,1.0,0.0,0.9486832980505138,0.0,-63.28,31283.1923920521,0.0,0.0,1.0,0.0,0.0,0.0,0.0,0.0,0.0,0.0
63.7,0.4743416490252569,0.9486832980505138,0.0,0.0,0.0,0.0,0.0,31283.1923920521,0.0,0.0,0.0,0.0,0.0,0.0,0.0,0.0,0.0,0.0
67.02,0.4743416490252569,0.9486832980505138,0.0,0.0,0.0,0.0,0.0,31283.1923920521,0.0,0.0,0.0,0.0,0.0,0.0,0.0,0.0,0.0,0.0
74.43,0.0,0.0,0.0,0.8999999999999999,0.0,0.9486832980505138,65.74499999999999,31348.9373920521,0.0,0.0,0.0,0.0,0.0,0.0,0.0,0.0,0.0,0.8999999999999999
59.61,0.0,0.0,0.0,-0.0,0.0,-0.0,0.0,31348.9373920521,0.0,0.0,0.0,0.0,0.0,0.0,0.0,0.0,0.0,-0.0
13.27,0.0,0.0,-0.0,0.0,-0.0,0.0,0.0,31348.9373920521,0.0,0.0,-0.0,0.0,0.0,0.0,0.0,0.0,0.0,0.0
3.99,-0.0,-0.0,0.0,0.0,0.0,0.0,0.0,31348.9373920521,0.0,0.0,0.0,0.0,0.0,0.0,0.0,0.0,0.0,0.0
2.04,-0.0,-0.0,0.0,0.0,0.0,0.0,0.0,31348.9373920521,0.0,0.0,0.0,0.0,0.0,0.0,0.0,0.0,0.0,0.0
1.5,-0.0,-0.0,0.0,0.0,0.0,0.0,0.0,31348.9373920521,0.0,0.0,0.0,0.0,0.0,0.0,0.0,0.0,0.0,0.0
0.31,-0.0,-0.0,0.0,0.0,0.0,0.0,0.0,31348.9373920521,0.0,0.0,0.0,0.0,0.0,0.0,0.0,0.0,0.0,0.0
-0.23,0.4743416490252569,0.9486832980505138,1.0,0.0,0.9486832980505138,0.0,-9.52,31339.4173920521,0.0,0.0,1.0,0.0,0.0,0.0,0.0,0.0,0.0,0.0
-1.33,0.9486832980505138,1.8973665961010275,1.0,0.0,0.9486832980505138,0.0,-8.4,31331.017392052097,0.0,0.0,1.0,0.0,0.0,0.0,0.0,0.0,0.0,0.0
-0.01,1.0,2.0,0.10818510677891963,0.0,0.10263340389897246,0.0,-1.0537229400266772,31329.963669112072,0.0,0.0,0.10818510677891963,0.0,0.0,0.0,0.0,0.0,0.0,0.0
0.0,1.0,2.0,0.0,0.0,0.0,0.0,0.0,31329.963669112072,0.0,0.0,0.0,0.0,0.0,0.0,0.0,0.0,0.0,0.0
46.85,1.0,2.0,0.0,-0.0,0.0,-0.0,0.0,31329.963669112072,0.0,0.0,0.0,0.0,0.0,0.0,0.0,0.0,0.0,-0.0
82.76,1.0,2.0,0.0,-0.0,0.0,-0.0,0.0,31329.963669112072,0.0,0.0,0.0,0.0,0.0,0.0,0.0,0.0,0.0,-0.0
111.05,1.0,2.0,0.0,0.0,0.0,0.0,0.0,31329.963669112072,0.0,0.0,0.0,0.0,0.0,0.0,0.0,0.0,0.0,0.0
129.29,0.4729537233052701,0.9459074466105402,0.0,1.0,0.0,1.0540925533894598,127.91,31457.873669112072,0.0,0.0,0.0,0.0,0.0,0.0,0.0,0.0,0.0,1.0
125.72,0.0,0.0,0.0,0.8973665961010275,0.0,0.9459074466105402,111.57856255920176,31569.452231671276,0.0,0.0,0.0,0.0,0.0,0.0,0.0,0.0,0.0,0.8973665961010275
103.24,0.0,0.0,0.0,-0.0,0.0,-0.0,0.0,31569.452231671276,0.0,0.0,0.0,0.0,0.0,0.0,0.0,0.0,0.0,-0.0
87.61,-0.0,-0.0,0.0,-0.0,0.0,-0.0,0.0,31569.452231671276,0.0,0.0,0.0,0.0,0.0,0.0,0.0,0.0,0.0,-0.0
83.5,0.0,0.0,0.0,0.0,0.0,0.0,0.0,31569.452231671276,0.0,0.0,0.0,0.0,0.0,0.0,0.0,0.0,0.0,0.0
78.02,-0.0,-0.0,0.0,0.0,0.0,0.0,0.0,31569.452231671276,0.0,0.0,0.0,0.0,0.0,0.0,0.0,0.0,0.0,0.0
81.89,-0.0,-0.0,0.0,0.0,0.0,0.0,0.0,31569.452231671276,0.0,0.0,0.0,0.0,0.0,0.0,0.0,0.0,0.0,0.0
82.27,-0.0,-0.0,0.0,0.0,0.0,0.0,0.0,31569.452231671276,0.0,0.0,0.0,0.0,0.0,0.0,0.0,0.0,0.0,0.0
81.99,-0.0,-0.0,0.0,0.0,0.0,0.0,0.0,31569.452231671276,0.0,0.0,0.0,0.0,0.0,0.0,0.0,0.0,0.0,0.0
85.47,-0.0,-0.0,0.0,0.0,0.0,0.0,0.0,31569.452231671276,0.0,0.0,0.0,0.0,0.0,0.0,0.0,0.0,0.0,0.0
86.74,-0.0,-0.0,0.0,-0.0,0.0,-0.0,0.0,31569.452231671276,0.0,0.0,0.0,0.0,0.0,0.0,0.0,0.0,0.0,-0.0
79.86,0.0,0.0,0.0,0.0,0.0,0.0,0.0,31569.452231671276,0.0,0.0,0.0,0.0,0.0,0.0,0.0,0.0,0.0,0.0
65.3,0.0,0.0,0.0,-0.0,0.0,-0.0,0.0,31569.452231671276,0.0,0.0,0.0,0.0,0.0,0.0,0.0,0.0,0.0,-0.0
30.53,0.0,0.0,0.0,-0.0,0.0,-0.0,0.0,31569.452231671276,0.0,0.0,0.0,0.0,0.0,0.0,0.0,0.0,0.0,-0.0
9.44,0.0,0.0,-0.0,0.0,-0.0,0.0,0.0,31569.452231671276,0.0,0.0,-0.0,0.0,0.0,0.0,0.0,0.0,0.0,0.0
1.19,-0.0,-0.0,0.0,0.0,0.0,0.0,0.0,31569.452231671276,0.0,0.0,0.0,0.0,0.0,0.0,0.0,0.0,0.0,0.0
-0.01,-0.0,-0.0,0.0,0.0,0.0,0.0,-0.0,31569.452231671276,0.0,0.0,0.0,0.0,0.0,0.0,0.0,0.0,0.0,0.0
-0.02,0.05131670194948623,0.10263340389897246,0.10818510677891963,0.0,0.10263340389897246,0.0,-1.052641088958888,31568.399590582318,0.0,0.0,0.10818510677891963,0.0,0.0,0.0,0.0,0.0,0.0,0.0
-0.02,0.5256583509747431,1.0513167019494862,1.0,0.0,0.9486832980505138,0.0,-9.73,31558.669590582318,0.0,0.0,1.0,0.0,0.0,0.0,0.0,0.0,0.0,0.0
-0.46,1.0,2.0,1.0,0.0,0.9486832980505138,0.0,-9.28,31549.38959058232,0.0,0.0,1.0,0.0,0.0,0.0,0.0,0.0,0.0,0.0
26.91,1.0,2.0,0.0,-0.0,0.0,-0.0,0.0,31549.38959058232,0.0,0.0,0.0,0.0,0.0,0.0,0.0,0.0,0.0,-0.0
70.1,1.0,2.0,0.0,-0.0,0.0,-0.0,0.0,31549.38959058232,0.0,0.0,0.0,0.0,0.0,0.0,0.0,0.0,0.0,-0.0
85.01,1.0,2.0,0.0,-0.0,0.0,-0.0,0.0,31549.38959058232,0.0,0.0,0.0,0.0,0.0,0.0,0.0,0.0,0.0,-0.0
109.9,0.5270462766947299,1.0540925533894598,0.0,0.8973665961010275,0.0,0.9459074466105402,97.38222300888351,31646.771813591204,0.0,0.0,0.0,0.0,0.0,0.0,0.0,0.0,0.0,0.8973665961010275
110.26,0.0,0.0,0.0,1.0,0.0,1.0540925533894598,108.88000000000001,31755.651813591205,0.0,0.0,0.0,0.0,0.0,0.0,0.0,0.0,0.0,1.0
98.01,-0.0,-0.0,0.0,-0.0,0.0,-0.0,0.0,31755.651813591205,0.0,0.0,0.0,0.0,0.0,0.0,0.0,0.0,0.0,-0.0
80.09,-0.0,-0.0,0.0,0.0,0.0,0.0,0.0,31755.651813591205,0.0,0.0,0.0,0.0,0.0,0.0,0.0,0.0,0.0,0.0
93.84,0.0,0.0,0.0,0.0,0.0,0.0,0.0,31755.651813591205,0.0,0.0,0.0,0.0,0.0,0.0,0.0,0.0,0.0,0.0
83.0,-0.0,-0.0,0.0,0.0,0.0,0.0,0.0,31755.651813591205,0.0,0.0,0.0,0.0,0.0,0.0,0.0,0.0,0.0,0.0
76.86,-0.0,-0.0,0.0,0.0,0.0,0.0,0.0,31755.651813591205,0.0,0.0,0.0,0.0,0.0,0.0,0.0,0.0,0.0,0.0
69.74,-0.0,-0.0,0.0,0.0,0.0,0.0,0.0,31755.651813591205,0.0,0.0,0.0,0.0,0.0,0.0,0.0,0.0,0.0,0.0
67.02,0.0,0.0,-0.0,0.0,-0.0,0.0,0.0,31755.651813591205,0.0,0.0,-0.0,0.0,0.0,0.0,0.0,0.0,0.0,0.0
55.66,0.0,0.0,0.0,-0.0,0.0,-0.0,0.0,31755.651813591205,0.0,0.0,0.0,0.0,0.0,0.0,0.0,0.0,0.0,-0.0
39.02,0.0,0.0,0.0,-0.0,0.0,-0.0,0.0,31755.651813591205,0.0,0.0,0.0,0.0,0.0,0.0,0.0,0.0,0.0,-0.0
3.71,-0.0,-0.0,0.0,0.0,0.0,0.0,0.0,31755.651813591205,0.0,0.0,0.0,0.0,0.0,0.0,0.0,0.0,0.0,0.0
0.0,-0.0,-0.0,0.0,0.0,0.0,0.0,0.0,31755.651813591205,0.0,0.0,0.0,0.0,0.0,0.0,0.0,0.0,0.0,0.0
-0.5,0.4743416490252569,0.9486832980505138,1.0,0.0,0.9486832980505138,0.0,-9.24,31746.411813591203,0.0,0.0,1.0,0.0,0.0,0.0,0.0,0.0,0.0,0.0
-0.03,0.5256583509747431,1.0513167019494862,0.10818510677891963,0.0,0.10263340389897246,0.0,-1.051559237891099,31745.360254353312,0.0,0.0,0.10818510677891963,0.0,0.0,0.0,0.0,0.0,0.0,0.0
-0.52,1.0,2.0,1.0,0.0,0.9486832980505138,0.0,-9.22,31736.14025435331,0.0,0.0,1.0,0.0,0.0,0.0,0.0,0.0,0.0,0.0
0.31,1.0,2.0,0.0,0.0,0.0,0.0,0.0,31736.14025435331,0.0,0.0,0.0,0.0,0.0,0.0,0.0,0.0,0.0,0.0
1.0,1.0,2.0,0.0,0.0,0.0,0.0,0.0,31736.14025435331,0.0,0.0,0.0,0.0,0.0,0.0,0.0,0.0,0.0,0.0
0.97,1.0,2.0,0.0,0.0,0.0,0.0,0.0,31736.14025435331,0.0,0.0,0.0,0.0,0.0,0.0,0.0,0.0,0.0,0.0
1.19,1.0,2.0,0.0,0.0,0.0,0.0,0.0,31736.14025435331,0.0,0.0,0.0,0.0,0.0,0.0,0.0,0.0,0.0,0.0
1.67,1.0,2.0,0.0,0.0,0.0,0.0,0.0,31736.14025435331,0.0,0.0,0.0,0.0,0.0,0.0,0.0,0.0,0.0,0.0
1.07,1.0,2.0,0.0,0.0,0.0,0.0,0.0,31736.14025435331,0.0,0.0,0.0,0.0,0.0,0.0,0.0,0.0,0.0,0.0
0.35,1.0,2.0,0.0,0.0,0.0,0.0,0.0,31736.14025435331,0.0,0.0,0.0,0.0,0.0,0.0,0.0,0.0,0.0,0.0
39.65,1.0,2.0,0.0,-0.0,0.0,-0.0,0.0,31736.14025435331,0.0,0.0,0.0,0.0,0.0,0.0,0.0,0.0,0.0,-0.0
60.88,1.0,2.0,0.0,0.0,0.0,0.0,0.0,31736.14025435331,0.0,0.0,0.0,0.0,0.0,0.0,0.0,0.0,0.0,0.0
69.55,0.4729537233052701,0.9459074466105402,0.0,1.0,0.0,1.0540925533894598,68.17,31804.31025435331,0.0,0.0,0.0,0.0,0.0,0.0,0.0,0.0,0.0,1.0
65.07,-0.0,-0.0,0.0,0.8973665961010275,0.0,0.9459074466105402,57.153278505674436,31861.463532858983,0.0,0.0,0.0,0.0,0.0,0.0,0.0,0.0,0.0,0.8973665961010275
51.13,0.0,0.0,0.0,0.0,0.0,0.0,0.0,31861.463532858983,0.0,0.0,0.0,0.0,0.0,0.0,0.0,0.0,0.0,0.0
4.8,-0.0,-0.0,0.0,0.0,0.0,0.0,0.0,31861.463532858983,0.0,0.0,0.0,0.0,0.0,0.0,0.0,0.0,0.0,0.0
4.15,0.4743416490252569,0.9486832980505138,1.0,0.0,0.9486832980505138,0.0,-13.96,31847.503532858984,0.0,0.0,1.0,0.0,0.0,0.0,0.0,0.0,0.0,0.0
4.19,0.9486832980505138,1.8973665961010275,1.0,0.0,0.9486832980505138,0.0,-14.0,31833.503532858984,0.0,0.0,1.0,0.0,0.0,0.0,0.0,0.0,0.0,0.0
4.27,1.0,2.0,0.10818510677891963,0.0,0.10263340389897246,0.0,-1.5232463034471884,31831.980286555536,0.0,0.0,0.10818510677891963,0.0,0.0,0.0,0.0,0.0,0.0,0.0
13.42,1.0,2.0,0.0,0.0,0.0,0.0,0.0,31831.980286555536,0.0,0.0,0.0,0.0,0.0,0.0,0.0,0.0,0.0,0.0
32.2,1.0,2.0,0.0,-0.0,0.0,-0.0,0.0,31831.980286555536,0.0,0.0,0.0,0.0,0.0,0.0,0.0,0.0,0.0,-0.0
44.97,0.4729537233052701,0.9459074466105402,0.0,1.0,0.0,1.0540925533894598,43.589999999999996,31875.570286555536,0.0,0.0,0.0,0.0,0.0,0.0,0.0,0.0,0.0,1.0
40.04,0.0,0.0,0.0,0.8973665961010275,0.0,0.9459074466105402,34.692192605265724,31910.262479160803,0.0,0.0,0.0,0.0,0.0,0.0,0.0,0.0,0.0,0.8973665961010275
2.97,0.0,0.0,-0.0,0.0,-0.0,0.0,0.0,31910.262479160803,0.0,0.0,-0.0,0.0,0.0,0.0,0.0,0.0,0.0,0.0
0.0,-0.0,-0.0,0.0,0.0,0.0,0.0,0.0,31910.262479160803,0.0,0.0,0.0,0.0,0.0,0.0,0.0,0.0,0.0,0.0
-0.14,-0.0,-0.0,0.0,0.0,0.0,0.0,-0.0,31910.262479160803,0.0,0.0,0.0,0.0,0.0,0.0,0.0,0.0,0.0,0.0
-0.8,-0.0,-0.0,0.0,0.0,0.0,0.0,-0.0,31910.262479160803,0.0,0.0,0.0,0.0,0.0,0.0,0.0,0.0,0.0,0.0
-0.31,-0.0,-0.0,0.0,0.0,0.0,0.0,-0.0,31910.262479160803,0.0,0.0,0.0,0.0,0.0,0.0,0.0,0.0,0.0,0.0
-3.87,0.05131670194948623,0.10263340389897246,0.10818510677891963,0.0,0.10263340389897246,0.0,-0.6296373214533122,31909.63284183935,0.0,0.0,0.10818510677891963,0.0,0.0,0.0,0.0,0.0,0.0,0.0
-5.09,0.5256583509747431,1.0513167019494862,1.0,0.0,0.9486832980505138,0.0,-4.59,31905.04284183935,0.0,0.0,1.0,0.0,0.0,0.0,0.0,0.0,0.0,0.0
-4.01,1.0,2.0,1.0,0.0,0.9486832980505138,0.0,-5.68,31899.36284183935,0.0,0.0,1.0,0.0,0.0,0.0,0.0,0.0,0.0,0.0
-1.0,1.0,2.0,0.0,0.0,0.0,0.0,-0.0,31899.36284183935,0.0,0.0,0.0,0.0,0.0,0.0,0.0,0.0,0.0,0.0
0.09,1.0,2.0,0.0,0.0,0.0,0.0,0.0,31899.36284183935,0.0,0.0,0.0,0.0,0.0,0.0,0.0,0.0,0.0,0.0
69.54,1.0,2.0,-0.0,0.0,-0.0,0.0,0.0,31899.36284183935,0.0,0.0,-0.0,0.0,0.0,0.0,0.0,0.0,0.0,0.0
112.99,1.0,2.0,-0.0,0.0,-0.0,0.0,0.0,31899.36284183935,0.0,0.0,-0.0,0.0,0.0,0.0,0.0,0.0,0.0,0.0
141.4,0.5270462766947299,1.0540925533894598,0.0,0.8973665961010275,0.0,0.9459074466105402,125.64927078606588,32025.012112625416,0.0,0.0,0.0,0.0,0.0,0.0,0.0,0.0,0.0,0.8973665961010275
148.42,-0.0,-0.0,0.0,1.0,0.0,1.0540925533894598,147.04,32172.052112625417,0.0,0.0,0.0,0.0,0.0,0.0,0.0,0.0,0.0,1.0
126.52,0.0,0.0,0.0,0.0,0.0,0.0,0.0,32172.052112625417,0.0,0.0,0.0,0.0,0.0,0.0,0.0,0.0,0.0,0.0
101.19,-0.0,-0.0,0.0,-0.0,0.0,-0.0,0.0,32172.052112625417,0.0,0.0,0.0,0.0,0.0,0.0,0.0,0.0,0.0,-0.0
86.65,0.0,0.0,0.0,0.0,0.0,0.0,0.0,32172.052112625417,0.0,0.0,0.0,0.0,0.0,0.0,0.0,0.0,0.0,0.0
78.07,-0.0,-0.0,0.0,0.0,0.0,0.0,0.0,32172.052112625417,0.0,0.0,0.0,0.0,0.0,0.0,0.0,0.0,0.0,0.0
69.66,0.0,0.0,-0.0,0.0,-0.0,0.0,0.0,32172.052112625417,0.0,0.0,-0.0,0.0,0.0,0.0,0.0,0.0,0.0,0.0
59.95,0.4743416490252569,0.9486832980505138,1.0,0.0,0.9486832980505138,0.0,-70.55,32101.502112625418,0.0,0.0,1.0,0.0,0.0,0.0,0.0,0.0,0.0,0.0
54.16,0.9486832980505138,1.8973665961010275,1.0,0.0,0.9486832980505138,0.0,-64.67999999999999,32036.822112625418,0.0,0.0,1.0,0.0,0.0,0.0,0.0,0.0,0.0,0.0
62.18,1.0,2.0,0.10818510677891963,0.0,0.10263340389897246,0.0,-7.876957624573138,32028.945155000845,0.0,0.0,0.10818510677891963,0.0,0.0,0.0,0.0,0.0,0.0,0.0
74.62,1.0,2.0,0.0,0.0,0.0,0.0,0.0,32028.945155000845,0.0,0.0,0.0,0.0,0.0,0.0,0.0,0.0,0.0,0.0
82.79,0.5270462766947299,1.0540925533894598,0.0,0.8973665961010275,0.0,0.9459074466105402,73.05461458858466,32101.99976958943,0.0,0.0,0.0,0.0,0.0,0.0,0.0,0.0,0.0,0.8973665961010275
83.17,-0.0,-0.0,0.0,1.0,0.0,1.0540925533894598,81.79,32183.78976958943,0.0,0.0,0.0,0.0,0.0,0.0,0.0,0.0,0.0,1.0
69.0,0.0,0.0,0.0,0.0,0.0,0.0,0.0,32183.78976958943,0.0,0.0,0.0,0.0,0.0,0.0,0.0,0.0,0.0,0.0
22.71,0.05131670194948623,0.10263340389897246,0.10818510677891963,0.0,0.10263340389897246,0.0,-3.5463078002129853,32180.243461789218,0.0,0.0,0.10818510677891963,0.0,0.0,0.0,0.0,0.0,0.0,0.0
24.25,0.05131670194948623,0.10263340389897246,0.0,0.0,0.0,0.0,0.0,32180.243461789218,0.0,0.0,0.0,0.0,0.0,0.0,0.0,0.0,0.0,0.0
17.76,0.5256583509747431,1.0513167019494862,1.0,0.0,0.9486832980505138,0.0,-27.76,32152.48346178922,0.0,0.0,1.0,0.0,0.0,0.0,0.0,0.0,0.0,0.0
15.84,1.0,2.0,1.0,0.0,0.9486832980505138,0.0,-25.810000000000002,32126.673461789218,0.0,0.0,1.0,0.0,0.0,0.0,0.0,0.0,0.0,0.0
24.62,1.0,2.0,0.0,0.0,0.0,0.0,0.0,32126.673461789218,0.0,0.0,0.0,0.0,0.0,0.0,0.0,0.0,0.0,0.0
31.3,1.0,2.0,0.0,0.0,0.0,0.0,0.0,32126.673461789218,0.0,0.0,0.0,0.0,0.0,0.0,0.0,0.0,0.0,0.0
46.89,1.0,2.0,0.0,-0.0,0.0,-0.0,0.0,32126.673461789218,0.0,0.0,0.0,0.0,0.0,0.0,0.0,0.0,0.0,-0.0
58.05,1.0,2.0,0.0,-0.0,0.0,-0.0,0.0,32126.673461789218,0.0,0.0,0.0,0.0,0.0,0.0,0.0,0.0,0.0,-0.0
70.44,1.0,2.0,0.0,0.0,0.0,0.0,0.0,32126.673461789218,0.0,0.0,0.0,0.0,0.0,0.0,0.0,0.0,0.0,0.0
82.08,1.0,2.0,0.0,0.0,0.0,0.0,0.0,32126.673461789218,0.0,0.0,0.0,0.0,0.0,0.0,0.0,0.0,0.0,0.0
83.97,1.0,2.0,0.0,0.0,0.0,0.0,0.0,32126.673461789218,0.0,0.0,0.0,0.0,0.0,0.0,0.0,0.0,0.0,0.0
91.28,0.5270462766947299,1.0540925533894598,0.0,0.8973665961010275,0.0,0.9459074466105402,80.67325698948237,32207.3467187787,0.0,0.0,0.0,0.0,0.0,0.0,0.0,0.0,0.0,0.8973665961010275
97.94,-0.0,-0.0,0.0,1.0,0.0,1.0540925533894598,96.56,32303.9067187787,0.0,0.0,0.0,0.0,0.0,0.0,0.0,0.0,0.0,1.0
85.31,0.0,0.0,0.0,0.0,0.0,0.0,0.0,32303.9067187787,0.0,0.0,0.0,0.0,0.0,0.0,0.0,0.0,0.0,0.0
70.43,-0.0,-0.0,0.0,0.0,0.0,0.0,0.0,32303.9067187787,0.0,0.0,0.0,0.0,0.0,0.0,0.0,0.0,0.0,0.0
69.4,0.05131670194948623,0.10263340389897246,0.10818510677891963,0.0,0.10263340389897246,0.0,-8.66995445726262,32295.23676432144,0.0,0.0,0.10818510677891963,0.0,0.0,0.0,0.0,0.0,0.0,0.0
68.69,0.5256583509747431,1.0513167019494862,1.0,0.0,0.9486832980505138,0.0,-79.42,32215.81676432144,0.0,0.0,1.0,0.0,0.0,0.0,0.0,0.0,0.0,0.0
69.25,1.0,2.0,1.0,0.0,0.9486832980505138,0.0,-79.98,32135.83676432144,0.0,0.0,1.0,0.0,0.0,0.0,0.0,0.0,0.0,0.0
71.52,1.0,2.0,0.0,0.0,0.0,0.0,0.0,32135.83676432144,0.0,0.0,0.0,0.0,0.0,0.0,0.0,0.0,0.0,0.0
81.24,1.0,2.0,0.0,0.0,0.0,0.0,0.0,32135.83676432144,0.0,0.0,0.0,0.0,0.0,0.0,0.0,0.0,0.0,0.0
101.26,0.5270462766947299,1.0540925533894598,0.0,0.8973665961010275,0.0,0.9459074466105402,89.62897561857064,32225.465739940013,0.0,0.0,0.0,0.0,0.0,0.0,0.0,0.0,0.0,0.8973665961010275
107.8,0.0,0.0,0.0,1.0,0.0,1.0540925533894598,106.42,32331.88573994001,0.0,0.0,0.0,0.0,0.0,0.0,0.0,0.0,0.0,1.0
85.09,0.0,0.0,0.0,-0.0,0.0,-0.0,0.0,32331.88573994001,0.0,0.0,0.0,0.0,0.0,0.0,0.0,0.0,0.0,-0.0
66.7,0.0,0.0,0.0,-0.0,0.0,-0.0,0.0,32331.88573994001,0.0,0.0,0.0,0.0,0.0,0.0,0.0,0.0,0.0,-0.0
22.98,0.0,0.0,0.0,-0.0,0.0,-0.0,0.0,32331.88573994001,0.0,0.0,0.0,0.0,0.0,0.0,0.0,0.0,0.0,-0.0
1.3,-0.0,-0.0,0.0,0.0,0.0,0.0,0.0,32331.88573994001,0.0,0.0,0.0,0.0,0.0,0.0,0.0,0.0,0.0,0.0
-0.13,0.05131670194948623,0.10263340389897246,0.10818510677891963,0.0,0.10263340389897246,0.0,-1.040740727213207,32330.844999212797,0.0,0.0,0.10818510677891963,0.0,0.0,0.0,0.0,0.0,0.0,0.0
-0.08,0.05131670194948623,0.10263340389897246,0.0,0.0,0.0,0.0,-0.0,32330.844999212797,0.0,0.0,0.0,0.0,0.0,0.0,0.0,0.0,0.0,0.0
-1.93,0.5256583509747431,1.0513167019494862,1.0,0.0,0.9486832980505138,0.0,-7.790000000000001,32323.054999212796,0.0,0.0,1.0,0.0,0.0,0.0,0.0,0.0,0.0,0.0
-1.42,1.0,2.0,1.0,0.0,0.9486832980505138,0.0,-8.31,32314.744999212795,0.0,0.0,1.0,0.0,0.0,0.0,0.0,0.0,0.0,0.0
-0.01,1.0,2.0,0.0,0.0,0.0,0.0,-0.0,32314.744999212795,0.0,0.0,0.0,0.0,0.0,0.0,0.0,0.0,0.0,0.0
66.47,1.0,2.0,0.0,-0.0,0.0,-0.0,0.0,32314.744999212795,0.0,0.0,0.0,0.0,0.0,0.0,0.0,0.0,0.0,-0.0
89.34,1.0,2.0,0.0,-0.0,0.0,-0.0,0.0,32314.744999212795,0.0,0.0,0.0,0.0,0.0,0.0,0.0,0.0,0.0,-0.0
130.32,1.0,2.0,-0.0,0.0,-0.0,0.0,0.0,32314.744999212795,0.0,0.0,-0.0,0.0,0.0,0.0,0.0,0.0,0.0,0.0
208.38,0.4729537233052701,0.9459074466105402,0.0,1.0,0.0,1.0540925533894598,207.0,32521.744999212795,0.0,0.0,0.0,0.0,0.0,0.0,0.0,0.0,0.0,1.0
180.0,0.0,0.0,0.0,0.8973665961010275,0.0,0.9459074466105402,160.28762139556554,32682.03262060836,0.0,0.0,0.0,0.0,0.0,0.0,0.0,0.0,0.0,0.8973665961010275
119.34,0.0,0.0,-0.0,0.0,-0.0,0.0,0.0,32682.03262060836,0.0,0.0,-0.0,0.0,0.0,0.0,0.0,0.0,0.0,0.0
94.07,-0.0,-0.0,0.0,0.0,0.0,0.0,0.0,32682.03262060836,0.0,0.0,0.0,0.0,0.0,0.0,0.0,0.0,0.0,0.0
92.91,-0.0,-0.0,0.0,0.0,0.0,0.0,0.0,32682.03262060836,0.0,0.0,0.0,0.0,0.0,0.0,0.0,0.0,0.0,0.0
87.7,-0.0,-0.0,0.0,0.0,0.0,0.0,0.0,32682.03262060836,0.0,0.0,0.0,0.0,0.0,0.0,0.0,0.0,0.0,0.0
82.22,0.4743416490252569,0.9486832980505138,1.0,0.0,0.9486832980505138,0.0,-93.14,32588.89262060836,0.0,0.0,1.0,0.0,0.0,0.0,0.0,0.0,0.0,0.0
84.85,0.5270462766947299,1.0540925533894598,0.11111111111111122,0.0,0.10540925533894607,0.0,-10.644444444444453,32578.248176163914,0.0,0.0,0.11111111111111122,0.0,0.0,0.0,0.0,0.0,0.0,0.0
89.06,0.5270462766947299,1.0540925533894598,0.0,0.0,0.0,0.0,0.0,32578.248176163914,0.0,0.0,0.0,0.0,0.0,0.0,0.0,0.0,0.0,0.0
92.0,0.5270462766947299,1.0540925533894598,0.0,0.0,0.0,0.0,0.0,32578.248176163914,0.0,0.0,0.0,0.0,0.0,0.0,0.0,0.0,0.0,0.0
114.85,0.0,0.0,0.0,1.0,0.0,1.0540925533894598,113.47,32691.718176163915,0.0,0.0,0.0,0.0,0.0,0.0,0.0,0.0,0.0,1.0
104.3,0.0,0.0,0.0,-0.0,0.0,-0.0,0.0,32691.718176163915,0.0,0.0,0.0,0.0,0.0,0.0,0.0,0.0,0.0,-0.0
78.86,0.0,0.0,0.0,-0.0,0.0,-0.0,0.0,32691.718176163915,0.0,0.0,0.0,0.0,0.0,0.0,0.0,0.0,0.0,-0.0
36.09,0.0,0.0,-0.0,0.0,-0.0,0.0,0.0,32691.718176163915,0.0,0.0,-0.0,0.0,0.0,0.0,0.0,0.0,0.0,0.0
0.0,0.05131670194948623,0.10263340389897246,0.10818510677891963,0.0,0.10263340389897246,0.0,-1.0548047910944665,32690.66337137282,0.0,0.0,0.10818510677891963,0.0,0.0,0.0,0.0,0.0,0.0,0.0
0.4,0.05131670194948623,0.10263340389897246,0.0,0.0,0.0,0.0,0.0,32690.66337137282,0.0,0.0,0.0,0.0,0.0,0.0,0.0,0.0,0.0,0.0
0.0,0.5256583509747431,1.0513167019494862,1.0,0.0,0.9486832980505138,0.0,-9.75,32680.91337137282,0.0,0.0,1.0,0.0,0.0,0.0,0.0,0.0,0.0,0.0
0.76,0.5256583509747431,1.0513167019494862,0.0,0.0,0.0,0.0,0.0,32680.91337137282,0.0,0.0,0.0,0.0,0.0,0.0,0.0,0.0,0.0,0.0
1.15,0.5256583509747431,1.0513167019494862,0.0,0.0,0.0,0.0,0.0,32680.91337137282,0.0,0.0,0.0,0.0,0.0,0.0,0.0,0.0,0.0,0.0
2.01,0.5256583509747431,1.0513167019494862,0.0,0.0,0.0,0.0,0.0,32680.91337137282,0.0,0.0,0.0,0.0,0.0,0.0,0.0,0.0,0.0,0.0
-2.65,1.0,2.0,1.0,0.0,0.9486832980505138,0.0,-7.0600000000000005,32673.853371372817,0.0,0.0,1.0,0.0,0.0,0.0,0.0,0.0,0.0,0.0
14.9,1.0,2.0,0.0,-0.0,0.0,-0.0,0.0,32673.853371372817,0.0,0.0,0.0,0.0,0.0,0.0,0.0,0.0,0.0,-0.0
79.96,1.0,2.0,0.0,-0.0,0.0,-0.0,0.0,32673.853371372817,0.0,0.0,0.0,0.0,0.0,0.0,0.0,0.0,0.0,-0.0
112.39,0.5270462766947299,1.0540925533894598,0.0,0.8973665961010275,0.0,0.9459074466105402,99.61666583317506,32773.470037205996,0.0,0.0,0.0,0.0,0.0,0.0,0.0,0.0,0.0,0.8973665961010275
132.0,-0.0,-0.0,0.0,1.0,0.0,1.0540925533894598,130.62,32904.090037206,0.0,0.0,0.0,0.0,0.0,0.0,0.0,0.0,0.0,1.0
111.0,0.0,0.0,0.0,0.0,0.0,0.0,0.0,32904.090037206,0.0,0.0,0.0,0.0,0.0,0.0,0.0,0.0,0.0,0.0
105.0,0.0,0.0,0.0,-0.0,0.0,-0.0,0.0,32904.090037206,0.0,0.0,0.0,0.0,0.0,0.0,0.0,0.0,0.0,-0.0
86.9,0.0,0.0,0.0,-0.0,0.0,-0.0,0.0,32904.090037206,0.0,0.0,0.0,0.0,0.0,0.0,0.0,0.0,0.0,-0.0
60.05,0.05131670194948623,0.10263340389897246,0.10818510677891963,0.0,0.10263340389897246,0.0,-7.643277793930671,32896.446759412065,0.0,0.0,0.10818510677891963,0.0,0.0,0.0,0.0,0.0,0.0,0.0
55.25,0.5256583509747431,1.0513167019494862,1.0,0.0,0.9486832980505138,0.0,-65.78,32830.666759412066,0.0,0.0,1.0,0.0,0.0,0.0,0.0,0.0,0.0,0.0
58.61,1.0,2.0,1.0,0.0,0.9486832980505138,0.0,-69.19,32761.476759412068,0.0,0.0,1.0,0.0,0.0,0.0,0.0,0.0,0.0,0.0
61.79,1.0,2.0,0.0,0.0,0.0,0.0,0.0,32761.476759412068,0.0,0.0,0.0,0.0,0.0,0.0,0.0,0.0,0.0,0.0
62.93,1.0,2.0,-0.0,0.0,-0.0,0.0,0.0,32761.476759412068,0.0,0.0,-0.0,0.0,0.0,0.0,0.0,0.0,0.0,0.0
70.71,1.0,2.0,0.0,0.0,0.0,0.0,0.0,32761.476759412068,0.0,0.0,0.0,0.0,0.0,0.0,0.0,0.0,0.0,0.0
83.68,0.5270462766947299,1.0540925533894598,0.0,0.8973665961010275,0.0,0.9459074466105402,73.85327085911457,32835.33003027118,0.0,0.0,0.0,0.0,0.0,0.0,0.0,0.0,0.0,0.8973665961010275
86.42,-0.0,-0.0,0.0,1.0,0.0,1.0540925533894598,85.04,32920.37003027118,0.0,0.0,0.0,0.0,0.0,0.0,0.0,0.0,0.0,1.0
76.33,0.0,0.0,0.0,0.0,0.0,0.0,0.0,32920.37003027118,0.0,0.0,0.0,0.0,0.0,0.0,0.0,0.0,0.0,0.0
40.03,0.0,0.0,0.0,-0.0,0.0,-0.0,0.0,32920.37003027118,0.0,0.0,0.0,0.0,0.0,0.0,0.0,0.0,0.0,-0.0
4.1,-0.0,-0.0,0.0,0.0,0.0,0.0,0.0,32920.37003027118,0.0,0.0,0.0,0.0,0.0,0.0,0.0,0.0,0.0,0.0
0.69,-0.0,-0.0,0.0,0.0,0.0,0.0,0.0,32920.37003027118,0.0,0.0,0.0,0.0,0.0,0.0,0.0,0.0,0.0,0.0
-0.08,0.05131670194948623,0.10263340389897246,0.10818510677891963,0.0,0.10263340389897246,0.0,-1.046149982552153,32919.323880288626,0.0,0.0,0.10818510677891963,0.0,0.0,0.0,0.0,0.0,0.0,0.0
-0.28,0.5256583509747431,1.0513167019494862,1.0,0.0,0.9486832980505138,0.0,-9.47,32909.853880288625,0.0,0.0,1.0,0.0,0.0,0.0,0.0,0.0,0.0,0.0
-0.47,1.0,2.0,1.0,0.0,0.9486832980505138,0.0,-9.27,32900.58388028863,0.0,0.0,1.0,0.0,0.0,0.0,0.0,0.0,0.0,0.0
-0.06,1.0,2.0,0.0,0.0,0.0,0.0,-0.0,32900.58388028863,0.0,0.0,0.0,0.0,0.0,0.0,0.0,0.0,0.0,0.0
-0.01,1.0,2.0,-0.0,0.0,-0.0,0.0,0.0,32900.58388028863,0.0,0.0,-0.0,0.0,0.0,0.0,0.0,0.0,0.0,0.0
35.9,1.0,2.0,0.0,-0.0,0.0,-0.0,0.0,32900.58388028863,0.0,0.0,0.0,0.0,0.0,0.0,0.0,0.0,0.0,-0.0
77.57,1.0,2.0,-0.0,0.0,-0.0,0.0,0.0,32900.58388028863,0.0,0.0,-0.0,0.0,0.0,0.0,0.0,0.0,0.0,0.0
100.0,0.5270462766947299,1.0540925533894598,0.0,0.8973665961010275,0.0,0.9459074466105402,88.49829370748333,32989.08217399611,0.0,0.0,0.0,0.0,0.0,0.0,0.0,0.0,0.0,0.8973665961010275
109.2,-0.0,-0.0,0.0,1.0,0.0,1.0540925533894598,107.82000000000001,33096.90217399611,0.0,0.0,0.0,0.0,0.0,0.0,0.0,0.0,0.0,1.0
93.29,-0.0,-0.0,0.0,0.0,0.0,0.0,0.0,33096.90217399611,0.0,0.0,0.0,0.0,0.0,0.0,0.0,0.0,0.0,0.0
78.77,0.0,0.0,0.0,0.0,0.0,0.0,0.0,33096.90217399611,0.0,0.0,0.0,0.0,0.0,0.0,0.0,0.0,0.0,0.0
70.41,-0.0,-0.0,0.0,0.0,0.0,0.0,0.0,33096.90217399611,0.0,0.0,0.0,0.0,0.0,0.0,0.0,0.0,0.0,0.0
73.99,-0.0,-0.0,0.0,-0.0,0.0,-0.0,0.0,33096.90217399611,0.0,0.0,0.0,0.0,0.0,0.0,0.0,0.0,0.0,-0.0
71.2,-0.0,-0.0,0.0,0.0,0.0,0.0,0.0,33096.90217399611,0.0,0.0,0.0,0.0,0.0,0.0,0.0,0.0,0.0,0.0
66.15,-0.0,-0.0,0.0,0.0,0.0,0.0,0.0,33096.90217399611,0.0,0.0,0.0,0.0,0.0,0.0,0.0,0.0,0.0,0.0
66.88,-0.0,-0.0,0.0,0.0,0.0,0.0,0.0,33096.90217399611,0.0,0.0,0.0,0.0,0.0,0.0,0.0,0.0,0.0,0.0
68.06,-0.0,-0.0,0.0,0.0,0.0,0.0,0.0,33096.90217399611,0.0,0.0,0.0,0.0,0.0,0.0,0.0,0.0,0.0,0.0
64.52,0.0,0.0,0.0,0.0,0.0,0.0,0.0,33096.90217399611,0.0,0.0,0.0,0.0,0.0,0.0,0.0,0.0,0.0,0.0
54.68,0.0,0.0,0.0,-0.0,0.0,-0.0,0.0,33096.90217399611,0.0,0.0,0.0,0.0,0.0,0.0,0.0,0.0,0.0,-0.0
20.3,0.0,0.0,-0.0,0.0,-0.0,0.0,0.0,33096.90217399611,0.0,0.0,-0.0,0.0,0.0,0.0,0.0,0.0,0.0,0.0
7.74,0.0,0.0,0.0,-0.0,0.0,-0.0,0.0,33096.90217399611,0.0,0.0,0.0,0.0,0.0,0.0,0.0,0.0,0.0,-0.0
0.0,0.0,0.0,0.0,0.0,0.0,0.0,0.0,33096.90217399611,0.0,0.0,0.0,0.0,0.0,0.0,0.0,0.0,0.0,0.0
-0.81,0.0,0.0,0.0,0.0,0.0,0.0,-0.0,33096.90217399611,0.0,0.0,0.0,0.0,0.0,0.0,0.0,0.0,0.0,0.0
-5.1,0.0,0.0,0.0,0.0,0.0,0.0,-0.0,33096.90217399611,0.0,0.0,0.0,0.0,0.0,0.0,0.0,0.0,0.0,0.0
-14.56,0.05131670194948623,0.10263340389897246,0.10818510677891963,0.0,0.10263340389897246,0.0,0.5430892360301767,33097.44526323214,0.0,0.0,0.10818510677891963,0.0,0.0,0.0,0.0,0.0,0.0,0.0
-19.5,0.5256583509747431,1.0513167019494862,1.0,0.0,0.9486832980505138,0.0,10.03,33107.47526323214,0.0,0.0,1.0,0.0,0.0,0.0,0.0,0.0,0.0,0.0
-21.4,1.0,2.0,1.0,0.0,0.9486832980505138,0.0,11.95,33119.42526323214,0.0,0.0,1.0,0.0,0.0,0.0,0.0,0.0,0.0,0.0
-6.7,1.0,2.0,0.0,0.0,0.0,0.0,-0.0,33119.42526323214,0.0,0.0,0.0,0.0,0.0,0.0,0.0,0.0,0.0,0.0
-0.37,1.0,2.0,0.0,-0.0,0.0,-0.0,0.0,33119.42526323214,0.0,0.0,0.0,0.0,0.0,0.0,0.0,0.0,0.0,-0.0
8.86,1.0,2.0,0.0,-0.0,0.0,-0.0,0.0,33119.42526323214,0.0,0.0,0.0,0.0,0.0,0.0,0.0,0.0,0.0,-0.0
72.39,1.0,2.0,0.0,-0.0,0.0,-0.0,0.0,33119.42526323214,0.0,0.0,0.0,0.0,0.0,0.0,0.0,0.0,0.0,-0.0
105.0,1.0,2.0,0.0,0.0,0.0,0.0,0.0,33119.42526323214,0.0,0.0,0.0,0.0,0.0,0.0,0.0,0.0,0.0,0.0
119.0,0.5270462766947299,1.0540925533894598,0.0,0.8973665961010275,0.0,0.9459074466105402,105.54825903340286,33224.973522265536,0.0,0.0,0.0,0.0,0.0,0.0,0.0,0.0,0.0,0.8973665961010275
117.31,0.5270462766947299,1.0540925533894598,0.0,0.0,0.0,0.0,0.0,33224.973522265536,0.0,0.0,0.0,0.0,0.0,0.0,0.0,0.0,0.0,0.0
120.1,0.0,0.0,0.0,1.0,0.0,1.0540925533894598,118.72,33343.69352226554,0.0,0.0,0.0,0.0,0.0,0.0,0.0,0.0,0.0,1.0
109.0,-0.0,-0.0,0.0,0.0,0.0,0.0,0.0,33343.69352226554,0.0,0.0,0.0,0.0,0.0,0.0,0.0,0.0,0.0,0.0
91.93,-0.0,-0.0,0.0,0.0,0.0,0.0,0.0,33343.69352226554,0.0,0.0,0.0,0.0,0.0,0.0,0.0,0.0,0.0,0.0
88.87,0.0,0.0,-0.0,0.0,-0.0,0.0,0.0,33343.69352226554,0.0,0.0,-0.0,0.0,0.0,0.0,0.0,0.0,0.0,0.0
87.23,0.0,0.0,-0.0,0.0,-0.0,0.0,0.0,33343.69352226554,0.0,0.0,-0.0,0.0,0.0,0.0,0.0,0.0,0.0,0.0
90.94,-0.0,-0.0,0.0,0.0,0.0,0.0,0.0,33343.69352226554,0.0,0.0,0.0,0.0,0.0,0.0,0.0,0.0,0.0,0.0
91.99,-0.0,-0.0,0.0,0.0,0.0,0.0,0.0,33343.69352226554,0.0,0.0,0.0,0.0,0.0,0.0,0.0,0.0,0.0,0.0
92.15,0.0,0.0,0.0,-0.0,0.0,-0.0,0.0,33343.69352226554,0.0,0.0,0.0,0.0,0.0,0.0,0.0,0.0,0.0,-0.0
84.99,0.0,0.0,0.0,-0.0,0.0,-0.0,0.0,33343.69352226554,0.0,0.0,0.0,0.0,0.0,0.0,0.0,0.0,0.0,-0.0
66.21,0.0,0.0,0.0,-0.0,0.0,-0.0,0.0,33343.69352226554,0.0,0.0,0.0,0.0,0.0,0.0,0.0,0.0,0.0,-0.0
53.86,0.0,0.0,0.0,-0.0,0.0,-0.0,0.0,33343.69352226554,0.0,0.0,0.0,0.0,0.0,0.0,0.0,0.0,0.0,-0.0
5.55,-0.0,-0.0,0.0,0.0,0.0,0.0,0.0,33343.69352226554,0.0,0.0,0.0,0.0,0.0,0.0,0.0,0.0,0.0,0.0
0.0,-0.0,-0.0,0.0,0.0,0.0,0.0,0.0,33343.69352226554,0.0,0.0,0.0,0.0,0.0,0.0,0.0,0.0,0.0,0.0
-0.02,-0.0,-0.0,0.0,0.0,0.0,0.0,-0.0,33343.69352226554,0.0,0.0,0.0,0.0,0.0,0.0,0.0,0.0,0.0,0.0
-1.22,0.05131670194948623,0.10263340389897246,0.10818510677891963,0.0,0.10263340389897246,0.0,-0.9206552586886061,33342.772867006846,0.0,0.0,0.10818510677891963,0.0,0.0,0.0,0.0,0.0,0.0,0.0
-5.61,0.5256583509747431,1.0513167019494862,1.0,0.0,0.9486832980505138,0.0,-4.06,33338.71286700685,0.0,0.0,1.0,0.0,0.0,0.0,0.0,0.0,0.0,0.0
-3.28,1.0,2.0,1.0,0.0,0.9486832980505138,0.0,-6.42,33332.29286700685,0.0,0.0,1.0,0.0,0.0,0.0,0.0,0.0,0.0,0.0
-1.08,1.0,2.0,0.0,0.0,0.0,0.0,-0.0,33332.29286700685,0.0,0.0,0.0,0.0,0.0,0.0,0.0,0.0,0.0,0.0
-0.01,1.0,2.0,0.0,0.0,0.0,0.0,-0.0,33332.29286700685,0.0,0.0,0.0,0.0,0.0,0.0,0.0,0.0,0.0,0.0
54.79,1.0,2.0,0.0,-0.0,0.0,-0.0,0.0,33332.29286700685,0.0,0.0,0.0,0.0,0.0,0.0,0.0,0.0,0.0,-0.0
96.43,1.0,2.0,-0.0,0.0,-0.0,0.0,0.0,33332.29286700685,0.0,0.0,-0.0,0.0,0.0,0.0,0.0,0.0,0.0,0.0
109.0,1.0,2.0,0.0,0.0,0.0,0.0,0.0,33332.29286700685,0.0,0.0,0.0,0.0,0.0,0.0,0.0,0.0,0.0,0.0
114.59,1.0,2.0,0.0,0.0,0.0,0.0,0.0,33332.29286700685,0.0,0.0,0.0,0.0,0.0,0.0,0.0,0.0,0.0,0.0
135.43,0.4729537233052701,0.9459074466105402,0.0,1.0,0.0,1.0540925533894598,134.05,33466.34286700685,0.0,0.0,0.0,0.0,0.0,0.0,0.0,0.0,0.0,1.0
127.63,0.0,0.0,0.0,0.8973665961010275,0.0,0.9459074466105402,113.29253275775471,33579.63539976461,0.0,0.0,0.0,0.0,0.0,0.0,0.0,0.0,0.0,0.8973665961010275
106.54,-0.0,-0.0,0.0,0.0,0.0,0.0,0.0,33579.63539976461,0.0,0.0,0.0,0.0,0.0,0.0,0.0,0.0,0.0,0.0
105.72,-0.0,-0.0,0.0,0.0,0.0,0.0,0.0,33579.63539976461,0.0,0.0,0.0,0.0,0.0,0.0,0.0,0.0,0.0,0.0
91.64,-0.0,-0.0,0.0,0.0,0.0,0.0,0.0,33579.63539976461,0.0,0.0,0.0,0.0,0.0,0.0,0.0,0.0,0.0,0.0
86.94,0.0,0.0,-0.0,0.0,-0.0,0.0,0.0,33579.63539976461,0.0,0.0,-0.0,0.0,0.0,0.0,0.0,0.0,0.0,0.0
84.0,0.4743416490252569,0.9486832980505138,1.0,0.0,0.9486832980505138,0.0,-94.94,33484.695399764605,0.0,0.0,1.0,0.0,0.0,0.0,0.0,0.0,0.0,0.0
83.21,0.9486832980505138,1.8973665961010275,1.0,0.0,0.9486832980505138,0.0,-94.13999999999999,33390.555399764606,0.0,0.0,1.0,0.0,0.0,0.0,0.0,0.0,0.0,0.0
88.39,0.9486832980505138,1.8973665961010275,0.0,0.0,0.0,0.0,0.0,33390.555399764606,0.0,0.0,0.0,0.0,0.0,0.0,0.0,0.0,0.0,0.0
103.02,0.9486832980505138,1.8973665961010275,0.0,0.0,0.0,0.0,0.0,33390.555399764606,0.0,0.0,0.0,0.0,0.0,0.0,0.0,0.0,0.0,0.0
123.49,0.42163702135578385,0.8432740427115677,0.0,1.0,0.0,1.0540925533894598,122.11,33512.665399764606,0.0,0.0,0.0,0.0,0.0,0.0,0.0,0.0,0.0,1.0
108.92,0.0,0.0,0.0,0.7999999999999998,0.0,0.8432740427115677,86.03199999999998,33598.697399764606,0.0,0.0,0.0,0.0,0.0,0.0,0.0,0.0,0.0,0.7999999999999998
84.49,0.0,0.0,-0.0,0.0,-0.0,0.0,0.0,33598.697399764606,0.0,0.0,-0.0,0.0,0.0,0.0,0.0,0.0,0.0,0.0
60.28,0.0,0.0,0.0,-0.0,0.0,-0.0,0.0,33598.697399764606,0.0,0.0,0.0,0.0,0.0,0.0,0.0,0.0,0.0,-0.0
14.02,0.0,0.0,0.0,-0.0,0.0,-0.0,0.0,33598.697399764606,0.0,0.0,0.0,0.0,0.0,0.0,0.0,0.0,0.0,-0.0
1.62,-0.0,-0.0,0.0,0.0,0.0,0.0,0.0,33598.697399764606,0.0,0.0,0.0,0.0,0.0,0.0,0.0,0.0,0.0,0.0
0.07,0.05131670194948623,0.10263340389897246,0.10818510677891963,0.0,0.10263340389897246,0.0,-1.062377748568991,33597.63502201604,0.0,0.0,0.10818510677891963,0.0,0.0,0.0,0.0,0.0,0.0,0.0
0.0,0.5256583509747431,1.0513167019494862,1.0,0.0,0.9486832980505138,0.0,-9.75,33587.88502201604,0.0,0.0,1.0,0.0,0.0,0.0,0.0,0.0,0.0,0.0
0.0,1.0,2.0,1.0,0.0,0.9486832980505138,0.0,-9.75,33578.13502201604,0.0,0.0,1.0,0.0,0.0,0.0,0.0,0.0,0.0,0.0
13.61,1.0,2.0,0.0,-0.0,0.0,-0.0,0.0,33578.13502201604,0.0,0.0,0.0,0.0,0.0,0.0,0.0,0.0,0.0,-0.0
69.08,1.0,2.0,0.0,-0.0,0.0,-0.0,0.0,33578.13502201604,0.0,0.0,0.0,0.0,0.0,0.0,0.0,0.0,0.0,-0.0
85.0,1.0,2.0,0.0,-0.0,0.0,-0.0,0.0,33578.13502201604,0.0,0.0,0.0,0.0,0.0,0.0,0.0,0.0,0.0,-0.0
116.0,1.0,2.0,0.0,-0.0,0.0,-0.0,0.0,33578.13502201604,0.0,0.0,0.0,0.0,0.0,0.0,0.0,0.0,0.0,-0.0
118.86,0.5270462766947299,1.0540925533894598,0.0,0.8973665961010275,0.0,0.9459074466105402,105.42262770994871,33683.55764972599,0.0,0.0,0.0,0.0,0.0,0.0,0.0,0.0,0.0,0.8973665961010275
126.88,0.0,0.0,0.0,1.0,0.0,1.0540925533894598,125.5,33809.05764972599,0.0,0.0,0.0,0.0,0.0,0.0,0.0,0.0,0.0,1.0
104.11,-0.0,-0.0,0.0,0.0,0.0,0.0,0.0,33809.05764972599,0.0,0.0,0.0,0.0,0.0,0.0,0.0,0.0,0.0,0.0
91.35,-0.0,-0.0,0.0,0.0,0.0,0.0,0.0,33809.05764972599,0.0,0.0,0.0,0.0,0.0,0.0,0.0,0.0,0.0,0.0
103.98,-0.0,-0.0,0.0,0.0,0.0,0.0,0.0,33809.05764972599,0.0,0.0,0.0,0.0,0.0,0.0,0.0,0.0,0.0,0.0
91.84,-0.0,-0.0,0.0,0.0,0.0,0.0,0.0,33809.05764972599,0.0,0.0,0.0,0.0,0.0,0.0,0.0,0.0,0.0,0.0
82.42,0.05131670194948623,0.10263340389897246,0.10818510677891963,0.0,0.10263340389897246,0.0,-10.097997866744358,33798.959651859244,0.0,0.0,0.10818510677891963,0.0,0.0,0.0,0.0,0.0,0.0,0.0
78.39,0.5256583509747431,1.0513167019494862,1.0,0.0,0.9486832980505138,0.0,-89.25,33709.709651859244,0.0,0.0,1.0,0.0,0.0,0.0,0.0,0.0,0.0,0.0
80.52,1.0,2.0,1.0,0.0,0.9486832980505138,0.0,-91.41,33618.29965185924,0.0,0.0,1.0,0.0,0.0,0.0,0.0,0.0,0.0,0.0
83.02,1.0,2.0,0.0,0.0,0.0,0.0,0.0,33618.29965185924,0.0,0.0,0.0,0.0,0.0,0.0,0.0,0.0,0.0,0.0
117.0,0.4729537233052701,0.9459074466105402,0.0,1.0,0.0,1.0540925533894598,115.62,33733.91965185924,0.0,0.0,0.0,0.0,0.0,0.0,0.0,0.0,0.0,1.0
107.01,0.0,0.0,0.0,0.8973665961010275,0.0,0.9459074466105402,94.78883354615154,33828.7084854054,0.0,0.0,0.0,0.0,0.0,0.0,0.0,0.0,0.0,0.8973665961010275
98.59,0.0,0.0,0.0,-0.0,0.0,-0.0,0.0,33828.7084854054,0.0,0.0,0.0,0.0,0.0,0.0,0.0,0.0,0.0,-0.0
70.74,0.0,0.0,0.0,-0.0,0.0,-0.0,0.0,33828.7084854054,0.0,0.0,0.0,0.0,0.0,0.0,0.0,0.0,0.0,-0.0
4.34,0.0,0.0,-0.0,0.0,-0.0,0.0,0.0,33828.7084854054,0.0,0.0,-0.0,0.0,0.0,0.0,0.0,0.0,0.0,0.0
-0.36,-0.0,-0.0,0.0,0.0,0.0,0.0,-0.0,33828.7084854054,0.0,0.0,0.0,0.0,0.0,0.0,0.0,0.0,0.0,0.0
-0.54,-0.0,-0.0,0.0,0.0,0.0,0.0,-0.0,33828.7084854054,0.0,0.0,0.0,0.0,0.0,0.0,0.0,0.0,0.0,0.0
-2.36,0.05131670194948623,0.10263340389897246,0.10818510677891963,0.0,0.10263340389897246,0.0,-0.7962423858928485,33827.912243019506,0.0,0.0,0.10818510677891963,0.0,0.0,0.0,0.0,0.0,0.0,0.0
-2.51,0.5256583509747431,1.0513167019494862,1.0,0.0,0.9486832980505138,0.0,-7.200000000000001,33820.71224301951,0.0,0.0,1.0,0.0,0.0,0.0,0.0,0.0,0.0,0.0
-2.56,1.0,2.0,1.0,0.0,0.9486832980505138,0.0,-7.15,33813.56224301951,0.0,0.0,1.0,0.0,0.0,0.0,0.0,0.0,0.0,0.0
8.65,1.0,2.0,0.0,0.0,0.0,0.0,0.0,33813.56224301951,0.0,0.0,0.0,0.0,0.0,0.0,0.0,0.0,0.0,0.0
79.23,1.0,2.0,0.0,-0.0,0.0,-0.0,0.0,33813.56224301951,0.0,0.0,0.0,0.0,0.0,0.0,0.0,0.0,0.0,-0.0
103.36,1.0,2.0,0.0,-0.0,0.0,-0.0,0.0,33813.56224301951,0.0,0.0,0.0,0.0,0.0,0.0,0.0,0.0,0.0,-0.0
124.01,1.0,2.0,0.0,0.0,0.0,0.0,0.0,33813.56224301951,0.0,0.0,0.0,0.0,0.0,0.0,0.0,0.0,0.0,0.0
154.33,0.4729537233052701,0.9459074466105402,0.0,1.0,0.0,1.0540925533894598,152.95000000000002,33966.512243019504,0.0,0.0,0.0,0.0,0.0,0.0,0.0,0.0,0.0,1.0
147.04,-0.0,-0.0,0.0,0.8973665961010275,0.0,0.9459074466105402,130.71041838807565,34097.22266140758,0.0,0.0,0.0,0.0,0.0,0.0,0.0,0.0,0.0,0.8973665961010275
138.19,0.0,0.0,0.0,0.0,0.0,0.0,0.0,34097.22266140758,0.0,0.0,0.0,0.0,0.0,0.0,0.0,0.0,0.0,0.0
116.36,0.0,0.0,0.0,-0.0,0.0,-0.0,0.0,34097.22266140758,0.0,0.0,0.0,0.0,0.0,0.0,0.0,0.0,0.0,-0.0
113.0,-0.0,-0.0,0.0,0.0,0.0,0.0,0.0,34097.22266140758,0.0,0.0,0.0,0.0,0.0,0.0,0.0,0.0,0.0,0.0
106.8,-0.0,-0.0,0.0,0.0,0.0,0.0,0.0,34097.22266140758,0.0,0.0,0.0,0.0,0.0,0.0,0.0,0.0,0.0,0.0
101.5,-0.0,-0.0,0.0,0.0,0.0,0.0,0.0,34097.22266140758,0.0,0.0,0.0,0.0,0.0,0.0,0.0,0.0,0.0,0.0
95.84,-0.0,-0.0,0.0,0.0,0.0,0.0,0.0,34097.22266140758,0.0,0.0,0.0,0.0,0.0,0.0,0.0,0.0,0.0,0.0
97.01,-0.0,-0.0,0.0,0.0,0.0,0.0,0.0,34097.22266140758,0.0,0.0,0.0,0.0,0.0,0.0,0.0,0.0,0.0,0.0
94.12,-0.0,-0.0,0.0,0.0,0.0,0.0,0.0,34097.22266140758,0.0,0.0,0.0,0.0,0.0,0.0,0.0,0.0,0.0,0.0
112.35,-0.0,-0.0,0.0,0.0,0.0,0.0,0.0,34097.22266140758,0.0,0.0,0.0,0.0,0.0,0.0,0.0,0.0,0.0,0.0
114.9,0.0,0.0,0.0,-0.0,0.0,-0.0,0.0,34097.22266140758,0.0,0.0,0.0,0.0,0.0,0.0,0.0,0.0,0.0,-0.0
111.39,0.0,0.0,0.0,-0.0,0.0,-0.0,0.0,34097.22266140758,0.0,0.0,0.0,0.0,0.0,0.0,0.0,0.0,0.0,-0.0
78.97,0.0,0.0,-0.0,0.0,-0.0,0.0,0.0,34097.22266140758,0.0,0.0,-0.0,0.0,0.0,0.0,0.0,0.0,0.0,0.0
21.77,0.0,0.0,0.0,-0.0,0.0,-0.0,0.0,34097.22266140758,0.0,0.0,0.0,0.0,0.0,0.0,0.0,0.0,0.0,-0.0
1.17,-0.0,-0.0,0.0,0.0,0.0,0.0,0.0,34097.22266140758,0.0,0.0,0.0,0.0,0.0,0.0,0.0,0.0,0.0,0.0
-0.12,-0.0,-0.0,0.0,0.0,0.0,0.0,-0.0,34097.22266140758,0.0,0.0,0.0,0.0,0.0,0.0,0.0,0.0,0.0,0.0
-0.27,0.4743416490252569,0.9486832980505138,1.0,0.0,0.9486832980505138,0.0,-9.48,34087.742661407574,0.0,0.0,1.0,0.0,0.0,0.0,0.0,0.0,0.0,0.0
-0.21,0.5256583509747431,1.0513167019494862,0.10818510677891963,0.0,0.10263340389897246,0.0,-1.0320859186708933,34086.710575488905,0.0,0.0,0.10818510677891963,0.0,0.0,0.0,0.0,0.0,0.0,0.0
-0.3,1.0,2.0,1.0,0.0,0.9486832980505138,0.0,-9.45,34077.26057548891,0.0,0.0,1.0,0.0,0.0,0.0,0.0,0.0,0.0,0.0
0.99,1.0,2.0,0.0,0.0,0.0,0.0,0.0,34077.26057548891,0.0,0.0,0.0,0.0,0.0,0.0,0.0,0.0,0.0,0.0
52.16,1.0,2.0,0.0,-0.0,0.0,-0.0,0.0,34077.26057548891,0.0,0.0,0.0,0.0,0.0,0.0,0.0,0.0,0.0,-0.0
68.9,1.0,2.0,0.0,-0.0,0.0,-0.0,0.0,34077.26057548891,0.0,0.0,0.0,0.0,0.0,0.0,0.0,0.0,0.0,-0.0
88.96,1.0,2.0,-0.0,0.0,-0.0,0.0,0.0,34077.26057548891,0.0,0.0,-0.0,0.0,0.0,0.0,0.0,0.0,0.0,0.0
120.4,0.4729537233052701,0.9459074466105402,0.0,1.0,0.0,1.0540925533894598,119.02000000000001,34196.280575488905,0.0,0.0,0.0,0.0,0.0,0.0,0.0,0.0,0.0,1.0
115.68,0.0,0.0,0.0,0.8973665961010275,0.0,0.9459074466105402,102.56900193434745,34298.84957742325,0.0,0.0,0.0,0.0,0.0,0.0,0.0,0.0,0.0,0.8973665961010275
109.55,-0.0,-0.0,0.0,0.0,0.0,0.0,0.0,34298.84957742325,0.0,0.0,0.0,0.0,0.0,0.0,0.0,0.0,0.0,0.0
87.56,0.4743416490252569,0.9486832980505138,1.0,0.0,0.9486832980505138,0.0,-98.55,34200.29957742325,0.0,0.0,1.0,0.0,0.0,0.0,0.0,0.0,0.0,0.0
111.79,-0.0,-0.0,0.0,0.8999999999999999,0.0,0.9486832980505138,99.36899999999999,34299.66857742325,0.0,0.0,0.0,0.0,0.0,0.0,0.0,0.0,0.0,0.8999999999999999
95.17,-0.0,-0.0,0.0,0.0,0.0,0.0,0.0,34299.66857742325,0.0,0.0,0.0,0.0,0.0,0.0,0.0,0.0,0.0,0.0
100.17,0.0,0.0,0.0,0.0,0.0,0.0,0.0,34299.66857742325,0.0,0.0,0.0,0.0,0.0,0.0,0.0,0.0,0.0,0.0
87.29,0.0,0.0,0.0,-0.0,0.0,-0.0,0.0,34299.66857742325,0.0,0.0,0.0,0.0,0.0,0.0,0.0,0.0,0.0,-0.0
70.23,-0.0,-0.0,0.0,0.0,0.0,0.0,0.0,34299.66857742325,0.0,0.0,0.0,0.0,0.0,0.0,0.0,0.0,0.0,0.0
74.35,-0.0,-0.0,0.0,0.0,0.0,0.0,0.0,34299.66857742325,0.0,0.0,0.0,0.0,0.0,0.0,0.0,0.0,0.0,0.0
78.99,0.0,0.0,0.0,-0.0,0.0,-0.0,0.0,34299.66857742325,0.0,0.0,0.0,0.0,0.0,0.0,0.0,0.0,0.0,-0.0
72.51,0.0,0.0,0.0,-0.0,0.0,-0.0,0.0,34299.66857742325,0.0,0.0,0.0,0.0,0.0,0.0,0.0,0.0,0.0,-0.0
50.0,0.0,0.0,0.0,-0.0,0.0,-0.0,0.0,34299.66857742325,0.0,0.0,0.0,0.0,0.0,0.0,0.0,0.0,0.0,-0.0
0.86,-0.0,-0.0,0.0,0.0,0.0,0.0,0.0,34299.66857742325,0.0,0.0,0.0,0.0,0.0,0.0,0.0,0.0,0.0,0.0
-1.33,-0.0,-0.0,0.0,0.0,0.0,0.0,-0.0,34299.66857742325,0.0,0.0,0.0,0.0,0.0,0.0,0.0,0.0,0.0,0.0
-8.27,0.4743416490252569,0.9486832980505138,1.0,0.0,0.9486832980505138,0.0,-1.3600000000000012,34298.308577423246,0.0,0.0,1.0,0.0,0.0,0.0,0.0,0.0,0.0,0.0
-5.36,0.5256583509747431,1.0513167019494862,0.10818510677891963,0.0,0.10263340389897246,0.0,-0.46627781021714354,34297.84229961303,0.0,0.0,0.10818510677891963,0.0,0.0,0.0,0.0,0.0,0.0,0.0
-4.97,0.5256583509747431,1.0513167019494862,0.0,0.0,0.0,0.0,-0.0,34297.84229961303,0.0,0.0,0.0,0.0,0.0,0.0,0.0,0.0,0.0,0.0
-5.09,0.5256583509747431,1.0513167019494862,0.0,0.0,0.0,0.0,-0.0,34297.84229961303,0.0,0.0,0.0,0.0,0.0,0.0,0.0,0.0,0.0,0.0
-6.0,1.0,2.0,1.0,0.0,0.9486832980505138,0.0,-3.66,34294.18229961303,0.0,0.0,1.0,0.0,0.0,0.0,0.0,0.0,0.0,0.0
-4.95,1.0,2.0,0.0,0.0,0.0,0.0,-0.0,34294.18229961303,0.0,0.0,0.0,0.0,0.0,0.0,0.0,0.0,0.0,0.0
2.3,1.0,2.0,0.0,0.0,0.0,0.0,0.0,34294.18229961303,0.0,0.0,0.0,0.0,0.0,0.0,0.0,0.0,0.0,0.0
80.33,1.0,2.0,0.0,-0.0,0.0,-0.0,0.0,34294.18229961303,0.0,0.0,0.0,0.0,0.0,0.0,0.0,0.0,0.0,-0.0
118.47,1.0,2.0,0.0,-0.0,0.0,-0.0,0.0,34294.18229961303,0.0,0.0,0.0,0.0,0.0,0.0,0.0,0.0,0.0,-0.0
138.85,0.5270462766947299,1.0540925533894598,0.0,0.8973665961010275,0.0,0.9459074466105402,123.36098596600824,34417.543285579035,0.0,0.0,0.0,0.0,0.0,0.0,0.0,0.0,0.0,0.8973665961010275
141.8,0.0,0.0,0.0,1.0,0.0,1.0540925533894598,140.42000000000002,34557.96328557903,0.0,0.0,0.0,0.0,0.0,0.0,0.0,0.0,0.0,1.0
129.66,0.0,0.0,0.0,-0.0,0.0,-0.0,0.0,34557.96328557903,0.0,0.0,0.0,0.0,0.0,0.0,0.0,0.0,0.0,-0.0
108.89,-0.0,-0.0,0.0,0.0,0.0,0.0,0.0,34557.96328557903,0.0,0.0,0.0,0.0,0.0,0.0,0.0,0.0,0.0,0.0
109.01,-0.0,-0.0,0.0,0.0,0.0,0.0,0.0,34557.96328557903,0.0,0.0,0.0,0.0,0.0,0.0,0.0,0.0,0.0,0.0
104.57,-0.0,-0.0,0.0,0.0,0.0,0.0,0.0,34557.96328557903,0.0,0.0,0.0,0.0,0.0,0.0,0.0,0.0,0.0,0.0
100.56,-0.0,-0.0,0.0,0.0,0.0,0.0,0.0,34557.96328557903,0.0,0.0,0.0,0.0,0.0,0.0,0.0,0.0,0.0,0.0
104.0,-0.0,-0.0,0.0,0.0,0.0,0.0,0.0,34557.96328557903,0.0,0.0,0.0,0.0,0.0,0.0,0.0,0.0,0.0,0.0
99.48,-0.0,-0.0,0.0,0.0,0.0,0.0,0.0,34557.96328557903,0.0,0.0,0.0,0.0,0.0,0.0,0.0,0.0,0.0,0.0
109.04,-0.0,-0.0,0.0,0.0,0.0,0.0,0.0,34557.96328557903,0.0,0.0,0.0,0.0,0.0,0.0,0.0,0.0,0.0,0.0
120.9,0.0,0.0,0.0,-0.0,0.0,-0.0,0.0,34557.96328557903,0.0,0.0,0.0,0.0,0.0,0.0,0.0,0.0,0.0,-0.0
118.66,0.0,0.0,0.0,-0.0,0.0,-0.0,0.0,34557.96328557903,0.0,0.0,0.0,0.0,0.0,0.0,0.0,0.0,0.0,-0.0
110.98,0.0,0.0,0.0,-0.0,0.0,-0.0,0.0,34557.96328557903,0.0,0.0,0.0,0.0,0.0,0.0,0.0,0.0,0.0,-0.0
81.69,0.0,0.0,0.0,-0.0,0.0,-0.0,0.0,34557.96328557903,0.0,0.0,0.0,0.0,0.0,0.0,0.0,0.0,0.0,-0.0
15.83,0.0,0.0,-0.0,0.0,-0.0,0.0,0.0,34557.96328557903,0.0,0.0,-0.0,0.0,0.0,0.0,0.0,0.0,0.0,0.0
4.03,-0.0,-0.0,0.0,0.0,0.0,0.0,0.0,34557.96328557903,0.0,0.0,0.0,0.0,0.0,0.0,0.0,0.0,0.0,0.0
0.52,0.05131670194948623,0.10263340389897246,0.10818510677891963,0.0,0.10263340389897246,0.0,-1.1121428976872936,34556.85114268135,0.0,0.0,0.10818510677891963,0.0,0.0,0.0,0.0,0.0,0.0,0.0
-0.2,0.5256583509747431,1.0513167019494862,1.0,0.0,0.9486832980505138,0.0,-9.55,34547.30114268135,0.0,0.0,1.0,0.0,0.0,0.0,0.0,0.0,0.0,0.0
-0.08,1.0,2.0,1.0,0.0,0.9486832980505138,0.0,-9.67,34537.63114268135,0.0,0.0,1.0,0.0,0.0,0.0,0.0,0.0,0.0,0.0
0.91,1.0,2.0,0.0,0.0,0.0,0.0,0.0,34537.63114268135,0.0,0.0,0.0,0.0,0.0,0.0,0.0,0.0,0.0,0.0
28.99,1.0,2.0,0.0,-0.0,0.0,-0.0,0.0,34537.63114268135,0.0,0.0,0.0,0.0,0.0,0.0,0.0,0.0,0.0,-0.0
87.35,1.0,2.0,0.0,-0.0,0.0,-0.0,0.0,34537.63114268135,0.0,0.0,0.0,0.0,0.0,0.0,0.0,0.0,0.0,-0.0
111.01,1.0,2.0,0.0,-0.0,0.0,-0.0,0.0,34537.63114268135,0.0,0.0,0.0,0.0,0.0,0.0,0.0,0.0,0.0,-0.0
135.62,1.0,2.0,-0.0,0.0,-0.0,0.0,0.0,34537.63114268135,0.0,0.0,-0.0,0.0,0.0,0.0,0.0,0.0,0.0,0.0
197.27,0.4729537233052701,0.9459074466105402,0.0,1.0,0.0,1.0540925533894598,195.89000000000001,34733.52114268135,0.0,0.0,0.0,0.0,0.0,0.0,0.0,0.0,0.0,1.0
178.63,0.0,0.0,0.0,0.8973665961010275,0.0,0.9459074466105402,159.05822915890712,34892.57937184026,0.0,0.0,0.0,0.0,0.0,0.0,0.0,0.0,0.0,0.8973665961010275
137.05,0.0,0.0,-0.0,0.0,-0.0,0.0,0.0,34892.57937184026,0.0,0.0,-0.0,0.0,0.0,0.0,0.0,0.0,0.0,0.0
121.38,0.0,0.0,0.0,-0.0,0.0,-0.0,0.0,34892.57937184026,0.0,0.0,0.0,0.0,0.0,0.0,0.0,0.0,0.0,-0.0
118.52,0.0,0.0,0.0,-0.0,0.0,-0.0,0.0,34892.57937184026,0.0,0.0,0.0,0.0,0.0,0.0,0.0,0.0,0.0,-0.0
110.48,-0.0,-0.0,0.0,-0.0,0.0,-0.0,0.0,34892.57937184026,0.0,0.0,0.0,0.0,0.0,0.0,0.0,0.0,0.0,-0.0
108.15,-0.0,-0.0,0.0,0.0,0.0,0.0,0.0,34892.57937184026,0.0,0.0,0.0,0.0,0.0,0.0,0.0,0.0,0.0,0.0
106.76,-0.0,-0.0,0.0,0.0,0.0,0.0,0.0,34892.57937184026,0.0,0.0,0.0,0.0,0.0,0.0,0.0,0.0,0.0,0.0
109.1,-0.0,-0.0,0.0,0.0,0.0,0.0,0.0,34892.57937184026,0.0,0.0,0.0,0.0,0.0,0.0,0.0,0.0,0.0,0.0
104.45,-0.0,-0.0,0.0,0.0,0.0,0.0,0.0,34892.57937184026,0.0,0.0,0.0,0.0,0.0,0.0,0.0,0.0,0.0,0.0
100.71,-0.0,-0.0,0.0,0.0,0.0,0.0,0.0,34892.57937184026,0.0,0.0,0.0,0.0,0.0,0.0,0.0,0.0,0.0,0.0
90.74,0.0,0.0,0.0,0.0,0.0,0.0,0.0,34892.57937184026,0.0,0.0,0.0,0.0,0.0,0.0,0.0,0.0,0.0,0.0
75.93,0.0,0.0,-0.0,0.0,-0.0,0.0,0.0,34892.57937184026,0.0,0.0,-0.0,0.0,0.0,0.0,0.0,0.0,0.0,0.0
23.4,0.0,0.0,0.0,-0.0,0.0,-0.0,0.0,34892.57937184026,0.0,0.0,0.0,0.0,0.0,0.0,0.0,0.0,0.0,-0.0
0.19,0.0,0.0,0.0,0.0,0.0,0.0,0.0,34892.57937184026,0.0,0.0,0.0,0.0,0.0,0.0,0.0,0.0,0.0,0.0
-2.01,0.0,0.0,0.0,0.0,0.0,0.0,-0.0,34892.57937184026,0.0,0.0,0.0,0.0,0.0,0.0,0.0,0.0,0.0,0.0
-12.4,0.05131670194948623,0.10263340389897246,0.10818510677891963,0.0,0.10263340389897246,0.0,0.3061638521843426,34892.88553569244,0.0,0.0,0.10818510677891963,0.0,0.0,0.0,0.0,0.0,0.0,0.0
-26.06,0.5256583509747431,1.0513167019494862,1.0,0.0,0.9486832980505138,0.0,16.68,34909.56553569244,0.0,0.0,1.0,0.0,0.0,0.0,0.0,0.0,0.0,0.0
-26.31,1.0,2.0,1.0,0.0,0.9486832980505138,0.0,16.93,34926.49553569244,0.0,0.0,1.0,0.0,0.0,0.0,0.0,0.0,0.0,0.0
-4.42,1.0,2.0,0.0,0.0,0.0,0.0,-0.0,34926.49553569244,0.0,0.0,0.0,0.0,0.0,0.0,0.0,0.0,0.0,0.0
0.09,1.0,2.0,0.0,-0.0,0.0,-0.0,0.0,34926.49553569244,0.0,0.0,0.0,0.0,0.0,0.0,0.0,0.0,0.0,-0.0
59.99,1.0,2.0,0.0,-0.0,0.0,-0.0,0.0,34926.49553569244,0.0,0.0,0.0,0.0,0.0,0.0,0.0,0.0,0.0,-0.0
100.95,1.0,2.0,-0.0,0.0,-0.0,0.0,0.0,34926.49553569244,0.0,0.0,-0.0,0.0,0.0,0.0,0.0,0.0,0.0,0.0
127.9,1.0,2.0,0.0,-0.0,0.0,-0.0,0.0,34926.49553569244,0.0,0.0,0.0,0.0,0.0,0.0,0.0,0.0,0.0,-0.0
156.74,0.5270462766947299,1.0540925533894598,0.0,0.8973665961010275,0.0,0.9459074466105402,139.41487437025563,35065.910410062694,0.0,0.0,0.0,0.0,0.0,0.0,0.0,0.0,0.0,0.8973665961010275
165.3,0.0,0.0,0.0,1.0,0.0,1.0540925533894598,163.92000000000002,35229.83041006269,0.0,0.0,0.0,0.0,0.0,0.0,0.0,0.0,0.0,1.0
140.78,-0.0,-0.0,0.0,-0.0,0.0,-0.0,0.0,35229.83041006269,0.0,0.0,0.0,0.0,0.0,0.0,0.0,0.0,0.0,-0.0
119.2,0.0,0.0,0.0,0.0,0.0,0.0,0.0,35229.83041006269,0.0,0.0,0.0,0.0,0.0,0.0,0.0,0.0,0.0,0.0
108.15,0.0,0.0,-0.0,0.0,-0.0,0.0,0.0,35229.83041006269,0.0,0.0,-0.0,0.0,0.0,0.0,0.0,0.0,0.0,0.0
101.07,0.0,0.0,-0.0,0.0,-0.0,0.0,0.0,35229.83041006269,0.0,0.0,-0.0,0.0,0.0,0.0,0.0,0.0,0.0,0.0
97.46,0.0,0.0,0.0,-0.0,0.0,-0.0,0.0,35229.83041006269,0.0,0.0,0.0,0.0,0.0,0.0,0.0,0.0,0.0,-0.0
92.12,0.0,0.0,0.0,-0.0,0.0,-0.0,0.0,35229.83041006269,0.0,0.0,0.0,0.0,0.0,0.0,0.0,0.0,0.0,-0.0
87.91,-0.0,-0.0,0.0,-0.0,0.0,-0.0,0.0,35229.83041006269,0.0,0.0,0.0,0.0,0.0,0.0,0.0,0.0,0.0,-0.0
80.08,0.0,0.0,0.0,0.0,0.0,0.0,0.0,35229.83041006269,0.0,0.0,0.0,0.0,0.0,0.0,0.0,0.0,0.0,0.0
67.56,0.0,0.0,0.0,-0.0,0.0,-0.0,0.0,35229.83041006269,0.0,0.0,0.0,0.0,0.0,0.0,0.0,0.0,0.0,-0.0
26.44,0.0,0.0,0.0,-0.0,0.0,-0.0,0.0,35229.83041006269,0.0,0.0,0.0,0.0,0.0,0.0,0.0,0.0,0.0,-0.0
0.0,-0.0,-0.0,0.0,0.0,0.0,0.0,0.0,35229.83041006269,0.0,0.0,0.0,0.0,0.0,0.0,0.0,0.0,0.0,0.0
-0.09,-0.0,-0.0,0.0,0.0,0.0,0.0,-0.0,35229.83041006269,0.0,0.0,0.0,0.0,0.0,0.0,0.0,0.0,0.0,0.0
-8.56,0.05131670194948623,0.10263340389897246,0.10818510677891963,0.0,0.10263340389897246,0.0,-0.11575806425344393,35229.71465199844,0.0,0.0,0.10818510677891963,0.0,0.0,0.0,0.0,0.0,0.0,0.0
-15.04,0.5256583509747431,1.0513167019494862,1.0,0.0,0.9486832980505138,0.0,5.5,35235.21465199844,0.0,0.0,1.0,0.0,0.0,0.0,0.0,0.0,0.0,0.0
-6.0,0.5256583509747431,1.0513167019494862,0.0,0.0,0.0,0.0,-0.0,35235.21465199844,0.0,0.0,0.0,0.0,0.0,0.0,0.0,0.0,0.0,0.0
-6.05,0.5256583509747431,1.0513167019494862,0.0,0.0,0.0,0.0,-0.0,35235.21465199844,0.0,0.0,0.0,0.0,0.0,0.0,0.0,0.0,0.0,0.0
-9.73,1.0,2.0,1.0,0.0,0.9486832980505138,0.0,0.120000000000001,35235.33465199844,0.0,0.0,1.0,0.0,0.0,0.0,0.0,0.0,0.0,0.0
-6.78,1.0,2.0,0.0,0.0,0.0,0.0,-0.0,35235.33465199844,0.0,0.0,0.0,0.0,0.0,0.0,0.0,0.0,0.0,0.0
-7.56,1.0,2.0,0.0,0.0,0.0,0.0,-0.0,35235.33465199844,0.0,0.0,0.0,0.0,0.0,0.0,0.0,0.0,0.0,0.0
-0.01,1.0,2.0,0.0,0.0,0.0,0.0,-0.0,35235.33465199844,0.0,0.0,0.0,0.0,0.0,0.0,0.0,0.0,0.0,0.0
54.29,1.0,2.0,0.0,-0.0,0.0,-0.0,0.0,35235.33465199844,0.0,0.0,0.0,0.0,0.0,0.0,0.0,0.0,0.0,-0.0
91.24,1.0,2.0,-0.0,0.0,-0.0,0.0,0.0,35235.33465199844,0.0,0.0,-0.0,0.0,0.0,0.0,0.0,0.0,0.0,0.0
108.57,1.0,2.0,0.0,0.0,0.0,0.0,0.0,35235.33465199844,0.0,0.0,0.0,0.0,0.0,0.0,0.0,0.0,0.0,0.0
125.34,0.4729537233052701,0.9459074466105402,0.0,1.0,0.0,1.0540925533894598,123.96000000000001,35359.29465199844,0.0,0.0,0.0,0.0,0.0,0.0,0.0,0.0,0.0,1.0
124.25,-0.0,-0.0,0.0,0.8973665961010275,0.0,0.9459074466105402,110.25943366293325,35469.55408566137,0.0,0.0,0.0,0.0,0.0,0.0,0.0,0.0,0.0,0.8973665961010275
101.63,0.0,0.0,0.0,0.0,0.0,0.0,0.0,35469.55408566137,0.0,0.0,0.0,0.0,0.0,0.0,0.0,0.0,0.0,0.0
53.5,-0.0,-0.0,0.0,0.0,0.0,0.0,0.0,35469.55408566137,0.0,0.0,0.0,0.0,0.0,0.0,0.0,0.0,0.0,0.0
47.1,-0.0,-0.0,0.0,0.0,0.0,0.0,0.0,35469.55408566137,0.0,0.0,0.0,0.0,0.0,0.0,0.0,0.0,0.0,0.0
37.35,0.4743416490252569,0.9486832980505138,1.0,0.0,0.9486832980505138,0.0,-47.63,35421.924085661376,0.0,0.0,1.0,0.0,0.0,0.0,0.0,0.0,0.0,0.0
37.96,0.9486832980505138,1.8973665961010275,1.0,0.0,0.9486832980505138,0.0,-48.25,35373.674085661376,0.0,0.0,1.0,0.0,0.0,0.0,0.0,0.0,0.0,0.0
43.58,0.9486832980505138,1.8973665961010275,0.0,0.0,0.0,0.0,0.0,35373.674085661376,0.0,0.0,0.0,0.0,0.0,0.0,0.0,0.0,0.0,0.0
43.96,0.9486832980505138,1.8973665961010275,0.0,0.0,0.0,0.0,0.0,35373.674085661376,0.0,0.0,0.0,0.0,0.0,0.0,0.0,0.0,0.0,0.0
62.69,0.42163702135578385,0.8432740427115677,0.0,1.0,0.0,1.0540925533894598,61.309999999999995,35434.984085661374,0.0,0.0,0.0,0.0,0.0,0.0,0.0,0.0,0.0,1.0
49.59,0.42163702135578385,0.8432740427115677,0.0,0.0,0.0,0.0,0.0,35434.984085661374,0.0,0.0,0.0,0.0,0.0,0.0,0.0,0.0,0.0,0.0
60.4,0.0,0.0,0.0,0.7999999999999998,0.0,0.8432740427115677,47.21599999999999,35482.200085661374,0.0,0.0,0.0,0.0,0.0,0.0,0.0,0.0,0.0,0.7999999999999998
18.64,0.0,0.0,0.0,-0.0,0.0,-0.0,0.0,35482.200085661374,0.0,0.0,0.0,0.0,0.0,0.0,0.0,0.0,0.0,-0.0
-0.01,-0.0,-0.0,0.0,0.0,0.0,0.0,-0.0,35482.200085661374,0.0,0.0,0.0,0.0,0.0,0.0,0.0,0.0,0.0,0.0
-3.67,-0.0,-0.0,0.0,0.0,0.0,0.0,-0.0,35482.200085661374,0.0,0.0,0.0,0.0,0.0,0.0,0.0,0.0,0.0,0.0
-1.15,-0.0,-0.0,0.0,0.0,0.0,0.0,-0.0,35482.200085661374,0.0,0.0,0.0,0.0,0.0,0.0,0.0,0.0,0.0,0.0
-4.29,0.05131670194948623,0.10263340389897246,0.10818510677891963,0.0,0.10263340389897246,0.0,-0.5841995766061661,35481.615886084764,0.0,0.0,0.10818510677891963,0.0,0.0,0.0,0.0,0.0,0.0,0.0
-3.41,0.05131670194948623,0.10263340389897246,0.0,0.0,0.0,0.0,-0.0,35481.615886084764,0.0,0.0,0.0,0.0,0.0,0.0,0.0,0.0,0.0,0.0
-4.29,0.5256583509747431,1.0513167019494862,1.0,0.0,0.9486832980505138,0.0,-5.3999999999999995,35476.21588608476,0.0,0.0,1.0,0.0,0.0,0.0,0.0,0.0,0.0,0.0
-2.01,0.5256583509747431,1.0513167019494862,0.0,0.0,0.0,0.0,-0.0,35476.21588608476,0.0,0.0,0.0,0.0,0.0,0.0,0.0,0.0,0.0,0.0
-4.99,1.0,2.0,1.0,0.0,0.9486832980505138,0.0,-4.6899999999999995,35471.52588608476,0.0,0.0,1.0,0.0,0.0,0.0,0.0,0.0,0.0,0.0
-1.01,1.0,2.0,0.0,0.0,0.0,0.0,-0.0,35471.52588608476,0.0,0.0,0.0,0.0,0.0,0.0,0.0,0.0,0.0,0.0
20.0,1.0,2.0,0.0,0.0,0.0,0.0,0.0,35471.52588608476,0.0,0.0,0.0,0.0,0.0,0.0,0.0,0.0,0.0,0.0
19.91,1.0,2.0,-0.0,0.0,-0.0,0.0,0.0,35471.52588608476,0.0,0.0,-0.0,0.0,0.0,0.0,0.0,0.0,0.0,0.0
42.49,1.0,2.0,0.0,0.0,0.0,0.0,0.0,35471.52588608476,0.0,0.0,0.0,0.0,0.0,0.0,0.0,0.0,0.0,0.0
48.86,0.4729537233052701,0.9459074466105402,0.0,1.0,0.0,1.0540925533894598,47.48,35519.005886084764,0.0,0.0,0.0,0.0,0.0,0.0,0.0,0.0,0.0,1.0
46.39,0.0,0.0,0.0,0.8973665961010275,0.0,0.9459074466105402,40.39047049050725,35559.39635657527,0.0,0.0,0.0,0.0,0.0,0.0,0.0,0.0,0.0,0.8973665961010275
3.11,0.4743416490252569,0.9486832980505138,1.0,0.0,0.9486832980505138,0.0,-12.899999999999999,35546.49635657527,0.0,0.0,1.0,0.0,0.0,0.0,0.0,0.0,0.0,0.0
4.26,0.4743416490252569,0.9486832980505138,0.0,0.0,0.0,0.0,0.0,35546.49635657527,0.0,0.0,0.0,0.0,0.0,0.0,0.0,0.0,0.0,0.0
4.22,0.9486832980505138,1.8973665961010275,1.0,0.0,0.9486832980505138,0.0,-14.030000000000001,35532.46635657527,0.0,0.0,1.0,0.0,0.0,0.0,0.0,0.0,0.0,0.0
4.24,1.0,2.0,0.10818510677891963,0.0,0.10263340389897246,0.0,-1.5200007502438209,35530.94635582503,0.0,0.0,0.10818510677891963,0.0,0.0,0.0,0.0,0.0,0.0,0.0
6.69,1.0,2.0,0.0,0.0,0.0,0.0,0.0,35530.94635582503,0.0,0.0,0.0,0.0,0.0,0.0,0.0,0.0,0.0,0.0
4.47,1.0,2.0,0.0,0.0,0.0,0.0,0.0,35530.94635582503,0.0,0.0,0.0,0.0,0.0,0.0,0.0,0.0,0.0,0.0
5.91,1.0,2.0,0.0,0.0,0.0,0.0,0.0,35530.94635582503,0.0,0.0,0.0,0.0,0.0,0.0,0.0,0.0,0.0,0.0
40.13,0.5270462766947299,1.0540925533894598,0.0,0.8973665961010275,0.0,0.9459074466105402,34.77295559891482,35565.71931142394,0.0,0.0,0.0,0.0,0.0,0.0,0.0,0.0,0.0,0.8973665961010275
40.48,0.0,0.0,0.0,1.0,0.0,1.0540925533894598,39.099999999999994,35604.81931142394,0.0,0.0,0.0,0.0,0.0,0.0,0.0,0.0,0.0,1.0
-0.01,-0.0,-0.0,0.0,0.0,0.0,0.0,-0.0,35604.81931142394,0.0,0.0,0.0,0.0,0.0,0.0,0.0,0.0,0.0,0.0
-0.01,-0.0,-0.0,0.0,0.0,0.0,0.0,-0.0,35604.81931142394,0.0,0.0,0.0,0.0,0.0,0.0,0.0,0.0,0.0,0.0
-0.39,-0.0,-0.0,0.0,0.0,0.0,0.0,-0.0,35604.81931142394,0.0,0.0,0.0,0.0,0.0,0.0,0.0,0.0,0.0,0.0
-1.97,0.05131670194948623,0.10263340389897246,0.10818510677891963,0.0,0.10263340389897246,0.0,-0.8384345775366271,35603.980876846406,0.0,0.0,0.10818510677891963,0.0,0.0,0.0,0.0,0.0,0.0,0.0
-2.68,0.5256583509747431,1.0513167019494862,1.0,0.0,0.9486832980505138,0.0,-7.030000000000001,35596.95087684641,0.0,0.0,1.0,0.0,0.0,0.0,0.0,0.0,0.0,0.0
-2.02,1.0,2.0,1.0,0.0,0.9486832980505138,0.0,-7.700000000000001,35589.25087684641,0.0,0.0,1.0,0.0,0.0,0.0,0.0,0.0,0.0,0.0
-1.95,1.0,2.0,0.0,0.0,0.0,0.0,-0.0,35589.25087684641,0.0,0.0,0.0,0.0,0.0,0.0,0.0,0.0,0.0,0.0
-0.44,1.0,2.0,0.0,0.0,0.0,0.0,-0.0,35589.25087684641,0.0,0.0,0.0,0.0,0.0,0.0,0.0,0.0,0.0,0.0
2.09,1.0,2.0,0.0,0.0,0.0,0.0,0.0,35589.25087684641,0.0,0.0,0.0,0.0,0.0,0.0,0.0,0.0,0.0,0.0
61.77,1.0,2.0,0.0,-0.0,0.0,-0.0,0.0,35589.25087684641,0.0,0.0,0.0,0.0,0.0,0.0,0.0,0.0,0.0,-0.0
75.29,1.0,2.0,0.0,0.0,0.0,0.0,0.0,35589.25087684641,0.0,0.0,0.0,0.0,0.0,0.0,0.0,0.0,0.0,0.0
90.05,0.5270462766947299,1.0540925533894598,0.0,0.8973665961010275,0.0,0.9459074466105402,79.5694960762781,35668.82037292269,0.0,0.0,0.0,0.0,0.0,0.0,0.0,0.0,0.0,0.8973665961010275
92.67,-0.0,-0.0,0.0,1.0,0.0,1.0540925533894598,91.29,35760.11037292269,0.0,0.0,0.0,0.0,0.0,0.0,0.0,0.0,0.0,1.0
85.03,0.0,0.0,0.0,0.0,0.0,0.0,0.0,35760.11037292269,0.0,0.0,0.0,0.0,0.0,0.0,0.0,0.0,0.0,0.0
71.49,-0.0,-0.0,0.0,0.0,0.0,0.0,0.0,35760.11037292269,0.0,0.0,0.0,0.0,0.0,0.0,0.0,0.0,0.0,0.0
54.59,0.0,0.0,-0.0,0.0,-0.0,0.0,0.0,35760.11037292269,0.0,0.0,-0.0,0.0,0.0,0.0,0.0,0.0,0.0,0.0
51.16,0.052704627669473036,0.10540925533894607,0.11111111111111122,0.0,0.10540925533894607,0.0,-6.848888888888895,35753.2614840338,0.0,0.0,0.11111111111111122,0.0,0.0,0.0,0.0,0.0,0.0,0.0
51.02,0.5270462766947299,1.0540925533894598,1.0,0.0,0.9486832980505138,0.0,-61.49,35691.7714840338,0.0,0.0,1.0,0.0,0.0,0.0,0.0,0.0,0.0,0.0
57.11,0.5270462766947299,1.0540925533894598,0.0,0.0,0.0,0.0,0.0,35691.7714840338,0.0,0.0,0.0,0.0,0.0,0.0,0.0,0.0,0.0,0.0
54.15,0.5270462766947299,1.0540925533894598,0.0,0.0,0.0,0.0,0.0,35691.7714840338,0.0,0.0,0.0,0.0,0.0,0.0,0.0,0.0,0.0,0.0
62.96,0.5270462766947299,1.0540925533894598,0.0,0.0,0.0,0.0,0.0,35691.7714840338,0.0,0.0,0.0,0.0,0.0,0.0,0.0,0.0,0.0,0.0
70.01,0.0,0.0,0.0,1.0,0.0,1.0540925533894598,68.63000000000001,35760.4014840338,0.0,0.0,0.0,0.0,0.0,0.0,0.0,0.0,0.0,1.0
59.49,0.0,0.0,0.0,-0.0,0.0,-0.0,0.0,35760.4014840338,0.0,0.0,0.0,0.0,0.0,0.0,0.0,0.0,0.0,-0.0
43.21,-0.0,-0.0,0.0,-0.0,0.0,-0.0,0.0,35760.4014840338,0.0,0.0,0.0,0.0,0.0,0.0,0.0,0.0,0.0,-0.0
27.64,0.0,0.0,0.0,0.0,0.0,0.0,0.0,35760.4014840338,0.0,0.0,0.0,0.0,0.0,0.0,0.0,0.0,0.0,0.0
10.0,-0.0,-0.0,0.0,0.0,0.0,0.0,0.0,35760.4014840338,0.0,0.0,0.0,0.0,0.0,0.0,0.0,0.0,0.0,0.0
2.05,-0.0,-0.0,0.0,0.0,0.0,0.0,0.0,35760.4014840338,0.0,0.0,0.0,0.0,0.0,0.0,0.0,0.0,0.0,0.0
1.34,-0.0,-0.0,0.0,0.0,0.0,0.0,0.0,35760.4014840338,0.0,0.0,0.0,0.0,0.0,0.0,0.0,0.0,0.0,0.0
0.0,0.4743416490252569,0.9486832980505138,1.0,0.0,0.9486832980505138,0.0,-9.75,35750.6514840338,0.0,0.0,1.0,0.0,0.0,0.0,0.0,0.0,0.0,0.0
0.27,0.5256583509747431,1.0513167019494862,0.10818510677891963,0.0,0.10263340389897246,0.0,-1.0840147699247749,35749.56746926387,0.0,0.0,0.10818510677891963,0.0,0.0,0.0,0.0,0.0,0.0,0.0
0.0,1.0,2.0,1.0,0.0,0.9486832980505138,0.0,-9.75,35739.81746926387,0.0,0.0,1.0,0.0,0.0,0.0,0.0,0.0,0.0,0.0
17.84,1.0,2.0,0.0,-0.0,0.0,-0.0,0.0,35739.81746926387,0.0,0.0,0.0,0.0,0.0,0.0,0.0,0.0,0.0,-0.0
39.28,1.0,2.0,0.0,-0.0,0.0,-0.0,0.0,35739.81746926387,0.0,0.0,0.0,0.0,0.0,0.0,0.0,0.0,0.0,-0.0
105.8,1.0,2.0,0.0,-0.0,0.0,-0.0,0.0,35739.81746926387,0.0,0.0,0.0,0.0,0.0,0.0,0.0,0.0,0.0,-0.0
134.19,1.0,2.0,-0.0,0.0,-0.0,0.0,0.0,35739.81746926387,0.0,0.0,-0.0,0.0,0.0,0.0,0.0,0.0,0.0,0.0
200.0,0.5270462766947299,1.0540925533894598,0.0,0.8973665961010275,0.0,0.9459074466105402,178.23495331758608,35918.05242258146,0.0,0.0,0.0,0.0,0.0,0.0,0.0,0.0,0.0,0.8973665961010275
247.02,-0.0,-0.0,0.0,1.0,0.0,1.0540925533894598,245.64000000000001,36163.69242258146,0.0,0.0,0.0,0.0,0.0,0.0,0.0,0.0,0.0,1.0
173.62,0.0,0.0,0.0,0.0,0.0,0.0,0.0,36163.69242258146,0.0,0.0,0.0,0.0,0.0,0.0,0.0,0.0,0.0,0.0
126.84,0.0,0.0,-0.0,0.0,-0.0,0.0,0.0,36163.69242258146,0.0,0.0,-0.0,0.0,0.0,0.0,0.0,0.0,0.0,0.0
119.95,-0.0,-0.0,0.0,0.0,0.0,0.0,0.0,36163.69242258146,0.0,0.0,0.0,0.0,0.0,0.0,0.0,0.0,0.0,0.0
107.63,-0.0,-0.0,0.0,0.0,0.0,0.0,0.0,36163.69242258146,0.0,0.0,0.0,0.0,0.0,0.0,0.0,0.0,0.0,0.0
102.83,-0.0,-0.0,0.0,0.0,0.0,0.0,0.0,36163.69242258146,0.0,0.0,0.0,0.0,0.0,0.0,0.0,0.0,0.0,0.0
98.62,-0.0,-0.0,0.0,0.0,0.0,0.0,0.0,36163.69242258146,0.0,0.0,0.0,0.0,0.0,0.0,0.0,0.0,0.0,0.0
98.79,-0.0,-0.0,0.0,0.0,0.0,0.0,0.0,36163.69242258146,0.0,0.0,0.0,0.0,0.0,0.0,0.0,0.0,0.0,0.0
102.91,-0.0,-0.0,0.0,0.0,0.0,0.0,0.0,36163.69242258146,0.0,0.0,0.0,0.0,0.0,0.0,0.0,0.0,0.0,0.0
119.9,-0.0,-0.0,0.0,0.0,0.0,0.0,0.0,36163.69242258146,0.0,0.0,0.0,0.0,0.0,0.0,0.0,0.0,0.0,0.0
120.91,-0.0,-0.0,0.0,-0.0,0.0,-0.0,0.0,36163.69242258146,0.0,0.0,0.0,0.0,0.0,0.0,0.0,0.0,0.0,-0.0
106.79,0.0,0.0,0.0,0.0,0.0,0.0,0.0,36163.69242258146,0.0,0.0,0.0,0.0,0.0,0.0,0.0,0.0,0.0,0.0
96.45,0.0,0.0,-0.0,0.0,-0.0,0.0,0.0,36163.69242258146,0.0,0.0,-0.0,0.0,0.0,0.0,0.0,0.0,0.0,0.0
88.95,-0.0,-0.0,0.0,0.0,0.0,0.0,0.0,36163.69242258146,0.0,0.0,0.0,0.0,0.0,0.0,0.0,0.0,0.0,0.0
77.88,-0.0,-0.0,0.0,0.0,0.0,0.0,0.0,36163.69242258146,0.0,0.0,0.0,0.0,0.0,0.0,0.0,0.0,0.0,0.0
70.25,0.0,0.0,-0.0,0.0,-0.0,0.0,0.0,36163.69242258146,0.0,0.0,-0.0,0.0,0.0,0.0,0.0,0.0,0.0,0.0
59.25,0.05131670194948623,0.10263340389897246,0.10818510677891963,0.0,0.10263340389897246,0.0,-7.555647857439747,36156.13677472402,0.0,0.0,0.10818510677891963,0.0,0.0,0.0,0.0,0.0,0.0,0.0
51.12,0.5256583509747431,1.0513167019494862,1.0,0.0,0.9486832980505138,0.0,-61.599999999999994,36094.53677472402,0.0,0.0,1.0,0.0,0.0,0.0,0.0,0.0,0.0,0.0
48.99,1.0,2.0,1.0,0.0,0.9486832980505138,0.0,-59.44,36035.09677472402,0.0,0.0,1.0,0.0,0.0,0.0,0.0,0.0,0.0,0.0
63.04,1.0,2.0,0.0,0.0,0.0,0.0,0.0,36035.09677472402,0.0,0.0,0.0,0.0,0.0,0.0,0.0,0.0,0.0,0.0
70.3,1.0,2.0,0.0,0.0,0.0,0.0,0.0,36035.09677472402,0.0,0.0,0.0,0.0,0.0,0.0,0.0,0.0,0.0,0.0
89.23,1.0,2.0,0.0,-0.0,0.0,-0.0,0.0,36035.09677472402,0.0,0.0,0.0,0.0,0.0,0.0,0.0,0.0,0.0,-0.0
93.95,1.0,2.0,0.0,0.0,0.0,0.0,0.0,36035.09677472402,0.0,0.0,0.0,0.0,0.0,0.0,0.0,0.0,0.0,0.0
99.14,1.0,2.0,0.0,-0.0,0.0,-0.0,0.0,36035.09677472402,0.0,0.0,0.0,0.0,0.0,0.0,0.0,0.0,0.0,-0.0
100.0,0.5270462766947299,1.0540925533894598,0.0,0.8973665961010275,0.0,0.9459074466105402,88.49829370748333,36123.5950684315,0.0,0.0,0.0,0.0,0.0,0.0,0.0,0.0,0.0,0.8973665961010275
108.64,0.0,0.0,0.0,1.0,0.0,1.0540925533894598,107.26,36230.855068431505,0.0,0.0,0.0,0.0,0.0,0.0,0.0,0.0,0.0,1.0
97.23,-0.0,-0.0,0.0,-0.0,0.0,-0.0,0.0,36230.855068431505,0.0,0.0,0.0,0.0,0.0,0.0,0.0,0.0,0.0,-0.0
79.09,0.0,0.0,0.0,0.0,0.0,0.0,0.0,36230.855068431505,0.0,0.0,0.0,0.0,0.0,0.0,0.0,0.0,0.0,0.0
65.2,-0.0,-0.0,0.0,0.0,0.0,0.0,0.0,36230.855068431505,0.0,0.0,0.0,0.0,0.0,0.0,0.0,0.0,0.0,0.0
58.95,-0.0,-0.0,0.0,0.0,0.0,0.0,0.0,36230.855068431505,0.0,0.0,0.0,0.0,0.0,0.0,0.0,0.0,0.0,0.0
54.97,-0.0,-0.0,0.0,0.0,0.0,0.0,0.0,36230.855068431505,0.0,0.0,0.0,0.0,0.0,0.0,0.0,0.0,0.0,0.0
50.54,-0.0,-0.0,0.0,0.0,0.0,0.0,0.0,36230.855068431505,0.0,0.0,0.0,0.0,0.0,0.0,0.0,0.0,0.0,0.0
49.45,-0.0,-0.0,-0.0,0.0,-0.0,0.0,0.0,36230.855068431505,0.0,0.0,-0.0,0.0,0.0,0.0,0.0,0.0,0.0,0.0
57.27,-0.0,-0.0,0.0,0.0,0.0,0.0,0.0,36230.855068431505,0.0,0.0,0.0,0.0,0.0,0.0,0.0,0.0,0.0,0.0
63.19,-0.0,-0.0,0.0,0.0,0.0,0.0,0.0,36230.855068431505,0.0,0.0,0.0,0.0,0.0,0.0,0.0,0.0,0.0,0.0
63.81,0.0,0.0,0.0,0.0,0.0,0.0,0.0,36230.855068431505,0.0,0.0,0.0,0.0,0.0,0.0,0.0,0.0,0.0,0.0
4.07,-0.0,-0.0,0.0,0.0,0.0,0.0,0.0,36230.855068431505,0.0,0.0,0.0,0.0,0.0,0.0,0.0,0.0,0.0,0.0
4.02,-0.0,-0.0,0.0,0.0,0.0,0.0,0.0,36230.855068431505,0.0,0.0,0.0,0.0,0.0,0.0,0.0,0.0,0.0,0.0
9.99,-0.0,-0.0,0.0,0.0,0.0,0.0,0.0,36230.855068431505,0.0,0.0,0.0,0.0,0.0,0.0,0.0,0.0,0.0,0.0
4.28,-0.0,-0.0,0.0,0.0,0.0,0.0,0.0,36230.855068431505,0.0,0.0,0.0,0.0,0.0,0.0,0.0,0.0,0.0,0.0
3.18,0.05131670194948623,0.10263340389897246,0.10818510677891963,0.0,0.10263340389897246,0.0,-1.4031608349225875,36229.45190759658,0.0,0.0,0.10818510677891963,0.0,0.0,0.0,0.0,0.0,0.0,0.0
3.15,0.5256583509747431,1.0513167019494862,1.0,0.0,0.9486832980505138,0.0,-12.94,36216.51190759658,0.0,0.0,1.0,0.0,0.0,0.0,0.0,0.0,0.0,0.0
2.38,1.0,2.0,1.0,0.0,0.9486832980505138,0.0,-12.16,36204.351907596574,0.0,0.0,1.0,0.0,0.0,0.0,0.0,0.0,0.0,0.0
4.01,1.0,2.0,0.0,0.0,0.0,0.0,0.0,36204.351907596574,0.0,0.0,0.0,0.0,0.0,0.0,0.0,0.0,0.0,0.0
5.75,1.0,2.0,0.0,0.0,0.0,0.0,0.0,36204.351907596574,0.0,0.0,0.0,0.0,0.0,0.0,0.0,0.0,0.0,0.0
29.69,1.0,2.0,0.0,-0.0,0.0,-0.0,0.0,36204.351907596574,0.0,0.0,0.0,0.0,0.0,0.0,0.0,0.0,0.0,-0.0
69.43,1.0,2.0,-0.0,0.0,-0.0,0.0,0.0,36204.351907596574,0.0,0.0,-0.0,0.0,0.0,0.0,0.0,0.0,0.0,0.0
114.01,1.0,2.0,0.0,0.0,0.0,0.0,0.0,36204.351907596574,0.0,0.0,0.0,0.0,0.0,0.0,0.0,0.0,0.0,0.0
122.4,0.4729537233052701,0.9459074466105402,0.0,1.0,0.0,1.0540925533894598,121.02000000000001,36325.37190759657,0.0,0.0,0.0,0.0,0.0,0.0,0.0,0.0,0.0,1.0
119.08,0.0,0.0,0.0,0.8973665961010275,0.0,0.9459074466105402,105.62004836109094,36430.99195595766,0.0,0.0,0.0,0.0,0.0,0.0,0.0,0.0,0.0,0.8973665961010275
100.2,-0.0,-0.0,0.0,0.0,0.0,0.0,0.0,36430.99195595766,0.0,0.0,0.0,0.0,0.0,0.0,0.0,0.0,0.0,0.0
84.65,0.0,0.0,-0.0,0.0,-0.0,0.0,0.0,36430.99195595766,0.0,0.0,-0.0,0.0,0.0,0.0,0.0,0.0,0.0,0.0
65.27,-0.0,-0.0,0.0,0.0,0.0,0.0,0.0,36430.99195595766,0.0,0.0,0.0,0.0,0.0,0.0,0.0,0.0,0.0,0.0
55.91,0.0,0.0,-0.0,0.0,-0.0,0.0,0.0,36430.99195595766,0.0,0.0,-0.0,0.0,0.0,0.0,0.0,0.0,0.0,0.0
38.7,-0.0,-0.0,0.0,0.0,0.0,0.0,0.0,36430.99195595766,0.0,0.0,0.0,0.0,0.0,0.0,0.0,0.0,0.0,0.0
33.0,0.0,0.0,-0.0,0.0,-0.0,0.0,0.0,36430.99195595766,0.0,0.0,-0.0,0.0,0.0,0.0,0.0,0.0,0.0,0.0
25.61,-0.0,-0.0,0.0,0.0,0.0,0.0,0.0,36430.99195595766,0.0,0.0,0.0,0.0,0.0,0.0,0.0,0.0,0.0,0.0
28.09,-0.0,-0.0,0.0,0.0,0.0,0.0,0.0,36430.99195595766,0.0,0.0,0.0,0.0,0.0,0.0,0.0,0.0,0.0,0.0
34.0,0.0,0.0,0.0,-0.0,0.0,-0.0,0.0,36430.99195595766,0.0,0.0,0.0,0.0,0.0,0.0,0.0,0.0,0.0,-0.0
27.8,0.0,0.0,0.0,-0.0,0.0,-0.0,0.0,36430.99195595766,0.0,0.0,0.0,0.0,0.0,0.0,0.0,0.0,0.0,-0.0
2.34,-0.0,-0.0,0.0,0.0,0.0,0.0,0.0,36430.99195595766,0.0,0.0,0.0,0.0,0.0,0.0,0.0,0.0,0.0,0.0
0.01,-0.0,-0.0,0.0,0.0,0.0,0.0,0.0,36430.99195595766,0.0,0.0,0.0,0.0,0.0,0.0,0.0,0.0,0.0,0.0
-0.01,-0.0,-0.0,0.0,0.0,0.0,0.0,-0.0,36430.99195595766,0.0,0.0,0.0,0.0,0.0,0.0,0.0,0.0,0.0,0.0
-0.57,-0.0,-0.0,0.0,0.0,0.0,0.0,-0.0,36430.99195595766,0.0,0.0,0.0,0.0,0.0,0.0,0.0,0.0,0.0,0.0
-1.99,0.4743416490252569,0.9486832980505138,1.0,0.0,0.9486832980505138,0.0,-7.73,36423.261955957656,0.0,0.0,1.0,0.0,0.0,0.0,0.0,0.0,0.0,0.0
-2.23,0.9486832980505138,1.8973665961010275,1.0,0.0,0.9486832980505138,0.0,-7.49,36415.77195595766,0.0,0.0,1.0,0.0,0.0,0.0,0.0,0.0,0.0,0.0
-1.01,1.0,2.0,0.10818510677891963,0.0,0.10263340389897246,0.0,-0.9444559821799684,36414.82749997548,0.0,0.0,0.10818510677891963,0.0,0.0,0.0,0.0,0.0,0.0,0.0
-1.0,1.0,2.0,0.0,0.0,0.0,0.0,-0.0,36414.82749997548,0.0,0.0,0.0,0.0,0.0,0.0,0.0,0.0,0.0,0.0
2.97,1.0,2.0,0.0,0.0,0.0,0.0,0.0,36414.82749997548,0.0,0.0,0.0,0.0,0.0,0.0,0.0,0.0,0.0,0.0
25.98,1.0,2.0,0.0,-0.0,0.0,-0.0,0.0,36414.82749997548,0.0,0.0,0.0,0.0,0.0,0.0,0.0,0.0,0.0,-0.0
53.55,1.0,2.0,0.0,-0.0,0.0,-0.0,0.0,36414.82749997548,0.0,0.0,0.0,0.0,0.0,0.0,0.0,0.0,0.0,-0.0
78.03,1.0,2.0,0.0,0.0,0.0,0.0,0.0,36414.82749997548,0.0,0.0,0.0,0.0,0.0,0.0,0.0,0.0,0.0,0.0
101.16,0.4729537233052701,0.9459074466105402,0.0,1.0,0.0,1.0540925533894598,99.78,36514.60749997548,0.0,0.0,0.0,0.0,0.0,0.0,0.0,0.0,0.0,1.0
86.1,-0.0,-0.0,0.0,0.8973665961010275,0.0,0.9459074466105402,76.02489802167905,36590.63239799716,0.0,0.0,0.0,0.0,0.0,0.0,0.0,0.0,0.0,0.8973665961010275
79.14,0.0,0.0,0.0,0.0,0.0,0.0,0.0,36590.63239799716,0.0,0.0,0.0,0.0,0.0,0.0,0.0,0.0,0.0,0.0
16.77,0.4743416490252569,0.9486832980505138,1.0,0.0,0.9486832980505138,0.0,-26.759999999999998,36563.872397997155,0.0,0.0,1.0,0.0,0.0,0.0,0.0,0.0,0.0,0.0
43.39,0.9486832980505138,1.8973665961010275,1.0,0.0,0.9486832980505138,0.0,-53.76,36510.11239799715,0.0,0.0,1.0,0.0,0.0,0.0,0.0,0.0,0.0,0.0
59.54,0.9486832980505138,1.8973665961010275,0.0,0.0,0.0,0.0,0.0,36510.11239799715,0.0,0.0,0.0,0.0,0.0,0.0,0.0,0.0,0.0,0.0
58.87,0.9486832980505138,1.8973665961010275,0.0,0.0,0.0,0.0,0.0,36510.11239799715,0.0,0.0,0.0,0.0,0.0,0.0,0.0,0.0,0.0,0.0
57.58,0.9486832980505138,1.8973665961010275,0.0,0.0,0.0,0.0,0.0,36510.11239799715,0.0,0.0,0.0,0.0,0.0,0.0,0.0,0.0,0.0,0.0
60.92,0.9486832980505138,1.8973665961010275,0.0,0.0,0.0,0.0,0.0,36510.11239799715,0.0,0.0,0.0,0.0,0.0,0.0,0.0,0.0,0.0,0.0
70.0,0.42163702135578385,0.8432740427115677,0.0,1.0,0.0,1.0540925533894598,68.62,36578.732397997155,0.0,0.0,0.0,0.0,0.0,0.0,0.0,0.0,0.0,1.0
65.89,0.0,0.0,0.0,0.7999999999999998,0.0,0.8432740427115677,51.60799999999999,36630.340397997155,0.0,0.0,0.0,0.0,0.0,0.0,0.0,0.0,0.0,0.7999999999999998
45.23,0.0,0.0,-0.0,0.0,-0.0,0.0,0.0,36630.340397997155,0.0,0.0,-0.0,0.0,0.0,0.0,0.0,0.0,0.0,0.0
1.99,0.0,0.0,0.0,-0.0,0.0,-0.0,0.0,36630.340397997155,0.0,0.0,0.0,0.0,0.0,0.0,0.0,0.0,0.0,-0.0
0.0,0.0,0.0,0.0,0.0,0.0,0.0,0.0,36630.340397997155,0.0,0.0,0.0,0.0,0.0,0.0,0.0,0.0,0.0,0.0
-0.26,0.0,0.0,0.0,0.0,0.0,0.0,-0.0,36630.340397997155,0.0,0.0,0.0,0.0,0.0,0.0,0.0,0.0,0.0,0.0
-5.4,0.0,0.0,0.0,0.0,0.0,0.0,-0.0,36630.340397997155,0.0,0.0,0.0,0.0,0.0,0.0,0.0,0.0,0.0,0.0
-20.1,0.4743416490252569,0.9486832980505138,1.0,0.0,0.9486832980505138,0.0,10.64,36640.980397997155,0.0,0.0,1.0,0.0,0.0,0.0,0.0,0.0,0.0,0.0
-24.01,0.9486832980505138,1.8973665961010275,1.0,0.0,0.9486832980505138,0.0,14.600000000000001,36655.58039799715,0.0,0.0,1.0,0.0,0.0,0.0,0.0,0.0,0.0,0.0
-15.45,1.0,2.0,0.10818510677891963,0.0,0.10263340389897246,0.0,0.6404558321312042,36656.22085382928,0.0,0.0,0.10818510677891963,0.0,0.0,0.0,0.0,0.0,0.0,0.0
-2.69,1.0,2.0,0.0,0.0,0.0,0.0,-0.0,36656.22085382928,0.0,0.0,0.0,0.0,0.0,0.0,0.0,0.0,0.0,0.0
0.01,1.0,2.0,0.0,-0.0,0.0,-0.0,0.0,36656.22085382928,0.0,0.0,0.0,0.0,0.0,0.0,0.0,0.0,0.0,-0.0
15.9,1.0,2.0,0.0,-0.0,0.0,-0.0,0.0,36656.22085382928,0.0,0.0,0.0,0.0,0.0,0.0,0.0,0.0,0.0,-0.0
59.7,1.0,2.0,0.0,-0.0,0.0,-0.0,0.0,36656.22085382928,0.0,0.0,0.0,0.0,0.0,0.0,0.0,0.0,0.0,-0.0
105.66,1.0,2.0,0.0,0.0,0.0,0.0,0.0,36656.22085382928,0.0,0.0,0.0,0.0,0.0,0.0,0.0,0.0,0.0,0.0
117.43,0.4729537233052701,0.9459074466105402,0.0,1.0,0.0,1.0540925533894598,116.05000000000001,36772.270853829286,0.0,0.0,0.0,0.0,0.0,0.0,0.0,0.0,0.0,1.0
112.06,0.0,0.0,0.0,0.8973665961010275,0.0,0.9459074466105402,99.32053485646173,36871.591388685745,0.0,0.0,0.0,0.0,0.0,0.0,0.0,0.0,0.0,0.8973665961010275
101.0,-0.0,-0.0,0.0,0.0,0.0,0.0,0.0,36871.591388685745,0.0,0.0,0.0,0.0,0.0,0.0,0.0,0.0,0.0,0.0
87.6,-0.0,-0.0,0.0,0.0,0.0,0.0,0.0,36871.591388685745,0.0,0.0,0.0,0.0,0.0,0.0,0.0,0.0,0.0,0.0
79.6,0.4743416490252569,0.9486832980505138,1.0,0.0,0.9486832980505138,0.0,-90.47999999999999,36781.11138868574,0.0,0.0,1.0,0.0,0.0,0.0,0.0,0.0,0.0,0.0
83.0,0.9486832980505138,1.8973665961010275,1.0,0.0,0.9486832980505138,0.0,-93.93,36687.18138868574,0.0,0.0,1.0,0.0,0.0,0.0,0.0,0.0,0.0,0.0
84.13,0.9486832980505138,1.8973665961010275,0.0,0.0,0.0,0.0,0.0,36687.18138868574,0.0,0.0,0.0,0.0,0.0,0.0,0.0,0.0,0.0,0.0
83.52,0.9486832980505138,1.8973665961010275,0.0,0.0,0.0,0.0,0.0,36687.18138868574,0.0,0.0,0.0,0.0,0.0,0.0,0.0,0.0,0.0,0.0
83.04,1.0,2.0,0.10818510677891963,0.0,0.10263340389897246,0.0,-10.166154484015077,36677.015234201725,0.0,0.0,0.10818510677891963,0.0,0.0,0.0,0.0,0.0,0.0,0.0
86.5,1.0,2.0,0.0,0.0,0.0,0.0,0.0,36677.015234201725,0.0,0.0,0.0,0.0,0.0,0.0,0.0,0.0,0.0,0.0
111.52,0.4729537233052701,0.9459074466105402,0.0,1.0,0.0,1.0540925533894598,110.14,36787.155234201724,0.0,0.0,0.0,0.0,0.0,0.0,0.0,0.0,0.0,1.0
108.52,-0.0,-0.0,0.0,0.8973665961010275,0.0,0.9459074466105402,96.14385710626408,36883.299091307985,0.0,0.0,0.0,0.0,0.0,0.0,0.0,0.0,0.0,0.8973665961010275
91.77,0.0,0.0,0.0,0.0,0.0,0.0,0.0,36883.299091307985,0.0,0.0,0.0,0.0,0.0,0.0,0.0,0.0,0.0,0.0
74.65,0.0,0.0,-0.0,0.0,-0.0,0.0,0.0,36883.299091307985,0.0,0.0,-0.0,0.0,0.0,0.0,0.0,0.0,0.0,0.0
43.73,0.0,0.0,0.0,-0.0,0.0,-0.0,0.0,36883.299091307985,0.0,0.0,0.0,0.0,0.0,0.0,0.0,0.0,0.0,-0.0
19.05,0.4743416490252569,0.9486832980505138,1.0,0.0,0.9486832980505138,0.0,-29.07,36854.229091307985,0.0,0.0,1.0,0.0,0.0,0.0,0.0,0.0,0.0,0.0
9.96,0.9486832980505138,1.8973665961010275,1.0,0.0,0.9486832980505138,0.0,-19.85,36834.37909130799,0.0,0.0,1.0,0.0,0.0,0.0,0.0,0.0,0.0,0.0
19.65,1.0,2.0,0.10818510677891963,0.0,0.10263340389897246,0.0,-3.2109339691983347,36831.16815733879,0.0,0.0,0.10818510677891963,0.0,0.0,0.0,0.0,0.0,0.0,0.0
60.0,1.0,2.0,-0.0,0.0,-0.0,0.0,0.0,36831.16815733879,0.0,0.0,-0.0,0.0,0.0,0.0,0.0,0.0,0.0,0.0
80.5,1.0,2.0,0.0,-0.0,0.0,-0.0,0.0,36831.16815733879,0.0,0.0,0.0,0.0,0.0,0.0,0.0,0.0,0.0,-0.0
91.98,1.0,2.0,-0.0,0.0,-0.0,0.0,0.0,36831.16815733879,0.0,0.0,-0.0,0.0,0.0,0.0,0.0,0.0,0.0,0.0
110.01,1.0,2.0,-0.0,0.0,-0.0,0.0,0.0,36831.16815733879,0.0,0.0,-0.0,0.0,0.0,0.0,0.0,0.0,0.0,0.0
178.94,1.0,2.0,-0.0,0.0,-0.0,0.0,0.0,36831.16815733879,0.0,0.0,-0.0,0.0,0.0,0.0,0.0,0.0,0.0,0.0
288.97,0.4729537233052701,0.9459074466105402,0.0,1.0,0.0,1.0540925533894598,287.59000000000003,37118.75815733879,0.0,0.0,0.0,0.0,0.0,0.0,0.0,0.0,0.0,1.0
233.35,0.0,0.0,0.0,0.8973665961010275,0.0,0.9459074466105402,208.16212929755534,37326.92028663634,0.0,0.0,0.0,0.0,0.0,0.0,0.0,0.0,0.0,0.8973665961010275
157.0,0.0,0.0,0.0,-0.0,0.0,-0.0,0.0,37326.92028663634,0.0,0.0,0.0,0.0,0.0,0.0,0.0,0.0,0.0,-0.0
122.65,0.0,0.0,-0.0,0.0,-0.0,0.0,0.0,37326.92028663634,0.0,0.0,-0.0,0.0,0.0,0.0,0.0,0.0,0.0,0.0
111.28,-0.0,-0.0,0.0,0.0,0.0,0.0,0.0,37326.92028663634,0.0,0.0,0.0,0.0,0.0,0.0,0.0,0.0,0.0,0.0
95.29,0.0,0.0,-0.0,0.0,-0.0,0.0,0.0,37326.92028663634,0.0,0.0,-0.0,0.0,0.0,0.0,0.0,0.0,0.0,0.0
89.1,0.4743416490252569,0.9486832980505138,1.0,0.0,0.9486832980505138,0.0,-100.11,37226.81028663634,0.0,0.0,1.0,0.0,0.0,0.0,0.0,0.0,0.0,0.0
88.06,0.9486832980505138,1.8973665961010275,1.0,0.0,0.9486832980505138,0.0,-99.06,37127.75028663634,0.0,0.0,1.0,0.0,0.0,0.0,0.0,0.0,0.0,0.0
90.01,1.0,2.0,0.10818510677891963,0.0,0.10263340389897246,0.0,-10.931023188942039,37116.8192634474,0.0,0.0,0.10818510677891963,0.0,0.0,0.0,0.0,0.0,0.0,0.0
96.5,1.0,2.0,0.0,0.0,0.0,0.0,0.0,37116.8192634474,0.0,0.0,0.0,0.0,0.0,0.0,0.0,0.0,0.0,0.0
112.9,1.0,2.0,0.0,0.0,0.0,0.0,0.0,37116.8192634474,0.0,0.0,0.0,0.0,0.0,0.0,0.0,0.0,0.0,0.0
120.1,0.4729537233052701,0.9459074466105402,0.0,1.0,0.0,1.0540925533894598,118.72,37235.539263447405,0.0,0.0,0.0,0.0,0.0,0.0,0.0,0.0,0.0,1.0
114.72,0.0,0.0,0.0,0.8973665961010275,0.0,0.9459074466105402,101.70753000209045,37337.24679344949,0.0,0.0,0.0,0.0,0.0,0.0,0.0,0.0,0.0,0.8973665961010275
91.19,0.0,0.0,0.0,-0.0,0.0,-0.0,0.0,37337.24679344949,0.0,0.0,0.0,0.0,0.0,0.0,0.0,0.0,0.0,-0.0
84.31,0.0,0.0,0.0,-0.0,0.0,-0.0,0.0,37337.24679344949,0.0,0.0,0.0,0.0,0.0,0.0,0.0,0.0,0.0,-0.0
69.56,-0.0,-0.0,0.0,0.0,0.0,0.0,0.0,37337.24679344949,0.0,0.0,0.0,0.0,0.0,0.0,0.0,0.0,0.0,0.0
44.54,0.4743416490252569,0.9486832980505138,1.0,0.0,0.9486832980505138,0.0,-54.92,37282.326793449494,0.0,0.0,1.0,0.0,0.0,0.0,0.0,0.0,0.0,0.0
42.47,0.9486832980505138,1.8973665961010275,1.0,0.0,0.9486832980505138,0.0,-52.82,37229.506793449495,0.0,0.0,1.0,0.0,0.0,0.0,0.0,0.0,0.0,0.0
57.65,1.0,2.0,0.10818510677891963,0.0,0.10263340389897246,0.0,-7.380387984457896,37222.12640546504,0.0,0.0,0.10818510677891963,0.0,0.0,0.0,0.0,0.0,0.0,0.0
78.14,1.0,2.0,0.0,-0.0,0.0,-0.0,0.0,37222.12640546504,0.0,0.0,0.0,0.0,0.0,0.0,0.0,0.0,0.0,-0.0
90.8,1.0,2.0,0.0,-0.0,0.0,-0.0,0.0,37222.12640546504,0.0,0.0,0.0,0.0,0.0,0.0,0.0,0.0,0.0,-0.0
102.02,1.0,2.0,-0.0,0.0,-0.0,0.0,0.0,37222.12640546504,0.0,0.0,-0.0,0.0,0.0,0.0,0.0,0.0,0.0,0.0
152.08,1.0,2.0,-0.0,0.0,-0.0,0.0,0.0,37222.12640546504,0.0,0.0,-0.0,0.0,0.0,0.0,0.0,0.0,0.0,0.0
307.27,1.0,2.0,-0.0,0.0,-0.0,0.0,0.0,37222.12640546504,0.0,0.0,-0.0,0.0,0.0,0.0,0.0,0.0,0.0,0.0
476.19,0.4729537233052701,0.9459074466105402,0.0,1.0,0.0,1.0540925533894598,474.81,37696.936405465036,0.0,0.0,0.0,0.0,0.0,0.0,0.0,0.0,0.0,1.0
406.81,0.0,0.0,0.0,0.8973665961010275,0.0,0.9459074466105402,363.8193390572396,38060.75574452228,0.0,0.0,0.0,0.0,0.0,0.0,0.0,0.0,0.0,0.8973665961010275
250.01,0.0,0.0,-0.0,0.0,-0.0,0.0,0.0,38060.75574452228,0.0,0.0,-0.0,0.0,0.0,0.0,0.0,0.0,0.0,0.0
147.65,0.0,0.0,-0.0,0.0,-0.0,0.0,0.0,38060.75574452228,0.0,0.0,-0.0,0.0,0.0,0.0,0.0,0.0,0.0,0.0
119.29,-0.0,-0.0,0.0,0.0,0.0,0.0,0.0,38060.75574452228,0.0,0.0,0.0,0.0,0.0,0.0,0.0,0.0,0.0,0.0
102.7,0.0,0.0,-0.0,0.0,-0.0,0.0,0.0,38060.75574452228,0.0,0.0,-0.0,0.0,0.0,0.0,0.0,0.0,0.0,0.0
92.54,-0.0,-0.0,0.0,0.0,0.0,0.0,0.0,38060.75574452228,0.0,0.0,0.0,0.0,0.0,0.0,0.0,0.0,0.0,0.0
92.08,0.052704627669473036,0.10540925533894607,0.11111111111111122,0.0,0.10540925533894607,0.0,-11.460000000000012,38049.29574452228,0.0,0.0,0.11111111111111122,0.0,0.0,0.0,0.0,0.0,0.0,0.0
91.71,0.5270462766947299,1.0540925533894598,1.0,0.0,0.9486832980505138,0.0,-102.75999999999999,37946.535744522276,0.0,0.0,1.0,0.0,0.0,0.0,0.0,0.0,0.0,0.0
100.55,0.5270462766947299,1.0540925533894598,0.0,0.0,0.0,0.0,0.0,37946.535744522276,0.0,0.0,0.0,0.0,0.0,0.0,0.0,0.0,0.0,0.0
116.43,-0.0,-0.0,0.0,1.0,0.0,1.0540925533894598,115.05000000000001,38061.58574452228,0.0,0.0,0.0,0.0,0.0,0.0,0.0,0.0,0.0,1.0
110.42,-0.0,-0.0,0.0,0.0,0.0,0.0,0.0,38061.58574452228,0.0,0.0,0.0,0.0,0.0,0.0,0.0,0.0,0.0,0.0
104.52,0.0,0.0,0.0,0.0,0.0,0.0,0.0,38061.58574452228,0.0,0.0,0.0,0.0,0.0,0.0,0.0,0.0,0.0,0.0
92.49,-0.0,-0.0,0.0,-0.0,0.0,-0.0,0.0,38061.58574452228,0.0,0.0,0.0,0.0,0.0,0.0,0.0,0.0,0.0,-0.0
81.06,0.0,0.0,0.0,0.0,0.0,0.0,0.0,38061.58574452228,0.0,0.0,0.0,0.0,0.0,0.0,0.0,0.0,0.0,0.0
69.93,0.0,0.0,0.0,-0.0,0.0,-0.0,0.0,38061.58574452228,0.0,0.0,0.0,0.0,0.0,0.0,0.0,0.0,0.0,-0.0
36.12,0.4743416490252569,0.9486832980505138,1.0,0.0,0.9486832980505138,0.0,-46.379999999999995,38015.20574452228,0.0,0.0,1.0,0.0,0.0,0.0,0.0,0.0,0.0,0.0
32.59,0.9486832980505138,1.8973665961010275,1.0,0.0,0.9486832980505138,0.0,-42.800000000000004,37972.40574452228,0.0,0.0,1.0,0.0,0.0,0.0,0.0,0.0,0.0,0.0
46.61,1.0,2.0,0.10818510677891963,0.0,0.10263340389897246,0.0,-6.168714788533997,37966.23702973375,0.0,0.0,0.10818510677891963,0.0,0.0,0.0,0.0,0.0,0.0,0.0
71.49,1.0,2.0,-0.0,0.0,-0.0,0.0,0.0,37966.23702973375,0.0,0.0,-0.0,0.0,0.0,0.0,0.0,0.0,0.0,0.0
79.6,1.0,2.0,0.0,0.0,0.0,0.0,0.0,37966.23702973375,0.0,0.0,0.0,0.0,0.0,0.0,0.0,0.0,0.0,0.0
89.27,1.0,2.0,-0.0,0.0,-0.0,0.0,0.0,37966.23702973375,0.0,0.0,-0.0,0.0,0.0,0.0,0.0,0.0,0.0,0.0
113.99,1.0,2.0,-0.0,0.0,-0.0,0.0,0.0,37966.23702973375,0.0,0.0,-0.0,0.0,0.0,0.0,0.0,0.0,0.0,0.0
186.01,0.5270462766947299,1.0540925533894598,0.0,0.8973665961010275,0.0,0.9459074466105402,165.6807946381327,38131.91782437188,0.0,0.0,0.0,0.0,0.0,0.0,0.0,0.0,0.0,0.8973665961010275
240.07,0.0,0.0,0.0,1.0,0.0,1.0540925533894598,238.69,38370.60782437188,0.0,0.0,0.0,0.0,0.0,0.0,0.0,0.0,0.0,1.0
180.21,0.0,0.0,0.0,-0.0,0.0,-0.0,0.0,38370.60782437188,0.0,0.0,0.0,0.0,0.0,0.0,0.0,0.0,0.0,-0.0
134.93,0.0,0.0,-0.0,0.0,-0.0,0.0,0.0,38370.60782437188,0.0,0.0,-0.0,0.0,0.0,0.0,0.0,0.0,0.0,0.0
108.5,0.0,0.0,0.0,-0.0,0.0,-0.0,0.0,38370.60782437188,0.0,0.0,0.0,0.0,0.0,0.0,0.0,0.0,0.0,-0.0
83.49,-0.0,-0.0,0.0,0.0,0.0,0.0,0.0,38370.60782437188,0.0,0.0,0.0,0.0,0.0,0.0,0.0,0.0,0.0,0.0
80.91,0.0,0.0,-0.0,0.0,-0.0,0.0,0.0,38370.60782437188,0.0,0.0,-0.0,0.0,0.0,0.0,0.0,0.0,0.0,0.0
62.95,0.0,0.0,0.0,-0.0,0.0,-0.0,0.0,38370.60782437188,0.0,0.0,0.0,0.0,0.0,0.0,0.0,0.0,0.0,-0.0
44.08,-0.0,-0.0,0.0,-0.0,0.0,-0.0,0.0,38370.60782437188,0.0,0.0,0.0,0.0,0.0,0.0,0.0,0.0,0.0,-0.0
33.19,0.0,0.0,0.0,0.0,0.0,0.0,0.0,38370.60782437188,0.0,0.0,0.0,0.0,0.0,0.0,0.0,0.0,0.0,0.0
13.58,0.0,0.0,-0.0,0.0,-0.0,0.0,0.0,38370.60782437188,0.0,0.0,-0.0,0.0,0.0,0.0,0.0,0.0,0.0,0.0
4.08,-0.0,-0.0,0.0,0.0,0.0,0.0,0.0,38370.60782437188,0.0,0.0,0.0,0.0,0.0,0.0,0.0,0.0,0.0,0.0
2.58,0.0,0.0,-0.0,0.0,-0.0,0.0,0.0,38370.60782437188,0.0,0.0,-0.0,0.0,0.0,0.0,0.0,0.0,0.0,0.0
2.3,-0.0,-0.0,0.0,0.0,0.0,0.0,0.0,38370.60782437188,0.0,0.0,0.0,0.0,0.0,0.0,0.0,0.0,0.0,0.0
0.0,-0.0,-0.0,0.0,0.0,0.0,0.0,0.0,38370.60782437188,0.0,0.0,0.0,0.0,0.0,0.0,0.0,0.0,0.0,0.0
-0.01,0.4743416490252569,0.9486832980505138,1.0,0.0,0.9486832980505138,0.0,-9.74,38360.86782437188,0.0,0.0,1.0,0.0,0.0,0.0,0.0,0.0,0.0,0.0
0.0,0.5256583509747431,1.0513167019494862,0.10818510677891963,0.0,0.10263340389897246,0.0,-1.0548047910944665,38359.81301958079,0.0,0.0,0.10818510677891963,0.0,0.0,0.0,0.0,0.0,0.0,0.0
0.02,0.5256583509747431,1.0513167019494862,0.0,0.0,0.0,0.0,0.0,38359.81301958079,0.0,0.0,0.0,0.0,0.0,0.0,0.0,0.0,0.0,0.0
0.06,0.5256583509747431,1.0513167019494862,0.0,0.0,0.0,0.0,0.0,38359.81301958079,0.0,0.0,0.0,0.0,0.0,0.0,0.0,0.0,0.0,0.0
0.0,1.0,2.0,1.0,0.0,0.9486832980505138,0.0,-9.75,38350.06301958079,0.0,0.0,1.0,0.0,0.0,0.0,0.0,0.0,0.0,0.0
0.05,1.0,2.0,0.0,0.0,0.0,0.0,0.0,38350.06301958079,0.0,0.0,0.0,0.0,0.0,0.0,0.0,0.0,0.0,0.0
2.03,1.0,2.0,0.0,0.0,0.0,0.0,0.0,38350.06301958079,0.0,0.0,0.0,0.0,0.0,0.0,0.0,0.0,0.0,0.0
3.16,1.0,2.0,-0.0,0.0,-0.0,0.0,0.0,38350.06301958079,0.0,0.0,-0.0,0.0,0.0,0.0,0.0,0.0,0.0,0.0
4.21,1.0,2.0,0.0,0.0,0.0,0.0,0.0,38350.06301958079,0.0,0.0,0.0,0.0,0.0,0.0,0.0,0.0,0.0,0.0
74.0,1.0,2.0,-0.0,0.0,-0.0,0.0,0.0,38350.06301958079,0.0,0.0,-0.0,0.0,0.0,0.0,0.0,0.0,0.0,0.0
131.05,1.0,2.0,0.0,0.0,0.0,0.0,0.0,38350.06301958079,0.0,0.0,0.0,0.0,0.0,0.0,0.0,0.0,0.0,0.0
151.1,0.4729537233052701,0.9459074466105402,0.0,1.0,0.0,1.0540925533894598,149.72,38499.78301958079,0.0,0.0,0.0,0.0,0.0,0.0,0.0,0.0,0.0,1.0
133.3,0.0,0.0,0.0,0.8973665961010275,0.0,0.9459074466105402,118.38060135764756,38618.16362093844,0.0,0.0,0.0,0.0,0.0,0.0,0.0,0.0,0.0,0.8973665961010275
117.03,-0.0,-0.0,0.0,0.0,0.0,0.0,0.0,38618.16362093844,0.0,0.0,0.0,0.0,0.0,0.0,0.0,0.0,0.0,0.0
109.07,-0.0,-0.0,0.0,0.0,0.0,0.0,0.0,38618.16362093844,0.0,0.0,0.0,0.0,0.0,0.0,0.0,0.0,0.0,0.0
103.46,-0.0,-0.0,0.0,0.0,0.0,0.0,0.0,38618.16362093844,0.0,0.0,0.0,0.0,0.0,0.0,0.0,0.0,0.0,0.0
99.98,0.0,0.0,-0.0,0.0,-0.0,0.0,0.0,38618.16362093844,0.0,0.0,-0.0,0.0,0.0,0.0,0.0,0.0,0.0,0.0
96.38,-0.0,-0.0,0.0,0.0,0.0,0.0,0.0,38618.16362093844,0.0,0.0,0.0,0.0,0.0,0.0,0.0,0.0,0.0,0.0
95.01,-0.0,-0.0,0.0,0.0,0.0,0.0,0.0,38618.16362093844,0.0,0.0,0.0,0.0,0.0,0.0,0.0,0.0,0.0,0.0
87.33,0.4743416490252569,0.9486832980505138,1.0,0.0,0.9486832980505138,0.0,-98.32,38519.84362093844,0.0,0.0,1.0,0.0,0.0,0.0,0.0,0.0,0.0,0.0
96.7,0.4743416490252569,0.9486832980505138,0.0,0.0,0.0,0.0,0.0,38519.84362093844,0.0,0.0,0.0,0.0,0.0,0.0,0.0,0.0,0.0,0.0
111.29,0.0,0.0,0.0,0.8999999999999999,0.0,0.9486832980505138,98.919,38618.76262093844,0.0,0.0,0.0,0.0,0.0,0.0,0.0,0.0,0.0,0.8999999999999999
100.0,-0.0,-0.0,0.0,-0.0,0.0,-0.0,0.0,38618.76262093844,0.0,0.0,0.0,0.0,0.0,0.0,0.0,0.0,0.0,-0.0
81.93,0.0,0.0,0.0,0.0,0.0,0.0,0.0,38618.76262093844,0.0,0.0,0.0,0.0,0.0,0.0,0.0,0.0,0.0,0.0
54.19,0.0,0.0,0.0,-0.0,0.0,-0.0,0.0,38618.76262093844,0.0,0.0,0.0,0.0,0.0,0.0,0.0,0.0,0.0,-0.0
6.69,-0.0,-0.0,0.0,0.0,0.0,0.0,0.0,38618.76262093844,0.0,0.0,0.0,0.0,0.0,0.0,0.0,0.0,0.0,0.0
-0.05,-0.0,-0.0,0.0,0.0,0.0,0.0,-0.0,38618.76262093844,0.0,0.0,0.0,0.0,0.0,0.0,0.0,0.0,0.0,0.0
-1.56,0.4743416490252569,0.9486832980505138,1.0,0.0,0.9486832980505138,0.0,-8.17,38610.59262093844,0.0,0.0,1.0,0.0,0.0,0.0,0.0,0.0,0.0,0.0
-1.37,0.9486832980505138,1.8973665961010275,1.0,0.0,0.9486832980505138,0.0,-8.36,38602.23262093844,0.0,0.0,1.0,0.0,0.0,0.0,0.0,0.0,0.0,0.0
-0.61,1.0,2.0,0.10818510677891963,0.0,0.10263340389897246,0.0,-0.9877300248915363,38601.24489091355,0.0,0.0,0.10818510677891963,0.0,0.0,0.0,0.0,0.0,0.0,0.0
2.39,1.0,2.0,0.0,0.0,0.0,0.0,0.0,38601.24489091355,0.0,0.0,0.0,0.0,0.0,0.0,0.0,0.0,0.0,0.0
39.92,1.0,2.0,-0.0,0.0,-0.0,0.0,0.0,38601.24489091355,0.0,0.0,-0.0,0.0,0.0,0.0,0.0,0.0,0.0,0.0
74.57,1.0,2.0,0.0,0.0,0.0,0.0,0.0,38601.24489091355,0.0,0.0,0.0,0.0,0.0,0.0,0.0,0.0,0.0,0.0
90.82,1.0,2.0,0.0,-0.0,0.0,-0.0,0.0,38601.24489091355,0.0,0.0,0.0,0.0,0.0,0.0,0.0,0.0,0.0,-0.0
91.53,1.0,2.0,0.0,0.0,0.0,0.0,0.0,38601.24489091355,0.0,0.0,0.0,0.0,0.0,0.0,0.0,0.0,0.0,0.0
96.76,0.5270462766947299,1.0540925533894598,0.0,0.8973665961010275,0.0,0.9459074466105402,85.590825936116,38686.835716849666,0.0,0.0,0.0,0.0,0.0,0.0,0.0,0.0,0.0,0.8973665961010275
107.83,-0.0,-0.0,0.0,1.0,0.0,1.0540925533894598,106.45,38793.28571684966,0.0,0.0,0.0,0.0,0.0,0.0,0.0,0.0,0.0,1.0
92.24,0.0,0.0,0.0,0.0,0.0,0.0,0.0,38793.28571684966,0.0,0.0,0.0,0.0,0.0,0.0,0.0,0.0,0.0,0.0
57.13,-0.0,-0.0,0.0,0.0,0.0,0.0,0.0,38793.28571684966,0.0,0.0,0.0,0.0,0.0,0.0,0.0,0.0,0.0,0.0
44.2,0.0,0.0,-0.0,0.0,-0.0,0.0,0.0,38793.28571684966,0.0,0.0,-0.0,0.0,0.0,0.0,0.0,0.0,0.0,0.0
25.04,-0.0,-0.0,0.0,0.0,0.0,0.0,0.0,38793.28571684966,0.0,0.0,0.0,0.0,0.0,0.0,0.0,0.0,0.0,0.0
21.06,-0.0,-0.0,0.0,0.0,0.0,0.0,0.0,38793.28571684966,0.0,0.0,0.0,0.0,0.0,0.0,0.0,0.0,0.0,0.0
13.0,-0.0,-0.0,0.0,0.0,0.0,0.0,0.0,38793.28571684966,0.0,0.0,0.0,0.0,0.0,0.0,0.0,0.0,0.0,0.0
8.7,0.4743416490252569,0.9486832980505138,1.0,0.0,0.9486832980505138,0.0,-18.57,38774.71571684966,0.0,0.0,1.0,0.0,0.0,0.0,0.0,0.0,0.0,0.0
11.9,0.4743416490252569,0.9486832980505138,0.0,0.0,0.0,0.0,0.0,38774.71571684966,0.0,0.0,0.0,0.0,0.0,0.0,0.0,0.0,0.0,0.0
25.16,-0.0,-0.0,0.0,0.8999999999999999,0.0,0.9486832980505138,21.401999999999997,38796.117716849665,0.0,0.0,0.0,0.0,0.0,0.0,0.0,0.0,0.0,0.8999999999999999
17.86,0.0,0.0,0.0,0.0,0.0,0.0,0.0,38796.117716849665,0.0,0.0,0.0,0.0,0.0,0.0,0.0,0.0,0.0,0.0
3.34,-0.0,-0.0,0.0,0.0,0.0,0.0,0.0,38796.117716849665,0.0,0.0,0.0,0.0,0.0,0.0,0.0,0.0,0.0,0.0
0.66,-0.0,-0.0,0.0,0.0,0.0,0.0,0.0,38796.117716849665,0.0,0.0,0.0,0.0,0.0,0.0,0.0,0.0,0.0,0.0
0.55,-0.0,-0.0,0.0,0.0,0.0,0.0,0.0,38796.117716849665,0.0,0.0,0.0,0.0,0.0,0.0,0.0,0.0,0.0,0.0
-0.08,-0.0,-0.0,0.0,0.0,0.0,0.0,-0.0,38796.117716849665,0.0,0.0,0.0,0.0,0.0,0.0,0.0,0.0,0.0,0.0
-0.54,-0.0,-0.0,0.0,0.0,0.0,0.0,-0.0,38796.117716849665,0.0,0.0,0.0,0.0,0.0,0.0,0.0,0.0,0.0,0.0
-1.49,0.4743416490252569,0.9486832980505138,1.0,0.0,0.9486832980505138,0.0,-8.24,38787.87771684967,0.0,0.0,1.0,0.0,0.0,0.0,0.0,0.0,0.0,0.0
-0.9,0.5256583509747431,1.0513167019494862,0.10818510677891963,0.0,0.10263340389897246,0.0,-0.9563563439256495,38786.921360505745,0.0,0.0,0.10818510677891963,0.0,0.0,0.0,0.0,0.0,0.0,0.0
-2.0,1.0,2.0,1.0,0.0,0.9486832980505138,0.0,-7.720000000000001,38779.201360505744,0.0,0.0,1.0,0.0,0.0,0.0,0.0,0.0,0.0,0.0
0.0,1.0,2.0,0.0,0.0,0.0,0.0,0.0,38779.201360505744,0.0,0.0,0.0,0.0,0.0,0.0,0.0,0.0,0.0,0.0
28.0,1.0,2.0,0.0,-0.0,0.0,-0.0,0.0,38779.201360505744,0.0,0.0,0.0,0.0,0.0,0.0,0.0,0.0,0.0,-0.0
51.29,1.0,2.0,0.0,-0.0,0.0,-0.0,0.0,38779.201360505744,0.0,0.0,0.0,0.0,0.0,0.0,0.0,0.0,0.0,-0.0
79.48,1.0,2.0,0.0,-0.0,0.0,-0.0,0.0,38779.201360505744,0.0,0.0,0.0,0.0,0.0,0.0,0.0,0.0,0.0,-0.0
105.36,1.0,2.0,0.0,0.0,0.0,0.0,0.0,38779.201360505744,0.0,0.0,0.0,0.0,0.0,0.0,0.0,0.0,0.0,0.0
112.27,0.4729537233052701,0.9459074466105402,0.0,1.0,0.0,1.0540925533894598,110.89,38890.09136050574,0.0,0.0,0.0,0.0,0.0,0.0,0.0,0.0,0.0,1.0
107.23,0.0,0.0,0.0,0.8973665961010275,0.0,0.9459074466105402,94.98625419729376,38985.077614703034,0.0,0.0,0.0,0.0,0.0,0.0,0.0,0.0,0.0,0.8973665961010275
80.03,-0.0,-0.0,0.0,0.0,0.0,0.0,0.0,38985.077614703034,0.0,0.0,0.0,0.0,0.0,0.0,0.0,0.0,0.0,0.0
70.0,-0.0,-0.0,-0.0,0.0,-0.0,0.0,0.0,38985.077614703034,0.0,0.0,-0.0,0.0,0.0,0.0,0.0,0.0,0.0,0.0
73.92,-0.0,-0.0,0.0,0.0,0.0,0.0,0.0,38985.077614703034,0.0,0.0,0.0,0.0,0.0,0.0,0.0,0.0,0.0,0.0
74.13,-0.0,-0.0,0.0,0.0,0.0,0.0,0.0,38985.077614703034,0.0,0.0,0.0,0.0,0.0,0.0,0.0,0.0,0.0,0.0
73.49,-0.0,-0.0,0.0,0.0,0.0,0.0,0.0,38985.077614703034,0.0,0.0,0.0,0.0,0.0,0.0,0.0,0.0,0.0,0.0
79.67,-0.0,-0.0,0.0,0.0,0.0,0.0,0.0,38985.077614703034,0.0,0.0,0.0,0.0,0.0,0.0,0.0,0.0,0.0,0.0
78.46,-0.0,-0.0,0.0,0.0,0.0,0.0,0.0,38985.077614703034,0.0,0.0,0.0,0.0,0.0,0.0,0.0,0.0,0.0,0.0
77.57,-0.0,-0.0,0.0,0.0,0.0,0.0,0.0,38985.077614703034,0.0,0.0,0.0,0.0,0.0,0.0,0.0,0.0,0.0,0.0
70.57,0.0,0.0,0.0,0.0,0.0,0.0,0.0,38985.077614703034,0.0,0.0,0.0,0.0,0.0,0.0,0.0,0.0,0.0,0.0
38.81,0.0,0.0,-0.0,0.0,-0.0,0.0,0.0,38985.077614703034,0.0,0.0,-0.0,0.0,0.0,0.0,0.0,0.0,0.0,0.0
19.21,-0.0,-0.0,0.0,0.0,0.0,0.0,0.0,38985.077614703034,0.0,0.0,0.0,0.0,0.0,0.0,0.0,0.0,0.0,0.0
13.19,0.0,0.0,-0.0,0.0,-0.0,0.0,0.0,38985.077614703034,0.0,0.0,-0.0,0.0,0.0,0.0,0.0,0.0,0.0,0.0
10.26,0.4743416490252569,0.9486832980505138,1.0,0.0,0.9486832980505138,0.0,-20.16,38964.91761470303,0.0,0.0,1.0,0.0,0.0,0.0,0.0,0.0,0.0,0.0
5.85,0.9486832980505138,1.8973665961010275,1.0,0.0,0.9486832980505138,0.0,-15.68,38949.23761470303,0.0,0.0,1.0,0.0,0.0,0.0,0.0,0.0,0.0,0.0
11.2,1.0,2.0,0.10818510677891963,0.0,0.10263340389897246,0.0,-2.283787604102993,38946.95382709893,0.0,0.0,0.10818510677891963,0.0,0.0,0.0,0.0,0.0,0.0,0.0
50.57,1.0,2.0,0.0,-0.0,0.0,-0.0,0.0,38946.95382709893,0.0,0.0,0.0,0.0,0.0,0.0,0.0,0.0,0.0,-0.0
70.77,1.0,2.0,0.0,-0.0,0.0,-0.0,0.0,38946.95382709893,0.0,0.0,0.0,0.0,0.0,0.0,0.0,0.0,0.0,-0.0
100.29,1.0,2.0,0.0,-0.0,0.0,-0.0,0.0,38946.95382709893,0.0,0.0,0.0,0.0,0.0,0.0,0.0,0.0,0.0,-0.0
107.37,1.0,2.0,0.0,-0.0,0.0,-0.0,0.0,38946.95382709893,0.0,0.0,0.0,0.0,0.0,0.0,0.0,0.0,0.0,-0.0
112.16,1.0,2.0,0.0,-0.0,0.0,-0.0,0.0,38946.95382709893,0.0,0.0,0.0,0.0,0.0,0.0,0.0,0.0,0.0,-0.0
120.32,1.0,2.0,0.0,-0.0,0.0,-0.0,0.0,38946.95382709893,0.0,0.0,0.0,0.0,0.0,0.0,0.0,0.0,0.0,-0.0
125.04,0.5256583509747431,1.0513167019494862,0.0,0.8999999999999999,0.0,0.9486832980505138,111.294,39058.24782709893,0.0,0.0,0.0,0.0,0.0,0.0,0.0,0.0,0.0,0.8999999999999999
122.21,0.5256583509747431,1.0513167019494862,0.0,0.0,0.0,0.0,0.0,39058.24782709893,0.0,0.0,0.0,0.0,0.0,0.0,0.0,0.0,0.0,0.0
110.78,0.5256583509747431,1.0513167019494862,0.0,0.0,0.0,0.0,0.0,39058.24782709893,0.0,0.0,0.0,0.0,0.0,0.0,0.0,0.0,0.0,0.0
118.84,0.5256583509747431,1.0513167019494862,0.0,0.0,0.0,0.0,0.0,39058.24782709893,0.0,0.0,0.0,0.0,0.0,0.0,0.0,0.0,0.0,0.0
107.42,0.5256583509747431,1.0513167019494862,0.0,0.0,0.0,0.0,0.0,39058.24782709893,0.0,0.0,0.0,0.0,0.0,0.0,0.0,0.0,0.0,0.0
101.92,0.5256583509747431,1.0513167019494862,0.0,0.0,0.0,0.0,0.0,39058.24782709893,0.0,0.0,0.0,0.0,0.0,0.0,0.0,0.0,0.0,0.0
99.12,1.0,2.0,1.0,0.0,0.9486832980505138,0.0,-110.28,38947.96782709893,0.0,0.0,1.0,0.0,0.0,0.0,0.0,0.0,0.0,0.0
101.0,1.0,2.0,0.0,0.0,0.0,0.0,0.0,38947.96782709893,0.0,0.0,0.0,0.0,0.0,0.0,0.0,0.0,0.0,0.0
100.9,1.0,2.0,-0.0,0.0,-0.0,0.0,0.0,38947.96782709893,0.0,0.0,-0.0,0.0,0.0,0.0,0.0,0.0,0.0,0.0
125.12,1.0,2.0,0.0,0.0,0.0,0.0,0.0,38947.96782709893,0.0,0.0,0.0,0.0,0.0,0.0,0.0,0.0,0.0,0.0
131.01,1.0,2.0,0.0,0.0,0.0,0.0,0.0,38947.96782709893,0.0,0.0,0.0,0.0,0.0,0.0,0.0,0.0,0.0,0.0
146.64,0.4729537233052701,0.9459074466105402,0.0,1.0,0.0,1.0540925533894598,145.26,39093.22782709893,0.0,0.0,0.0,0.0,0.0,0.0,0.0,0.0,0.0,1.0
131.99,-0.0,-0.0,0.0,0.8973665961010275,0.0,0.9459074466105402,117.20505111675521,39210.43287821569,0.0,0.0,0.0,0.0,0.0,0.0,0.0,0.0,0.0,0.8973665961010275
108.64,0.0,0.0,0.0,0.0,0.0,0.0,0.0,39210.43287821569,0.0,0.0,0.0,0.0,0.0,0.0,0.0,0.0,0.0,0.0
92.37,-0.0,-0.0,0.0,-0.0,0.0,-0.0,0.0,39210.43287821569,0.0,0.0,0.0,0.0,0.0,0.0,0.0,0.0,0.0,-0.0
78.72,0.0,0.0,0.0,0.0,0.0,0.0,0.0,39210.43287821569,0.0,0.0,0.0,0.0,0.0,0.0,0.0,0.0,0.0,0.0
61.07,-0.0,-0.0,0.0,0.0,0.0,0.0,0.0,39210.43287821569,0.0,0.0,0.0,0.0,0.0,0.0,0.0,0.0,0.0,0.0
52.61,0.05131670194948623,0.10263340389897246,0.10818510677891963,0.0,0.10263340389897246,0.0,-6.827562088817618,39203.60531612687,0.0,0.0,0.10818510677891963,0.0,0.0,0.0,0.0,0.0,0.0,0.0
50.67,0.5256583509747431,1.0513167019494862,1.0,0.0,0.9486832980505138,0.0,-61.14,39142.46531612687,0.0,0.0,1.0,0.0,0.0,0.0,0.0,0.0,0.0,0.0
45.95,1.0,2.0,1.0,0.0,0.9486832980505138,0.0,-56.35,39086.115316126874,0.0,0.0,1.0,0.0,0.0,0.0,0.0,0.0,0.0,0.0
60.31,1.0,2.0,0.0,0.0,0.0,0.0,0.0,39086.115316126874,0.0,0.0,0.0,0.0,0.0,0.0,0.0,0.0,0.0,0.0
77.98,1.0,2.0,0.0,-0.0,0.0,-0.0,0.0,39086.115316126874,0.0,0.0,0.0,0.0,0.0,0.0,0.0,0.0,0.0,-0.0
92.27,1.0,2.0,0.0,0.0,0.0,0.0,0.0,39086.115316126874,0.0,0.0,0.0,0.0,0.0,0.0,0.0,0.0,0.0,0.0
97.28,1.0,2.0,0.0,0.0,0.0,0.0,0.0,39086.115316126874,0.0,0.0,0.0,0.0,0.0,0.0,0.0,0.0,0.0,0.0
109.92,0.5270462766947299,1.0540925533894598,0.0,0.8973665961010275,0.0,0.9459074466105402,97.40017034080553,39183.51548646768,0.0,0.0,0.0,0.0,0.0,0.0,0.0,0.0,0.0,0.8973665961010275
110.09,0.0,0.0,0.0,1.0,0.0,1.0540925533894598,108.71000000000001,39292.22548646768,0.0,0.0,0.0,0.0,0.0,0.0,0.0,0.0,0.0,1.0
87.3,-0.0,-0.0,0.0,0.0,0.0,0.0,0.0,39292.22548646768,0.0,0.0,0.0,0.0,0.0,0.0,0.0,0.0,0.0,0.0
103.83,-0.0,-0.0,0.0,0.0,0.0,0.0,0.0,39292.22548646768,0.0,0.0,0.0,0.0,0.0,0.0,0.0,0.0,0.0,0.0
92.9,-0.0,-0.0,0.0,0.0,0.0,0.0,0.0,39292.22548646768,0.0,0.0,0.0,0.0,0.0,0.0,0.0,0.0,0.0,0.0
81.49,0.4743416490252569,0.9486832980505138,1.0,0.0,0.9486832980505138,0.0,-92.39999999999999,39199.82548646768,0.0,0.0,1.0,0.0,0.0,0.0,0.0,0.0,0.0,0.0
84.78,0.9486832980505138,1.8973665961010275,1.0,0.0,0.9486832980505138,0.0,-95.73,39104.095486467675,0.0,0.0,1.0,0.0,0.0,0.0,0.0,0.0,0.0,0.0
85.37,1.0,2.0,0.10818510677891963,0.0,0.10263340389897246,0.0,-10.421471336013328,39093.67401513166,0.0,0.0,0.10818510677891963,0.0,0.0,0.0,0.0,0.0,0.0,0.0
91.14,1.0,2.0,0.0,0.0,0.0,0.0,0.0,39093.67401513166,0.0,0.0,0.0,0.0,0.0,0.0,0.0,0.0,0.0,0.0
107.99,1.0,2.0,0.0,0.0,0.0,0.0,0.0,39093.67401513166,0.0,0.0,0.0,0.0,0.0,0.0,0.0,0.0,0.0,0.0
118.65,0.4729537233052701,0.9459074466105402,0.0,1.0,0.0,1.0540925533894598,117.27000000000001,39210.94401513166,0.0,0.0,0.0,0.0,0.0,0.0,0.0,0.0,0.0,1.0
117.76,0.0,0.0,0.0,0.8973665961010275,0.0,0.9459074466105402,104.43552445423758,39315.3795395859,0.0,0.0,0.0,0.0,0.0,0.0,0.0,0.0,0.0,0.8973665961010275
94.06,-0.0,-0.0,0.0,0.0,0.0,0.0,0.0,39315.3795395859,0.0,0.0,0.0,0.0,0.0,0.0,0.0,0.0,0.0,0.0
81.78,0.0,0.0,-0.0,0.0,-0.0,0.0,0.0,39315.3795395859,0.0,0.0,-0.0,0.0,0.0,0.0,0.0,0.0,0.0,0.0
78.44,0.0,0.0,-0.0,0.0,-0.0,0.0,0.0,39315.3795395859,0.0,0.0,-0.0,0.0,0.0,0.0,0.0,0.0,0.0,0.0
60.15,-0.0,-0.0,0.0,0.0,0.0,0.0,0.0,39315.3795395859,0.0,0.0,0.0,0.0,0.0,0.0,0.0,0.0,0.0,0.0
54.72,0.05131670194948623,0.10263340389897246,0.10818510677891963,0.0,0.10263340389897246,0.0,-7.0590782173245055,39308.320461368574,0.0,0.0,0.10818510677891963,0.0,0.0,0.0,0.0,0.0,0.0,0.0
53.04,0.5256583509747431,1.0513167019494862,1.0,0.0,0.9486832980505138,0.0,-63.54,39244.78046136857,0.0,0.0,1.0,0.0,0.0,0.0,0.0,0.0,0.0,0.0
54.65,1.0,2.0,1.0,0.0,0.9486832980505138,0.0,-65.17999999999999,39179.60046136857,0.0,0.0,1.0,0.0,0.0,0.0,0.0,0.0,0.0,0.0
65.2,1.0,2.0,0.0,0.0,0.0,0.0,0.0,39179.60046136857,0.0,0.0,0.0,0.0,0.0,0.0,0.0,0.0,0.0,0.0
79.98,1.0,2.0,0.0,-0.0,0.0,-0.0,0.0,39179.60046136857,0.0,0.0,0.0,0.0,0.0,0.0,0.0,0.0,0.0,-0.0
83.92,1.0,2.0,-0.0,0.0,-0.0,0.0,0.0,39179.60046136857,0.0,0.0,-0.0,0.0,0.0,0.0,0.0,0.0,0.0,0.0
102.1,1.0,2.0,0.0,0.0,0.0,0.0,0.0,39179.60046136857,0.0,0.0,0.0,0.0,0.0,0.0,0.0,0.0,0.0,0.0
122.77,0.5270462766947299,1.0540925533894598,0.0,0.8973665961010275,0.0,0.9459074466105402,108.93133110070373,39288.53179246928,0.0,0.0,0.0,0.0,0.0,0.0,0.0,0.0,0.0,0.8973665961010275
123.34,-0.0,-0.0,0.0,1.0,0.0,1.0540925533894598,121.96000000000001,39410.49179246928,0.0,0.0,0.0,0.0,0.0,0.0,0.0,0.0,0.0,1.0
116.65,0.0,0.0,0.0,0.0,0.0,0.0,0.0,39410.49179246928,0.0,0.0,0.0,0.0,0.0,0.0,0.0,0.0,0.0,0.0
100.95,-0.0,-0.0,0.0,0.0,0.0,0.0,0.0,39410.49179246928,0.0,0.0,0.0,0.0,0.0,0.0,0.0,0.0,0.0,0.0
97.15,-0.0,-0.0,0.0,0.0,0.0,0.0,0.0,39410.49179246928,0.0,0.0,0.0,0.0,0.0,0.0,0.0,0.0,0.0,0.0
86.85,0.0,0.0,-0.0,0.0,-0.0,0.0,0.0,39410.49179246928,0.0,0.0,-0.0,0.0,0.0,0.0,0.0,0.0,0.0,0.0
83.86,0.4743416490252569,0.9486832980505138,1.0,0.0,0.9486832980505138,0.0,-94.8,39315.691792469275,0.0,0.0,1.0,0.0,0.0,0.0,0.0,0.0,0.0,0.0
84.65,0.9486832980505138,1.8973665961010275,1.0,0.0,0.9486832980505138,0.0,-95.60000000000001,39220.09179246928,0.0,0.0,1.0,0.0,0.0,0.0,0.0,0.0,0.0,0.0
85.1,1.0,2.0,0.10818510677891963,0.0,0.10263340389897246,0.0,-10.392261357183019,39209.69953111209,0.0,0.0,0.10818510677891963,0.0,0.0,0.0,0.0,0.0,0.0,0.0
96.15,1.0,2.0,0.0,0.0,0.0,0.0,0.0,39209.69953111209,0.0,0.0,0.0,0.0,0.0,0.0,0.0,0.0,0.0,0.0
113.66,0.5270462766947299,1.0540925533894598,0.0,0.8973665961010275,0.0,0.9459074466105402,100.75632141022336,39310.45585252232,0.0,0.0,0.0,0.0,0.0,0.0,0.0,0.0,0.0,0.8973665961010275
116.46,-0.0,-0.0,0.0,1.0,0.0,1.0540925533894598,115.08,39425.53585252232,0.0,0.0,0.0,0.0,0.0,0.0,0.0,0.0,0.0,1.0
113.59,0.0,0.0,0.0,0.0,0.0,0.0,0.0,39425.53585252232,0.0,0.0,0.0,0.0,0.0,0.0,0.0,0.0,0.0,0.0
95.66,-0.0,-0.0,0.0,-0.0,0.0,-0.0,0.0,39425.53585252232,0.0,0.0,0.0,0.0,0.0,0.0,0.0,0.0,0.0,-0.0
84.68,-0.0,-0.0,0.0,0.0,0.0,0.0,0.0,39425.53585252232,0.0,0.0,0.0,0.0,0.0,0.0,0.0,0.0,0.0,0.0
77.77,0.0,0.0,0.0,0.0,0.0,0.0,0.0,39425.53585252232,0.0,0.0,0.0,0.0,0.0,0.0,0.0,0.0,0.0,0.0
65.67,-0.0,-0.0,0.0,0.0,0.0,0.0,0.0,39425.53585252232,0.0,0.0,0.0,0.0,0.0,0.0,0.0,0.0,0.0,0.0
46.69,0.4743416490252569,0.9486832980505138,1.0,0.0,0.9486832980505138,0.0,-57.099999999999994,39368.43585252232,0.0,0.0,1.0,0.0,0.0,0.0,0.0,0.0,0.0,0.0
37.78,0.9486832980505138,1.8973665961010275,1.0,0.0,0.9486832980505138,0.0,-48.07,39320.36585252232,0.0,0.0,1.0,0.0,0.0,0.0,0.0,0.0,0.0,0.0
48.32,1.0,2.0,0.10818510677891963,0.0,0.10263340389897246,0.0,-6.356956874329317,39314.008895647996,0.0,0.0,0.10818510677891963,0.0,0.0,0.0,0.0,0.0,0.0,0.0
71.13,1.0,2.0,0.0,-0.0,0.0,-0.0,0.0,39314.008895647996,0.0,0.0,0.0,0.0,0.0,0.0,0.0,0.0,0.0,-0.0
84.73,1.0,2.0,0.0,-0.0,0.0,-0.0,0.0,39314.008895647996,0.0,0.0,0.0,0.0,0.0,0.0,0.0,0.0,0.0,-0.0
99.01,1.0,2.0,0.0,0.0,0.0,0.0,0.0,39314.008895647996,0.0,0.0,0.0,0.0,0.0,0.0,0.0,0.0,0.0,0.0
115.98,1.0,2.0,0.0,-0.0,0.0,-0.0,0.0,39314.008895647996,0.0,0.0,0.0,0.0,0.0,0.0,0.0,0.0,0.0,-0.0
135.34,0.5270462766947299,1.0540925533894598,0.0,0.8973665961010275,0.0,0.9459074466105402,120.21122921369364,39434.22012486169,0.0,0.0,0.0,0.0,0.0,0.0,0.0,0.0,0.0,0.8973665961010275
138.24,0.0,0.0,0.0,1.0,0.0,1.0540925533894598,136.86,39571.08012486169,0.0,0.0,0.0,0.0,0.0,0.0,0.0,0.0,0.0,1.0
119.79,-0.0,-0.0,0.0,0.0,0.0,0.0,0.0,39571.08012486169,0.0,0.0,0.0,0.0,0.0,0.0,0.0,0.0,0.0,0.0
104.9,-0.0,-0.0,0.0,0.0,0.0,0.0,0.0,39571.08012486169,0.0,0.0,0.0,0.0,0.0,0.0,0.0,0.0,0.0,0.0
100.91,-0.0,-0.0,0.0,0.0,0.0,0.0,0.0,39571.08012486169,0.0,0.0,0.0,0.0,0.0,0.0,0.0,0.0,0.0,0.0
95.73,0.0,0.0,-0.0,0.0,-0.0,0.0,0.0,39571.08012486169,0.0,0.0,-0.0,0.0,0.0,0.0,0.0,0.0,0.0,0.0
89.1,-0.0,-0.0,0.0,0.0,0.0,0.0,0.0,39571.08012486169,0.0,0.0,0.0,0.0,0.0,0.0,0.0,0.0,0.0,0.0
86.45,0.0,0.0,-0.0,0.0,-0.0,0.0,0.0,39571.08012486169,0.0,0.0,-0.0,0.0,0.0,0.0,0.0,0.0,0.0,0.0
87.97,-0.0,-0.0,0.0,0.0,0.0,0.0,0.0,39571.08012486169,0.0,0.0,0.0,0.0,0.0,0.0,0.0,0.0,0.0,0.0
98.62,-0.0,-0.0,0.0,0.0,0.0,0.0,0.0,39571.08012486169,0.0,0.0,0.0,0.0,0.0,0.0,0.0,0.0,0.0,0.0
107.61,-0.0,-0.0,0.0,-0.0,0.0,-0.0,0.0,39571.08012486169,0.0,0.0,0.0,0.0,0.0,0.0,0.0,0.0,0.0,-0.0
107.23,0.0,0.0,0.0,0.0,0.0,0.0,0.0,39571.08012486169,0.0,0.0,0.0,0.0,0.0,0.0,0.0,0.0,0.0,0.0
105.35,0.0,0.0,0.0,-0.0,0.0,-0.0,0.0,39571.08012486169,0.0,0.0,0.0,0.0,0.0,0.0,0.0,0.0,0.0,-0.0
88.9,0.0,0.0,0.0,-0.0,0.0,-0.0,0.0,39571.08012486169,0.0,0.0,0.0,0.0,0.0,0.0,0.0,0.0,0.0,-0.0
82.0,0.0,0.0,0.0,-0.0,0.0,-0.0,0.0,39571.08012486169,0.0,0.0,0.0,0.0,0.0,0.0,0.0,0.0,0.0,-0.0
65.33,0.0,0.0,0.0,-0.0,0.0,-0.0,0.0,39571.08012486169,0.0,0.0,0.0,0.0,0.0,0.0,0.0,0.0,0.0,-0.0
45.22,0.05131670194948623,0.10263340389897246,0.10818510677891963,0.0,0.10263340389897246,0.0,-6.01617378797572,39565.06395107372,0.0,0.0,0.10818510677891963,0.0,0.0,0.0,0.0,0.0,0.0,0.0
39.51,0.5256583509747431,1.0513167019494862,1.0,0.0,0.9486832980505138,0.0,-49.82,39515.24395107372,0.0,0.0,1.0,0.0,0.0,0.0,0.0,0.0,0.0,0.0
39.55,1.0,2.0,1.0,0.0,0.9486832980505138,0.0,-49.86,39465.383951073716,0.0,0.0,1.0,0.0,0.0,0.0,0.0,0.0,0.0,0.0
56.71,1.0,2.0,0.0,0.0,0.0,0.0,0.0,39465.383951073716,0.0,0.0,0.0,0.0,0.0,0.0,0.0,0.0,0.0,0.0
76.8,1.0,2.0,0.0,-0.0,0.0,-0.0,0.0,39465.383951073716,0.0,0.0,0.0,0.0,0.0,0.0,0.0,0.0,0.0,-0.0
86.4,1.0,2.0,0.0,-0.0,0.0,-0.0,0.0,39465.383951073716,0.0,0.0,0.0,0.0,0.0,0.0,0.0,0.0,0.0,-0.0
100.2,1.0,2.0,-0.0,0.0,-0.0,0.0,0.0,39465.383951073716,0.0,0.0,-0.0,0.0,0.0,0.0,0.0,0.0,0.0,0.0
114.39,1.0,2.0,0.0,0.0,0.0,0.0,0.0,39465.383951073716,0.0,0.0,0.0,0.0,0.0,0.0,0.0,0.0,0.0,0.0
134.67,0.4729537233052701,0.9459074466105402,0.0,1.0,0.0,1.0540925533894598,133.29,39598.67395107372,0.0,0.0,0.0,0.0,0.0,0.0,0.0,0.0,0.0,1.0
132.7,-0.0,-0.0,0.0,0.8973665961010275,0.0,0.9459074466105402,117.84218139998693,39716.516132473706,0.0,0.0,0.0,0.0,0.0,0.0,0.0,0.0,0.0,0.8973665961010275
120.88,0.0,0.0,0.0,0.0,0.0,0.0,0.0,39716.516132473706,0.0,0.0,0.0,0.0,0.0,0.0,0.0,0.0,0.0,0.0
107.69,-0.0,-0.0,0.0,0.0,0.0,0.0,0.0,39716.516132473706,0.0,0.0,0.0,0.0,0.0,0.0,0.0,0.0,0.0,0.0
104.75,-0.0,-0.0,0.0,0.0,0.0,0.0,0.0,39716.516132473706,0.0,0.0,0.0,0.0,0.0,0.0,0.0,0.0,0.0,0.0
99.57,-0.0,-0.0,0.0,0.0,0.0,0.0,0.0,39716.516132473706,0.0,0.0,0.0,0.0,0.0,0.0,0.0,0.0,0.0,0.0
95.0,0.0,0.0,-0.0,0.0,-0.0,0.0,0.0,39716.516132473706,0.0,0.0,-0.0,0.0,0.0,0.0,0.0,0.0,0.0,0.0
90.69,0.0,0.0,-0.0,0.0,-0.0,0.0,0.0,39716.516132473706,0.0,0.0,-0.0,0.0,0.0,0.0,0.0,0.0,0.0,0.0
91.53,-0.0,-0.0,0.0,0.0,0.0,0.0,0.0,39716.516132473706,0.0,0.0,0.0,0.0,0.0,0.0,0.0,0.0,0.0,0.0
99.4,-0.0,-0.0,0.0,0.0,0.0,0.0,0.0,39716.516132473706,0.0,0.0,0.0,0.0,0.0,0.0,0.0,0.0,0.0,0.0
107.41,-0.0,-0.0,0.0,-0.0,0.0,-0.0,0.0,39716.516132473706,0.0,0.0,0.0,0.0,0.0,0.0,0.0,0.0,0.0,-0.0
105.92,-0.0,-0.0,0.0,0.0,0.0,0.0,0.0,39716.516132473706,0.0,0.0,0.0,0.0,0.0,0.0,0.0,0.0,0.0,0.0
105.18,0.0,0.0,0.0,0.0,0.0,0.0,0.0,39716.516132473706,0.0,0.0,0.0,0.0,0.0,0.0,0.0,0.0,0.0,0.0
93.3,-0.0,-0.0,0.0,-0.0,0.0,-0.0,0.0,39716.516132473706,0.0,0.0,0.0,0.0,0.0,0.0,0.0,0.0,0.0,-0.0
82.9,-0.0,-0.0,0.0,0.0,0.0,0.0,0.0,39716.516132473706,0.0,0.0,0.0,0.0,0.0,0.0,0.0,0.0,0.0,0.0
73.15,0.0,0.0,0.0,0.0,0.0,0.0,0.0,39716.516132473706,0.0,0.0,0.0,0.0,0.0,0.0,0.0,0.0,0.0,0.0
63.82,0.0,0.0,0.0,-0.0,0.0,-0.0,0.0,39716.516132473706,0.0,0.0,0.0,0.0,0.0,0.0,0.0,0.0,0.0,-0.0
42.16,0.05131670194948623,0.10263340389897246,0.10818510677891963,0.0,0.10263340389897246,0.0,-5.680799956961069,39710.83533251674,0.0,0.0,0.10818510677891963,0.0,0.0,0.0,0.0,0.0,0.0,0.0
32.04,0.5256583509747431,1.0513167019494862,1.0,0.0,0.9486832980505138,0.0,-42.239999999999995,39668.59533251674,0.0,0.0,1.0,0.0,0.0,0.0,0.0,0.0,0.0,0.0
38.1,1.0,2.0,1.0,0.0,0.9486832980505138,0.0,-48.39,39620.20533251674,0.0,0.0,1.0,0.0,0.0,0.0,0.0,0.0,0.0,0.0
59.55,1.0,2.0,0.0,0.0,0.0,0.0,0.0,39620.20533251674,0.0,0.0,0.0,0.0,0.0,0.0,0.0,0.0,0.0,0.0
83.15,1.0,2.0,0.0,-0.0,0.0,-0.0,0.0,39620.20533251674,0.0,0.0,0.0,0.0,0.0,0.0,0.0,0.0,0.0,-0.0
86.44,1.0,2.0,0.0,-0.0,0.0,-0.0,0.0,39620.20533251674,0.0,0.0,0.0,0.0,0.0,0.0,0.0,0.0,0.0,-0.0
101.93,1.0,2.0,0.0,0.0,0.0,0.0,0.0,39620.20533251674,0.0,0.0,0.0,0.0,0.0,0.0,0.0,0.0,0.0,0.0
117.5,0.5270462766947299,1.0540925533894598,0.0,0.8973665961010275,0.0,0.9459074466105402,104.20220913925131,39724.40754165599,0.0,0.0,0.0,0.0,0.0,0.0,0.0,0.0,0.0,0.8973665961010275
118.08,-0.0,-0.0,0.0,1.0,0.0,1.0540925533894598,116.7,39841.10754165599,0.0,0.0,0.0,0.0,0.0,0.0,0.0,0.0,0.0,1.0
113.8,-0.0,-0.0,0.0,0.0,0.0,0.0,0.0,39841.10754165599,0.0,0.0,0.0,0.0,0.0,0.0,0.0,0.0,0.0,0.0
103.82,-0.0,-0.0,0.0,0.0,0.0,0.0,0.0,39841.10754165599,0.0,0.0,0.0,0.0,0.0,0.0,0.0,0.0,0.0,0.0
112.23,-0.0,-0.0,0.0,0.0,0.0,0.0,0.0,39841.10754165599,0.0,0.0,0.0,0.0,0.0,0.0,0.0,0.0,0.0,0.0
104.57,0.0,0.0,0.0,0.0,0.0,0.0,0.0,39841.10754165599,0.0,0.0,0.0,0.0,0.0,0.0,0.0,0.0,0.0,0.0
90.2,0.0,0.0,0.0,-0.0,0.0,-0.0,0.0,39841.10754165599,0.0,0.0,0.0,0.0,0.0,0.0,0.0,0.0,0.0,-0.0
85.0,-0.0,-0.0,0.0,0.0,0.0,0.0,0.0,39841.10754165599,0.0,0.0,0.0,0.0,0.0,0.0,0.0,0.0,0.0,0.0
85.66,0.0,0.0,0.0,-0.0,0.0,-0.0,0.0,39841.10754165599,0.0,0.0,0.0,0.0,0.0,0.0,0.0,0.0,0.0,-0.0
84.56,0.0,0.0,0.0,-0.0,0.0,-0.0,0.0,39841.10754165599,0.0,0.0,0.0,0.0,0.0,0.0,0.0,0.0,0.0,-0.0
75.0,0.0,0.0,0.0,-0.0,0.0,-0.0,0.0,39841.10754165599,0.0,0.0,0.0,0.0,0.0,0.0,0.0,0.0,0.0,-0.0
71.65,-0.0,-0.0,0.0,-0.0,0.0,-0.0,0.0,39841.10754165599,0.0,0.0,0.0,0.0,0.0,0.0,0.0,0.0,0.0,-0.0
66.8,0.0,0.0,0.0,0.0,0.0,0.0,0.0,39841.10754165599,0.0,0.0,0.0,0.0,0.0,0.0,0.0,0.0,0.0,0.0
40.59,0.0,0.0,0.0,-0.0,0.0,-0.0,0.0,39841.10754165599,0.0,0.0,0.0,0.0,0.0,0.0,0.0,0.0,0.0,-0.0
18.19,0.0,0.0,0.0,-0.0,0.0,-0.0,0.0,39841.10754165599,0.0,0.0,0.0,0.0,0.0,0.0,0.0,0.0,0.0,-0.0
3.0,-0.0,-0.0,0.0,0.0,0.0,0.0,0.0,39841.10754165599,0.0,0.0,0.0,0.0,0.0,0.0,0.0,0.0,0.0,0.0
0.22,0.0,0.0,-0.0,0.0,-0.0,0.0,0.0,39841.10754165599,0.0,0.0,-0.0,0.0,0.0,0.0,0.0,0.0,0.0,0.0
0.0,0.4743416490252569,0.9486832980505138,1.0,0.0,0.9486832980505138,0.0,-9.75,39831.35754165599,0.0,0.0,1.0,0.0,0.0,0.0,0.0,0.0,0.0,0.0
0.0,0.9486832980505138,1.8973665961010275,1.0,0.0,0.9486832980505138,0.0,-9.75,39821.60754165599,0.0,0.0,1.0,0.0,0.0,0.0,0.0,0.0,0.0,0.0
0.22,1.0,2.0,0.10818510677891963,0.0,0.10263340389897246,0.0,-1.0786055145858289,39820.5289361414,0.0,0.0,0.10818510677891963,0.0,0.0,0.0,0.0,0.0,0.0,0.0
16.77,1.0,2.0,0.0,-0.0,0.0,-0.0,0.0,39820.5289361414,0.0,0.0,0.0,0.0,0.0,0.0,0.0,0.0,0.0,-0.0
71.27,1.0,2.0,0.0,-0.0,0.0,-0.0,0.0,39820.5289361414,0.0,0.0,0.0,0.0,0.0,0.0,0.0,0.0,0.0,-0.0
102.0,1.0,2.0,0.0,-0.0,0.0,-0.0,0.0,39820.5289361414,0.0,0.0,0.0,0.0,0.0,0.0,0.0,0.0,0.0,-0.0
106.85,1.0,2.0,0.0,-0.0,0.0,-0.0,0.0,39820.5289361414,0.0,0.0,0.0,0.0,0.0,0.0,0.0,0.0,0.0,-0.0
120.0,1.0,2.0,0.0,0.0,0.0,0.0,0.0,39820.5289361414,0.0,0.0,0.0,0.0,0.0,0.0,0.0,0.0,0.0,0.0
125.02,0.4729537233052701,0.9459074466105402,0.0,1.0,0.0,1.0540925533894598,123.64,39944.1689361414,0.0,0.0,0.0,0.0,0.0,0.0,0.0,0.0,0.0,1.0
125.0,-0.0,-0.0,0.0,0.8973665961010275,0.0,0.9459074466105402,110.93245861000902,40055.101394751415,0.0,0.0,0.0,0.0,0.0,0.0,0.0,0.0,0.0,0.8973665961010275
115.42,-0.0,-0.0,0.0,0.0,0.0,0.0,0.0,40055.101394751415,0.0,0.0,0.0,0.0,0.0,0.0,0.0,0.0,0.0,0.0
115.35,-0.0,-0.0,0.0,0.0,0.0,0.0,0.0,40055.101394751415,0.0,0.0,0.0,0.0,0.0,0.0,0.0,0.0,0.0,0.0
109.14,0.0,0.0,0.0,0.0,0.0,0.0,0.0,40055.101394751415,0.0,0.0,0.0,0.0,0.0,0.0,0.0,0.0,0.0,0.0
108.42,0.0,0.0,0.0,-0.0,0.0,-0.0,0.0,40055.101394751415,0.0,0.0,0.0,0.0,0.0,0.0,0.0,0.0,0.0,-0.0
107.35,0.0,0.0,0.0,-0.0,0.0,-0.0,0.0,40055.101394751415,0.0,0.0,0.0,0.0,0.0,0.0,0.0,0.0,0.0,-0.0
104.64,-0.0,-0.0,0.0,-0.0,0.0,-0.0,0.0,40055.101394751415,0.0,0.0,0.0,0.0,0.0,0.0,0.0,0.0,0.0,-0.0
100.85,0.0,0.0,0.0,0.0,0.0,0.0,0.0,40055.101394751415,0.0,0.0,0.0,0.0,0.0,0.0,0.0,0.0,0.0,0.0
95.8,0.0,0.0,0.0,-0.0,0.0,-0.0,0.0,40055.101394751415,0.0,0.0,0.0,0.0,0.0,0.0,0.0,0.0,0.0,-0.0
92.18,-0.0,-0.0,0.0,-0.0,0.0,-0.0,0.0,40055.101394751415,0.0,0.0,0.0,0.0,0.0,0.0,0.0,0.0,0.0,-0.0
87.94,0.0,0.0,0.0,0.0,0.0,0.0,0.0,40055.101394751415,0.0,0.0,0.0,0.0,0.0,0.0,0.0,0.0,0.0,0.0
57.62,0.0,0.0,0.0,-0.0,0.0,-0.0,0.0,40055.101394751415,0.0,0.0,0.0,0.0,0.0,0.0,0.0,0.0,0.0,-0.0
4.28,-0.0,-0.0,0.0,0.0,0.0,0.0,0.0,40055.101394751415,0.0,0.0,0.0,0.0,0.0,0.0,0.0,0.0,0.0,0.0
0.05,-0.0,-0.0,0.0,0.0,0.0,0.0,0.0,40055.101394751415,0.0,0.0,0.0,0.0,0.0,0.0,0.0,0.0,0.0,0.0
0.0,0.05131670194948623,0.10263340389897246,0.10818510677891963,0.0,0.10263340389897246,0.0,-1.0548047910944665,40054.04658996032,0.0,0.0,0.10818510677891963,0.0,0.0,0.0,0.0,0.0,0.0,0.0
0.0,0.5256583509747431,1.0513167019494862,1.0,0.0,0.9486832980505138,0.0,-9.75,40044.29658996032,0.0,0.0,1.0,0.0,0.0,0.0,0.0,0.0,0.0,0.0
0.0,0.5256583509747431,1.0513167019494862,0.0,0.0,0.0,0.0,0.0,40044.29658996032,0.0,0.0,0.0,0.0,0.0,0.0,0.0,0.0,0.0,0.0
0.0,1.0,2.0,1.0,0.0,0.9486832980505138,0.0,-9.75,40034.54658996032,0.0,0.0,1.0,0.0,0.0,0.0,0.0,0.0,0.0,0.0
2.36,1.0,2.0,0.0,0.0,0.0,0.0,0.0,40034.54658996032,0.0,0.0,0.0,0.0,0.0,0.0,0.0,0.0,0.0,0.0
73.4,1.0,2.0,0.0,-0.0,0.0,-0.0,0.0,40034.54658996032,0.0,0.0,0.0,0.0,0.0,0.0,0.0,0.0,0.0,-0.0
100.61,1.0,2.0,0.0,-0.0,0.0,-0.0,0.0,40034.54658996032,0.0,0.0,0.0,0.0,0.0,0.0,0.0,0.0,0.0,-0.0
113.74,1.0,2.0,0.0,-0.0,0.0,-0.0,0.0,40034.54658996032,0.0,0.0,0.0,0.0,0.0,0.0,0.0,0.0,0.0,-0.0
120.0,1.0,2.0,0.0,0.0,0.0,0.0,0.0,40034.54658996032,0.0,0.0,0.0,0.0,0.0,0.0,0.0,0.0,0.0,0.0
127.7,0.4729537233052701,0.9459074466105402,0.0,1.0,0.0,1.0540925533894598,126.32000000000001,40160.86658996032,0.0,0.0,0.0,0.0,0.0,0.0,0.0,0.0,0.0,1.0
126.94,0.0,0.0,0.0,0.8973665961010275,0.0,0.9459074466105402,112.67334980644502,40273.539939766764,0.0,0.0,0.0,0.0,0.0,0.0,0.0,0.0,0.0,0.8973665961010275
115.41,-0.0,-0.0,0.0,0.0,0.0,0.0,0.0,40273.539939766764,0.0,0.0,0.0,0.0,0.0,0.0,0.0,0.0,0.0,0.0
114.02,-0.0,-0.0,0.0,0.0,0.0,0.0,0.0,40273.539939766764,0.0,0.0,0.0,0.0,0.0,0.0,0.0,0.0,0.0,0.0
104.01,-0.0,-0.0,0.0,0.0,0.0,0.0,0.0,40273.539939766764,0.0,0.0,0.0,0.0,0.0,0.0,0.0,0.0,0.0,0.0
98.17,-0.0,-0.0,0.0,0.0,0.0,0.0,0.0,40273.539939766764,0.0,0.0,0.0,0.0,0.0,0.0,0.0,0.0,0.0,0.0
94.94,0.4743416490252569,0.9486832980505138,1.0,0.0,0.9486832980505138,0.0,-106.03999999999999,40167.49993976676,0.0,0.0,1.0,0.0,0.0,0.0,0.0,0.0,0.0,0.0
99.11,0.4743416490252569,0.9486832980505138,0.0,0.0,0.0,0.0,0.0,40167.49993976676,0.0,0.0,0.0,0.0,0.0,0.0,0.0,0.0,0.0,0.0
107.18,0.4743416490252569,0.9486832980505138,0.0,0.0,0.0,0.0,0.0,40167.49993976676,0.0,0.0,0.0,0.0,0.0,0.0,0.0,0.0,0.0,0.0
117.87,0.4743416490252569,0.9486832980505138,0.0,0.0,0.0,0.0,0.0,40167.49993976676,0.0,0.0,0.0,0.0,0.0,0.0,0.0,0.0,0.0,0.0
121.62,-0.0,-0.0,0.0,0.8999999999999999,0.0,0.9486832980505138,108.216,40275.715939766764,0.0,0.0,0.0,0.0,0.0,0.0,0.0,0.0,0.0,0.8999999999999999
112.06,0.0,0.0,0.0,0.0,0.0,0.0,0.0,40275.715939766764,0.0,0.0,0.0,0.0,0.0,0.0,0.0,0.0,0.0,0.0
92.43,0.0,0.0,-0.0,0.0,-0.0,0.0,0.0,40275.715939766764,0.0,0.0,-0.0,0.0,0.0,0.0,0.0,0.0,0.0,0.0
84.58,-0.0,-0.0,0.0,0.0,0.0,0.0,0.0,40275.715939766764,0.0,0.0,0.0,0.0,0.0,0.0,0.0,0.0,0.0,0.0
79.67,-0.0,-0.0,0.0,0.0,0.0,0.0,0.0,40275.715939766764,0.0,0.0,0.0,0.0,0.0,0.0,0.0,0.0,0.0,0.0
70.98,0.0,0.0,-0.0,0.0,-0.0,0.0,0.0,40275.715939766764,0.0,0.0,-0.0,0.0,0.0,0.0,0.0,0.0,0.0,0.0
64.17,0.05131670194948623,0.10263340389897246,0.10818510677891963,0.0,0.10263340389897246,0.0,-8.095491540266556,40267.620448226495,0.0,0.0,0.10818510677891963,0.0,0.0,0.0,0.0,0.0,0.0,0.0
57.15,0.5256583509747431,1.0513167019494862,1.0,0.0,0.9486832980505138,0.0,-67.71,40199.910448226496,0.0,0.0,1.0,0.0,0.0,0.0,0.0,0.0,0.0,0.0
55.82,1.0,2.0,1.0,0.0,0.9486832980505138,0.0,-66.36,40133.550448226495,0.0,0.0,1.0,0.0,0.0,0.0,0.0,0.0,0.0,0.0
71.1,1.0,2.0,0.0,0.0,0.0,0.0,0.0,40133.550448226495,0.0,0.0,0.0,0.0,0.0,0.0,0.0,0.0,0.0,0.0
84.58,1.0,2.0,0.0,-0.0,0.0,-0.0,0.0,40133.550448226495,0.0,0.0,0.0,0.0,0.0,0.0,0.0,0.0,0.0,-0.0
98.94,1.0,2.0,-0.0,0.0,-0.0,0.0,0.0,40133.550448226495,0.0,0.0,-0.0,0.0,0.0,0.0,0.0,0.0,0.0,0.0
110.11,1.0,2.0,-0.0,0.0,-0.0,0.0,0.0,40133.550448226495,0.0,0.0,-0.0,0.0,0.0,0.0,0.0,0.0,0.0,0.0
139.99,0.5270462766947299,1.0540925533894598,0.0,0.8973665961010275,0.0,0.9459074466105402,124.38398388556344,40257.93443211206,0.0,0.0,0.0,0.0,0.0,0.0,0.0,0.0,0.0,0.8973665961010275
141.57,0.0,0.0,0.0,1.0,0.0,1.0540925533894598,140.19,40398.12443211206,0.0,0.0,0.0,0.0,0.0,0.0,0.0,0.0,0.0,1.0
126.14,0.0,0.0,0.0,-0.0,0.0,-0.0,0.0,40398.12443211206,0.0,0.0,0.0,0.0,0.0,0.0,0.0,0.0,0.0,-0.0
115.15,-0.0,-0.0,0.0,0.0,0.0,0.0,0.0,40398.12443211206,0.0,0.0,0.0,0.0,0.0,0.0,0.0,0.0,0.0,0.0
106.1,-0.0,-0.0,0.0,0.0,0.0,0.0,0.0,40398.12443211206,0.0,0.0,0.0,0.0,0.0,0.0,0.0,0.0,0.0,0.0
103.06,-0.0,-0.0,0.0,0.0,0.0,0.0,0.0,40398.12443211206,0.0,0.0,0.0,0.0,0.0,0.0,0.0,0.0,0.0,0.0
93.86,0.0,0.0,-0.0,0.0,-0.0,0.0,0.0,40398.12443211206,0.0,0.0,-0.0,0.0,0.0,0.0,0.0,0.0,0.0,0.0
88.28,0.052704627669473036,0.10540925533894607,0.11111111111111122,0.0,0.10540925533894607,0.0,-11.031111111111121,40387.09332100095,0.0,0.0,0.11111111111111122,0.0,0.0,0.0,0.0,0.0,0.0,0.0
87.12,0.5270462766947299,1.0540925533894598,1.0,0.0,0.9486832980505138,0.0,-98.11,40288.98332100095,0.0,0.0,1.0,0.0,0.0,0.0,0.0,0.0,0.0,0.0
93.0,0.5270462766947299,1.0540925533894598,0.0,0.0,0.0,0.0,0.0,40288.98332100095,0.0,0.0,0.0,0.0,0.0,0.0,0.0,0.0,0.0,0.0
110.33,0.5270462766947299,1.0540925533894598,0.0,0.0,0.0,0.0,0.0,40288.98332100095,0.0,0.0,0.0,0.0,0.0,0.0,0.0,0.0,0.0,0.0
113.41,-0.0,-0.0,0.0,1.0,0.0,1.0540925533894598,112.03,40401.01332100095,0.0,0.0,0.0,0.0,0.0,0.0,0.0,0.0,0.0,1.0
106.86,-0.0,-0.0,0.0,0.0,0.0,0.0,0.0,40401.01332100095,0.0,0.0,0.0,0.0,0.0,0.0,0.0,0.0,0.0,0.0
90.82,0.0,0.0,0.0,0.0,0.0,0.0,0.0,40401.01332100095,0.0,0.0,0.0,0.0,0.0,0.0,0.0,0.0,0.0,0.0
77.67,0.0,0.0,-0.0,0.0,-0.0,0.0,0.0,40401.01332100095,0.0,0.0,-0.0,0.0,0.0,0.0,0.0,0.0,0.0,0.0
65.0,-0.0,-0.0,0.0,0.0,0.0,0.0,0.0,40401.01332100095,0.0,0.0,0.0,0.0,0.0,0.0,0.0,0.0,0.0,0.0
59.19,-0.0,-0.0,0.0,0.0,0.0,0.0,0.0,40401.01332100095,0.0,0.0,0.0,0.0,0.0,0.0,0.0,0.0,0.0,0.0
47.26,0.05131670194948623,0.10263340389897246,0.10818510677891963,0.0,0.10263340389897246,0.0,-6.240116959008084,40394.77320404194,0.0,0.0,0.10818510677891963,0.0,0.0,0.0,0.0,0.0,0.0,0.0
40.2,0.5256583509747431,1.0513167019494862,1.0,0.0,0.9486832980505138,0.0,-50.52,40344.25320404195,0.0,0.0,1.0,0.0,0.0,0.0,0.0,0.0,0.0,0.0
42.57,1.0,2.0,1.0,0.0,0.9486832980505138,0.0,-52.92,40291.33320404195,0.0,0.0,1.0,0.0,0.0,0.0,0.0,0.0,0.0,0.0
65.0,1.0,2.0,0.0,0.0,0.0,0.0,0.0,40291.33320404195,0.0,0.0,0.0,0.0,0.0,0.0,0.0,0.0,0.0,0.0
84.87,1.0,2.0,-0.0,0.0,-0.0,0.0,0.0,40291.33320404195,0.0,0.0,-0.0,0.0,0.0,0.0,0.0,0.0,0.0,0.0
101.54,1.0,2.0,0.0,0.0,0.0,0.0,0.0,40291.33320404195,0.0,0.0,0.0,0.0,0.0,0.0,0.0,0.0,0.0,0.0
108.15,1.0,2.0,0.0,0.0,0.0,0.0,0.0,40291.33320404195,0.0,0.0,0.0,0.0,0.0,0.0,0.0,0.0,0.0,0.0
119.78,1.0,2.0,0.0,0.0,0.0,0.0,0.0,40291.33320404195,0.0,0.0,0.0,0.0,0.0,0.0,0.0,0.0,0.0,0.0
141.99,0.4729537233052701,0.9459074466105402,0.0,1.0,0.0,1.0540925533894598,140.61,40431.94320404195,0.0,0.0,0.0,0.0,0.0,0.0,0.0,0.0,0.0,1.0
121.28,-0.0,-0.0,0.0,0.8973665961010275,0.0,0.9459074466105402,107.5942548725132,40539.53745891446,0.0,0.0,0.0,0.0,0.0,0.0,0.0,0.0,0.0,0.8973665961010275
112.45,0.0,0.0,0.0,0.0,0.0,0.0,0.0,40539.53745891446,0.0,0.0,0.0,0.0,0.0,0.0,0.0,0.0,0.0,0.0
97.63,-0.0,-0.0,0.0,0.0,0.0,0.0,0.0,40539.53745891446,0.0,0.0,0.0,0.0,0.0,0.0,0.0,0.0,0.0,0.0
93.99,-0.0,-0.0,0.0,0.0,0.0,0.0,0.0,40539.53745891446,0.0,0.0,0.0,0.0,0.0,0.0,0.0,0.0,0.0,0.0
86.67,0.05131670194948623,0.10263340389897246,0.10818510677891963,0.0,0.10263340389897246,0.0,-10.564275676961502,40528.973183237504,0.0,0.0,0.10818510677891963,0.0,0.0,0.0,0.0,0.0,0.0,0.0
83.43,0.5256583509747431,1.0513167019494862,1.0,0.0,0.9486832980505138,0.0,-94.36000000000001,40434.6131832375,0.0,0.0,1.0,0.0,0.0,0.0,0.0,0.0,0.0,0.0
84.26,1.0,2.0,1.0,0.0,0.9486832980505138,0.0,-95.21000000000001,40339.403183237504,0.0,0.0,1.0,0.0,0.0,0.0,0.0,0.0,0.0,0.0
90.41,1.0,2.0,0.0,0.0,0.0,0.0,0.0,40339.403183237504,0.0,0.0,0.0,0.0,0.0,0.0,0.0,0.0,0.0,0.0
105.74,1.0,2.0,0.0,0.0,0.0,0.0,0.0,40339.403183237504,0.0,0.0,0.0,0.0,0.0,0.0,0.0,0.0,0.0,0.0
112.63,0.4729537233052701,0.9459074466105402,0.0,1.0,0.0,1.0540925533894598,111.25,40450.653183237504,0.0,0.0,0.0,0.0,0.0,0.0,0.0,0.0,0.0,1.0
111.92,0.0,0.0,0.0,0.8973665961010275,0.0,0.9459074466105402,99.19490353300758,40549.848086770515,0.0,0.0,0.0,0.0,0.0,0.0,0.0,0.0,0.0,0.8973665961010275
104.21,-0.0,-0.0,0.0,-0.0,0.0,-0.0,0.0,40549.848086770515,0.0,0.0,0.0,0.0,0.0,0.0,0.0,0.0,0.0,-0.0
89.8,-0.0,-0.0,0.0,0.0,0.0,0.0,0.0,40549.848086770515,0.0,0.0,0.0,0.0,0.0,0.0,0.0,0.0,0.0,0.0
85.65,-0.0,-0.0,0.0,0.0,0.0,0.0,0.0,40549.848086770515,0.0,0.0,0.0,0.0,0.0,0.0,0.0,0.0,0.0,0.0
81.96,0.0,0.0,0.0,0.0,0.0,0.0,0.0,40549.848086770515,0.0,0.0,0.0,0.0,0.0,0.0,0.0,0.0,0.0,0.0
78.62,0.05131670194948623,0.10263340389897246,0.10818510677891963,0.0,0.10263340389897246,0.0,-9.681485205645519,40540.166601564866,0.0,0.0,0.10818510677891963,0.0,0.0,0.0,0.0,0.0,0.0,0.0
68.06,0.5256583509747431,1.0513167019494862,1.0,0.0,0.9486832980505138,0.0,-78.78,40461.38660156487,0.0,0.0,1.0,0.0,0.0,0.0,0.0,0.0,0.0,0.0
69.2,1.0,2.0,1.0,0.0,0.9486832980505138,0.0,-79.93,40381.45660156487,0.0,0.0,1.0,0.0,0.0,0.0,0.0,0.0,0.0,0.0
80.86,1.0,2.0,0.0,0.0,0.0,0.0,0.0,40381.45660156487,0.0,0.0,0.0,0.0,0.0,0.0,0.0,0.0,0.0,0.0
89.09,1.0,2.0,-0.0,0.0,-0.0,0.0,0.0,40381.45660156487,0.0,0.0,-0.0,0.0,0.0,0.0,0.0,0.0,0.0,0.0
95.49,1.0,2.0,0.0,0.0,0.0,0.0,0.0,40381.45660156487,0.0,0.0,0.0,0.0,0.0,0.0,0.0,0.0,0.0,0.0
108.37,1.0,2.0,0.0,0.0,0.0,0.0,0.0,40381.45660156487,0.0,0.0,0.0,0.0,0.0,0.0,0.0,0.0,0.0,0.0
119.72,1.0,2.0,0.0,-0.0,0.0,-0.0,0.0,40381.45660156487,0.0,0.0,0.0,0.0,0.0,0.0,0.0,0.0,0.0,-0.0
129.04,0.4729537233052701,0.9459074466105402,0.0,1.0,0.0,1.0540925533894598,127.66,40509.11660156487,0.0,0.0,0.0,0.0,0.0,0.0,0.0,0.0,0.0,1.0
120.71,-0.0,-0.0,0.0,0.8973665961010275,0.0,0.9459074466105402,107.0827559127356,40616.199357477606,0.0,0.0,0.0,0.0,0.0,0.0,0.0,0.0,0.0,0.8973665961010275
110.55,-0.0,-0.0,0.0,0.0,0.0,0.0,0.0,40616.199357477606,0.0,0.0,0.0,0.0,0.0,0.0,0.0,0.0,0.0,0.0
103.76,-0.0,-0.0,0.0,0.0,0.0,0.0,0.0,40616.199357477606,0.0,0.0,0.0,0.0,0.0,0.0,0.0,0.0,0.0,0.0
98.33,0.0,0.0,0.0,0.0,0.0,0.0,0.0,40616.199357477606,0.0,0.0,0.0,0.0,0.0,0.0,0.0,0.0,0.0,0.0
89.96,0.0,0.0,-0.0,0.0,-0.0,0.0,0.0,40616.199357477606,0.0,0.0,-0.0,0.0,0.0,0.0,0.0,0.0,0.0,0.0
84.81,0.4743416490252569,0.9486832980505138,1.0,0.0,0.9486832980505138,0.0,-95.76,40520.439357477604,0.0,0.0,1.0,0.0,0.0,0.0,0.0,0.0,0.0,0.0
85.76,0.5270462766947299,1.0540925533894598,0.11111111111111122,0.0,0.10540925533894607,0.0,-10.747777777777788,40509.69157969983,0.0,0.0,0.11111111111111122,0.0,0.0,0.0,0.0,0.0,0.0,0.0
89.0,0.5270462766947299,1.0540925533894598,0.0,0.0,0.0,0.0,0.0,40509.69157969983,0.0,0.0,0.0,0.0,0.0,0.0,0.0,0.0,0.0,0.0
92.54,0.5270462766947299,1.0540925533894598,0.0,0.0,0.0,0.0,0.0,40509.69157969983,0.0,0.0,0.0,0.0,0.0,0.0,0.0,0.0,0.0,0.0
110.33,-0.0,-0.0,0.0,1.0,0.0,1.0540925533894598,108.95,40618.641579699826,0.0,0.0,0.0,0.0,0.0,0.0,0.0,0.0,0.0,1.0
105.92,-0.0,-0.0,0.0,0.0,0.0,0.0,0.0,40618.641579699826,0.0,0.0,0.0,0.0,0.0,0.0,0.0,0.0,0.0,0.0
93.1,0.0,0.0,0.0,0.0,0.0,0.0,0.0,40618.641579699826,0.0,0.0,0.0,0.0,0.0,0.0,0.0,0.0,0.0,0.0
85.0,-0.0,-0.0,0.0,0.0,0.0,0.0,0.0,40618.641579699826,0.0,0.0,0.0,0.0,0.0,0.0,0.0,0.0,0.0,0.0
77.07,-0.0,-0.0,0.0,0.0,0.0,0.0,0.0,40618.641579699826,0.0,0.0,0.0,0.0,0.0,0.0,0.0,0.0,0.0,0.0
70.17,0.0,0.0,-0.0,0.0,-0.0,0.0,0.0,40618.641579699826,0.0,0.0,-0.0,0.0,0.0,0.0,0.0,0.0,0.0,0.0
55.26,0.4743416490252569,0.9486832980505138,1.0,0.0,0.9486832980505138,0.0,-65.78999999999999,40552.851579699825,0.0,0.0,1.0,0.0,0.0,0.0,0.0,0.0,0.0,0.0
49.78,0.9486832980505138,1.8973665961010275,1.0,0.0,0.9486832980505138,0.0,-60.24,40492.61157969983,0.0,0.0,1.0,0.0,0.0,0.0,0.0,0.0,0.0,0.0
66.18,1.0,2.0,0.10818510677891963,0.0,0.10263340389897246,0.0,-8.316189158095552,40484.29539054173,0.0,0.0,0.10818510677891963,0.0,0.0,0.0,0.0,0.0,0.0,0.0
74.79,1.0,2.0,0.0,0.0,0.0,0.0,0.0,40484.29539054173,0.0,0.0,0.0,0.0,0.0,0.0,0.0,0.0,0.0,0.0
82.71,1.0,2.0,0.0,0.0,0.0,0.0,0.0,40484.29539054173,0.0,0.0,0.0,0.0,0.0,0.0,0.0,0.0,0.0,0.0
94.98,1.0,2.0,0.0,-0.0,0.0,-0.0,0.0,40484.29539054173,0.0,0.0,0.0,0.0,0.0,0.0,0.0,0.0,0.0,-0.0
109.73,1.0,2.0,0.0,0.0,0.0,0.0,0.0,40484.29539054173,0.0,0.0,0.0,0.0,0.0,0.0,0.0,0.0,0.0,0.0
120.75,1.0,2.0,0.0,-0.0,0.0,-0.0,0.0,40484.29539054173,0.0,0.0,0.0,0.0,0.0,0.0,0.0,0.0,0.0,-0.0
132.0,0.4729537233052701,0.9459074466105402,0.0,1.0,0.0,1.0540925533894598,130.62,40614.91539054173,0.0,0.0,0.0,0.0,0.0,0.0,0.0,0.0,0.0,1.0
125.07,0.0,0.0,0.0,0.8973665961010275,0.0,0.9459074466105402,110.9952742717361,40725.91066481347,0.0,0.0,0.0,0.0,0.0,0.0,0.0,0.0,0.0,0.8973665961010275
114.18,-0.0,-0.0,0.0,0.0,0.0,0.0,0.0,40725.91066481347,0.0,0.0,0.0,0.0,0.0,0.0,0.0,0.0,0.0,0.0
106.8,-0.0,-0.0,0.0,0.0,0.0,0.0,0.0,40725.91066481347,0.0,0.0,0.0,0.0,0.0,0.0,0.0,0.0,0.0,0.0
99.15,0.0,0.0,-0.0,0.0,-0.0,0.0,0.0,40725.91066481347,0.0,0.0,-0.0,0.0,0.0,0.0,0.0,0.0,0.0,0.0
95.36,0.0,0.0,-0.0,0.0,-0.0,0.0,0.0,40725.91066481347,0.0,0.0,-0.0,0.0,0.0,0.0,0.0,0.0,0.0,0.0
96.37,-0.0,-0.0,0.0,0.0,0.0,0.0,0.0,40725.91066481347,0.0,0.0,0.0,0.0,0.0,0.0,0.0,0.0,0.0,0.0
98.66,-0.0,-0.0,0.0,0.0,0.0,0.0,0.0,40725.91066481347,0.0,0.0,0.0,0.0,0.0,0.0,0.0,0.0,0.0,0.0
108.23,-0.0,-0.0,0.0,0.0,0.0,0.0,0.0,40725.91066481347,0.0,0.0,0.0,0.0,0.0,0.0,0.0,0.0,0.0,0.0
115.92,-0.0,-0.0,0.0,0.0,0.0,0.0,0.0,40725.91066481347,0.0,0.0,0.0,0.0,0.0,0.0,0.0,0.0,0.0,0.0
116.17,-0.0,-0.0,0.0,-0.0,0.0,-0.0,0.0,40725.91066481347,0.0,0.0,0.0,0.0,0.0,0.0,0.0,0.0,0.0,-0.0
109.39,0.0,0.0,0.0,0.0,0.0,0.0,0.0,40725.91066481347,0.0,0.0,0.0,0.0,0.0,0.0,0.0,0.0,0.0,0.0
98.13,-0.0,-0.0,0.0,0.0,0.0,0.0,0.0,40725.91066481347,0.0,0.0,0.0,0.0,0.0,0.0,0.0,0.0,0.0,0.0
84.98,-0.0,-0.0,0.0,0.0,0.0,0.0,0.0,40725.91066481347,0.0,0.0,0.0,0.0,0.0,0.0,0.0,0.0,0.0,0.0
82.02,-0.0,-0.0,0.0,0.0,0.0,0.0,0.0,40725.91066481347,0.0,0.0,0.0,0.0,0.0,0.0,0.0,0.0,0.0,0.0
80.0,0.0,0.0,-0.0,0.0,-0.0,0.0,0.0,40725.91066481347,0.0,0.0,-0.0,0.0,0.0,0.0,0.0,0.0,0.0,0.0
73.02,0.05131670194948623,0.10263340389897246,0.10818510677891963,0.0,0.10263340389897246,0.0,-9.066993799141253,40716.84367101433,0.0,0.0,0.10818510677891963,0.0,0.0,0.0,0.0,0.0,0.0,0.0
71.2,0.5256583509747431,1.0513167019494862,1.0,0.0,0.9486832980505138,0.0,-81.96000000000001,40634.88367101433,0.0,0.0,1.0,0.0,0.0,0.0,0.0,0.0,0.0,0.0
72.68,1.0,2.0,1.0,0.0,0.9486832980505138,0.0,-83.46000000000001,40551.42367101433,0.0,0.0,1.0,0.0,0.0,0.0,0.0,0.0,0.0,0.0
79.99,1.0,2.0,0.0,0.0,0.0,0.0,0.0,40551.42367101433,0.0,0.0,0.0,0.0,0.0,0.0,0.0,0.0,0.0,0.0
84.07,1.0,2.0,0.0,0.0,0.0,0.0,0.0,40551.42367101433,0.0,0.0,0.0,0.0,0.0,0.0,0.0,0.0,0.0,0.0
99.92,1.0,2.0,0.0,-0.0,0.0,-0.0,0.0,40551.42367101433,0.0,0.0,0.0,0.0,0.0,0.0,0.0,0.0,0.0,-0.0
120.0,1.0,2.0,0.0,-0.0,0.0,-0.0,0.0,40551.42367101433,0.0,0.0,0.0,0.0,0.0,0.0,0.0,0.0,0.0,-0.0
146.55,0.4729537233052701,0.9459074466105402,0.0,1.0,0.0,1.0540925533894598,145.17000000000002,40696.59367101433,0.0,0.0,0.0,0.0,0.0,0.0,0.0,0.0,0.0,1.0
144.44,0.0,0.0,0.0,0.8973665961010275,0.0,0.9459074466105402,128.377265238213,40824.97093625254,0.0,0.0,0.0,0.0,0.0,0.0,0.0,0.0,0.0,0.8973665961010275
125.88,0.0,0.0,0.0,-0.0,0.0,-0.0,0.0,40824.97093625254,0.0,0.0,0.0,0.0,0.0,0.0,0.0,0.0,0.0,-0.0
113.48,0.0,0.0,0.0,-0.0,0.0,-0.0,0.0,40824.97093625254,0.0,0.0,0.0,0.0,0.0,0.0,0.0,0.0,0.0,-0.0
107.6,0.0,0.0,0.0,-0.0,0.0,-0.0,0.0,40824.97093625254,0.0,0.0,0.0,0.0,0.0,0.0,0.0,0.0,0.0,-0.0
105.35,-0.0,-0.0,0.0,-0.0,0.0,-0.0,0.0,40824.97093625254,0.0,0.0,0.0,0.0,0.0,0.0,0.0,0.0,0.0,-0.0
103.19,-0.0,-0.0,0.0,0.0,0.0,0.0,0.0,40824.97093625254,0.0,0.0,0.0,0.0,0.0,0.0,0.0,0.0,0.0,0.0
101.63,-0.0,-0.0,0.0,0.0,0.0,0.0,0.0,40824.97093625254,0.0,0.0,0.0,0.0,0.0,0.0,0.0,0.0,0.0,0.0
98.38,-0.0,-0.0,0.0,0.0,0.0,0.0,0.0,40824.97093625254,0.0,0.0,0.0,0.0,0.0,0.0,0.0,0.0,0.0,0.0
93.69,-0.0,-0.0,0.0,0.0,0.0,0.0,0.0,40824.97093625254,0.0,0.0,0.0,0.0,0.0,0.0,0.0,0.0,0.0,0.0
98.39,-0.0,-0.0,0.0,0.0,0.0,0.0,0.0,40824.97093625254,0.0,0.0,0.0,0.0,0.0,0.0,0.0,0.0,0.0,0.0
86.89,0.0,0.0,0.0,0.0,0.0,0.0,0.0,40824.97093625254,0.0,0.0,0.0,0.0,0.0,0.0,0.0,0.0,0.0,0.0
78.89,0.0,0.0,0.0,-0.0,0.0,-0.0,0.0,40824.97093625254,0.0,0.0,0.0,0.0,0.0,0.0,0.0,0.0,0.0,-0.0
52.98,0.0,0.0,-0.0,0.0,-0.0,0.0,0.0,40824.97093625254,0.0,0.0,-0.0,0.0,0.0,0.0,0.0,0.0,0.0,0.0
10.0,-0.0,-0.0,0.0,0.0,0.0,0.0,0.0,40824.97093625254,0.0,0.0,0.0,0.0,0.0,0.0,0.0,0.0,0.0,0.0
0.65,-0.0,-0.0,0.0,0.0,0.0,0.0,0.0,40824.97093625254,0.0,0.0,0.0,0.0,0.0,0.0,0.0,0.0,0.0,0.0
0.0,0.4743416490252569,0.9486832980505138,1.0,0.0,0.9486832980505138,0.0,-9.75,40815.22093625254,0.0,0.0,1.0,0.0,0.0,0.0,0.0,0.0,0.0,0.0
-0.01,0.9486832980505138,1.8973665961010275,1.0,0.0,0.9486832980505138,0.0,-9.74,40805.48093625254,0.0,0.0,1.0,0.0,0.0,0.0,0.0,0.0,0.0,0.0
0.0,1.0,2.0,0.10818510677891963,0.0,0.10263340389897246,0.0,-1.0548047910944665,40804.42613146145,0.0,0.0,0.10818510677891963,0.0,0.0,0.0,0.0,0.0,0.0,0.0
2.08,1.0,2.0,0.0,0.0,0.0,0.0,0.0,40804.42613146145,0.0,0.0,0.0,0.0,0.0,0.0,0.0,0.0,0.0,0.0
29.33,1.0,2.0,0.0,-0.0,0.0,-0.0,0.0,40804.42613146145,0.0,0.0,0.0,0.0,0.0,0.0,0.0,0.0,0.0,-0.0
76.85,1.0,2.0,0.0,-0.0,0.0,-0.0,0.0,40804.42613146145,0.0,0.0,0.0,0.0,0.0,0.0,0.0,0.0,0.0,-0.0
98.4,1.0,2.0,0.0,0.0,0.0,0.0,0.0,40804.42613146145,0.0,0.0,0.0,0.0,0.0,0.0,0.0,0.0,0.0,0.0
114.47,0.4729537233052701,0.9459074466105402,0.0,1.0,0.0,1.0540925533894598,113.09,40917.516131461445,0.0,0.0,0.0,0.0,0.0,0.0,0.0,0.0,0.0,1.0
112.87,-0.0,-0.0,0.0,0.8973665961010275,0.0,0.9459074466105402,100.04740179930356,41017.56353326075,0.0,0.0,0.0,0.0,0.0,0.0,0.0,0.0,0.0,0.8973665961010275
108.08,0.0,0.0,0.0,0.0,0.0,0.0,0.0,41017.56353326075,0.0,0.0,0.0,0.0,0.0,0.0,0.0,0.0,0.0,0.0
105.63,-0.0,-0.0,0.0,-0.0,0.0,-0.0,0.0,41017.56353326075,0.0,0.0,0.0,0.0,0.0,0.0,0.0,0.0,0.0,-0.0
98.07,-0.0,-0.0,0.0,0.0,0.0,0.0,0.0,41017.56353326075,0.0,0.0,0.0,0.0,0.0,0.0,0.0,0.0,0.0,0.0
85.41,-0.0,-0.0,0.0,0.0,0.0,0.0,0.0,41017.56353326075,0.0,0.0,0.0,0.0,0.0,0.0,0.0,0.0,0.0,0.0
88.94,-0.0,-0.0,0.0,0.0,0.0,0.0,0.0,41017.56353326075,0.0,0.0,0.0,0.0,0.0,0.0,0.0,0.0,0.0,0.0
89.27,-0.0,-0.0,0.0,0.0,0.0,0.0,0.0,41017.56353326075,0.0,0.0,0.0,0.0,0.0,0.0,0.0,0.0,0.0,0.0
94.18,-0.0,-0.0,0.0,0.0,0.0,0.0,0.0,41017.56353326075,0.0,0.0,0.0,0.0,0.0,0.0,0.0,0.0,0.0,0.0
101.7,-0.0,-0.0,0.0,0.0,0.0,0.0,0.0,41017.56353326075,0.0,0.0,0.0,0.0,0.0,0.0,0.0,0.0,0.0,0.0
98.27,-0.0,-0.0,0.0,0.0,0.0,0.0,0.0,41017.56353326075,0.0,0.0,0.0,0.0,0.0,0.0,0.0,0.0,0.0,0.0
97.2,0.0,0.0,0.0,0.0,0.0,0.0,0.0,41017.56353326075,0.0,0.0,0.0,0.0,0.0,0.0,0.0,0.0,0.0,0.0
80.59,-0.0,-0.0,0.0,0.0,0.0,0.0,0.0,41017.56353326075,0.0,0.0,0.0,0.0,0.0,0.0,0.0,0.0,0.0,0.0
77.86,0.0,0.0,-0.0,0.0,-0.0,0.0,0.0,41017.56353326075,0.0,0.0,-0.0,0.0,0.0,0.0,0.0,0.0,0.0,0.0
44.58,0.0,0.0,0.0,-0.0,0.0,-0.0,0.0,41017.56353326075,0.0,0.0,0.0,0.0,0.0,0.0,0.0,0.0,0.0,-0.0
9.04,-0.0,-0.0,0.0,0.0,0.0,0.0,0.0,41017.56353326075,0.0,0.0,0.0,0.0,0.0,0.0,0.0,0.0,0.0,0.0
2.07,-0.0,-0.0,0.0,0.0,0.0,0.0,0.0,41017.56353326075,0.0,0.0,0.0,0.0,0.0,0.0,0.0,0.0,0.0,0.0
0.0,0.05131670194948623,0.10263340389897246,0.10818510677891963,0.0,0.10263340389897246,0.0,-1.0548047910944665,41016.50872846966,0.0,0.0,0.10818510677891963,0.0,0.0,0.0,0.0,0.0,0.0,0.0
-0.01,0.5256583509747431,1.0513167019494862,1.0,0.0,0.9486832980505138,0.0,-9.74,41006.76872846966,0.0,0.0,1.0,0.0,0.0,0.0,0.0,0.0,0.0,0.0
0.0,1.0,2.0,1.0,0.0,0.9486832980505138,0.0,-9.75,40997.01872846966,0.0,0.0,1.0,0.0,0.0,0.0,0.0,0.0,0.0,0.0
9.09,1.0,2.0,0.0,0.0,0.0,0.0,0.0,40997.01872846966,0.0,0.0,0.0,0.0,0.0,0.0,0.0,0.0,0.0,0.0
69.33,1.0,2.0,0.0,-0.0,0.0,-0.0,0.0,40997.01872846966,0.0,0.0,0.0,0.0,0.0,0.0,0.0,0.0,0.0,-0.0
92.74,1.0,2.0,0.0,0.0,0.0,0.0,0.0,40997.01872846966,0.0,0.0,0.0,0.0,0.0,0.0,0.0,0.0,0.0,0.0
100.26,1.0,2.0,0.0,0.0,0.0,0.0,0.0,40997.01872846966,0.0,0.0,0.0,0.0,0.0,0.0,0.0,0.0,0.0,0.0
112.0,1.0,2.0,0.0,0.0,0.0,0.0,0.0,40997.01872846966,0.0,0.0,0.0,0.0,0.0,0.0,0.0,0.0,0.0,0.0
116.0,0.4729537233052701,0.9459074466105402,0.0,1.0,0.0,1.0540925533894598,114.62,41111.63872846966,0.0,0.0,0.0,0.0,0.0,0.0,0.0,0.0,0.0,1.0
115.01,-0.0,-0.0,0.0,0.8973665961010275,0.0,0.9459074466105402,101.96776631495976,41213.606494784624,0.0,0.0,0.0,0.0,0.0,0.0,0.0,0.0,0.0,0.8973665961010275
114.85,-0.0,-0.0,0.0,0.0,0.0,0.0,0.0,41213.606494784624,0.0,0.0,0.0,0.0,0.0,0.0,0.0,0.0,0.0,0.0
105.05,0.0,0.0,0.0,0.0,0.0,0.0,0.0,41213.606494784624,0.0,0.0,0.0,0.0,0.0,0.0,0.0,0.0,0.0,0.0
87.08,-0.0,-0.0,0.0,0.0,0.0,0.0,0.0,41213.606494784624,0.0,0.0,0.0,0.0,0.0,0.0,0.0,0.0,0.0,0.0
79.73,0.4743416490252569,0.9486832980505138,1.0,0.0,0.9486832980505138,0.0,-90.61,41122.996494784624,0.0,0.0,1.0,0.0,0.0,0.0,0.0,0.0,0.0,0.0
83.48,0.5256583509747431,1.0513167019494862,0.10818510677891963,0.0,0.10263340389897246,0.0,-10.214837782065592,41112.78165700256,0.0,0.0,0.10818510677891963,0.0,0.0,0.0,0.0,0.0,0.0,0.0
83.3,1.0,2.0,1.0,0.0,0.9486832980505138,0.0,-94.22999999999999,41018.55165700256,0.0,0.0,1.0,0.0,0.0,0.0,0.0,0.0,0.0,0.0
83.49,1.0,2.0,0.0,0.0,0.0,0.0,0.0,41018.55165700256,0.0,0.0,0.0,0.0,0.0,0.0,0.0,0.0,0.0,0.0
92.86,1.0,2.0,0.0,0.0,0.0,0.0,0.0,41018.55165700256,0.0,0.0,0.0,0.0,0.0,0.0,0.0,0.0,0.0,0.0
98.9,1.0,2.0,0.0,0.0,0.0,0.0,0.0,41018.55165700256,0.0,0.0,0.0,0.0,0.0,0.0,0.0,0.0,0.0,0.0
100.84,1.0,2.0,0.0,0.0,0.0,0.0,0.0,41018.55165700256,0.0,0.0,0.0,0.0,0.0,0.0,0.0,0.0,0.0,0.0
97.84,1.0,2.0,0.0,0.0,0.0,0.0,0.0,41018.55165700256,0.0,0.0,0.0,0.0,0.0,0.0,0.0,0.0,0.0,0.0
109.64,0.4729537233052701,0.9459074466105402,0.0,1.0,0.0,1.0540925533894598,108.26,41126.81165700256,0.0,0.0,0.0,0.0,0.0,0.0,0.0,0.0,0.0,1.0
105.99,0.4729537233052701,0.9459074466105402,0.0,0.0,0.0,0.0,0.0,41126.81165700256,0.0,0.0,0.0,0.0,0.0,0.0,0.0,0.0,0.0,0.0
98.88,0.4729537233052701,0.9459074466105402,0.0,0.0,0.0,0.0,0.0,41126.81165700256,0.0,0.0,0.0,0.0,0.0,0.0,0.0,0.0,0.0,0.0
84.9,0.5256583509747431,1.0513167019494862,0.11111111111111122,0.0,0.10540925533894607,0.0,-10.65111111111112,41116.16054589145,0.0,0.0,0.11111111111111122,0.0,0.0,0.0,0.0,0.0,0.0,0.0
81.73,1.0,2.0,1.0,0.0,0.9486832980505138,0.0,-92.64,41023.52054589145,0.0,0.0,1.0,0.0,0.0,0.0,0.0,0.0,0.0,0.0
85.79,1.0,2.0,0.0,0.0,0.0,0.0,0.0,41023.52054589145,0.0,0.0,0.0,0.0,0.0,0.0,0.0,0.0,0.0,0.0
87.96,1.0,2.0,0.0,0.0,0.0,0.0,0.0,41023.52054589145,0.0,0.0,0.0,0.0,0.0,0.0,0.0,0.0,0.0,0.0
90.95,1.0,2.0,0.0,0.0,0.0,0.0,0.0,41023.52054589145,0.0,0.0,0.0,0.0,0.0,0.0,0.0,0.0,0.0,0.0
104.3,1.0,2.0,0.0,0.0,0.0,0.0,0.0,41023.52054589145,0.0,0.0,0.0,0.0,0.0,0.0,0.0,0.0,0.0,0.0
105.82,1.0,2.0,0.0,0.0,0.0,0.0,0.0,41023.52054589145,0.0,0.0,0.0,0.0,0.0,0.0,0.0,0.0,0.0,0.0
119.69,1.0,2.0,0.0,0.0,0.0,0.0,0.0,41023.52054589145,0.0,0.0,0.0,0.0,0.0,0.0,0.0,0.0,0.0,0.0
123.25,0.4729537233052701,0.9459074466105402,0.0,1.0,0.0,1.0540925533894598,121.87,41145.39054589145,0.0,0.0,0.0,0.0,0.0,0.0,0.0,0.0,0.0,1.0
120.09,-0.0,-0.0,0.0,0.8973665961010275,0.0,0.9459074466105402,106.52638862315298,41251.91693451461,0.0,0.0,0.0,0.0,0.0,0.0,0.0,0.0,0.0,0.8973665961010275
108.76,0.0,0.0,0.0,0.0,0.0,0.0,0.0,41251.91693451461,0.0,0.0,0.0,0.0,0.0,0.0,0.0,0.0,0.0,0.0
100.04,-0.0,-0.0,0.0,0.0,0.0,0.0,0.0,41251.91693451461,0.0,0.0,0.0,0.0,0.0,0.0,0.0,0.0,0.0,0.0
92.79,-0.0,-0.0,0.0,0.0,0.0,0.0,0.0,41251.91693451461,0.0,0.0,0.0,0.0,0.0,0.0,0.0,0.0,0.0,0.0
87.2,-0.0,-0.0,0.0,0.0,0.0,0.0,0.0,41251.91693451461,0.0,0.0,0.0,0.0,0.0,0.0,0.0,0.0,0.0,0.0
85.48,0.05131670194948623,0.10263340389897246,0.10818510677891963,0.0,0.10263340389897246,0.0,-10.433371697759009,41241.48356281685,0.0,0.0,0.10818510677891963,0.0,0.0,0.0,0.0,0.0,0.0,0.0
82.0,0.5256583509747431,1.0513167019494862,1.0,0.0,0.9486832980505138,0.0,-92.91,41148.57356281685,0.0,0.0,1.0,0.0,0.0,0.0,0.0,0.0,0.0,0.0
81.0,1.0,2.0,1.0,0.0,0.9486832980505138,0.0,-91.9,41056.673562816846,0.0,0.0,1.0,0.0,0.0,0.0,0.0,0.0,0.0,0.0
89.28,1.0,2.0,0.0,0.0,0.0,0.0,0.0,41056.673562816846,0.0,0.0,0.0,0.0,0.0,0.0,0.0,0.0,0.0,0.0
108.8,0.5270462766947299,1.0540925533894598,0.0,0.8973665961010275,0.0,0.9459074466105402,96.39511975317237,41153.06868257002,0.0,0.0,0.0,0.0,0.0,0.0,0.0,0.0,0.0,0.8973665961010275
109.28,-0.0,-0.0,0.0,1.0,0.0,1.0540925533894598,107.9,41260.96868257002,0.0,0.0,0.0,0.0,0.0,0.0,0.0,0.0,0.0,1.0
102.49,-0.0,-0.0,0.0,0.0,0.0,0.0,0.0,41260.96868257002,0.0,0.0,0.0,0.0,0.0,0.0,0.0,0.0,0.0,0.0
91.29,0.0,0.0,0.0,0.0,0.0,0.0,0.0,41260.96868257002,0.0,0.0,0.0,0.0,0.0,0.0,0.0,0.0,0.0,0.0
81.73,-0.0,-0.0,0.0,-0.0,0.0,-0.0,0.0,41260.96868257002,0.0,0.0,0.0,0.0,0.0,0.0,0.0,0.0,0.0,-0.0
68.41,0.0,0.0,0.0,0.0,0.0,0.0,0.0,41260.96868257002,0.0,0.0,0.0,0.0,0.0,0.0,0.0,0.0,0.0,0.0
39.63,0.0,0.0,0.0,-0.0,0.0,-0.0,0.0,41260.96868257002,0.0,0.0,0.0,0.0,0.0,0.0,0.0,0.0,0.0,-0.0
10.71,0.05131670194948623,0.10263340389897246,0.10818510677891963,0.0,0.10263340389897246,0.0,-2.229695050713534,41258.738987519304,0.0,0.0,0.10818510677891963,0.0,0.0,0.0,0.0,0.0,0.0,0.0
9.99,0.5256583509747431,1.0513167019494862,1.0,0.0,0.9486832980505138,0.0,-19.880000000000003,41238.85898751931,0.0,0.0,1.0,0.0,0.0,0.0,0.0,0.0,0.0,0.0
4.63,1.0,2.0,1.0,0.0,0.9486832980505138,0.0,-14.45,41224.40898751931,0.0,0.0,1.0,0.0,0.0,0.0,0.0,0.0,0.0,0.0
36.9,1.0,2.0,0.0,-0.0,0.0,-0.0,0.0,41224.40898751931,0.0,0.0,0.0,0.0,0.0,0.0,0.0,0.0,0.0,-0.0
75.79,1.0,2.0,-0.0,0.0,-0.0,0.0,0.0,41224.40898751931,0.0,0.0,-0.0,0.0,0.0,0.0,0.0,0.0,0.0,0.0
88.98,1.0,2.0,-0.0,0.0,-0.0,0.0,0.0,41224.40898751931,0.0,0.0,-0.0,0.0,0.0,0.0,0.0,0.0,0.0,0.0
108.57,1.0,2.0,0.0,0.0,0.0,0.0,0.0,41224.40898751931,0.0,0.0,0.0,0.0,0.0,0.0,0.0,0.0,0.0,0.0
112.56,0.5270462766947299,1.0540925533894598,0.0,0.8973665961010275,0.0,0.9459074466105402,99.76921815451225,41324.17820567382,0.0,0.0,0.0,0.0,0.0,0.0,0.0,0.0,0.0,0.8973665961010275
113.22,-0.0,-0.0,0.0,1.0,0.0,1.0540925533894598,111.84,41436.01820567382,0.0,0.0,0.0,0.0,0.0,0.0,0.0,0.0,0.0,1.0
108.48,-0.0,-0.0,0.0,0.0,0.0,0.0,0.0,41436.01820567382,0.0,0.0,0.0,0.0,0.0,0.0,0.0,0.0,0.0,0.0
102.93,0.0,0.0,0.0,0.0,0.0,0.0,0.0,41436.01820567382,0.0,0.0,0.0,0.0,0.0,0.0,0.0,0.0,0.0,0.0
76.0,0.0,0.0,-0.0,0.0,-0.0,0.0,0.0,41436.01820567382,0.0,0.0,-0.0,0.0,0.0,0.0,0.0,0.0,0.0,0.0
70.0,0.05131670194948623,0.10263340389897246,0.10818510677891963,0.0,0.10263340389897246,0.0,-8.73486552132997,41427.28334015249,0.0,0.0,0.10818510677891963,0.0,0.0,0.0,0.0,0.0,0.0,0.0
66.79,0.5256583509747431,1.0513167019494862,1.0,0.0,0.9486832980505138,0.0,-77.49000000000001,41349.79334015249,0.0,0.0,1.0,0.0,0.0,0.0,0.0,0.0,0.0,0.0
67.72,1.0,2.0,1.0,0.0,0.9486832980505138,0.0,-78.43,41271.36334015249,0.0,0.0,1.0,0.0,0.0,0.0,0.0,0.0,0.0,0.0
70.36,1.0,2.0,-0.0,0.0,-0.0,0.0,0.0,41271.36334015249,0.0,0.0,-0.0,0.0,0.0,0.0,0.0,0.0,0.0,0.0
79.8,1.0,2.0,0.0,0.0,0.0,0.0,0.0,41271.36334015249,0.0,0.0,0.0,0.0,0.0,0.0,0.0,0.0,0.0,0.0
84.55,1.0,2.0,0.0,0.0,0.0,0.0,0.0,41271.36334015249,0.0,0.0,0.0,0.0,0.0,0.0,0.0,0.0,0.0,0.0
99.87,0.4729537233052701,0.9459074466105402,0.0,1.0,0.0,1.0540925533894598,98.49000000000001,41369.85334015249,0.0,0.0,0.0,0.0,0.0,0.0,0.0,0.0,0.0,1.0
96.5,-0.0,-0.0,0.0,0.8973665961010275,0.0,0.9459074466105402,85.35751062112973,41455.21085077362,0.0,0.0,0.0,0.0,0.0,0.0,0.0,0.0,0.0,0.8973665961010275
81.69,0.0,0.0,0.0,0.0,0.0,0.0,0.0,41455.21085077362,0.0,0.0,0.0,0.0,0.0,0.0,0.0,0.0,0.0,0.0
67.3,0.0,0.0,-0.0,0.0,-0.0,0.0,0.0,41455.21085077362,0.0,0.0,-0.0,0.0,0.0,0.0,0.0,0.0,0.0,0.0
53.5,0.0,0.0,0.0,-0.0,0.0,-0.0,0.0,41455.21085077362,0.0,0.0,0.0,0.0,0.0,0.0,0.0,0.0,0.0,-0.0
33.72,0.05131670194948623,0.10263340389897246,0.10818510677891963,0.0,0.10263340389897246,0.0,-4.754735442933518,41450.456115330686,0.0,0.0,0.10818510677891963,0.0,0.0,0.0,0.0,0.0,0.0,0.0
25.61,0.5256583509747431,1.0513167019494862,1.0,0.0,0.9486832980505138,0.0,-35.72,41414.736115330685,0.0,0.0,1.0,0.0,0.0,0.0,0.0,0.0,0.0,0.0
26.82,1.0,2.0,1.0,0.0,0.9486832980505138,0.0,-36.95,41377.78611533069,0.0,0.0,1.0,0.0,0.0,0.0,0.0,0.0,0.0,0.0
40.3,1.0,2.0,0.0,0.0,0.0,0.0,0.0,41377.78611533069,0.0,0.0,0.0,0.0,0.0,0.0,0.0,0.0,0.0,0.0
67.81,1.0,2.0,0.0,-0.0,0.0,-0.0,0.0,41377.78611533069,0.0,0.0,0.0,0.0,0.0,0.0,0.0,0.0,0.0,-0.0
78.05,1.0,2.0,0.0,-0.0,0.0,-0.0,0.0,41377.78611533069,0.0,0.0,0.0,0.0,0.0,0.0,0.0,0.0,0.0,-0.0
86.07,1.0,2.0,0.0,-0.0,0.0,-0.0,0.0,41377.78611533069,0.0,0.0,0.0,0.0,0.0,0.0,0.0,0.0,0.0,-0.0
105.0,1.0,2.0,0.0,0.0,0.0,0.0,0.0,41377.78611533069,0.0,0.0,0.0,0.0,0.0,0.0,0.0,0.0,0.0,0.0
112.98,0.5270462766947299,1.0540925533894598,0.0,0.8973665961010275,0.0,0.9459074466105402,100.14611212487468,41477.93222745556,0.0,0.0,0.0,0.0,0.0,0.0,0.0,0.0,0.0,0.8973665961010275
119.74,0.0,0.0,0.0,1.0,0.0,1.0540925533894598,118.36,41596.29222745556,0.0,0.0,0.0,0.0,0.0,0.0,0.0,0.0,0.0,1.0
110.54,-0.0,-0.0,0.0,0.0,0.0,0.0,0.0,41596.29222745556,0.0,0.0,0.0,0.0,0.0,0.0,0.0,0.0,0.0,0.0
103.06,-0.0,-0.0,0.0,0.0,0.0,0.0,0.0,41596.29222745556,0.0,0.0,0.0,0.0,0.0,0.0,0.0,0.0,0.0,0.0
97.82,-0.0,-0.0,0.0,0.0,0.0,0.0,0.0,41596.29222745556,0.0,0.0,0.0,0.0,0.0,0.0,0.0,0.0,0.0,0.0
94.08,-0.0,-0.0,0.0,0.0,0.0,0.0,0.0,41596.29222745556,0.0,0.0,0.0,0.0,0.0,0.0,0.0,0.0,0.0,0.0
89.29,0.0,0.0,-0.0,0.0,-0.0,0.0,0.0,41596.29222745556,0.0,0.0,-0.0,0.0,0.0,0.0,0.0,0.0,0.0,0.0
89.29,-0.0,-0.0,0.0,0.0,0.0,0.0,0.0,41596.29222745556,0.0,0.0,0.0,0.0,0.0,0.0,0.0,0.0,0.0,0.0
93.45,-0.0,-0.0,0.0,0.0,0.0,0.0,0.0,41596.29222745556,0.0,0.0,0.0,0.0,0.0,0.0,0.0,0.0,0.0,0.0
100.97,-0.0,-0.0,0.0,0.0,0.0,0.0,0.0,41596.29222745556,0.0,0.0,0.0,0.0,0.0,0.0,0.0,0.0,0.0,0.0
109.22,-0.0,-0.0,0.0,0.0,0.0,0.0,0.0,41596.29222745556,0.0,0.0,0.0,0.0,0.0,0.0,0.0,0.0,0.0,0.0
104.1,-0.0,-0.0,0.0,0.0,0.0,0.0,0.0,41596.29222745556,0.0,0.0,0.0,0.0,0.0,0.0,0.0,0.0,0.0,0.0
110.4,-0.0,-0.0,0.0,-0.0,0.0,-0.0,0.0,41596.29222745556,0.0,0.0,0.0,0.0,0.0,0.0,0.0,0.0,0.0,-0.0
96.22,-0.0,-0.0,0.0,0.0,0.0,0.0,0.0,41596.29222745556,0.0,0.0,0.0,0.0,0.0,0.0,0.0,0.0,0.0,0.0
89.17,0.0,0.0,0.0,0.0,0.0,0.0,0.0,41596.29222745556,0.0,0.0,0.0,0.0,0.0,0.0,0.0,0.0,0.0,0.0
84.39,-0.0,-0.0,0.0,0.0,0.0,0.0,0.0,41596.29222745556,0.0,0.0,0.0,0.0,0.0,0.0,0.0,0.0,0.0,0.0
82.17,0.05131670194948623,0.10263340389897246,0.10818510677891963,0.0,0.10263340389897246,0.0,-10.070951590049628,41586.22127586551,0.0,0.0,0.10818510677891963,0.0,0.0,0.0,0.0,0.0,0.0,0.0
80.43,0.5256583509747431,1.0513167019494862,1.0,0.0,0.9486832980505138,0.0,-91.32000000000001,41494.90127586551,0.0,0.0,1.0,0.0,0.0,0.0,0.0,0.0,0.0,0.0
82.05,1.0,2.0,1.0,0.0,0.9486832980505138,0.0,-92.96,41401.94127586551,0.0,0.0,1.0,0.0,0.0,0.0,0.0,0.0,0.0,0.0
84.77,1.0,2.0,0.0,0.0,0.0,0.0,0.0,41401.94127586551,0.0,0.0,0.0,0.0,0.0,0.0,0.0,0.0,0.0,0.0
88.51,1.0,2.0,0.0,0.0,0.0,0.0,0.0,41401.94127586551,0.0,0.0,0.0,0.0,0.0,0.0,0.0,0.0,0.0,0.0
95.01,1.0,2.0,0.0,0.0,0.0,0.0,0.0,41401.94127586551,0.0,0.0,0.0,0.0,0.0,0.0,0.0,0.0,0.0,0.0
104.0,1.0,2.0,0.0,0.0,0.0,0.0,0.0,41401.94127586551,0.0,0.0,0.0,0.0,0.0,0.0,0.0,0.0,0.0,0.0
116.39,1.0,2.0,0.0,0.0,0.0,0.0,0.0,41401.94127586551,0.0,0.0,0.0,0.0,0.0,0.0,0.0,0.0,0.0,0.0
154.16,0.4729537233052701,0.9459074466105402,0.0,1.0,0.0,1.0540925533894598,152.78,41554.72127586551,0.0,0.0,0.0,0.0,0.0,0.0,0.0,0.0,0.0,1.0
140.64,-0.0,-0.0,0.0,0.8973665961010275,0.0,0.9459074466105402,124.96727217302907,41679.68854803854,0.0,0.0,0.0,0.0,0.0,0.0,0.0,0.0,0.0,0.8973665961010275
118.38,0.0,0.0,0.0,0.0,0.0,0.0,0.0,41679.68854803854,0.0,0.0,0.0,0.0,0.0,0.0,0.0,0.0,0.0,0.0
108.6,-0.0,-0.0,0.0,0.0,0.0,0.0,0.0,41679.68854803854,0.0,0.0,0.0,0.0,0.0,0.0,0.0,0.0,0.0,0.0
111.27,0.0,0.0,0.0,-0.0,0.0,-0.0,0.0,41679.68854803854,0.0,0.0,0.0,0.0,0.0,0.0,0.0,0.0,0.0,-0.0
103.67,-0.0,-0.0,0.0,0.0,0.0,0.0,0.0,41679.68854803854,0.0,0.0,0.0,0.0,0.0,0.0,0.0,0.0,0.0,0.0
97.05,-0.0,-0.0,0.0,0.0,0.0,0.0,0.0,41679.68854803854,0.0,0.0,0.0,0.0,0.0,0.0,0.0,0.0,0.0,0.0
92.64,-0.0,-0.0,0.0,0.0,0.0,0.0,0.0,41679.68854803854,0.0,0.0,0.0,0.0,0.0,0.0,0.0,0.0,0.0,0.0
91.71,-0.0,-0.0,0.0,0.0,0.0,0.0,0.0,41679.68854803854,0.0,0.0,0.0,0.0,0.0,0.0,0.0,0.0,0.0,0.0
94.22,-0.0,-0.0,0.0,0.0,0.0,0.0,0.0,41679.68854803854,0.0,0.0,0.0,0.0,0.0,0.0,0.0,0.0,0.0,0.0
106.1,-0.0,-0.0,0.0,0.0,0.0,0.0,0.0,41679.68854803854,0.0,0.0,0.0,0.0,0.0,0.0,0.0,0.0,0.0,0.0
108.0,-0.0,-0.0,0.0,0.0,0.0,0.0,0.0,41679.68854803854,0.0,0.0,0.0,0.0,0.0,0.0,0.0,0.0,0.0,0.0
110.85,0.0,0.0,0.0,-0.0,0.0,-0.0,0.0,41679.68854803854,0.0,0.0,0.0,0.0,0.0,0.0,0.0,0.0,0.0,-0.0
98.2,-0.0,-0.0,0.0,0.0,0.0,0.0,0.0,41679.68854803854,0.0,0.0,0.0,0.0,0.0,0.0,0.0,0.0,0.0,0.0
94.08,-0.0,-0.0,0.0,0.0,0.0,0.0,0.0,41679.68854803854,0.0,0.0,0.0,0.0,0.0,0.0,0.0,0.0,0.0,0.0
85.15,-0.0,-0.0,0.0,0.0,0.0,0.0,0.0,41679.68854803854,0.0,0.0,0.0,0.0,0.0,0.0,0.0,0.0,0.0,0.0
83.09,-0.0,-0.0,0.0,0.0,0.0,0.0,0.0,41679.68854803854,0.0,0.0,0.0,0.0,0.0,0.0,0.0,0.0,0.0,0.0
78.7,0.05131670194948623,0.10263340389897246,0.10818510677891963,0.0,0.10263340389897246,0.0,-9.69014001418783,41669.99840802435,0.0,0.0,0.10818510677891963,0.0,0.0,0.0,0.0,0.0,0.0,0.0
74.93,0.5256583509747431,1.0513167019494862,1.0,0.0,0.9486832980505138,0.0,-85.74000000000001,41584.258408024354,0.0,0.0,1.0,0.0,0.0,0.0,0.0,0.0,0.0,0.0
75.14,1.0,2.0,1.0,0.0,0.9486832980505138,0.0,-85.96000000000001,41498.298408024355,0.0,0.0,1.0,0.0,0.0,0.0,0.0,0.0,0.0,0.0
78.83,1.0,2.0,0.0,0.0,0.0,0.0,0.0,41498.298408024355,0.0,0.0,0.0,0.0,0.0,0.0,0.0,0.0,0.0,0.0
81.52,1.0,2.0,0.0,0.0,0.0,0.0,0.0,41498.298408024355,0.0,0.0,0.0,0.0,0.0,0.0,0.0,0.0,0.0,0.0
87.63,1.0,2.0,0.0,0.0,0.0,0.0,0.0,41498.298408024355,0.0,0.0,0.0,0.0,0.0,0.0,0.0,0.0,0.0,0.0
92.97,1.0,2.0,0.0,0.0,0.0,0.0,0.0,41498.298408024355,0.0,0.0,0.0,0.0,0.0,0.0,0.0,0.0,0.0,0.0
108.21,1.0,2.0,0.0,0.0,0.0,0.0,0.0,41498.298408024355,0.0,0.0,0.0,0.0,0.0,0.0,0.0,0.0,0.0,0.0
121.21,0.4729537233052701,0.9459074466105402,0.0,1.0,0.0,1.0540925533894598,119.83,41618.12840802436,0.0,0.0,0.0,0.0,0.0,0.0,0.0,0.0,0.0,1.0
112.6,-0.0,-0.0,0.0,0.8973665961010275,0.0,0.9459074466105402,99.80511281835628,41717.933520842715,0.0,0.0,0.0,0.0,0.0,0.0,0.0,0.0,0.0,0.8973665961010275
110.25,-0.0,-0.0,0.0,0.0,0.0,0.0,0.0,41717.933520842715,0.0,0.0,0.0,0.0,0.0,0.0,0.0,0.0,0.0,0.0
106.76,-0.0,-0.0,0.0,0.0,0.0,0.0,0.0,41717.933520842715,0.0,0.0,0.0,0.0,0.0,0.0,0.0,0.0,0.0,0.0
100.7,-0.0,-0.0,0.0,0.0,0.0,0.0,0.0,41717.933520842715,0.0,0.0,0.0,0.0,0.0,0.0,0.0,0.0,0.0,0.0
93.73,-0.0,-0.0,0.0,0.0,0.0,0.0,0.0,41717.933520842715,0.0,0.0,0.0,0.0,0.0,0.0,0.0,0.0,0.0,0.0
91.6,0.0,0.0,0.0,0.0,0.0,0.0,0.0,41717.933520842715,0.0,0.0,0.0,0.0,0.0,0.0,0.0,0.0,0.0,0.0
90.08,-0.0,-0.0,0.0,0.0,0.0,0.0,0.0,41717.933520842715,0.0,0.0,0.0,0.0,0.0,0.0,0.0,0.0,0.0,0.0
89.36,-0.0,-0.0,0.0,0.0,0.0,0.0,0.0,41717.933520842715,0.0,0.0,0.0,0.0,0.0,0.0,0.0,0.0,0.0,0.0
92.39,0.0,0.0,0.0,-0.0,0.0,-0.0,0.0,41717.933520842715,0.0,0.0,0.0,0.0,0.0,0.0,0.0,0.0,0.0,-0.0
90.91,-0.0,-0.0,0.0,-0.0,0.0,-0.0,0.0,41717.933520842715,0.0,0.0,0.0,0.0,0.0,0.0,0.0,0.0,0.0,-0.0
84.68,-0.0,-0.0,0.0,0.0,0.0,0.0,0.0,41717.933520842715,0.0,0.0,0.0,0.0,0.0,0.0,0.0,0.0,0.0,0.0
83.16,-0.0,-0.0,0.0,0.0,0.0,0.0,0.0,41717.933520842715,0.0,0.0,0.0,0.0,0.0,0.0,0.0,0.0,0.0,0.0
79.59,-0.0,-0.0,0.0,0.0,0.0,0.0,0.0,41717.933520842715,0.0,0.0,0.0,0.0,0.0,0.0,0.0,0.0,0.0,0.0
75.2,0.0,0.0,0.0,0.0,0.0,0.0,0.0,41717.933520842715,0.0,0.0,0.0,0.0,0.0,0.0,0.0,0.0,0.0,0.0
66.42,-0.0,-0.0,0.0,0.0,0.0,0.0,0.0,41717.933520842715,0.0,0.0,0.0,0.0,0.0,0.0,0.0,0.0,0.0,0.0
49.87,0.4743416490252569,0.9486832980505138,1.0,0.0,0.9486832980505138,0.0,-60.33,41657.60352084271,0.0,0.0,1.0,0.0,0.0,0.0,0.0,0.0,0.0,0.0
50.09,0.9486832980505138,1.8973665961010275,1.0,0.0,0.9486832980505138,0.0,-60.550000000000004,41597.05352084271,0.0,0.0,1.0,0.0,0.0,0.0,0.0,0.0,0.0,0.0
65.2,1.0,2.0,0.10818510677891963,0.0,0.10263340389897246,0.0,-8.209085902384421,41588.84443494033,0.0,0.0,0.10818510677891963,0.0,0.0,0.0,0.0,0.0,0.0,0.0
66.37,1.0,2.0,0.0,0.0,0.0,0.0,0.0,41588.84443494033,0.0,0.0,0.0,0.0,0.0,0.0,0.0,0.0,0.0,0.0
76.21,1.0,2.0,0.0,0.0,0.0,0.0,0.0,41588.84443494033,0.0,0.0,0.0,0.0,0.0,0.0,0.0,0.0,0.0,0.0
93.61,1.0,2.0,0.0,-0.0,0.0,-0.0,0.0,41588.84443494033,0.0,0.0,0.0,0.0,0.0,0.0,0.0,0.0,0.0,-0.0
106.6,1.0,2.0,0.0,0.0,0.0,0.0,0.0,41588.84443494033,0.0,0.0,0.0,0.0,0.0,0.0,0.0,0.0,0.0,0.0
121.95,0.5270462766947299,1.0540925533894598,0.0,0.8973665961010275,0.0,0.9459074466105402,108.19549049190088,41697.03992543223,0.0,0.0,0.0,0.0,0.0,0.0,0.0,0.0,0.0,0.8973665961010275
127.07,-0.0,-0.0,0.0,1.0,0.0,1.0540925533894598,125.69,41822.729925432235,0.0,0.0,0.0,0.0,0.0,0.0,0.0,0.0,0.0,1.0
116.72,-0.0,-0.0,0.0,0.0,0.0,0.0,0.0,41822.729925432235,0.0,0.0,0.0,0.0,0.0,0.0,0.0,0.0,0.0,0.0
108.8,-0.0,-0.0,0.0,0.0,0.0,0.0,0.0,41822.729925432235,0.0,0.0,0.0,0.0,0.0,0.0,0.0,0.0,0.0,0.0
104.64,-0.0,-0.0,0.0,0.0,0.0,0.0,0.0,41822.729925432235,0.0,0.0,0.0,0.0,0.0,0.0,0.0,0.0,0.0,0.0
99.47,0.0,0.0,0.0,0.0,0.0,0.0,0.0,41822.729925432235,0.0,0.0,0.0,0.0,0.0,0.0,0.0,0.0,0.0,0.0
95.01,0.0,0.0,0.0,-0.0,0.0,-0.0,0.0,41822.729925432235,0.0,0.0,0.0,0.0,0.0,0.0,0.0,0.0,0.0,-0.0
92.07,0.0,0.0,0.0,-0.0,0.0,-0.0,0.0,41822.729925432235,0.0,0.0,0.0,0.0,0.0,0.0,0.0,0.0,0.0,-0.0
91.99,0.0,0.0,0.0,-0.0,0.0,-0.0,0.0,41822.729925432235,0.0,0.0,0.0,0.0,0.0,0.0,0.0,0.0,0.0,-0.0
89.88,-0.0,-0.0,0.0,-0.0,0.0,-0.0,0.0,41822.729925432235,0.0,0.0,0.0,0.0,0.0,0.0,0.0,0.0,0.0,-0.0
88.79,0.0,0.0,0.0,0.0,0.0,0.0,0.0,41822.729925432235,0.0,0.0,0.0,0.0,0.0,0.0,0.0,0.0,0.0,0.0
86.58,-0.0,-0.0,0.0,-0.0,0.0,-0.0,0.0,41822.729925432235,0.0,0.0,0.0,0.0,0.0,0.0,0.0,0.0,0.0,-0.0
83.76,-0.0,-0.0,0.0,0.0,0.0,0.0,0.0,41822.729925432235,0.0,0.0,0.0,0.0,0.0,0.0,0.0,0.0,0.0,0.0
81.71,-0.0,-0.0,0.0,0.0,0.0,0.0,0.0,41822.729925432235,0.0,0.0,0.0,0.0,0.0,0.0,0.0,0.0,0.0,0.0
75.91,-0.0,-0.0,0.0,0.0,0.0,0.0,0.0,41822.729925432235,0.0,0.0,0.0,0.0,0.0,0.0,0.0,0.0,0.0,0.0
70.52,0.0,0.0,0.0,0.0,0.0,0.0,0.0,41822.729925432235,0.0,0.0,0.0,0.0,0.0,0.0,0.0,0.0,0.0,0.0
45.93,0.0,0.0,0.0,-0.0,0.0,-0.0,0.0,41822.729925432235,0.0,0.0,0.0,0.0,0.0,0.0,0.0,0.0,0.0,-0.0
15.04,0.4743416490252569,0.9486832980505138,1.0,0.0,0.9486832980505138,0.0,-25.0,41797.729925432235,0.0,0.0,1.0,0.0,0.0,0.0,0.0,0.0,0.0,0.0
8.85,0.9486832980505138,1.8973665961010275,1.0,0.0,0.9486832980505138,0.0,-18.73,41778.99992543223,0.0,0.0,1.0,0.0,0.0,0.0,0.0,0.0,0.0,0.0
17.3,1.0,2.0,0.10818510677891963,0.0,0.10263340389897246,0.0,-2.953453415064506,41776.046472017166,0.0,0.0,0.10818510677891963,0.0,0.0,0.0,0.0,0.0,0.0,0.0
45.74,1.0,2.0,0.0,-0.0,0.0,-0.0,0.0,41776.046472017166,0.0,0.0,0.0,0.0,0.0,0.0,0.0,0.0,0.0,-0.0
82.36,1.0,2.0,-0.0,0.0,-0.0,0.0,0.0,41776.046472017166,0.0,0.0,-0.0,0.0,0.0,0.0,0.0,0.0,0.0,0.0
95.66,1.0,2.0,0.0,0.0,0.0,0.0,0.0,41776.046472017166,0.0,0.0,0.0,0.0,0.0,0.0,0.0,0.0,0.0,0.0
102.47,1.0,2.0,0.0,0.0,0.0,0.0,0.0,41776.046472017166,0.0,0.0,0.0,0.0,0.0,0.0,0.0,0.0,0.0,0.0
107.95,0.5270462766947299,1.0540925533894598,0.0,0.8973665961010275,0.0,0.9459074466105402,95.63235814648651,41871.678830163655,0.0,0.0,0.0,0.0,0.0,0.0,0.0,0.0,0.0,0.8973665961010275
114.71,-0.0,-0.0,0.0,1.0,0.0,1.0540925533894598,113.33,41985.00883016366,0.0,0.0,0.0,0.0,0.0,0.0,0.0,0.0,0.0,1.0
107.33,0.0,0.0,0.0,0.0,0.0,0.0,0.0,41985.00883016366,0.0,0.0,0.0,0.0,0.0,0.0,0.0,0.0,0.0,0.0
102.69,-0.0,-0.0,0.0,0.0,0.0,0.0,0.0,41985.00883016366,0.0,0.0,0.0,0.0,0.0,0.0,0.0,0.0,0.0,0.0
100.0,-0.0,-0.0,0.0,0.0,0.0,0.0,0.0,41985.00883016366,0.0,0.0,0.0,0.0,0.0,0.0,0.0,0.0,0.0,0.0
88.77,-0.0,-0.0,0.0,0.0,0.0,0.0,0.0,41985.00883016366,0.0,0.0,0.0,0.0,0.0,0.0,0.0,0.0,0.0,0.0
83.5,0.05131670194948623,0.10263340389897246,0.10818510677891963,0.0,0.10263340389897246,0.0,-10.21700148420117,41974.79182867946,0.0,0.0,0.10818510677891963,0.0,0.0,0.0,0.0,0.0,0.0,0.0
77.62,0.5256583509747431,1.0513167019494862,1.0,0.0,0.9486832980505138,0.0,-88.47,41886.32182867946,0.0,0.0,1.0,0.0,0.0,0.0,0.0,0.0,0.0,0.0
76.0,1.0,2.0,1.0,0.0,0.9486832980505138,0.0,-86.83,41799.49182867946,0.0,0.0,1.0,0.0,0.0,0.0,0.0,0.0,0.0,0.0
84.34,1.0,2.0,-0.0,0.0,-0.0,0.0,0.0,41799.49182867946,0.0,0.0,-0.0,0.0,0.0,0.0,0.0,0.0,0.0,0.0
94.98,1.0,2.0,0.0,0.0,0.0,0.0,0.0,41799.49182867946,0.0,0.0,0.0,0.0,0.0,0.0,0.0,0.0,0.0,0.0
108.61,0.5270462766947299,1.0540925533894598,0.0,0.8973665961010275,0.0,0.9459074466105402,96.22462009991318,41895.71644877937,0.0,0.0,0.0,0.0,0.0,0.0,0.0,0.0,0.0,0.8973665961010275
112.0,-0.0,-0.0,0.0,1.0,0.0,1.0540925533894598,110.62,42006.33644877937,0.0,0.0,0.0,0.0,0.0,0.0,0.0,0.0,0.0,1.0
92.97,0.0,0.0,0.0,0.0,0.0,0.0,0.0,42006.33644877937,0.0,0.0,0.0,0.0,0.0,0.0,0.0,0.0,0.0,0.0
82.0,0.0,0.0,-0.0,0.0,-0.0,0.0,0.0,42006.33644877937,0.0,0.0,-0.0,0.0,0.0,0.0,0.0,0.0,0.0,0.0
15.27,-0.0,-0.0,0.0,0.0,0.0,0.0,0.0,42006.33644877937,0.0,0.0,0.0,0.0,0.0,0.0,0.0,0.0,0.0,0.0
13.28,0.4743416490252569,0.9486832980505138,1.0,0.0,0.9486832980505138,0.0,-23.22,41983.11644877937,0.0,0.0,1.0,0.0,0.0,0.0,0.0,0.0,0.0,0.0
18.67,0.4743416490252569,0.9486832980505138,0.0,0.0,0.0,0.0,0.0,41983.11644877937,0.0,0.0,0.0,0.0,0.0,0.0,0.0,0.0,0.0,0.0
13.41,0.5256583509747431,1.0513167019494862,0.10818510677891963,0.0,0.10263340389897246,0.0,-2.526122243287773,41980.59032653608,0.0,0.0,0.10818510677891963,0.0,0.0,0.0,0.0,0.0,0.0,0.0
19.0,0.5256583509747431,1.0513167019494862,0.0,0.0,0.0,0.0,0.0,41980.59032653608,0.0,0.0,0.0,0.0,0.0,0.0,0.0,0.0,0.0,0.0
6.7,1.0,2.0,1.0,0.0,0.9486832980505138,0.0,-16.54,41964.05032653608,0.0,0.0,1.0,0.0,0.0,0.0,0.0,0.0,0.0,0.0
28.15,1.0,2.0,-0.0,0.0,-0.0,0.0,0.0,41964.05032653608,0.0,0.0,-0.0,0.0,0.0,0.0,0.0,0.0,0.0,0.0
58.72,1.0,2.0,-0.0,0.0,-0.0,0.0,0.0,41964.05032653608,0.0,0.0,-0.0,0.0,0.0,0.0,0.0,0.0,0.0,0.0
90.04,1.0,2.0,0.0,-0.0,0.0,-0.0,0.0,41964.05032653608,0.0,0.0,0.0,0.0,0.0,0.0,0.0,0.0,0.0,-0.0
110.92,0.4729537233052701,0.9459074466105402,0.0,1.0,0.0,1.0540925533894598,109.54,42073.59032653608,0.0,0.0,0.0,0.0,0.0,0.0,0.0,0.0,0.0,1.0
109.74,-0.0,-0.0,0.0,0.8973665961010275,0.0,0.9459074466105402,97.23864435350734,42170.82897088959,0.0,0.0,0.0,0.0,0.0,0.0,0.0,0.0,0.0,0.8973665961010275
103.79,0.0,0.0,0.0,0.0,0.0,0.0,0.0,42170.82897088959,0.0,0.0,0.0,0.0,0.0,0.0,0.0,0.0,0.0,0.0
89.95,-0.0,-0.0,0.0,0.0,0.0,0.0,0.0,42170.82897088959,0.0,0.0,0.0,0.0,0.0,0.0,0.0,0.0,0.0,0.0
85.21,-0.0,-0.0,0.0,0.0,0.0,0.0,0.0,42170.82897088959,0.0,0.0,0.0,0.0,0.0,0.0,0.0,0.0,0.0,0.0
80.48,0.0,0.0,-0.0,0.0,-0.0,0.0,0.0,42170.82897088959,0.0,0.0,-0.0,0.0,0.0,0.0,0.0,0.0,0.0,0.0
79.36,0.0,0.0,-0.0,0.0,-0.0,0.0,0.0,42170.82897088959,0.0,0.0,-0.0,0.0,0.0,0.0,0.0,0.0,0.0,0.0
78.22,-0.0,-0.0,0.0,0.0,0.0,0.0,0.0,42170.82897088959,0.0,0.0,0.0,0.0,0.0,0.0,0.0,0.0,0.0,0.0
79.29,-0.0,-0.0,0.0,0.0,0.0,0.0,0.0,42170.82897088959,0.0,0.0,0.0,0.0,0.0,0.0,0.0,0.0,0.0,0.0
80.52,-0.0,-0.0,0.0,0.0,0.0,0.0,0.0,42170.82897088959,0.0,0.0,0.0,0.0,0.0,0.0,0.0,0.0,0.0,0.0
82.6,-0.0,-0.0,0.0,0.0,0.0,0.0,0.0,42170.82897088959,0.0,0.0,0.0,0.0,0.0,0.0,0.0,0.0,0.0,0.0
91.99,0.0,0.0,0.0,-0.0,0.0,-0.0,0.0,42170.82897088959,0.0,0.0,0.0,0.0,0.0,0.0,0.0,0.0,0.0,-0.0
58.21,0.0,0.0,0.0,-0.0,0.0,-0.0,0.0,42170.82897088959,0.0,0.0,0.0,0.0,0.0,0.0,0.0,0.0,0.0,-0.0
4.08,-0.0,-0.0,0.0,0.0,0.0,0.0,0.0,42170.82897088959,0.0,0.0,0.0,0.0,0.0,0.0,0.0,0.0,0.0,0.0
2.36,0.0,0.0,-0.0,0.0,-0.0,0.0,0.0,42170.82897088959,0.0,0.0,-0.0,0.0,0.0,0.0,0.0,0.0,0.0,0.0
2.31,0.4743416490252569,0.9486832980505138,1.0,0.0,0.9486832980505138,0.0,-12.09,42158.73897088959,0.0,0.0,1.0,0.0,0.0,0.0,0.0,0.0,0.0,0.0
2.33,0.5256583509747431,1.0513167019494862,0.10818510677891963,0.0,0.10263340389897246,0.0,-1.3101216430927167,42157.4288492465,0.0,0.0,0.10818510677891963,0.0,0.0,0.0,0.0,0.0,0.0,0.0
2.54,0.5256583509747431,1.0513167019494862,0.0,0.0,0.0,0.0,0.0,42157.4288492465,0.0,0.0,0.0,0.0,0.0,0.0,0.0,0.0,0.0,0.0
1.07,1.0,2.0,1.0,0.0,0.9486832980505138,0.0,-10.83,42146.5988492465,0.0,0.0,1.0,0.0,0.0,0.0,0.0,0.0,0.0,0.0
3.83,1.0,2.0,0.0,0.0,0.0,0.0,0.0,42146.5988492465,0.0,0.0,0.0,0.0,0.0,0.0,0.0,0.0,0.0,0.0
3.9,1.0,2.0,0.0,0.0,0.0,0.0,0.0,42146.5988492465,0.0,0.0,0.0,0.0,0.0,0.0,0.0,0.0,0.0,0.0
16.08,1.0,2.0,0.0,-0.0,0.0,-0.0,0.0,42146.5988492465,0.0,0.0,0.0,0.0,0.0,0.0,0.0,0.0,0.0,-0.0
81.5,1.0,2.0,-0.0,0.0,-0.0,0.0,0.0,42146.5988492465,0.0,0.0,-0.0,0.0,0.0,0.0,0.0,0.0,0.0,0.0
103.26,1.0,2.0,0.0,0.0,0.0,0.0,0.0,42146.5988492465,0.0,0.0,0.0,0.0,0.0,0.0,0.0,0.0,0.0,0.0
123.56,0.5270462766947299,1.0540925533894598,0.0,0.8973665961010275,0.0,0.9459074466105402,109.64025071162354,42256.23909995812,0.0,0.0,0.0,0.0,0.0,0.0,0.0,0.0,0.0,0.8973665961010275
125.01,0.0,0.0,0.0,1.0,0.0,1.0540925533894598,123.63000000000001,42379.869099958116,0.0,0.0,0.0,0.0,0.0,0.0,0.0,0.0,0.0,1.0
111.94,0.0,0.0,0.0,-0.0,0.0,-0.0,0.0,42379.869099958116,0.0,0.0,0.0,0.0,0.0,0.0,0.0,0.0,0.0,-0.0
101.7,-0.0,-0.0,0.0,-0.0,0.0,-0.0,0.0,42379.869099958116,0.0,0.0,0.0,0.0,0.0,0.0,0.0,0.0,0.0,-0.0
83.01,0.0,0.0,0.0,0.0,0.0,0.0,0.0,42379.869099958116,0.0,0.0,0.0,0.0,0.0,0.0,0.0,0.0,0.0,0.0
79.02,-0.0,-0.0,0.0,0.0,0.0,0.0,0.0,42379.869099958116,0.0,0.0,0.0,0.0,0.0,0.0,0.0,0.0,0.0,0.0
78.39,-0.0,-0.0,0.0,0.0,0.0,0.0,0.0,42379.869099958116,0.0,0.0,0.0,0.0,0.0,0.0,0.0,0.0,0.0,0.0
75.99,0.0,0.0,-0.0,0.0,-0.0,0.0,0.0,42379.869099958116,0.0,0.0,-0.0,0.0,0.0,0.0,0.0,0.0,0.0,0.0
75.65,-0.0,-0.0,0.0,0.0,0.0,0.0,0.0,42379.869099958116,0.0,0.0,0.0,0.0,0.0,0.0,0.0,0.0,0.0,0.0
76.5,-0.0,-0.0,0.0,0.0,0.0,0.0,0.0,42379.869099958116,0.0,0.0,0.0,0.0,0.0,0.0,0.0,0.0,0.0,0.0
79.88,-0.0,-0.0,0.0,0.0,0.0,0.0,0.0,42379.869099958116,0.0,0.0,0.0,0.0,0.0,0.0,0.0,0.0,0.0,0.0
90.0,-0.0,-0.0,0.0,0.0,0.0,0.0,0.0,42379.869099958116,0.0,0.0,0.0,0.0,0.0,0.0,0.0,0.0,0.0,0.0
93.88,-0.0,-0.0,0.0,-0.0,0.0,-0.0,0.0,42379.869099958116,0.0,0.0,0.0,0.0,0.0,0.0,0.0,0.0,0.0,-0.0
79.02,0.0,0.0,0.0,0.0,0.0,0.0,0.0,42379.869099958116,0.0,0.0,0.0,0.0,0.0,0.0,0.0,0.0,0.0,0.0
63.29,0.0,0.0,-0.0,0.0,-0.0,0.0,0.0,42379.869099958116,0.0,0.0,-0.0,0.0,0.0,0.0,0.0,0.0,0.0,0.0
40.43,0.0,0.0,0.0,-0.0,0.0,-0.0,0.0,42379.869099958116,0.0,0.0,0.0,0.0,0.0,0.0,0.0,0.0,0.0,-0.0
24.79,0.05131670194948623,0.10263340389897246,0.10818510677891963,0.0,0.10263340389897246,0.0,-3.774578375516506,42376.0945215826,0.0,0.0,0.10818510677891963,0.0,0.0,0.0,0.0,0.0,0.0,0.0
17.69,0.5256583509747431,1.0513167019494862,1.0,0.0,0.9486832980505138,0.0,-27.69,42348.4045215826,0.0,0.0,1.0,0.0,0.0,0.0,0.0,0.0,0.0,0.0
10.7,1.0,2.0,1.0,0.0,0.9486832980505138,0.0,-20.6,42327.8045215826,0.0,0.0,1.0,0.0,0.0,0.0,0.0,0.0,0.0,0.0
28.03,1.0,2.0,-0.0,0.0,-0.0,0.0,0.0,42327.8045215826,0.0,0.0,-0.0,0.0,0.0,0.0,0.0,0.0,0.0,0.0
45.61,1.0,2.0,0.0,-0.0,0.0,-0.0,0.0,42327.8045215826,0.0,0.0,0.0,0.0,0.0,0.0,0.0,0.0,0.0,-0.0
75.68,1.0,2.0,0.0,-0.0,0.0,-0.0,0.0,42327.8045215826,0.0,0.0,0.0,0.0,0.0,0.0,0.0,0.0,0.0,-0.0
90.32,1.0,2.0,0.0,0.0,0.0,0.0,0.0,42327.8045215826,0.0,0.0,0.0,0.0,0.0,0.0,0.0,0.0,0.0,0.0
101.86,1.0,2.0,0.0,-0.0,0.0,-0.0,0.0,42327.8045215826,0.0,0.0,0.0,0.0,0.0,0.0,0.0,0.0,0.0,-0.0
109.07,0.4729537233052701,0.9459074466105402,0.0,1.0,0.0,1.0540925533894598,107.69,42435.4945215826,0.0,0.0,0.0,0.0,0.0,0.0,0.0,0.0,0.0,1.0
109.0,0.0,0.0,0.0,0.8973665961010275,0.0,0.9459074466105402,96.57459307239257,42532.069114654994,0.0,0.0,0.0,0.0,0.0,0.0,0.0,0.0,0.0,0.8973665961010275
104.0,-0.0,-0.0,0.0,0.0,0.0,0.0,0.0,42532.069114654994,0.0,0.0,0.0,0.0,0.0,0.0,0.0,0.0,0.0,0.0
92.41,-0.0,-0.0,0.0,0.0,0.0,0.0,0.0,42532.069114654994,0.0,0.0,0.0,0.0,0.0,0.0,0.0,0.0,0.0,0.0
88.93,-0.0,-0.0,0.0,0.0,0.0,0.0,0.0,42532.069114654994,0.0,0.0,0.0,0.0,0.0,0.0,0.0,0.0,0.0,0.0
82.11,0.0,0.0,-0.0,0.0,-0.0,0.0,0.0,42532.069114654994,0.0,0.0,-0.0,0.0,0.0,0.0,0.0,0.0,0.0,0.0
79.0,-0.0,-0.0,0.0,0.0,0.0,0.0,0.0,42532.069114654994,0.0,0.0,0.0,0.0,0.0,0.0,0.0,0.0,0.0,0.0
77.27,0.4743416490252569,0.9486832980505138,1.0,0.0,0.9486832980505138,0.0,-88.11999999999999,42443.94911465499,0.0,0.0,1.0,0.0,0.0,0.0,0.0,0.0,0.0,0.0
78.51,0.4743416490252569,0.9486832980505138,0.0,0.0,0.0,0.0,0.0,42443.94911465499,0.0,0.0,0.0,0.0,0.0,0.0,0.0,0.0,0.0,0.0
83.24,0.4743416490252569,0.9486832980505138,0.0,0.0,0.0,0.0,0.0,42443.94911465499,0.0,0.0,0.0,0.0,0.0,0.0,0.0,0.0,0.0,0.0
89.07,0.4743416490252569,0.9486832980505138,0.0,0.0,0.0,0.0,0.0,42443.94911465499,0.0,0.0,0.0,0.0,0.0,0.0,0.0,0.0,0.0,0.0
100.46,0.0,0.0,0.0,0.8999999999999999,0.0,0.9486832980505138,89.17199999999998,42533.12111465499,0.0,0.0,0.0,0.0,0.0,0.0,0.0,0.0,0.0,0.8999999999999999
94.09,-0.0,-0.0,0.0,0.0,0.0,0.0,0.0,42533.12111465499,0.0,0.0,0.0,0.0,0.0,0.0,0.0,0.0,0.0,0.0
88.91,-0.0,-0.0,0.0,0.0,0.0,0.0,0.0,42533.12111465499,0.0,0.0,0.0,0.0,0.0,0.0,0.0,0.0,0.0,0.0
74.17,0.0,0.0,-0.0,0.0,-0.0,0.0,0.0,42533.12111465499,0.0,0.0,-0.0,0.0,0.0,0.0,0.0,0.0,0.0,0.0
70.04,0.0,0.0,-0.0,0.0,-0.0,0.0,0.0,42533.12111465499,0.0,0.0,-0.0,0.0,0.0,0.0,0.0,0.0,0.0,0.0
61.15,-0.0,-0.0,0.0,0.0,0.0,0.0,0.0,42533.12111465499,0.0,0.0,0.0,0.0,0.0,0.0,0.0,0.0,0.0,0.0
48.05,0.4743416490252569,0.9486832980505138,1.0,0.0,0.9486832980505138,0.0,-58.48,42474.64111465499,0.0,0.0,1.0,0.0,0.0,0.0,0.0,0.0,0.0,0.0
35.06,0.9486832980505138,1.8973665961010275,1.0,0.0,0.9486832980505138,0.0,-45.31,42429.33111465499,0.0,0.0,1.0,0.0,0.0,0.0,0.0,0.0,0.0,0.0
55.07,1.0,2.0,0.10818510677891963,0.0,0.10263340389897246,0.0,-7.096943004697128,42422.23417165029,0.0,0.0,0.10818510677891963,0.0,0.0,0.0,0.0,0.0,0.0,0.0
72.43,1.0,2.0,0.0,0.0,0.0,0.0,0.0,42422.23417165029,0.0,0.0,0.0,0.0,0.0,0.0,0.0,0.0,0.0,0.0
84.56,1.0,2.0,0.0,-0.0,0.0,-0.0,0.0,42422.23417165029,0.0,0.0,0.0,0.0,0.0,0.0,0.0,0.0,0.0,-0.0
96.9,1.0,2.0,-0.0,0.0,-0.0,0.0,0.0,42422.23417165029,0.0,0.0,-0.0,0.0,0.0,0.0,0.0,0.0,0.0,0.0
111.92,1.0,2.0,0.0,0.0,0.0,0.0,0.0,42422.23417165029,0.0,0.0,0.0,0.0,0.0,0.0,0.0,0.0,0.0,0.0
128.27,0.4729537233052701,0.9459074466105402,0.0,1.0,0.0,1.0540925533894598,126.89000000000001,42549.12417165029,0.0,0.0,0.0,0.0,0.0,0.0,0.0,0.0,0.0,1.0
125.11,0.0,0.0,0.0,0.8973665961010275,0.0,0.9459074466105402,111.03116893558014,42660.15534058587,0.0,0.0,0.0,0.0,0.0,0.0,0.0,0.0,0.0,0.8973665961010275
114.16,-0.0,-0.0,0.0,-0.0,0.0,-0.0,0.0,42660.15534058587,0.0,0.0,0.0,0.0,0.0,0.0,0.0,0.0,0.0,-0.0
102.79,-0.0,-0.0,0.0,0.0,0.0,0.0,0.0,42660.15534058587,0.0,0.0,0.0,0.0,0.0,0.0,0.0,0.0,0.0,0.0
105.31,-0.0,-0.0,0.0,0.0,0.0,0.0,0.0,42660.15534058587,0.0,0.0,0.0,0.0,0.0,0.0,0.0,0.0,0.0,0.0
98.54,-0.0,-0.0,0.0,0.0,0.0,0.0,0.0,42660.15534058587,0.0,0.0,0.0,0.0,0.0,0.0,0.0,0.0,0.0,0.0
92.15,0.0,0.0,0.0,0.0,0.0,0.0,0.0,42660.15534058587,0.0,0.0,0.0,0.0,0.0,0.0,0.0,0.0,0.0,0.0
89.17,0.0,0.0,-0.0,0.0,-0.0,0.0,0.0,42660.15534058587,0.0,0.0,-0.0,0.0,0.0,0.0,0.0,0.0,0.0,0.0
94.21,-0.0,-0.0,0.0,0.0,0.0,0.0,0.0,42660.15534058587,0.0,0.0,0.0,0.0,0.0,0.0,0.0,0.0,0.0,0.0
100.58,-0.0,-0.0,0.0,0.0,0.0,0.0,0.0,42660.15534058587,0.0,0.0,0.0,0.0,0.0,0.0,0.0,0.0,0.0,0.0
106.69,-0.0,-0.0,0.0,0.0,0.0,0.0,0.0,42660.15534058587,0.0,0.0,0.0,0.0,0.0,0.0,0.0,0.0,0.0,0.0
110.71,-0.0,-0.0,0.0,-0.0,0.0,-0.0,0.0,42660.15534058587,0.0,0.0,0.0,0.0,0.0,0.0,0.0,0.0,0.0,-0.0
106.64,-0.0,-0.0,0.0,0.0,0.0,0.0,0.0,42660.15534058587,0.0,0.0,0.0,0.0,0.0,0.0,0.0,0.0,0.0,0.0
103.67,-0.0,-0.0,0.0,0.0,0.0,0.0,0.0,42660.15534058587,0.0,0.0,0.0,0.0,0.0,0.0,0.0,0.0,0.0,0.0
97.95,0.0,0.0,0.0,0.0,0.0,0.0,0.0,42660.15534058587,0.0,0.0,0.0,0.0,0.0,0.0,0.0,0.0,0.0,0.0
84.1,0.0,0.0,-0.0,0.0,-0.0,0.0,0.0,42660.15534058587,0.0,0.0,-0.0,0.0,0.0,0.0,0.0,0.0,0.0,0.0
77.05,-0.0,-0.0,0.0,0.0,0.0,0.0,0.0,42660.15534058587,0.0,0.0,0.0,0.0,0.0,0.0,0.0,0.0,0.0,0.0
61.97,0.05131670194948623,0.10263340389897246,0.10818510677891963,0.0,0.10263340389897246,0.0,-7.854238752149565,42652.30110183372,0.0,0.0,0.10818510677891963,0.0,0.0,0.0,0.0,0.0,0.0,0.0
49.06,0.5256583509747431,1.0513167019494862,1.0,0.0,0.9486832980505138,0.0,-59.510000000000005,42592.79110183372,0.0,0.0,1.0,0.0,0.0,0.0,0.0,0.0,0.0,0.0
49.1,1.0,2.0,1.0,0.0,0.9486832980505138,0.0,-59.55,42533.241101833715,0.0,0.0,1.0,0.0,0.0,0.0,0.0,0.0,0.0,0.0
69.93,1.0,2.0,0.0,0.0,0.0,0.0,0.0,42533.241101833715,0.0,0.0,0.0,0.0,0.0,0.0,0.0,0.0,0.0,0.0
83.59,1.0,2.0,0.0,-0.0,0.0,-0.0,0.0,42533.241101833715,0.0,0.0,0.0,0.0,0.0,0.0,0.0,0.0,0.0,-0.0
96.45,1.0,2.0,0.0,-0.0,0.0,-0.0,0.0,42533.241101833715,0.0,0.0,0.0,0.0,0.0,0.0,0.0,0.0,0.0,-0.0
109.51,1.0,2.0,0.0,0.0,0.0,0.0,0.0,42533.241101833715,0.0,0.0,0.0,0.0,0.0,0.0,0.0,0.0,0.0,0.0
119.23,0.4729537233052701,0.9459074466105402,0.0,1.0,0.0,1.0540925533894598,117.85000000000001,42651.091101833714,0.0,0.0,0.0,0.0,0.0,0.0,0.0,0.0,0.0,1.0
117.51,0.0,0.0,0.0,0.8973665961010275,0.0,0.9459074466105402,104.21118280521233,42755.30228463893,0.0,0.0,0.0,0.0,0.0,0.0,0.0,0.0,0.0,0.8973665961010275
110.72,-0.0,-0.0,0.0,0.0,0.0,0.0,0.0,42755.30228463893,0.0,0.0,0.0,0.0,0.0,0.0,0.0,0.0,0.0,0.0
102.73,-0.0,-0.0,0.0,0.0,0.0,0.0,0.0,42755.30228463893,0.0,0.0,0.0,0.0,0.0,0.0,0.0,0.0,0.0,0.0
104.47,-0.0,-0.0,0.0,0.0,0.0,0.0,0.0,42755.30228463893,0.0,0.0,0.0,0.0,0.0,0.0,0.0,0.0,0.0,0.0
100.32,-0.0,-0.0,0.0,0.0,0.0,0.0,0.0,42755.30228463893,0.0,0.0,0.0,0.0,0.0,0.0,0.0,0.0,0.0,0.0
97.79,-0.0,-0.0,0.0,0.0,0.0,0.0,0.0,42755.30228463893,0.0,0.0,0.0,0.0,0.0,0.0,0.0,0.0,0.0,0.0
92.16,-0.0,-0.0,0.0,0.0,0.0,0.0,0.0,42755.30228463893,0.0,0.0,0.0,0.0,0.0,0.0,0.0,0.0,0.0,0.0
91.29,-0.0,-0.0,0.0,0.0,0.0,0.0,0.0,42755.30228463893,0.0,0.0,0.0,0.0,0.0,0.0,0.0,0.0,0.0,0.0
90.77,-0.0,-0.0,0.0,0.0,0.0,0.0,0.0,42755.30228463893,0.0,0.0,0.0,0.0,0.0,0.0,0.0,0.0,0.0,0.0
89.67,0.0,0.0,-0.0,0.0,-0.0,0.0,0.0,42755.30228463893,0.0,0.0,-0.0,0.0,0.0,0.0,0.0,0.0,0.0,0.0
84.7,-0.0,-0.0,0.0,-0.0,0.0,-0.0,0.0,42755.30228463893,0.0,0.0,0.0,0.0,0.0,0.0,0.0,0.0,0.0,-0.0
78.4,-0.0,-0.0,0.0,0.0,0.0,0.0,0.0,42755.30228463893,0.0,0.0,0.0,0.0,0.0,0.0,0.0,0.0,0.0,0.0
65.68,0.0,0.0,0.0,0.0,0.0,0.0,0.0,42755.30228463893,0.0,0.0,0.0,0.0,0.0,0.0,0.0,0.0,0.0,0.0
31.09,0.0,0.0,0.0,-0.0,0.0,-0.0,0.0,42755.30228463893,0.0,0.0,0.0,0.0,0.0,0.0,0.0,0.0,0.0,-0.0
5.68,-0.0,-0.0,0.0,0.0,0.0,0.0,0.0,42755.30228463893,0.0,0.0,0.0,0.0,0.0,0.0,0.0,0.0,0.0,0.0
2.95,-0.0,-0.0,0.0,0.0,0.0,0.0,0.0,42755.30228463893,0.0,0.0,0.0,0.0,0.0,0.0,0.0,0.0,0.0,0.0
1.34,0.05131670194948623,0.10263340389897246,0.10818510677891963,0.0,0.10263340389897246,0.0,-1.201936536313797,42754.10034810261,0.0,0.0,0.10818510677891963,0.0,0.0,0.0,0.0,0.0,0.0,0.0
0.22,0.5256583509747431,1.0513167019494862,1.0,0.0,0.9486832980505138,0.0,-9.97,42744.13034810261,0.0,0.0,1.0,0.0,0.0,0.0,0.0,0.0,0.0,0.0
0.24,1.0,2.0,1.0,0.0,0.9486832980505138,0.0,-9.99,42734.140348102614,0.0,0.0,1.0,0.0,0.0,0.0,0.0,0.0,0.0,0.0
5.3,1.0,2.0,0.0,0.0,0.0,0.0,0.0,42734.140348102614,0.0,0.0,0.0,0.0,0.0,0.0,0.0,0.0,0.0,0.0
60.69,1.0,2.0,-0.0,0.0,-0.0,0.0,0.0,42734.140348102614,0.0,0.0,-0.0,0.0,0.0,0.0,0.0,0.0,0.0,0.0
91.32,1.0,2.0,0.0,0.0,0.0,0.0,0.0,42734.140348102614,0.0,0.0,0.0,0.0,0.0,0.0,0.0,0.0,0.0,0.0
102.0,1.0,2.0,0.0,0.0,0.0,0.0,0.0,42734.140348102614,0.0,0.0,0.0,0.0,0.0,0.0,0.0,0.0,0.0,0.0
109.49,0.4729537233052701,0.9459074466105402,0.0,1.0,0.0,1.0540925533894598,108.11,42842.250348102614,0.0,0.0,0.0,0.0,0.0,0.0,0.0,0.0,0.0,1.0
108.42,-0.0,-0.0,0.0,0.8973665961010275,0.0,0.9459074466105402,96.05412044665398,42938.30446854927,0.0,0.0,0.0,0.0,0.0,0.0,0.0,0.0,0.0,0.8973665961010275
104.34,-0.0,-0.0,0.0,0.0,0.0,0.0,0.0,42938.30446854927,0.0,0.0,0.0,0.0,0.0,0.0,0.0,0.0,0.0,0.0
95.0,0.0,0.0,0.0,0.0,0.0,0.0,0.0,42938.30446854927,0.0,0.0,0.0,0.0,0.0,0.0,0.0,0.0,0.0,0.0
85.09,-0.0,-0.0,0.0,0.0,0.0,0.0,0.0,42938.30446854927,0.0,0.0,0.0,0.0,0.0,0.0,0.0,0.0,0.0,0.0
77.52,-0.0,-0.0,0.0,0.0,0.0,0.0,0.0,42938.30446854927,0.0,0.0,0.0,0.0,0.0,0.0,0.0,0.0,0.0,0.0
71.42,0.0,0.0,-0.0,0.0,-0.0,0.0,0.0,42938.30446854927,0.0,0.0,-0.0,0.0,0.0,0.0,0.0,0.0,0.0,0.0
67.52,-0.0,-0.0,0.0,0.0,0.0,0.0,0.0,42938.30446854927,0.0,0.0,0.0,0.0,0.0,0.0,0.0,0.0,0.0,0.0
62.72,0.0,0.0,-0.0,0.0,-0.0,0.0,0.0,42938.30446854927,0.0,0.0,-0.0,0.0,0.0,0.0,0.0,0.0,0.0,0.0
59.98,0.0,0.0,0.0,-0.0,0.0,-0.0,0.0,42938.30446854927,0.0,0.0,0.0,0.0,0.0,0.0,0.0,0.0,0.0,-0.0
46.8,0.0,0.0,0.0,-0.0,0.0,-0.0,0.0,42938.30446854927,0.0,0.0,0.0,0.0,0.0,0.0,0.0,0.0,0.0,-0.0
26.0,0.0,0.0,0.0,-0.0,0.0,-0.0,0.0,42938.30446854927,0.0,0.0,0.0,0.0,0.0,0.0,0.0,0.0,0.0,-0.0
6.16,-0.0,-0.0,0.0,0.0,0.0,0.0,0.0,42938.30446854927,0.0,0.0,0.0,0.0,0.0,0.0,0.0,0.0,0.0,0.0
0.0,-0.0,-0.0,0.0,0.0,0.0,0.0,0.0,42938.30446854927,0.0,0.0,0.0,0.0,0.0,0.0,0.0,0.0,0.0,0.0
-0.27,-0.0,-0.0,0.0,0.0,0.0,0.0,-0.0,42938.30446854927,0.0,0.0,0.0,0.0,0.0,0.0,0.0,0.0,0.0,0.0
-1.2,-0.0,-0.0,0.0,0.0,0.0,0.0,-0.0,42938.30446854927,0.0,0.0,0.0,0.0,0.0,0.0,0.0,0.0,0.0,0.0
-1.39,-0.0,-0.0,0.0,0.0,0.0,0.0,-0.0,42938.30446854927,0.0,0.0,0.0,0.0,0.0,0.0,0.0,0.0,0.0,0.0
-6.6,0.4743416490252569,0.9486832980505138,1.0,0.0,0.9486832980505138,0.0,-3.0600000000000005,42935.244468549274,0.0,0.0,1.0,0.0,0.0,0.0,0.0,0.0,0.0,0.0
-8.51,0.9486832980505138,1.8973665961010275,1.0,0.0,0.9486832980505138,0.0,-1.120000000000001,42934.12446854927,0.0,0.0,1.0,0.0,0.0,0.0,0.0,0.0,0.0,0.0
-3.54,1.0,2.0,0.10818510677891963,0.0,0.10263340389897246,0.0,-0.6664202577581448,42933.45804829151,0.0,0.0,0.10818510677891963,0.0,0.0,0.0,0.0,0.0,0.0,0.0
-0.77,1.0,2.0,0.0,0.0,0.0,0.0,-0.0,42933.45804829151,0.0,0.0,0.0,0.0,0.0,0.0,0.0,0.0,0.0,0.0
3.61,1.0,2.0,0.0,0.0,0.0,0.0,0.0,42933.45804829151,0.0,0.0,0.0,0.0,0.0,0.0,0.0,0.0,0.0,0.0
71.13,1.0,2.0,0.0,-0.0,0.0,-0.0,0.0,42933.45804829151,0.0,0.0,0.0,0.0,0.0,0.0,0.0,0.0,0.0,-0.0
88.13,1.0,2.0,0.0,-0.0,0.0,-0.0,0.0,42933.45804829151,0.0,0.0,0.0,0.0,0.0,0.0,0.0,0.0,0.0,-0.0
97.87,0.4729537233052701,0.9459074466105402,0.0,1.0,0.0,1.0540925533894598,96.49000000000001,43029.94804829151,0.0,0.0,0.0,0.0,0.0,0.0,0.0,0.0,0.0,1.0
95.99,0.4729537233052701,0.9459074466105402,0.0,0.0,0.0,0.0,0.0,43029.94804829151,0.0,0.0,0.0,0.0,0.0,0.0,0.0,0.0,0.0,0.0
97.3,-0.0,-0.0,0.0,0.8973665961010275,0.0,0.9459074466105402,86.07540389801055,43116.02345218952,0.0,0.0,0.0,0.0,0.0,0.0,0.0,0.0,0.0,0.8973665961010275
85.09,-0.0,-0.0,0.0,0.0,0.0,0.0,0.0,43116.02345218952,0.0,0.0,0.0,0.0,0.0,0.0,0.0,0.0,0.0,0.0
81.05,0.0,0.0,0.0,0.0,0.0,0.0,0.0,43116.02345218952,0.0,0.0,0.0,0.0,0.0,0.0,0.0,0.0,0.0,0.0
70.07,0.4743416490252569,0.9486832980505138,1.0,0.0,0.9486832980505138,0.0,-80.80999999999999,43035.21345218952,0.0,0.0,1.0,0.0,0.0,0.0,0.0,0.0,0.0,0.0
69.97,0.9486832980505138,1.8973665961010275,1.0,0.0,0.9486832980505138,0.0,-80.71,42954.50345218952,0.0,0.0,1.0,0.0,0.0,0.0,0.0,0.0,0.0,0.0
70.62,1.0,2.0,0.10818510677891963,0.0,0.10263340389897246,0.0,-8.80302213860069,42945.70043005092,0.0,0.0,0.10818510677891963,0.0,0.0,0.0,0.0,0.0,0.0,0.0
74.03,1.0,2.0,0.0,0.0,0.0,0.0,0.0,42945.70043005092,0.0,0.0,0.0,0.0,0.0,0.0,0.0,0.0,0.0,0.0
82.94,1.0,2.0,0.0,0.0,0.0,0.0,0.0,42945.70043005092,0.0,0.0,0.0,0.0,0.0,0.0,0.0,0.0,0.0,0.0
89.83,1.0,2.0,0.0,0.0,0.0,0.0,0.0,42945.70043005092,0.0,0.0,0.0,0.0,0.0,0.0,0.0,0.0,0.0,0.0
101.96,0.4729537233052701,0.9459074466105402,0.0,1.0,0.0,1.0540925533894598,100.58,43046.28043005092,0.0,0.0,0.0,0.0,0.0,0.0,0.0,0.0,0.0,1.0
101.44,0.0,0.0,0.0,0.8973665961010275,0.0,0.9459074466105402,89.79050160586881,43136.070931656795,0.0,0.0,0.0,0.0,0.0,0.0,0.0,0.0,0.0,0.8973665961010275
97.04,-0.0,-0.0,0.0,0.0,0.0,0.0,0.0,43136.070931656795,0.0,0.0,0.0,0.0,0.0,0.0,0.0,0.0,0.0,0.0
77.9,0.0,0.0,-0.0,0.0,-0.0,0.0,0.0,43136.070931656795,0.0,0.0,-0.0,0.0,0.0,0.0,0.0,0.0,0.0,0.0
50.0,0.0,0.0,0.0,-0.0,0.0,-0.0,0.0,43136.070931656795,0.0,0.0,0.0,0.0,0.0,0.0,0.0,0.0,0.0,-0.0
13.74,-0.0,-0.0,0.0,0.0,0.0,0.0,0.0,43136.070931656795,0.0,0.0,0.0,0.0,0.0,0.0,0.0,0.0,0.0,0.0
4.05,0.05131670194948623,0.10263340389897246,0.10818510677891963,0.0,0.10263340389897246,0.0,-1.4994455799558262,43134.57148607684,0.0,0.0,0.10818510677891963,0.0,0.0,0.0,0.0,0.0,0.0,0.0
0.72,0.5256583509747431,1.0513167019494862,1.0,0.0,0.9486832980505138,0.0,-10.48,43124.09148607684,0.0,0.0,1.0,0.0,0.0,0.0,0.0,0.0,0.0,0.0
0.02,1.0,2.0,1.0,0.0,0.9486832980505138,0.0,-9.77,43114.32148607684,0.0,0.0,1.0,0.0,0.0,0.0,0.0,0.0,0.0,0.0
11.19,1.0,2.0,0.0,0.0,0.0,0.0,0.0,43114.32148607684,0.0,0.0,0.0,0.0,0.0,0.0,0.0,0.0,0.0,0.0
31.19,0.5270462766947299,1.0540925533894598,0.0,0.8973665961010275,0.0,0.9459074466105402,26.750498229771633,43141.07198430661,0.0,0.0,0.0,0.0,0.0,0.0,0.0,0.0,0.0,0.8973665961010275
28.36,0.5270462766947299,1.0540925533894598,0.0,0.0,0.0,0.0,0.0,43141.07198430661,0.0,0.0,0.0,0.0,0.0,0.0,0.0,0.0,0.0,0.0
57.63,0.0,0.0,0.0,1.0,0.0,1.0540925533894598,56.25,43197.32198430661,0.0,0.0,0.0,0.0,0.0,0.0,0.0,0.0,0.0,1.0
17.65,0.0,0.0,0.0,-0.0,0.0,-0.0,0.0,43197.32198430661,0.0,0.0,0.0,0.0,0.0,0.0,0.0,0.0,0.0,-0.0
3.64,-0.0,-0.0,0.0,-0.0,0.0,-0.0,0.0,43197.32198430661,0.0,0.0,0.0,0.0,0.0,0.0,0.0,0.0,0.0,-0.0
0.0,0.0,0.0,0.0,0.0,0.0,0.0,0.0,43197.32198430661,0.0,0.0,0.0,0.0,0.0,0.0,0.0,0.0,0.0,0.0
2.34,-0.0,-0.0,0.0,0.0,0.0,0.0,0.0,43197.32198430661,0.0,0.0,0.0,0.0,0.0,0.0,0.0,0.0,0.0,0.0
2.51,-0.0,-0.0,0.0,-0.0,0.0,-0.0,0.0,43197.32198430661,0.0,0.0,0.0,0.0,0.0,0.0,0.0,0.0,0.0,-0.0
2.36,-0.0,-0.0,0.0,0.0,0.0,0.0,0.0,43197.32198430661,0.0,0.0,0.0,0.0,0.0,0.0,0.0,0.0,0.0,0.0
1.79,-0.0,-0.0,0.0,0.0,0.0,0.0,0.0,43197.32198430661,0.0,0.0,0.0,0.0,0.0,0.0,0.0,0.0,0.0,0.0
0.0,-0.0,-0.0,0.0,0.0,0.0,0.0,0.0,43197.32198430661,0.0,0.0,0.0,0.0,0.0,0.0,0.0,0.0,0.0,0.0
-0.05,-0.0,-0.0,0.0,0.0,0.0,0.0,-0.0,43197.32198430661,0.0,0.0,0.0,0.0,0.0,0.0,0.0,0.0,0.0,0.0
-0.04,-0.0,-0.0,0.0,0.0,0.0,0.0,-0.0,43197.32198430661,0.0,0.0,0.0,0.0,0.0,0.0,0.0,0.0,0.0,0.0
1.7,0.0,0.0,0.0,0.0,0.0,0.0,0.0,43197.32198430661,0.0,0.0,0.0,0.0,0.0,0.0,0.0,0.0,0.0,0.0
2.32,0.0,0.0,0.0,-0.0,0.0,-0.0,0.0,43197.32198430661,0.0,0.0,0.0,0.0,0.0,0.0,0.0,0.0,0.0,-0.0
2.01,0.0,0.0,0.0,-0.0,0.0,-0.0,0.0,43197.32198430661,0.0,0.0,0.0,0.0,0.0,0.0,0.0,0.0,0.0,-0.0
-0.07,-0.0,-0.0,0.0,0.0,0.0,0.0,-0.0,43197.32198430661,0.0,0.0,0.0,0.0,0.0,0.0,0.0,0.0,0.0,0.0
-0.21,-0.0,-0.0,0.0,0.0,0.0,0.0,-0.0,43197.32198430661,0.0,0.0,0.0,0.0,0.0,0.0,0.0,0.0,0.0,0.0
-2.01,-0.0,-0.0,0.0,0.0,0.0,0.0,-0.0,43197.32198430661,0.0,0.0,0.0,0.0,0.0,0.0,0.0,0.0,0.0,0.0
-4.94,-0.0,-0.0,0.0,0.0,0.0,0.0,-0.0,43197.32198430661,0.0,0.0,0.0,0.0,0.0,0.0,0.0,0.0,0.0,0.0
-9.31,0.05131670194948623,0.10263340389897246,0.10818510677891963,0.0,0.10263340389897246,0.0,-0.033537383101464924,43197.28844692351,0.0,0.0,0.10818510677891963,0.0,0.0,0.0,0.0,0.0,0.0,0.0
-11.65,0.5256583509747431,1.0513167019494862,1.0,0.0,0.9486832980505138,0.0,2.0700000000000003,43199.35844692351,0.0,0.0,1.0,0.0,0.0,0.0,0.0,0.0,0.0,0.0
-9.77,1.0,2.0,1.0,0.0,0.9486832980505138,0.0,0.16000000000000014,43199.51844692351,0.0,0.0,1.0,0.0,0.0,0.0,0.0,0.0,0.0,0.0
-4.97,1.0,2.0,0.0,0.0,0.0,0.0,-0.0,43199.51844692351,0.0,0.0,0.0,0.0,0.0,0.0,0.0,0.0,0.0,0.0
-0.52,1.0,2.0,0.0,0.0,0.0,0.0,-0.0,43199.51844692351,0.0,0.0,0.0,0.0,0.0,0.0,0.0,0.0,0.0,0.0
1.07,1.0,2.0,0.0,0.0,0.0,0.0,0.0,43199.51844692351,0.0,0.0,0.0,0.0,0.0,0.0,0.0,0.0,0.0,0.0
2.51,1.0,2.0,0.0,-0.0,0.0,-0.0,0.0,43199.51844692351,0.0,0.0,0.0,0.0,0.0,0.0,0.0,0.0,0.0,-0.0
6.84,1.0,2.0,0.0,-0.0,0.0,-0.0,0.0,43199.51844692351,0.0,0.0,0.0,0.0,0.0,0.0,0.0,0.0,0.0,-0.0
3.89,1.0,2.0,0.0,0.0,0.0,0.0,0.0,43199.51844692351,0.0,0.0,0.0,0.0,0.0,0.0,0.0,0.0,0.0,0.0
3.65,1.0,2.0,0.0,0.0,0.0,0.0,0.0,43199.51844692351,0.0,0.0,0.0,0.0,0.0,0.0,0.0,0.0,0.0,0.0
10.76,0.5270462766947299,1.0540925533894598,0.0,0.8973665961010275,0.0,0.9459074466105402,8.41729867142764,43207.935745594936,0.0,0.0,0.0,0.0,0.0,0.0,0.0,0.0,0.0,0.8973665961010275
2.54,0.5270462766947299,1.0540925533894598,0.0,0.0,0.0,0.0,0.0,43207.935745594936,0.0,0.0,0.0,0.0,0.0,0.0,0.0,0.0,0.0,0.0
3.61,0.5270462766947299,1.0540925533894598,0.0,0.0,0.0,0.0,0.0,43207.935745594936,0.0,0.0,0.0,0.0,0.0,0.0,0.0,0.0,0.0,0.0
3.67,0.5270462766947299,1.0540925533894598,0.0,0.0,0.0,0.0,0.0,43207.935745594936,0.0,0.0,0.0,0.0,0.0,0.0,0.0,0.0,0.0,0.0
3.6,0.5270462766947299,1.0540925533894598,0.0,0.0,0.0,0.0,0.0,43207.935745594936,0.0,0.0,0.0,0.0,0.0,0.0,0.0,0.0,0.0,0.0
4.28,0.5270462766947299,1.0540925533894598,0.0,0.0,0.0,0.0,0.0,43207.935745594936,0.0,0.0,0.0,0.0,0.0,0.0,0.0,0.0,0.0,0.0
3.9,0.5270462766947299,1.0540925533894598,0.0,0.0,0.0,0.0,0.0,43207.935745594936,0.0,0.0,0.0,0.0,0.0,0.0,0.0,0.0,0.0,0.0
3.34,0.5270462766947299,1.0540925533894598,0.0,0.0,0.0,0.0,0.0,43207.935745594936,0.0,0.0,0.0,0.0,0.0,0.0,0.0,0.0,0.0,0.0
3.89,0.5270462766947299,1.0540925533894598,0.0,0.0,0.0,0.0,0.0,43207.935745594936,0.0,0.0,0.0,0.0,0.0,0.0,0.0,0.0,0.0,0.0
12.46,0.0,0.0,0.0,1.0,0.0,1.0540925533894598,11.080000000000002,43219.01574559494,0.0,0.0,0.0,0.0,0.0,0.0,0.0,0.0,0.0,1.0
2.09,-0.0,-0.0,0.0,0.0,0.0,0.0,0.0,43219.01574559494,0.0,0.0,0.0,0.0,0.0,0.0,0.0,0.0,0.0,0.0
-0.01,-0.0,-0.0,0.0,0.0,0.0,0.0,-0.0,43219.01574559494,0.0,0.0,0.0,0.0,0.0,0.0,0.0,0.0,0.0,0.0
-1.57,-0.0,-0.0,0.0,0.0,0.0,0.0,-0.0,43219.01574559494,0.0,0.0,0.0,0.0,0.0,0.0,0.0,0.0,0.0,0.0
-4.88,0.4743416490252569,0.9486832980505138,1.0,0.0,0.9486832980505138,0.0,-4.8,43214.215745594935,0.0,0.0,1.0,0.0,0.0,0.0,0.0,0.0,0.0,0.0
-5.7,0.9486832980505138,1.8973665961010275,1.0,0.0,0.9486832980505138,0.0,-3.9699999999999998,43210.24574559493,0.0,0.0,1.0,0.0,0.0,0.0,0.0,0.0,0.0,0.0
-4.47,1.0,2.0,0.10818510677891963,0.0,0.10263340389897246,0.0,-0.5647262573859606,43209.68101933755,0.0,0.0,0.10818510677891963,0.0,0.0,0.0,0.0,0.0,0.0,0.0
-2.23,1.0,2.0,0.0,0.0,0.0,0.0,-0.0,43209.68101933755,0.0,0.0,0.0,0.0,0.0,0.0,0.0,0.0,0.0,0.0
-1.01,1.0,2.0,0.0,0.0,0.0,0.0,-0.0,43209.68101933755,0.0,0.0,0.0,0.0,0.0,0.0,0.0,0.0,0.0,0.0
2.03,1.0,2.0,0.0,0.0,0.0,0.0,0.0,43209.68101933755,0.0,0.0,0.0,0.0,0.0,0.0,0.0,0.0,0.0,0.0
2.58,1.0,2.0,0.0,0.0,0.0,0.0,0.0,43209.68101933755,0.0,0.0,0.0,0.0,0.0,0.0,0.0,0.0,0.0,0.0
29.68,1.0,2.0,0.0,-0.0,0.0,-0.0,0.0,43209.68101933755,0.0,0.0,0.0,0.0,0.0,0.0,0.0,0.0,0.0,-0.0
123.2,0.5270462766947299,1.0540925533894598,0.0,0.8973665961010275,0.0,0.9459074466105402,109.31719873702717,43318.99821807458,0.0,0.0,0.0,0.0,0.0,0.0,0.0,0.0,0.0,0.8973665961010275
124.6,-0.0,-0.0,0.0,1.0,0.0,1.0540925533894598,123.22,43442.21821807458,0.0,0.0,0.0,0.0,0.0,0.0,0.0,0.0,0.0,1.0
110.0,0.0,0.0,0.0,0.0,0.0,0.0,0.0,43442.21821807458,0.0,0.0,0.0,0.0,0.0,0.0,0.0,0.0,0.0,0.0
101.6,-0.0,-0.0,0.0,0.0,0.0,0.0,0.0,43442.21821807458,0.0,0.0,0.0,0.0,0.0,0.0,0.0,0.0,0.0,0.0
97.58,-0.0,-0.0,0.0,0.0,0.0,0.0,0.0,43442.21821807458,0.0,0.0,0.0,0.0,0.0,0.0,0.0,0.0,0.0,0.0
94.0,-0.0,-0.0,0.0,0.0,0.0,0.0,0.0,43442.21821807458,0.0,0.0,0.0,0.0,0.0,0.0,0.0,0.0,0.0,0.0
88.13,-0.0,-0.0,0.0,0.0,0.0,0.0,0.0,43442.21821807458,0.0,0.0,0.0,0.0,0.0,0.0,0.0,0.0,0.0,0.0
83.38,0.052704627669473036,0.10540925533894607,0.11111111111111122,0.0,0.10540925533894607,0.0,-10.478888888888898,43431.73932918569,0.0,0.0,0.11111111111111122,0.0,0.0,0.0,0.0,0.0,0.0,0.0
82.07,0.5270462766947299,1.0540925533894598,1.0,0.0,0.9486832980505138,0.0,-92.99,43338.749329185695,0.0,0.0,1.0,0.0,0.0,0.0,0.0,0.0,0.0,0.0
88.52,0.5270462766947299,1.0540925533894598,0.0,0.0,0.0,0.0,0.0,43338.749329185695,0.0,0.0,0.0,0.0,0.0,0.0,0.0,0.0,0.0,0.0
103.05,0.5270462766947299,1.0540925533894598,0.0,0.0,0.0,0.0,0.0,43338.749329185695,0.0,0.0,0.0,0.0,0.0,0.0,0.0,0.0,0.0,0.0
106.5,0.0,0.0,0.0,1.0,0.0,1.0540925533894598,105.12,43443.8693291857,0.0,0.0,0.0,0.0,0.0,0.0,0.0,0.0,0.0,1.0
100.0,0.0,0.0,0.0,-0.0,0.0,-0.0,0.0,43443.8693291857,0.0,0.0,0.0,0.0,0.0,0.0,0.0,0.0,0.0,-0.0
77.63,0.0,0.0,0.0,-0.0,0.0,-0.0,0.0,43443.8693291857,0.0,0.0,0.0,0.0,0.0,0.0,0.0,0.0,0.0,-0.0
22.23,0.0,0.0,-0.0,0.0,-0.0,0.0,0.0,43443.8693291857,0.0,0.0,-0.0,0.0,0.0,0.0,0.0,0.0,0.0,0.0
1.98,0.4743416490252569,0.9486832980505138,1.0,0.0,0.9486832980505138,0.0,-11.76,43432.109329185696,0.0,0.0,1.0,0.0,0.0,0.0,0.0,0.0,0.0,0.0
1.67,0.9486832980505138,1.8973665961010275,1.0,0.0,0.9486832980505138,0.0,-11.44,43420.669329185694,0.0,0.0,1.0,0.0,0.0,0.0,0.0,0.0,0.0,0.0
2.1,0.9486832980505138,1.8973665961010275,0.0,0.0,0.0,0.0,0.0,43420.669329185694,0.0,0.0,0.0,0.0,0.0,0.0,0.0,0.0,0.0,0.0
2.35,0.9486832980505138,1.8973665961010275,0.0,0.0,0.0,0.0,0.0,43420.669329185694,0.0,0.0,0.0,0.0,0.0,0.0,0.0,0.0,0.0,0.0
2.05,1.0,2.0,0.10818510677891963,0.0,0.10263340389897246,0.0,-1.279829813194619,43419.3894993725,0.0,0.0,0.10818510677891963,0.0,0.0,0.0,0.0,0.0,0.0,0.0
2.37,1.0,2.0,0.0,0.0,0.0,0.0,0.0,43419.3894993725,0.0,0.0,0.0,0.0,0.0,0.0,0.0,0.0,0.0,0.0
64.08,1.0,2.0,0.0,-0.0,0.0,-0.0,0.0,43419.3894993725,0.0,0.0,0.0,0.0,0.0,0.0,0.0,0.0,0.0,-0.0
91.58,1.0,2.0,-0.0,0.0,-0.0,0.0,0.0,43419.3894993725,0.0,0.0,-0.0,0.0,0.0,0.0,0.0,0.0,0.0,0.0
106.0,1.0,2.0,0.0,0.0,0.0,0.0,0.0,43419.3894993725,0.0,0.0,0.0,0.0,0.0,0.0,0.0,0.0,0.0,0.0
125.03,0.5270462766947299,1.0540925533894598,0.0,0.8973665961010275,0.0,0.9459074466105402,110.95937960789205,43530.34887898039,0.0,0.0,0.0,0.0,0.0,0.0,0.0,0.0,0.0,0.8973665961010275
126.34,-0.0,-0.0,0.0,1.0,0.0,1.0540925533894598,124.96000000000001,43655.30887898039,0.0,0.0,0.0,0.0,0.0,0.0,0.0,0.0,0.0,1.0
110.0,0.0,0.0,0.0,0.0,0.0,0.0,0.0,43655.30887898039,0.0,0.0,0.0,0.0,0.0,0.0,0.0,0.0,0.0,0.0
101.28,-0.0,-0.0,0.0,0.0,0.0,0.0,0.0,43655.30887898039,0.0,0.0,0.0,0.0,0.0,0.0,0.0,0.0,0.0,0.0
93.9,-0.0,-0.0,0.0,0.0,0.0,0.0,0.0,43655.30887898039,0.0,0.0,0.0,0.0,0.0,0.0,0.0,0.0,0.0,0.0
88.88,-0.0,-0.0,0.0,0.0,0.0,0.0,0.0,43655.30887898039,0.0,0.0,0.0,0.0,0.0,0.0,0.0,0.0,0.0,0.0
84.98,0.0,0.0,-0.0,0.0,-0.0,0.0,0.0,43655.30887898039,0.0,0.0,-0.0,0.0,0.0,0.0,0.0,0.0,0.0,0.0
81.31,0.052704627669473036,0.10540925533894607,0.11111111111111122,0.0,0.10540925533894607,0.0,-10.245555555555566,43645.06332342483,0.0,0.0,0.11111111111111122,0.0,0.0,0.0,0.0,0.0,0.0,0.0
80.88,0.5270462766947299,1.0540925533894598,1.0,0.0,0.9486832980505138,0.0,-91.78,43553.28332342483,0.0,0.0,1.0,0.0,0.0,0.0,0.0,0.0,0.0,0.0
89.55,0.5270462766947299,1.0540925533894598,0.0,0.0,0.0,0.0,0.0,43553.28332342483,0.0,0.0,0.0,0.0,0.0,0.0,0.0,0.0,0.0,0.0
100.43,0.5270462766947299,1.0540925533894598,0.0,0.0,0.0,0.0,0.0,43553.28332342483,0.0,0.0,0.0,0.0,0.0,0.0,0.0,0.0,0.0,0.0
103.05,0.5270462766947299,1.0540925533894598,0.0,0.0,0.0,0.0,0.0,43553.28332342483,0.0,0.0,0.0,0.0,0.0,0.0,0.0,0.0,0.0,0.0
108.11,-0.0,-0.0,0.0,1.0,0.0,1.0540925533894598,106.73,43660.013323424835,0.0,0.0,0.0,0.0,0.0,0.0,0.0,0.0,0.0,1.0
89.9,0.0,0.0,0.0,0.0,0.0,0.0,0.0,43660.013323424835,0.0,0.0,0.0,0.0,0.0,0.0,0.0,0.0,0.0,0.0
66.0,0.0,0.0,0.0,-0.0,0.0,-0.0,0.0,43660.013323424835,0.0,0.0,0.0,0.0,0.0,0.0,0.0,0.0,0.0,-0.0
8.39,-0.0,-0.0,0.0,0.0,0.0,0.0,0.0,43660.013323424835,0.0,0.0,0.0,0.0,0.0,0.0,0.0,0.0,0.0,0.0
0.09,-0.0,-0.0,0.0,0.0,0.0,0.0,0.0,43660.013323424835,0.0,0.0,0.0,0.0,0.0,0.0,0.0,0.0,0.0,0.0
0.0,0.4743416490252569,0.9486832980505138,1.0,0.0,0.9486832980505138,0.0,-9.75,43650.263323424835,0.0,0.0,1.0,0.0,0.0,0.0,0.0,0.0,0.0,0.0
0.0,0.5256583509747431,1.0513167019494862,0.10818510677891963,0.0,0.10263340389897246,0.0,-1.0548047910944665,43649.20851863374,0.0,0.0,0.10818510677891963,0.0,0.0,0.0,0.0,0.0,0.0,0.0
0.0,1.0,2.0,1.0,0.0,0.9486832980505138,0.0,-9.75,43639.45851863374,0.0,0.0,1.0,0.0,0.0,0.0,0.0,0.0,0.0,0.0
10.49,1.0,2.0,0.0,0.0,0.0,0.0,0.0,43639.45851863374,0.0,0.0,0.0,0.0,0.0,0.0,0.0,0.0,0.0,0.0
70.1,1.0,2.0,0.0,-0.0,0.0,-0.0,0.0,43639.45851863374,0.0,0.0,0.0,0.0,0.0,0.0,0.0,0.0,0.0,-0.0
101.44,1.0,2.0,0.0,-0.0,0.0,-0.0,0.0,43639.45851863374,0.0,0.0,0.0,0.0,0.0,0.0,0.0,0.0,0.0,-0.0
113.56,1.0,2.0,0.0,-0.0,0.0,-0.0,0.0,43639.45851863374,0.0,0.0,0.0,0.0,0.0,0.0,0.0,0.0,0.0,-0.0
144.62,0.5270462766947299,1.0540925533894598,0.0,0.8973665961010275,0.0,0.9459074466105402,128.53879122551118,43767.99730985925,0.0,0.0,0.0,0.0,0.0,0.0,0.0,0.0,0.0,0.8973665961010275
151.51,-0.0,-0.0,0.0,1.0,0.0,1.0540925533894598,150.13,43918.12730985925,0.0,0.0,0.0,0.0,0.0,0.0,0.0,0.0,0.0,1.0
121.59,0.0,0.0,0.0,0.0,0.0,0.0,0.0,43918.12730985925,0.0,0.0,0.0,0.0,0.0,0.0,0.0,0.0,0.0,0.0
108.46,-0.0,-0.0,0.0,0.0,0.0,0.0,0.0,43918.12730985925,0.0,0.0,0.0,0.0,0.0,0.0,0.0,0.0,0.0,0.0
101.93,-0.0,-0.0,0.0,0.0,0.0,0.0,0.0,43918.12730985925,0.0,0.0,0.0,0.0,0.0,0.0,0.0,0.0,0.0,0.0
100.43,-0.0,-0.0,0.0,0.0,0.0,0.0,0.0,43918.12730985925,0.0,0.0,0.0,0.0,0.0,0.0,0.0,0.0,0.0,0.0
99.94,-0.0,-0.0,0.0,0.0,0.0,0.0,0.0,43918.12730985925,0.0,0.0,0.0,0.0,0.0,0.0,0.0,0.0,0.0,0.0
97.8,-0.0,-0.0,0.0,0.0,0.0,0.0,0.0,43918.12730985925,0.0,0.0,0.0,0.0,0.0,0.0,0.0,0.0,0.0,0.0
96.87,-0.0,-0.0,0.0,0.0,0.0,0.0,0.0,43918.12730985925,0.0,0.0,0.0,0.0,0.0,0.0,0.0,0.0,0.0,0.0
97.01,-0.0,-0.0,0.0,0.0,0.0,0.0,0.0,43918.12730985925,0.0,0.0,0.0,0.0,0.0,0.0,0.0,0.0,0.0,0.0
96.1,0.0,0.0,-0.0,0.0,-0.0,0.0,0.0,43918.12730985925,0.0,0.0,-0.0,0.0,0.0,0.0,0.0,0.0,0.0,0.0
90.06,0.0,0.0,-0.0,0.0,-0.0,0.0,0.0,43918.12730985925,0.0,0.0,-0.0,0.0,0.0,0.0,0.0,0.0,0.0,0.0
69.75,0.0,0.0,0.0,-0.0,0.0,-0.0,0.0,43918.12730985925,0.0,0.0,0.0,0.0,0.0,0.0,0.0,0.0,0.0,-0.0
15.34,0.0,0.0,0.0,-0.0,0.0,-0.0,0.0,43918.12730985925,0.0,0.0,0.0,0.0,0.0,0.0,0.0,0.0,0.0,-0.0
-0.02,-0.0,-0.0,0.0,0.0,0.0,0.0,-0.0,43918.12730985925,0.0,0.0,0.0,0.0,0.0,0.0,0.0,0.0,0.0,0.0
-1.0,-0.0,-0.0,0.0,0.0,0.0,0.0,-0.0,43918.12730985925,0.0,0.0,0.0,0.0,0.0,0.0,0.0,0.0,0.0,0.0
-6.51,0.05131670194948623,0.10263340389897246,0.10818510677891963,0.0,0.10263340389897246,0.0,-0.3407830863535968,43917.7865267729,0.0,0.0,0.10818510677891963,0.0,0.0,0.0,0.0,0.0,0.0,0.0
-12.58,0.5256583509747431,1.0513167019494862,1.0,0.0,0.9486832980505138,0.0,3.01,43920.7965267729,0.0,0.0,1.0,0.0,0.0,0.0,0.0,0.0,0.0,0.0
-15.11,1.0,2.0,1.0,0.0,0.9486832980505138,0.0,5.57,43926.3665267729,0.0,0.0,1.0,0.0,0.0,0.0,0.0,0.0,0.0,0.0
-4.1,1.0,2.0,0.0,0.0,0.0,0.0,-0.0,43926.3665267729,0.0,0.0,0.0,0.0,0.0,0.0,0.0,0.0,0.0,0.0
-0.04,1.0,2.0,0.0,0.0,0.0,0.0,-0.0,43926.3665267729,0.0,0.0,0.0,0.0,0.0,0.0,0.0,0.0,0.0,0.0
6.29,1.0,2.0,0.0,-0.0,0.0,-0.0,0.0,43926.3665267729,0.0,0.0,0.0,0.0,0.0,0.0,0.0,0.0,0.0,-0.0
71.47,1.0,2.0,0.0,-0.0,0.0,-0.0,0.0,43926.3665267729,0.0,0.0,0.0,0.0,0.0,0.0,0.0,0.0,0.0,-0.0
101.43,1.0,2.0,0.0,-0.0,0.0,-0.0,0.0,43926.3665267729,0.0,0.0,0.0,0.0,0.0,0.0,0.0,0.0,0.0,-0.0
123.36,0.4729537233052701,0.9459074466105402,0.0,1.0,0.0,1.0540925533894598,121.98,44048.346526772904,0.0,0.0,0.0,0.0,0.0,0.0,0.0,0.0,0.0,1.0
116.41,-0.0,-0.0,0.0,0.8973665961010275,0.0,0.9459074466105402,103.2240795495012,44151.570606322406,0.0,0.0,0.0,0.0,0.0,0.0,0.0,0.0,0.0,0.8973665961010275
107.89,0.0,0.0,0.0,0.0,0.0,0.0,0.0,44151.570606322406,0.0,0.0,0.0,0.0,0.0,0.0,0.0,0.0,0.0,0.0
94.97,-0.0,-0.0,0.0,0.0,0.0,0.0,0.0,44151.570606322406,0.0,0.0,0.0,0.0,0.0,0.0,0.0,0.0,0.0,0.0
84.79,-0.0,-0.0,0.0,0.0,0.0,0.0,0.0,44151.570606322406,0.0,0.0,0.0,0.0,0.0,0.0,0.0,0.0,0.0,0.0
83.23,0.0,0.0,-0.0,0.0,-0.0,0.0,0.0,44151.570606322406,0.0,0.0,-0.0,0.0,0.0,0.0,0.0,0.0,0.0,0.0
83.1,0.0,0.0,-0.0,0.0,-0.0,0.0,0.0,44151.570606322406,0.0,0.0,-0.0,0.0,0.0,0.0,0.0,0.0,0.0,0.0
77.95,-0.0,-0.0,0.0,0.0,0.0,0.0,0.0,44151.570606322406,0.0,0.0,0.0,0.0,0.0,0.0,0.0,0.0,0.0,0.0
80.68,-0.0,-0.0,0.0,0.0,0.0,0.0,0.0,44151.570606322406,0.0,0.0,0.0,0.0,0.0,0.0,0.0,0.0,0.0,0.0
83.69,0.0,0.0,0.0,-0.0,0.0,-0.0,0.0,44151.570606322406,0.0,0.0,0.0,0.0,0.0,0.0,0.0,0.0,0.0,-0.0
82.27,0.0,0.0,0.0,-0.0,0.0,-0.0,0.0,44151.570606322406,0.0,0.0,0.0,0.0,0.0,0.0,0.0,0.0,0.0,-0.0
74.7,0.0,0.0,0.0,-0.0,0.0,-0.0,0.0,44151.570606322406,0.0,0.0,0.0,0.0,0.0,0.0,0.0,0.0,0.0,-0.0
26.36,0.0,0.0,0.0,-0.0,0.0,-0.0,0.0,44151.570606322406,0.0,0.0,0.0,0.0,0.0,0.0,0.0,0.0,0.0,-0.0
-0.01,0.0,0.0,0.0,0.0,0.0,0.0,-0.0,44151.570606322406,0.0,0.0,0.0,0.0,0.0,0.0,0.0,0.0,0.0,0.0
-2.64,0.0,0.0,0.0,0.0,0.0,0.0,-0.0,44151.570606322406,0.0,0.0,0.0,0.0,0.0,0.0,0.0,0.0,0.0,0.0
-6.7,0.0,0.0,0.0,0.0,0.0,0.0,-0.0,44151.570606322406,0.0,0.0,0.0,0.0,0.0,0.0,0.0,0.0,0.0,0.0
-14.95,0.0,0.0,-0.0,0.0,-0.0,0.0,0.0,44151.570606322406,0.0,0.0,-0.0,0.0,0.0,0.0,0.0,0.0,0.0,0.0
-26.86,0.4743416490252569,0.9486832980505138,1.0,0.0,0.9486832980505138,0.0,17.490000000000002,44169.060606322404,0.0,0.0,1.0,0.0,0.0,0.0,0.0,0.0,0.0,0.0
-38.14,0.9486832980505138,1.8973665961010275,1.0,0.0,0.9486832980505138,0.0,28.93,44197.990606322404,0.0,0.0,1.0,0.0,0.0,0.0,0.0,0.0,0.0,0.0
-19.61,1.0,2.0,0.10818510677891963,0.0,0.10263340389897246,0.0,1.0969969827382446,44199.08760330514,0.0,0.0,0.10818510677891963,0.0,0.0,0.0,0.0,0.0,0.0,0.0
-1.21,1.0,2.0,0.0,-0.0,0.0,-0.0,0.0,44199.08760330514,0.0,0.0,0.0,0.0,0.0,0.0,0.0,0.0,0.0,-0.0
2.13,1.0,2.0,0.0,-0.0,0.0,-0.0,0.0,44199.08760330514,0.0,0.0,0.0,0.0,0.0,0.0,0.0,0.0,0.0,-0.0
78.86,1.0,2.0,0.0,-0.0,0.0,-0.0,0.0,44199.08760330514,0.0,0.0,0.0,0.0,0.0,0.0,0.0,0.0,0.0,-0.0
108.05,1.0,2.0,0.0,0.0,0.0,0.0,0.0,44199.08760330514,0.0,0.0,0.0,0.0,0.0,0.0,0.0,0.0,0.0,0.0
118.95,0.5270462766947299,1.0540925533894598,0.0,0.8973665961010275,0.0,0.9459074466105402,105.5033907035978,44304.59099400874,0.0,0.0,0.0,0.0,0.0,0.0,0.0,0.0,0.0,0.8973665961010275
122.45,0.0,0.0,0.0,1.0,0.0,1.0540925533894598,121.07000000000001,44425.66099400874,0.0,0.0,0.0,0.0,0.0,0.0,0.0,0.0,0.0,1.0
106.98,-0.0,-0.0,0.0,0.0,0.0,0.0,0.0,44425.66099400874,0.0,0.0,0.0,0.0,0.0,0.0,0.0,0.0,0.0,0.0
98.9,-0.0,-0.0,0.0,0.0,0.0,0.0,0.0,44425.66099400874,0.0,0.0,0.0,0.0,0.0,0.0,0.0,0.0,0.0,0.0
99.82,-0.0,-0.0,0.0,0.0,0.0,0.0,0.0,44425.66099400874,0.0,0.0,0.0,0.0,0.0,0.0,0.0,0.0,0.0,0.0
91.97,0.05131670194948623,0.10263340389897246,0.10818510677891963,0.0,0.10263340389897246,0.0,-11.146311551432088,44414.5146824573,0.0,0.0,0.10818510677891963,0.0,0.0,0.0,0.0,0.0,0.0,0.0
87.44,0.5256583509747431,1.0513167019494862,1.0,0.0,0.9486832980505138,0.0,-98.42999999999999,44316.0846824573,0.0,0.0,1.0,0.0,0.0,0.0,0.0,0.0,0.0,0.0
85.19,1.0,2.0,1.0,0.0,0.9486832980505138,0.0,-96.15,44219.9346824573,0.0,0.0,1.0,0.0,0.0,0.0,0.0,0.0,0.0,0.0
92.85,1.0,2.0,0.0,0.0,0.0,0.0,0.0,44219.9346824573,0.0,0.0,0.0,0.0,0.0,0.0,0.0,0.0,0.0,0.0
103.51,1.0,2.0,0.0,0.0,0.0,0.0,0.0,44219.9346824573,0.0,0.0,0.0,0.0,0.0,0.0,0.0,0.0,0.0,0.0
129.22,0.5270462766947299,1.0540925533894598,0.0,0.8973665961010275,0.0,0.9459074466105402,114.71934564555535,44334.65402810286,0.0,0.0,0.0,0.0,0.0,0.0,0.0,0.0,0.0,0.8973665961010275
133.49,0.0,0.0,0.0,1.0,0.0,1.0540925533894598,132.11,44466.76402810286,0.0,0.0,0.0,0.0,0.0,0.0,0.0,0.0,0.0,1.0
105.35,-0.0,-0.0,0.0,0.0,0.0,0.0,0.0,44466.76402810286,0.0,0.0,0.0,0.0,0.0,0.0,0.0,0.0,0.0,0.0
90.75,0.0,0.0,-0.0,0.0,-0.0,0.0,0.0,44466.76402810286,0.0,0.0,-0.0,0.0,0.0,0.0,0.0,0.0,0.0,0.0
50.0,0.0,0.0,0.0,-0.0,0.0,-0.0,0.0,44466.76402810286,0.0,0.0,0.0,0.0,0.0,0.0,0.0,0.0,0.0,-0.0
2.54,-0.0,-0.0,0.0,0.0,0.0,0.0,0.0,44466.76402810286,0.0,0.0,0.0,0.0,0.0,0.0,0.0,0.0,0.0,0.0
0.65,0.05131670194948623,0.10263340389897246,0.10818510677891963,0.0,0.10263340389897246,0.0,-1.1262069615685533,44465.63782114129,0.0,0.0,0.10818510677891963,0.0,0.0,0.0,0.0,0.0,0.0,0.0
0.64,0.5256583509747431,1.0513167019494862,1.0,0.0,0.9486832980505138,0.0,-10.4,44455.23782114129,0.0,0.0,1.0,0.0,0.0,0.0,0.0,0.0,0.0,0.0
0.0,1.0,2.0,1.0,0.0,0.9486832980505138,0.0,-9.75,44445.48782114129,0.0,0.0,1.0,0.0,0.0,0.0,0.0,0.0,0.0,0.0
9.0,1.0,2.0,0.0,0.0,0.0,0.0,0.0,44445.48782114129,0.0,0.0,0.0,0.0,0.0,0.0,0.0,0.0,0.0,0.0
56.14,1.0,2.0,0.0,-0.0,0.0,-0.0,0.0,44445.48782114129,0.0,0.0,0.0,0.0,0.0,0.0,0.0,0.0,0.0,-0.0
92.25,1.0,2.0,-0.0,0.0,-0.0,0.0,0.0,44445.48782114129,0.0,0.0,-0.0,0.0,0.0,0.0,0.0,0.0,0.0,0.0
108.26,1.0,2.0,-0.0,0.0,-0.0,0.0,0.0,44445.48782114129,0.0,0.0,-0.0,0.0,0.0,0.0,0.0,0.0,0.0,0.0
154.0,0.5270462766947299,1.0540925533894598,0.0,0.8973665961010275,0.0,0.9459074466105402,136.9560898969388,44582.44391103822,0.0,0.0,0.0,0.0,0.0,0.0,0.0,0.0,0.0,0.8973665961010275
191.95,-0.0,-0.0,0.0,1.0,0.0,1.0540925533894598,190.57,44773.01391103822,0.0,0.0,0.0,0.0,0.0,0.0,0.0,0.0,0.0,1.0
138.88,0.0,0.0,0.0,0.0,0.0,0.0,0.0,44773.01391103822,0.0,0.0,0.0,0.0,0.0,0.0,0.0,0.0,0.0,0.0
108.87,-0.0,-0.0,0.0,0.0,0.0,0.0,0.0,44773.01391103822,0.0,0.0,0.0,0.0,0.0,0.0,0.0,0.0,0.0,0.0
96.0,-0.0,-0.0,0.0,0.0,0.0,0.0,0.0,44773.01391103822,0.0,0.0,0.0,0.0,0.0,0.0,0.0,0.0,0.0,0.0
93.0,-0.0,-0.0,0.0,0.0,0.0,0.0,0.0,44773.01391103822,0.0,0.0,0.0,0.0,0.0,0.0,0.0,0.0,0.0,0.0
89.67,0.0,0.0,-0.0,0.0,-0.0,0.0,0.0,44773.01391103822,0.0,0.0,-0.0,0.0,0.0,0.0,0.0,0.0,0.0,0.0
85.41,0.0,0.0,-0.0,0.0,-0.0,0.0,0.0,44773.01391103822,0.0,0.0,-0.0,0.0,0.0,0.0,0.0,0.0,0.0,0.0
85.13,-0.0,-0.0,0.0,0.0,0.0,0.0,0.0,44773.01391103822,0.0,0.0,0.0,0.0,0.0,0.0,0.0,0.0,0.0,0.0
86.48,-0.0,-0.0,0.0,0.0,0.0,0.0,0.0,44773.01391103822,0.0,0.0,0.0,0.0,0.0,0.0,0.0,0.0,0.0,0.0
93.97,-0.0,-0.0,0.0,0.0,0.0,0.0,0.0,44773.01391103822,0.0,0.0,0.0,0.0,0.0,0.0,0.0,0.0,0.0,0.0
106.91,-0.0,-0.0,0.0,-0.0,0.0,-0.0,0.0,44773.01391103822,0.0,0.0,0.0,0.0,0.0,0.0,0.0,0.0,0.0,-0.0
104.63,-0.0,-0.0,0.0,0.0,0.0,0.0,0.0,44773.01391103822,0.0,0.0,0.0,0.0,0.0,0.0,0.0,0.0,0.0,0.0
98.71,0.0,0.0,0.0,0.0,0.0,0.0,0.0,44773.01391103822,0.0,0.0,0.0,0.0,0.0,0.0,0.0,0.0,0.0,0.0
92.49,-0.0,-0.0,0.0,-0.0,0.0,-0.0,0.0,44773.01391103822,0.0,0.0,0.0,0.0,0.0,0.0,0.0,0.0,0.0,-0.0
79.53,0.0,0.0,0.0,0.0,0.0,0.0,0.0,44773.01391103822,0.0,0.0,0.0,0.0,0.0,0.0,0.0,0.0,0.0,0.0
40.41,0.0,0.0,0.0,-0.0,0.0,-0.0,0.0,44773.01391103822,0.0,0.0,0.0,0.0,0.0,0.0,0.0,0.0,0.0,-0.0
8.38,0.05131670194948623,0.10263340389897246,0.10818510677891963,0.0,0.10263340389897246,0.0,-1.974378198715283,44771.03953283951,0.0,0.0,0.10818510677891963,0.0,0.0,0.0,0.0,0.0,0.0,0.0
4.59,0.5256583509747431,1.0513167019494862,1.0,0.0,0.9486832980505138,0.0,-14.4,44756.63953283951,0.0,0.0,1.0,0.0,0.0,0.0,0.0,0.0,0.0,0.0
5.15,1.0,2.0,1.0,0.0,0.9486832980505138,0.0,-14.97,44741.66953283951,0.0,0.0,1.0,0.0,0.0,0.0,0.0,0.0,0.0,0.0
35.05,1.0,2.0,0.0,-0.0,0.0,-0.0,0.0,44741.66953283951,0.0,0.0,0.0,0.0,0.0,0.0,0.0,0.0,0.0,-0.0
73.12,1.0,2.0,0.0,-0.0,0.0,-0.0,0.0,44741.66953283951,0.0,0.0,0.0,0.0,0.0,0.0,0.0,0.0,0.0,-0.0
94.06,1.0,2.0,-0.0,0.0,-0.0,0.0,0.0,44741.66953283951,0.0,0.0,-0.0,0.0,0.0,0.0,0.0,0.0,0.0,0.0
106.1,1.0,2.0,-0.0,0.0,-0.0,0.0,0.0,44741.66953283951,0.0,0.0,-0.0,0.0,0.0,0.0,0.0,0.0,0.0,0.0
149.31,0.5270462766947299,1.0540925533894598,0.0,0.8973665961010275,0.0,0.9459074466105402,132.747440561225,44874.41697340073,0.0,0.0,0.0,0.0,0.0,0.0,0.0,0.0,0.0,0.8973665961010275
156.16,-0.0,-0.0,0.0,1.0,0.0,1.0540925533894598,154.78,45029.19697340073,0.0,0.0,0.0,0.0,0.0,0.0,0.0,0.0,0.0,1.0
140.4,0.0,0.0,0.0,0.0,0.0,0.0,0.0,45029.19697340073,0.0,0.0,0.0,0.0,0.0,0.0,0.0,0.0,0.0,0.0
114.07,-0.0,-0.0,0.0,-0.0,0.0,-0.0,0.0,45029.19697340073,0.0,0.0,0.0,0.0,0.0,0.0,0.0,0.0,0.0,-0.0
97.73,-0.0,-0.0,0.0,0.0,0.0,0.0,0.0,45029.19697340073,0.0,0.0,0.0,0.0,0.0,0.0,0.0,0.0,0.0,0.0
95.72,0.0,0.0,0.0,0.0,0.0,0.0,0.0,45029.19697340073,0.0,0.0,0.0,0.0,0.0,0.0,0.0,0.0,0.0,0.0
90.0,-0.0,-0.0,0.0,0.0,0.0,0.0,0.0,45029.19697340073,0.0,0.0,0.0,0.0,0.0,0.0,0.0,0.0,0.0,0.0
86.89,0.0,0.0,-0.0,0.0,-0.0,0.0,0.0,45029.19697340073,0.0,0.0,-0.0,0.0,0.0,0.0,0.0,0.0,0.0,0.0
84.71,0.4743416490252569,0.9486832980505138,1.0,0.0,0.9486832980505138,0.0,-95.66,44933.536973400725,0.0,0.0,1.0,0.0,0.0,0.0,0.0,0.0,0.0,0.0
87.07,0.4743416490252569,0.9486832980505138,0.0,0.0,0.0,0.0,0.0,44933.536973400725,0.0,0.0,0.0,0.0,0.0,0.0,0.0,0.0,0.0,0.0
93.3,0.4743416490252569,0.9486832980505138,0.0,0.0,0.0,0.0,0.0,44933.536973400725,0.0,0.0,0.0,0.0,0.0,0.0,0.0,0.0,0.0,0.0
108.87,-0.0,-0.0,0.0,0.8999999999999999,0.0,0.9486832980505138,96.74099999999999,45030.27797340073,0.0,0.0,0.0,0.0,0.0,0.0,0.0,0.0,0.0,0.8999999999999999
107.52,-0.0,-0.0,0.0,0.0,0.0,0.0,0.0,45030.27797340073,0.0,0.0,0.0,0.0,0.0,0.0,0.0,0.0,0.0,0.0
105.87,-0.0,-0.0,0.0,0.0,0.0,0.0,0.0,45030.27797340073,0.0,0.0,0.0,0.0,0.0,0.0,0.0,0.0,0.0,0.0
93.6,-0.0,-0.0,0.0,0.0,0.0,0.0,0.0,45030.27797340073,0.0,0.0,0.0,0.0,0.0,0.0,0.0,0.0,0.0,0.0
89.26,0.0,0.0,0.0,0.0,0.0,0.0,0.0,45030.27797340073,0.0,0.0,0.0,0.0,0.0,0.0,0.0,0.0,0.0,0.0
68.2,0.0,0.0,0.0,-0.0,0.0,-0.0,0.0,45030.27797340073,0.0,0.0,0.0,0.0,0.0,0.0,0.0,0.0,0.0,-0.0
44.29,0.05131670194948623,0.10263340389897246,0.10818510677891963,0.0,0.10263340389897246,0.0,-5.914479787603536,45024.36349361312,0.0,0.0,0.10818510677891963,0.0,0.0,0.0,0.0,0.0,0.0,0.0
27.89,0.5256583509747431,1.0513167019494862,1.0,0.0,0.9486832980505138,0.0,-38.04,44986.32349361312,0.0,0.0,1.0,0.0,0.0,0.0,0.0,0.0,0.0,0.0
41.66,1.0,2.0,1.0,0.0,0.9486832980505138,0.0,-52.0,44934.32349361312,0.0,0.0,1.0,0.0,0.0,0.0,0.0,0.0,0.0,0.0
70.9,1.0,2.0,0.0,-0.0,0.0,-0.0,0.0,44934.32349361312,0.0,0.0,0.0,0.0,0.0,0.0,0.0,0.0,0.0,-0.0
84.3,1.0,2.0,0.0,-0.0,0.0,-0.0,0.0,44934.32349361312,0.0,0.0,0.0,0.0,0.0,0.0,0.0,0.0,0.0,-0.0
96.64,1.0,2.0,-0.0,0.0,-0.0,0.0,0.0,44934.32349361312,0.0,0.0,-0.0,0.0,0.0,0.0,0.0,0.0,0.0,0.0
115.34,1.0,2.0,-0.0,0.0,-0.0,0.0,0.0,44934.32349361312,0.0,0.0,-0.0,0.0,0.0,0.0,0.0,0.0,0.0,0.0
193.3,0.5270462766947299,1.0540925533894598,0.0,0.8973665961010275,0.0,0.9459074466105402,172.22259712370922,45106.546090736825,0.0,0.0,0.0,0.0,0.0,0.0,0.0,0.0,0.0,0.8973665961010275
226.64,0.0,0.0,0.0,1.0,0.0,1.0540925533894598,225.26,45331.80609073683,0.0,0.0,0.0,0.0,0.0,0.0,0.0,0.0,0.0,1.0
154.52,0.0,0.0,0.0,-0.0,0.0,-0.0,0.0,45331.80609073683,0.0,0.0,0.0,0.0,0.0,0.0,0.0,0.0,0.0,-0.0
123.21,-0.0,-0.0,0.0,-0.0,0.0,-0.0,0.0,45331.80609073683,0.0,0.0,0.0,0.0,0.0,0.0,0.0,0.0,0.0,-0.0
106.27,0.0,0.0,0.0,0.0,0.0,0.0,0.0,45331.80609073683,0.0,0.0,0.0,0.0,0.0,0.0,0.0,0.0,0.0,0.0
98.1,0.0,0.0,-0.0,0.0,-0.0,0.0,0.0,45331.80609073683,0.0,0.0,-0.0,0.0,0.0,0.0,0.0,0.0,0.0,0.0
92.0,-0.0,-0.0,0.0,0.0,0.0,0.0,0.0,45331.80609073683,0.0,0.0,0.0,0.0,0.0,0.0,0.0,0.0,0.0,0.0
88.45,-0.0,-0.0,0.0,0.0,0.0,0.0,0.0,45331.80609073683,0.0,0.0,0.0,0.0,0.0,0.0,0.0,0.0,0.0,0.0
88.2,-0.0,-0.0,0.0,0.0,0.0,0.0,0.0,45331.80609073683,0.0,0.0,0.0,0.0,0.0,0.0,0.0,0.0,0.0,0.0
88.53,-0.0,-0.0,0.0,0.0,0.0,0.0,0.0,45331.80609073683,0.0,0.0,0.0,0.0,0.0,0.0,0.0,0.0,0.0,0.0
97.52,-0.0,-0.0,0.0,0.0,0.0,0.0,0.0,45331.80609073683,0.0,0.0,0.0,0.0,0.0,0.0,0.0,0.0,0.0,0.0
106.17,-0.0,-0.0,0.0,0.0,0.0,0.0,0.0,45331.80609073683,0.0,0.0,0.0,0.0,0.0,0.0,0.0,0.0,0.0,0.0
109.92,-0.0,-0.0,0.0,-0.0,0.0,-0.0,0.0,45331.80609073683,0.0,0.0,0.0,0.0,0.0,0.0,0.0,0.0,0.0,-0.0
99.51,0.0,0.0,0.0,0.0,0.0,0.0,0.0,45331.80609073683,0.0,0.0,0.0,0.0,0.0,0.0,0.0,0.0,0.0,0.0
91.1,-0.0,-0.0,0.0,-0.0,0.0,-0.0,0.0,45331.80609073683,0.0,0.0,0.0,0.0,0.0,0.0,0.0,0.0,0.0,-0.0
81.26,0.0,0.0,0.0,0.0,0.0,0.0,0.0,45331.80609073683,0.0,0.0,0.0,0.0,0.0,0.0,0.0,0.0,0.0,0.0
67.57,-0.0,-0.0,0.0,0.0,0.0,0.0,0.0,45331.80609073683,0.0,0.0,0.0,0.0,0.0,0.0,0.0,0.0,0.0,0.0
54.09,0.4743416490252569,0.9486832980505138,1.0,0.0,0.9486832980505138,0.0,-64.61,45267.19609073683,0.0,0.0,1.0,0.0,0.0,0.0,0.0,0.0,0.0,0.0
41.02,0.9486832980505138,1.8973665961010275,1.0,0.0,0.9486832980505138,0.0,-51.35,45215.84609073683,0.0,0.0,1.0,0.0,0.0,0.0,0.0,0.0,0.0,0.0
54.9,1.0,2.0,0.10818510677891963,0.0,0.10263340389897246,0.0,-7.078551536544711,45208.767539200286,0.0,0.0,0.10818510677891963,0.0,0.0,0.0,0.0,0.0,0.0,0.0
69.43,1.0,2.0,0.0,0.0,0.0,0.0,0.0,45208.767539200286,0.0,0.0,0.0,0.0,0.0,0.0,0.0,0.0,0.0,0.0
78.99,1.0,2.0,0.0,-0.0,0.0,-0.0,0.0,45208.767539200286,0.0,0.0,0.0,0.0,0.0,0.0,0.0,0.0,0.0,-0.0
97.22,1.0,2.0,-0.0,0.0,-0.0,0.0,0.0,45208.767539200286,0.0,0.0,-0.0,0.0,0.0,0.0,0.0,0.0,0.0,0.0
115.54,1.0,2.0,-0.0,0.0,-0.0,0.0,0.0,45208.767539200286,0.0,0.0,-0.0,0.0,0.0,0.0,0.0,0.0,0.0,0.0
233.8,0.5270462766947299,1.0540925533894598,0.0,0.8973665961010275,0.0,0.9459074466105402,208.56594426580082,45417.333483466085,0.0,0.0,0.0,0.0,0.0,0.0,0.0,0.0,0.0,0.8973665961010275
283.89,0.0,0.0,0.0,1.0,0.0,1.0540925533894598,282.51,45699.84348346609,0.0,0.0,0.0,0.0,0.0,0.0,0.0,0.0,0.0,1.0
155.84,0.0,0.0,-0.0,0.0,-0.0,0.0,0.0,45699.84348346609,0.0,0.0,-0.0,0.0,0.0,0.0,0.0,0.0,0.0,0.0
120.71,-0.0,-0.0,0.0,-0.0,0.0,-0.0,0.0,45699.84348346609,0.0,0.0,0.0,0.0,0.0,0.0,0.0,0.0,0.0,-0.0
105.95,-0.0,-0.0,0.0,0.0,0.0,0.0,0.0,45699.84348346609,0.0,0.0,0.0,0.0,0.0,0.0,0.0,0.0,0.0,0.0
99.59,-0.0,-0.0,0.0,0.0,0.0,0.0,0.0,45699.84348346609,0.0,0.0,0.0,0.0,0.0,0.0,0.0,0.0,0.0,0.0
98.97,0.0,0.0,0.0,0.0,0.0,0.0,0.0,45699.84348346609,0.0,0.0,0.0,0.0,0.0,0.0,0.0,0.0,0.0,0.0
93.9,-0.0,-0.0,0.0,0.0,0.0,0.0,0.0,45699.84348346609,0.0,0.0,0.0,0.0,0.0,0.0,0.0,0.0,0.0,0.0
90.33,0.0,0.0,-0.0,0.0,-0.0,0.0,0.0,45699.84348346609,0.0,0.0,-0.0,0.0,0.0,0.0,0.0,0.0,0.0,0.0
92.0,-0.0,-0.0,0.0,0.0,0.0,0.0,0.0,45699.84348346609,0.0,0.0,0.0,0.0,0.0,0.0,0.0,0.0,0.0,0.0
96.91,-0.0,-0.0,0.0,0.0,0.0,0.0,0.0,45699.84348346609,0.0,0.0,0.0,0.0,0.0,0.0,0.0,0.0,0.0,0.0
101.66,-0.0,-0.0,0.0,-0.0,0.0,-0.0,0.0,45699.84348346609,0.0,0.0,0.0,0.0,0.0,0.0,0.0,0.0,0.0,-0.0
101.31,-0.0,-0.0,0.0,0.0,0.0,0.0,0.0,45699.84348346609,0.0,0.0,0.0,0.0,0.0,0.0,0.0,0.0,0.0,0.0
96.6,-0.0,-0.0,0.0,0.0,0.0,0.0,0.0,45699.84348346609,0.0,0.0,0.0,0.0,0.0,0.0,0.0,0.0,0.0,0.0
83.47,0.0,0.0,0.0,0.0,0.0,0.0,0.0,45699.84348346609,0.0,0.0,0.0,0.0,0.0,0.0,0.0,0.0,0.0,0.0
43.9,0.0,0.0,-0.0,0.0,-0.0,0.0,0.0,45699.84348346609,0.0,0.0,-0.0,0.0,0.0,0.0,0.0,0.0,0.0,0.0
3.0,-0.0,-0.0,0.0,0.0,0.0,0.0,0.0,45699.84348346609,0.0,0.0,0.0,0.0,0.0,0.0,0.0,0.0,0.0,0.0
0.08,0.4743416490252569,0.9486832980505138,1.0,0.0,0.9486832980505138,0.0,-9.83,45690.013483466086,0.0,0.0,1.0,0.0,0.0,0.0,0.0,0.0,0.0,0.0
0.19,0.5256583509747431,1.0513167019494862,0.10818510677891963,0.0,0.10263340389897246,0.0,-1.0753599613824611,45688.938123504704,0.0,0.0,0.10818510677891963,0.0,0.0,0.0,0.0,0.0,0.0,0.0
0.0,1.0,2.0,1.0,0.0,0.9486832980505138,0.0,-9.75,45679.188123504704,0.0,0.0,1.0,0.0,0.0,0.0,0.0,0.0,0.0,0.0
1.72,1.0,2.0,0.0,0.0,0.0,0.0,0.0,45679.188123504704,0.0,0.0,0.0,0.0,0.0,0.0,0.0,0.0,0.0,0.0
27.66,1.0,2.0,0.0,-0.0,0.0,-0.0,0.0,45679.188123504704,0.0,0.0,0.0,0.0,0.0,0.0,0.0,0.0,0.0,-0.0
75.53,1.0,2.0,0.0,-0.0,0.0,-0.0,0.0,45679.188123504704,0.0,0.0,0.0,0.0,0.0,0.0,0.0,0.0,0.0,-0.0
97.06,1.0,2.0,0.0,0.0,0.0,0.0,0.0,45679.188123504704,0.0,0.0,0.0,0.0,0.0,0.0,0.0,0.0,0.0,0.0
105.67,0.4729537233052701,0.9459074466105402,0.0,1.0,0.0,1.0540925533894598,104.29,45783.478123504705,0.0,0.0,0.0,0.0,0.0,0.0,0.0,0.0,0.0,1.0
104.49,0.0,0.0,0.0,0.8973665961010275,0.0,0.9459074466105402,92.52746972397694,45876.005593228685,0.0,0.0,0.0,0.0,0.0,0.0,0.0,0.0,0.0,0.8973665961010275
91.74,-0.0,-0.0,0.0,0.0,0.0,0.0,0.0,45876.005593228685,0.0,0.0,0.0,0.0,0.0,0.0,0.0,0.0,0.0,0.0
85.1,-0.0,-0.0,0.0,0.0,0.0,0.0,0.0,45876.005593228685,0.0,0.0,0.0,0.0,0.0,0.0,0.0,0.0,0.0,0.0
79.96,0.0,0.0,-0.0,0.0,-0.0,0.0,0.0,45876.005593228685,0.0,0.0,-0.0,0.0,0.0,0.0,0.0,0.0,0.0,0.0
89.47,-0.0,-0.0,0.0,0.0,0.0,0.0,0.0,45876.005593228685,0.0,0.0,0.0,0.0,0.0,0.0,0.0,0.0,0.0,0.0
85.74,-0.0,-0.0,0.0,0.0,0.0,0.0,0.0,45876.005593228685,0.0,0.0,0.0,0.0,0.0,0.0,0.0,0.0,0.0,0.0
84.75,-0.0,-0.0,0.0,0.0,0.0,0.0,0.0,45876.005593228685,0.0,0.0,0.0,0.0,0.0,0.0,0.0,0.0,0.0,0.0
83.34,-0.0,-0.0,0.0,0.0,0.0,0.0,0.0,45876.005593228685,0.0,0.0,0.0,0.0,0.0,0.0,0.0,0.0,0.0,0.0
82.73,-0.0,-0.0,0.0,0.0,0.0,0.0,0.0,45876.005593228685,0.0,0.0,0.0,0.0,0.0,0.0,0.0,0.0,0.0,0.0
87.09,-0.0,-0.0,0.0,0.0,0.0,0.0,0.0,45876.005593228685,0.0,0.0,0.0,0.0,0.0,0.0,0.0,0.0,0.0,0.0
90.68,0.0,0.0,0.0,-0.0,0.0,-0.0,0.0,45876.005593228685,0.0,0.0,0.0,0.0,0.0,0.0,0.0,0.0,0.0,-0.0
90.02,0.0,0.0,0.0,-0.0,0.0,-0.0,0.0,45876.005593228685,0.0,0.0,0.0,0.0,0.0,0.0,0.0,0.0,0.0,-0.0
80.99,0.0,0.0,0.0,-0.0,0.0,-0.0,0.0,45876.005593228685,0.0,0.0,0.0,0.0,0.0,0.0,0.0,0.0,0.0,-0.0
67.94,0.0,0.0,0.0,-0.0,0.0,-0.0,0.0,45876.005593228685,0.0,0.0,0.0,0.0,0.0,0.0,0.0,0.0,0.0,-0.0
25.12,0.0,0.0,0.0,-0.0,0.0,-0.0,0.0,45876.005593228685,0.0,0.0,0.0,0.0,0.0,0.0,0.0,0.0,0.0,-0.0
3.8,-0.0,-0.0,0.0,0.0,0.0,0.0,0.0,45876.005593228685,0.0,0.0,0.0,0.0,0.0,0.0,0.0,0.0,0.0,0.0
0.17,-0.0,-0.0,0.0,0.0,0.0,0.0,0.0,45876.005593228685,0.0,0.0,0.0,0.0,0.0,0.0,0.0,0.0,0.0,0.0
-0.01,0.4743416490252569,0.9486832980505138,1.0,0.0,0.9486832980505138,0.0,-9.74,45866.26559322869,0.0,0.0,1.0,0.0,0.0,0.0,0.0,0.0,0.0,0.0
-0.01,0.5256583509747431,1.0513167019494862,0.10818510677891963,0.0,0.10263340389897246,0.0,-1.0537229400266772,45865.21187028866,0.0,0.0,0.10818510677891963,0.0,0.0,0.0,0.0,0.0,0.0,0.0
-0.01,1.0,2.0,1.0,0.0,0.9486832980505138,0.0,-9.74,45855.47187028866,0.0,0.0,1.0,0.0,0.0,0.0,0.0,0.0,0.0,0.0
0.72,1.0,2.0,0.0,0.0,0.0,0.0,0.0,45855.47187028866,0.0,0.0,0.0,0.0,0.0,0.0,0.0,0.0,0.0,0.0
16.21,1.0,2.0,0.0,-0.0,0.0,-0.0,0.0,45855.47187028866,0.0,0.0,0.0,0.0,0.0,0.0,0.0,0.0,0.0,-0.0
69.92,1.0,2.0,0.0,-0.0,0.0,-0.0,0.0,45855.47187028866,0.0,0.0,0.0,0.0,0.0,0.0,0.0,0.0,0.0,-0.0
95.0,1.0,2.0,0.0,0.0,0.0,0.0,0.0,45855.47187028866,0.0,0.0,0.0,0.0,0.0,0.0,0.0,0.0,0.0,0.0
102.62,0.4729537233052701,0.9459074466105402,0.0,1.0,0.0,1.0540925533894598,101.24000000000001,45956.71187028866,0.0,0.0,0.0,0.0,0.0,0.0,0.0,0.0,0.0,1.0
100.61,-0.0,-0.0,0.0,0.8973665961010275,0.0,0.9459074466105402,89.04568733110496,46045.75755761976,0.0,0.0,0.0,0.0,0.0,0.0,0.0,0.0,0.0,0.8973665961010275
95.0,0.0,0.0,0.0,0.0,0.0,0.0,0.0,46045.75755761976,0.0,0.0,0.0,0.0,0.0,0.0,0.0,0.0,0.0,0.0
90.0,-0.0,-0.0,0.0,0.0,0.0,0.0,0.0,46045.75755761976,0.0,0.0,0.0,0.0,0.0,0.0,0.0,0.0,0.0,0.0
91.28,-0.0,-0.0,0.0,-0.0,0.0,-0.0,0.0,46045.75755761976,0.0,0.0,0.0,0.0,0.0,0.0,0.0,0.0,0.0,-0.0
85.34,-0.0,-0.0,0.0,0.0,0.0,0.0,0.0,46045.75755761976,0.0,0.0,0.0,0.0,0.0,0.0,0.0,0.0,0.0,0.0
86.86,-0.0,-0.0,0.0,0.0,0.0,0.0,0.0,46045.75755761976,0.0,0.0,0.0,0.0,0.0,0.0,0.0,0.0,0.0,0.0
86.63,-0.0,-0.0,0.0,0.0,0.0,0.0,0.0,46045.75755761976,0.0,0.0,0.0,0.0,0.0,0.0,0.0,0.0,0.0,0.0
87.73,-0.0,-0.0,0.0,0.0,0.0,0.0,0.0,46045.75755761976,0.0,0.0,0.0,0.0,0.0,0.0,0.0,0.0,0.0,0.0
89.93,-0.0,-0.0,0.0,0.0,0.0,0.0,0.0,46045.75755761976,0.0,0.0,0.0,0.0,0.0,0.0,0.0,0.0,0.0,0.0
89.89,-0.0,-0.0,0.0,0.0,0.0,0.0,0.0,46045.75755761976,0.0,0.0,0.0,0.0,0.0,0.0,0.0,0.0,0.0,0.0
81.03,-0.0,-0.0,0.0,0.0,0.0,0.0,0.0,46045.75755761976,0.0,0.0,0.0,0.0,0.0,0.0,0.0,0.0,0.0,0.0
76.24,0.0,0.0,0.0,0.0,0.0,0.0,0.0,46045.75755761976,0.0,0.0,0.0,0.0,0.0,0.0,0.0,0.0,0.0,0.0
32.59,0.0,0.0,-0.0,0.0,-0.0,0.0,0.0,46045.75755761976,0.0,0.0,-0.0,0.0,0.0,0.0,0.0,0.0,0.0,0.0
9.96,-0.0,-0.0,0.0,0.0,0.0,0.0,0.0,46045.75755761976,0.0,0.0,0.0,0.0,0.0,0.0,0.0,0.0,0.0,0.0
2.08,-0.0,-0.0,0.0,0.0,0.0,0.0,0.0,46045.75755761976,0.0,0.0,0.0,0.0,0.0,0.0,0.0,0.0,0.0,0.0
2.07,0.0,0.0,-0.0,0.0,-0.0,0.0,0.0,46045.75755761976,0.0,0.0,-0.0,0.0,0.0,0.0,0.0,0.0,0.0,0.0
2.02,0.05131670194948623,0.10263340389897246,0.10818510677891963,0.0,0.10263340389897246,0.0,-1.2765842599912516,46044.48097335977,0.0,0.0,0.10818510677891963,0.0,0.0,0.0,0.0,0.0,0.0,0.0
1.86,0.5256583509747431,1.0513167019494862,1.0,0.0,0.9486832980505138,0.0,-11.639999999999999,46032.84097335977,0.0,0.0,1.0,0.0,0.0,0.0,0.0,0.0,0.0,0.0
1.47,1.0,2.0,1.0,0.0,0.9486832980505138,0.0,-11.24,46021.600973359775,0.0,0.0,1.0,0.0,0.0,0.0,0.0,0.0,0.0,0.0
13.81,1.0,2.0,0.0,0.0,0.0,0.0,0.0,46021.600973359775,0.0,0.0,0.0,0.0,0.0,0.0,0.0,0.0,0.0,0.0
72.4,1.0,2.0,0.0,-0.0,0.0,-0.0,0.0,46021.600973359775,0.0,0.0,0.0,0.0,0.0,0.0,0.0,0.0,0.0,-0.0
96.69,1.0,2.0,0.0,-0.0,0.0,-0.0,0.0,46021.600973359775,0.0,0.0,0.0,0.0,0.0,0.0,0.0,0.0,0.0,-0.0
110.0,1.0,2.0,0.0,-0.0,0.0,-0.0,0.0,46021.600973359775,0.0,0.0,0.0,0.0,0.0,0.0,0.0,0.0,0.0,-0.0
110.66,0.4729537233052701,0.9459074466105402,0.0,1.0,0.0,1.0540925533894598,109.28,46130.88097335977,0.0,0.0,0.0,0.0,0.0,0.0,0.0,0.0,0.0,1.0
110.14,0.05131670194948623,0.10263340389897246,0.0,0.7999999999999998,0.0,0.8432740427115677,87.00799999999998,46217.888973359775,0.0,0.0,0.0,0.0,0.0,0.0,0.0,0.0,0.0,0.7999999999999998
105.1,0.05131670194948623,0.10263340389897246,0.0,0.0,0.0,0.0,0.0,46217.888973359775,0.0,0.0,0.0,0.0,0.0,0.0,0.0,0.0,0.0,0.0
102.54,0.05131670194948623,0.10263340389897246,0.0,0.0,0.0,0.0,0.0,46217.888973359775,0.0,0.0,0.0,0.0,0.0,0.0,0.0,0.0,0.0,0.0
91.99,0.05131670194948623,0.10263340389897246,0.0,0.0,0.0,0.0,0.0,46217.888973359775,0.0,0.0,0.0,0.0,0.0,0.0,0.0,0.0,0.0,0.0
87.13,0.05131670194948623,0.10263340389897246,0.0,0.0,0.0,0.0,0.0,46217.888973359775,0.0,0.0,0.0,0.0,0.0,0.0,0.0,0.0,0.0,0.0
84.33,0.5256583509747431,1.0513167019494862,1.0,0.0,0.9486832980505138,0.0,-95.28,46122.60897335978,0.0,0.0,1.0,0.0,0.0,0.0,0.0,0.0,0.0,0.0
83.85,1.0,2.0,1.0,0.0,0.9486832980505138,0.0,-94.78999999999999,46027.818973359776,0.0,0.0,1.0,0.0,0.0,0.0,0.0,0.0,0.0,0.0
89.46,1.0,2.0,0.0,0.0,0.0,0.0,0.0,46027.818973359776,0.0,0.0,0.0,0.0,0.0,0.0,0.0,0.0,0.0,0.0
99.27,1.0,2.0,0.0,0.0,0.0,0.0,0.0,46027.818973359776,0.0,0.0,0.0,0.0,0.0,0.0,0.0,0.0,0.0,0.0
118.51,0.5270462766947299,1.0540925533894598,0.0,0.8973665961010275,0.0,0.9459074466105402,105.10854940131335,46132.92752276109,0.0,0.0,0.0,0.0,0.0,0.0,0.0,0.0,0.0,0.8973665961010275
130.13,0.0,0.0,0.0,1.0,0.0,1.0540925533894598,128.75,46261.67752276109,0.0,0.0,0.0,0.0,0.0,0.0,0.0,0.0,0.0,1.0
109.87,-0.0,-0.0,0.0,0.0,0.0,0.0,0.0,46261.67752276109,0.0,0.0,0.0,0.0,0.0,0.0,0.0,0.0,0.0,0.0
88.84,0.0,0.0,-0.0,0.0,-0.0,0.0,0.0,46261.67752276109,0.0,0.0,-0.0,0.0,0.0,0.0,0.0,0.0,0.0,0.0
72.16,0.0,0.0,-0.0,0.0,-0.0,0.0,0.0,46261.67752276109,0.0,0.0,-0.0,0.0,0.0,0.0,0.0,0.0,0.0,0.0
45.93,0.0,0.0,0.0,-0.0,0.0,-0.0,0.0,46261.67752276109,0.0,0.0,0.0,0.0,0.0,0.0,0.0,0.0,0.0,-0.0
20.04,0.05131670194948623,0.10263340389897246,0.10818510677891963,0.0,0.10263340389897246,0.0,-3.253126160842113,46258.42439660025,0.0,0.0,0.10818510677891963,0.0,0.0,0.0,0.0,0.0,0.0,0.0
14.23,0.5256583509747431,1.0513167019494862,1.0,0.0,0.9486832980505138,0.0,-24.18,46234.24439660025,0.0,0.0,1.0,0.0,0.0,0.0,0.0,0.0,0.0,0.0
18.34,1.0,2.0,1.0,0.0,0.9486832980505138,0.0,-28.35,46205.89439660025,0.0,0.0,1.0,0.0,0.0,0.0,0.0,0.0,0.0,0.0
54.56,1.0,2.0,0.0,-0.0,0.0,-0.0,0.0,46205.89439660025,0.0,0.0,0.0,0.0,0.0,0.0,0.0,0.0,0.0,-0.0
70.94,1.0,2.0,0.0,-0.0,0.0,-0.0,0.0,46205.89439660025,0.0,0.0,0.0,0.0,0.0,0.0,0.0,0.0,0.0,-0.0
90.32,1.0,2.0,-0.0,0.0,-0.0,0.0,0.0,46205.89439660025,0.0,0.0,-0.0,0.0,0.0,0.0,0.0,0.0,0.0,0.0
109.87,1.0,2.0,0.0,0.0,0.0,0.0,0.0,46205.89439660025,0.0,0.0,0.0,0.0,0.0,0.0,0.0,0.0,0.0,0.0
185.5,0.5270462766947299,1.0540925533894598,0.0,0.8973665961010275,0.0,0.9459074466105402,165.22313767412118,46371.117534274366,0.0,0.0,0.0,0.0,0.0,0.0,0.0,0.0,0.0,0.8973665961010275
193.96,0.0,0.0,0.0,1.0,0.0,1.0540925533894598,192.58,46563.69753427437,0.0,0.0,0.0,0.0,0.0,0.0,0.0,0.0,0.0,1.0
124.67,-0.0,-0.0,0.0,-0.0,0.0,-0.0,0.0,46563.69753427437,0.0,0.0,0.0,0.0,0.0,0.0,0.0,0.0,0.0,-0.0
107.49,-0.0,-0.0,0.0,0.0,0.0,0.0,0.0,46563.69753427437,0.0,0.0,0.0,0.0,0.0,0.0,0.0,0.0,0.0,0.0
102.0,-0.0,-0.0,0.0,0.0,0.0,0.0,0.0,46563.69753427437,0.0,0.0,0.0,0.0,0.0,0.0,0.0,0.0,0.0,0.0
101.01,0.0,0.0,0.0,0.0,0.0,0.0,0.0,46563.69753427437,0.0,0.0,0.0,0.0,0.0,0.0,0.0,0.0,0.0,0.0
94.82,0.0,0.0,-0.0,0.0,-0.0,0.0,0.0,46563.69753427437,0.0,0.0,-0.0,0.0,0.0,0.0,0.0,0.0,0.0,0.0
88.2,0.0,0.0,-0.0,0.0,-0.0,0.0,0.0,46563.69753427437,0.0,0.0,-0.0,0.0,0.0,0.0,0.0,0.0,0.0,0.0
86.37,0.4743416490252569,0.9486832980505138,1.0,0.0,0.9486832980505138,0.0,-97.35000000000001,46466.34753427437,0.0,0.0,1.0,0.0,0.0,0.0,0.0,0.0,0.0,0.0
90.09,0.4743416490252569,0.9486832980505138,0.0,0.0,0.0,0.0,0.0,46466.34753427437,0.0,0.0,0.0,0.0,0.0,0.0,0.0,0.0,0.0,0.0
101.02,0.4743416490252569,0.9486832980505138,0.0,0.0,0.0,0.0,0.0,46466.34753427437,0.0,0.0,0.0,0.0,0.0,0.0,0.0,0.0,0.0,0.0
111.1,0.0,0.0,0.0,0.8999999999999999,0.0,0.9486832980505138,98.74799999999998,46565.09553427437,0.0,0.0,0.0,0.0,0.0,0.0,0.0,0.0,0.0,0.8999999999999999
109.95,-0.0,-0.0,0.0,-0.0,0.0,-0.0,0.0,46565.09553427437,0.0,0.0,0.0,0.0,0.0,0.0,0.0,0.0,0.0,-0.0
98.05,-0.0,-0.0,0.0,0.0,0.0,0.0,0.0,46565.09553427437,0.0,0.0,0.0,0.0,0.0,0.0,0.0,0.0,0.0,0.0
88.57,0.0,0.0,0.0,0.0,0.0,0.0,0.0,46565.09553427437,0.0,0.0,0.0,0.0,0.0,0.0,0.0,0.0,0.0,0.0
69.64,0.0,0.0,-0.0,0.0,-0.0,0.0,0.0,46565.09553427437,0.0,0.0,-0.0,0.0,0.0,0.0,0.0,0.0,0.0,0.0
43.23,0.0,0.0,0.0,-0.0,0.0,-0.0,0.0,46565.09553427437,0.0,0.0,0.0,0.0,0.0,0.0,0.0,0.0,0.0,-0.0
22.85,0.05131670194948623,0.10263340389897246,0.10818510677891963,0.0,0.10263340389897246,0.0,-3.5614537151620342,46561.534080559206,0.0,0.0,0.10818510677891963,0.0,0.0,0.0,0.0,0.0,0.0,0.0
9.02,0.5256583509747431,1.0513167019494862,1.0,0.0,0.9486832980505138,0.0,-18.9,46542.634080559204,0.0,0.0,1.0,0.0,0.0,0.0,0.0,0.0,0.0,0.0
15.26,1.0,2.0,1.0,0.0,0.9486832980505138,0.0,-25.23,46517.4040805592,0.0,0.0,1.0,0.0,0.0,0.0,0.0,0.0,0.0,0.0
30.89,1.0,2.0,0.0,0.0,0.0,0.0,0.0,46517.4040805592,0.0,0.0,0.0,0.0,0.0,0.0,0.0,0.0,0.0,0.0
60.6,1.0,2.0,0.0,-0.0,0.0,-0.0,0.0,46517.4040805592,0.0,0.0,0.0,0.0,0.0,0.0,0.0,0.0,0.0,-0.0
91.48,1.0,2.0,-0.0,0.0,-0.0,0.0,0.0,46517.4040805592,0.0,0.0,-0.0,0.0,0.0,0.0,0.0,0.0,0.0,0.0
101.91,1.0,2.0,0.0,0.0,0.0,0.0,0.0,46517.4040805592,0.0,0.0,0.0,0.0,0.0,0.0,0.0,0.0,0.0,0.0
120.51,0.5270462766947299,1.0540925533894598,0.0,0.8973665961010275,0.0,0.9459074466105402,106.90328259351541,46624.307363152715,0.0,0.0,0.0,0.0,0.0,0.0,0.0,0.0,0.0,0.8973665961010275
128.62,0.0,0.0,0.0,1.0,0.0,1.0540925533894598,127.24000000000001,46751.54736315271,0.0,0.0,0.0,0.0,0.0,0.0,0.0,0.0,0.0,1.0
111.06,-0.0,-0.0,0.0,0.0,0.0,0.0,0.0,46751.54736315271,0.0,0.0,0.0,0.0,0.0,0.0,0.0,0.0,0.0,0.0
104.41,-0.0,-0.0,0.0,0.0,0.0,0.0,0.0,46751.54736315271,0.0,0.0,0.0,0.0,0.0,0.0,0.0,0.0,0.0,0.0
96.78,-0.0,-0.0,0.0,0.0,0.0,0.0,0.0,46751.54736315271,0.0,0.0,0.0,0.0,0.0,0.0,0.0,0.0,0.0,0.0
95.47,-0.0,-0.0,0.0,0.0,0.0,0.0,0.0,46751.54736315271,0.0,0.0,0.0,0.0,0.0,0.0,0.0,0.0,0.0,0.0
91.22,0.0,0.0,-0.0,0.0,-0.0,0.0,0.0,46751.54736315271,0.0,0.0,-0.0,0.0,0.0,0.0,0.0,0.0,0.0,0.0
85.71,-0.0,-0.0,0.0,0.0,0.0,0.0,0.0,46751.54736315271,0.0,0.0,0.0,0.0,0.0,0.0,0.0,0.0,0.0,0.0
80.67,0.4743416490252569,0.9486832980505138,1.0,0.0,0.9486832980505138,0.0,-91.57000000000001,46659.97736315271,0.0,0.0,1.0,0.0,0.0,0.0,0.0,0.0,0.0,0.0
79.37,0.9486832980505138,1.8973665961010275,1.0,0.0,0.9486832980505138,0.0,-90.25,46569.72736315271,0.0,0.0,1.0,0.0,0.0,0.0,0.0,0.0,0.0,0.0
88.36,0.9486832980505138,1.8973665961010275,0.0,0.0,0.0,0.0,0.0,46569.72736315271,0.0,0.0,0.0,0.0,0.0,0.0,0.0,0.0,0.0,0.0
102.28,0.9486832980505138,1.8973665961010275,0.0,0.0,0.0,0.0,0.0,46569.72736315271,0.0,0.0,0.0,0.0,0.0,0.0,0.0,0.0,0.0,0.0
110.12,0.42163702135578385,0.8432740427115677,0.0,1.0,0.0,1.0540925533894598,108.74000000000001,46678.46736315271,0.0,0.0,0.0,0.0,0.0,0.0,0.0,0.0,0.0,1.0
103.91,-0.0,-0.0,0.0,0.7999999999999998,0.0,0.8432740427115677,82.02399999999999,46760.49136315271,0.0,0.0,0.0,0.0,0.0,0.0,0.0,0.0,0.0,0.7999999999999998
90.05,0.0,0.0,0.0,0.0,0.0,0.0,0.0,46760.49136315271,0.0,0.0,0.0,0.0,0.0,0.0,0.0,0.0,0.0,0.0
80.98,-0.0,-0.0,0.0,0.0,0.0,0.0,0.0,46760.49136315271,0.0,0.0,0.0,0.0,0.0,0.0,0.0,0.0,0.0,0.0
69.06,0.0,0.0,-0.0,0.0,-0.0,0.0,0.0,46760.49136315271,0.0,0.0,-0.0,0.0,0.0,0.0,0.0,0.0,0.0,0.0
49.07,0.05131670194948623,0.10263340389897246,0.10818510677891963,0.0,0.10263340389897246,0.0,-6.439177555481296,46754.052185597226,0.0,0.0,0.10818510677891963,0.0,0.0,0.0,0.0,0.0,0.0,0.0
35.0,0.5256583509747431,1.0513167019494862,1.0,0.0,0.9486832980505138,0.0,-45.25,46708.802185597226,0.0,0.0,1.0,0.0,0.0,0.0,0.0,0.0,0.0,0.0
42.03,1.0,2.0,1.0,0.0,0.9486832980505138,0.0,-52.38,46656.42218559723,0.0,0.0,1.0,0.0,0.0,0.0,0.0,0.0,0.0,0.0
73.02,1.0,2.0,0.0,-0.0,0.0,-0.0,0.0,46656.42218559723,0.0,0.0,0.0,0.0,0.0,0.0,0.0,0.0,0.0,-0.0
81.45,1.0,2.0,0.0,-0.0,0.0,-0.0,0.0,46656.42218559723,0.0,0.0,0.0,0.0,0.0,0.0,0.0,0.0,0.0,-0.0
101.69,1.0,2.0,0.0,0.0,0.0,0.0,0.0,46656.42218559723,0.0,0.0,0.0,0.0,0.0,0.0,0.0,0.0,0.0,0.0
109.16,1.0,2.0,0.0,0.0,0.0,0.0,0.0,46656.42218559723,0.0,0.0,0.0,0.0,0.0,0.0,0.0,0.0,0.0,0.0
135.15,0.4729537233052701,0.9459074466105402,0.0,1.0,0.0,1.0540925533894598,133.77,46790.192185597225,0.0,0.0,0.0,0.0,0.0,0.0,0.0,0.0,0.0,1.0
126.11,-0.0,-0.0,0.0,0.8973665961010275,0.0,0.9459074466105402,111.92853553168116,46902.12072112891,0.0,0.0,0.0,0.0,0.0,0.0,0.0,0.0,0.0,0.8973665961010275
114.95,0.0,0.0,0.0,0.0,0.0,0.0,0.0,46902.12072112891,0.0,0.0,0.0,0.0,0.0,0.0,0.0,0.0,0.0,0.0
103.49,-0.0,-0.0,0.0,0.0,0.0,0.0,0.0,46902.12072112891,0.0,0.0,0.0,0.0,0.0,0.0,0.0,0.0,0.0,0.0
97.34,-0.0,-0.0,0.0,0.0,0.0,0.0,0.0,46902.12072112891,0.0,0.0,0.0,0.0,0.0,0.0,0.0,0.0,0.0,0.0
96.11,-0.0,-0.0,0.0,0.0,0.0,0.0,0.0,46902.12072112891,0.0,0.0,0.0,0.0,0.0,0.0,0.0,0.0,0.0,0.0
90.73,0.052704627669473036,0.10540925533894607,0.11111111111111122,0.0,0.10540925533894607,0.0,-11.307777777777789,46890.81294335113,0.0,0.0,0.11111111111111122,0.0,0.0,0.0,0.0,0.0,0.0,0.0
87.52,0.5270462766947299,1.0540925533894598,1.0,0.0,0.9486832980505138,0.0,-98.50999999999999,46792.302943351126,0.0,0.0,1.0,0.0,0.0,0.0,0.0,0.0,0.0,0.0
90.88,0.5270462766947299,1.0540925533894598,0.0,0.0,0.0,0.0,0.0,46792.302943351126,0.0,0.0,0.0,0.0,0.0,0.0,0.0,0.0,0.0,0.0
92.37,0.5270462766947299,1.0540925533894598,0.0,0.0,0.0,0.0,0.0,46792.302943351126,0.0,0.0,0.0,0.0,0.0,0.0,0.0,0.0,0.0,0.0
97.96,0.5270462766947299,1.0540925533894598,0.0,0.0,0.0,0.0,0.0,46792.302943351126,0.0,0.0,0.0,0.0,0.0,0.0,0.0,0.0,0.0,0.0
105.9,0.5270462766947299,1.0540925533894598,0.0,0.0,0.0,0.0,0.0,46792.302943351126,0.0,0.0,0.0,0.0,0.0,0.0,0.0,0.0,0.0,0.0
116.89,-0.0,-0.0,0.0,1.0,0.0,1.0540925533894598,115.51,46907.81294335113,0.0,0.0,0.0,0.0,0.0,0.0,0.0,0.0,0.0,1.0
107.79,0.0,0.0,0.0,0.0,0.0,0.0,0.0,46907.81294335113,0.0,0.0,0.0,0.0,0.0,0.0,0.0,0.0,0.0,0.0
97.32,-0.0,-0.0,0.0,-0.0,0.0,-0.0,0.0,46907.81294335113,0.0,0.0,0.0,0.0,0.0,0.0,0.0,0.0,0.0,-0.0
85.85,-0.0,-0.0,0.0,0.0,0.0,0.0,0.0,46907.81294335113,0.0,0.0,0.0,0.0,0.0,0.0,0.0,0.0,0.0,0.0
77.64,0.0,0.0,0.0,0.0,0.0,0.0,0.0,46907.81294335113,0.0,0.0,0.0,0.0,0.0,0.0,0.0,0.0,0.0,0.0
69.49,-0.0,-0.0,0.0,0.0,0.0,0.0,0.0,46907.81294335113,0.0,0.0,0.0,0.0,0.0,0.0,0.0,0.0,0.0,0.0
66.09,0.4743416490252569,0.9486832980505138,1.0,0.0,0.9486832980505138,0.0,-76.78,46831.03294335113,0.0,0.0,1.0,0.0,0.0,0.0,0.0,0.0,0.0,0.0
56.26,0.9486832980505138,1.8973665961010275,1.0,0.0,0.9486832980505138,0.0,-66.81,46764.22294335113,0.0,0.0,1.0,0.0,0.0,0.0,0.0,0.0,0.0,0.0
68.2,1.0,2.0,0.10818510677891963,0.0,0.10263340389897246,0.0,-8.537968626992336,46755.684974724136,0.0,0.0,0.10818510677891963,0.0,0.0,0.0,0.0,0.0,0.0,0.0
72.39,1.0,2.0,0.0,0.0,0.0,0.0,0.0,46755.684974724136,0.0,0.0,0.0,0.0,0.0,0.0,0.0,0.0,0.0,0.0
87.67,1.0,2.0,0.0,0.0,0.0,0.0,0.0,46755.684974724136,0.0,0.0,0.0,0.0,0.0,0.0,0.0,0.0,0.0,0.0
94.0,1.0,2.0,0.0,-0.0,0.0,-0.0,0.0,46755.684974724136,0.0,0.0,0.0,0.0,0.0,0.0,0.0,0.0,0.0,-0.0
106.39,1.0,2.0,0.0,0.0,0.0,0.0,0.0,46755.684974724136,0.0,0.0,0.0,0.0,0.0,0.0,0.0,0.0,0.0,0.0
110.73,0.4729537233052701,0.9459074466105402,0.0,1.0,0.0,1.0540925533894598,109.35000000000001,46865.034974724134,0.0,0.0,0.0,0.0,0.0,0.0,0.0,0.0,0.0,1.0
110.73,0.0,0.0,0.0,0.8973665961010275,0.0,0.9459074466105402,98.12703728364737,46963.16201200778,0.0,0.0,0.0,0.0,0.0,0.0,0.0,0.0,0.0,0.8973665961010275
105.0,0.0,0.0,0.0,-0.0,0.0,-0.0,0.0,46963.16201200778,0.0,0.0,0.0,0.0,0.0,0.0,0.0,0.0,0.0,-0.0
95.78,-0.0,-0.0,0.0,0.0,0.0,0.0,0.0,46963.16201200778,0.0,0.0,0.0,0.0,0.0,0.0,0.0,0.0,0.0,0.0
89.27,-0.0,-0.0,0.0,0.0,0.0,0.0,0.0,46963.16201200778,0.0,0.0,0.0,0.0,0.0,0.0,0.0,0.0,0.0,0.0
81.99,-0.0,-0.0,0.0,0.0,0.0,0.0,0.0,46963.16201200778,0.0,0.0,0.0,0.0,0.0,0.0,0.0,0.0,0.0,0.0
78.59,-0.0,-0.0,0.0,0.0,0.0,0.0,0.0,46963.16201200778,0.0,0.0,0.0,0.0,0.0,0.0,0.0,0.0,0.0,0.0
77.52,-0.0,-0.0,0.0,0.0,0.0,0.0,0.0,46963.16201200778,0.0,0.0,0.0,0.0,0.0,0.0,0.0,0.0,0.0,0.0
77.65,-0.0,-0.0,0.0,0.0,0.0,0.0,0.0,46963.16201200778,0.0,0.0,0.0,0.0,0.0,0.0,0.0,0.0,0.0,0.0
87.9,-0.0,-0.0,0.0,0.0,0.0,0.0,0.0,46963.16201200778,0.0,0.0,0.0,0.0,0.0,0.0,0.0,0.0,0.0,0.0
95.99,-0.0,-0.0,0.0,0.0,0.0,0.0,0.0,46963.16201200778,0.0,0.0,0.0,0.0,0.0,0.0,0.0,0.0,0.0,0.0
99.1,-0.0,-0.0,0.0,-0.0,0.0,-0.0,0.0,46963.16201200778,0.0,0.0,0.0,0.0,0.0,0.0,0.0,0.0,0.0,-0.0
87.8,0.0,0.0,0.0,0.0,0.0,0.0,0.0,46963.16201200778,0.0,0.0,0.0,0.0,0.0,0.0,0.0,0.0,0.0,0.0
24.69,0.0,0.0,-0.0,0.0,-0.0,0.0,0.0,46963.16201200778,0.0,0.0,-0.0,0.0,0.0,0.0,0.0,0.0,0.0,0.0
10.92,-0.0,-0.0,0.0,0.0,0.0,0.0,0.0,46963.16201200778,0.0,0.0,0.0,0.0,0.0,0.0,0.0,0.0,0.0,0.0
6.7,-0.0,-0.0,0.0,0.0,0.0,0.0,0.0,46963.16201200778,0.0,0.0,0.0,0.0,0.0,0.0,0.0,0.0,0.0,0.0
7.38,-0.0,-0.0,0.0,0.0,0.0,0.0,0.0,46963.16201200778,0.0,0.0,0.0,0.0,0.0,0.0,0.0,0.0,0.0,0.0
3.85,0.4743416490252569,0.9486832980505138,1.0,0.0,0.9486832980505138,0.0,-13.65,46949.51201200778,0.0,0.0,1.0,0.0,0.0,0.0,0.0,0.0,0.0,0.0
3.9,0.9486832980505138,1.8973665961010275,1.0,0.0,0.9486832980505138,0.0,-13.71,46935.80201200778,0.0,0.0,1.0,0.0,0.0,0.0,0.0,0.0,0.0,0.0
4.01,1.0,2.0,0.10818510677891963,0.0,0.10263340389897246,0.0,-1.4951181756846694,46934.306893832094,0.0,0.0,0.10818510677891963,0.0,0.0,0.0,0.0,0.0,0.0,0.0
32.06,1.0,2.0,0.0,-0.0,0.0,-0.0,0.0,46934.306893832094,0.0,0.0,0.0,0.0,0.0,0.0,0.0,0.0,0.0,-0.0
58.43,1.0,2.0,0.0,-0.0,0.0,-0.0,0.0,46934.306893832094,0.0,0.0,0.0,0.0,0.0,0.0,0.0,0.0,0.0,-0.0
83.08,1.0,2.0,0.0,-0.0,0.0,-0.0,0.0,46934.306893832094,0.0,0.0,0.0,0.0,0.0,0.0,0.0,0.0,0.0,-0.0
106.07,1.0,2.0,0.0,0.0,0.0,0.0,0.0,46934.306893832094,0.0,0.0,0.0,0.0,0.0,0.0,0.0,0.0,0.0,0.0
113.0,0.4729537233052701,0.9459074466105402,0.0,1.0,0.0,1.0540925533894598,111.62,47045.9268938321,0.0,0.0,0.0,0.0,0.0,0.0,0.0,0.0,0.0,1.0
107.63,-0.0,-0.0,0.0,0.8973665961010275,0.0,0.9459074466105402,95.34520083573418,47141.27209466783,0.0,0.0,0.0,0.0,0.0,0.0,0.0,0.0,0.0,0.8973665961010275
103.09,0.0,0.0,0.0,0.0,0.0,0.0,0.0,47141.27209466783,0.0,0.0,0.0,0.0,0.0,0.0,0.0,0.0,0.0,0.0
94.37,-0.0,-0.0,0.0,0.0,0.0,0.0,0.0,47141.27209466783,0.0,0.0,0.0,0.0,0.0,0.0,0.0,0.0,0.0,0.0
95.33,-0.0,-0.0,0.0,-0.0,0.0,-0.0,0.0,47141.27209466783,0.0,0.0,0.0,0.0,0.0,0.0,0.0,0.0,0.0,-0.0
89.32,-0.0,-0.0,0.0,0.0,0.0,0.0,0.0,47141.27209466783,0.0,0.0,0.0,0.0,0.0,0.0,0.0,0.0,0.0,0.0
87.76,-0.0,-0.0,0.0,0.0,0.0,0.0,0.0,47141.27209466783,0.0,0.0,0.0,0.0,0.0,0.0,0.0,0.0,0.0,0.0
85.21,-0.0,-0.0,0.0,0.0,0.0,0.0,0.0,47141.27209466783,0.0,0.0,0.0,0.0,0.0,0.0,0.0,0.0,0.0,0.0
85.56,-0.0,-0.0,0.0,0.0,0.0,0.0,0.0,47141.27209466783,0.0,0.0,0.0,0.0,0.0,0.0,0.0,0.0,0.0,0.0
85.6,-0.0,-0.0,0.0,0.0,0.0,0.0,0.0,47141.27209466783,0.0,0.0,0.0,0.0,0.0,0.0,0.0,0.0,0.0,0.0
86.67,-0.0,-0.0,0.0,0.0,0.0,0.0,0.0,47141.27209466783,0.0,0.0,0.0,0.0,0.0,0.0,0.0,0.0,0.0,0.0
86.78,-0.0,-0.0,0.0,0.0,0.0,0.0,0.0,47141.27209466783,0.0,0.0,0.0,0.0,0.0,0.0,0.0,0.0,0.0,0.0
83.57,0.0,0.0,0.0,0.0,0.0,0.0,0.0,47141.27209466783,0.0,0.0,0.0,0.0,0.0,0.0,0.0,0.0,0.0,0.0
62.9,0.0,0.0,-0.0,0.0,-0.0,0.0,0.0,47141.27209466783,0.0,0.0,-0.0,0.0,0.0,0.0,0.0,0.0,0.0,0.0
14.69,0.0,0.0,-0.0,0.0,-0.0,0.0,0.0,47141.27209466783,0.0,0.0,-0.0,0.0,0.0,0.0,0.0,0.0,0.0,0.0
4.01,-0.0,-0.0,0.0,0.0,0.0,0.0,0.0,47141.27209466783,0.0,0.0,0.0,0.0,0.0,0.0,0.0,0.0,0.0,0.0
3.0,0.05131670194948623,0.10263340389897246,0.10818510677891963,0.0,0.10263340389897246,0.0,-1.3836875157023818,47139.88840715213,0.0,0.0,0.10818510677891963,0.0,0.0,0.0,0.0,0.0,0.0,0.0
2.01,0.5256583509747431,1.0513167019494862,1.0,0.0,0.9486832980505138,0.0,-11.79,47128.09840715213,0.0,0.0,1.0,0.0,0.0,0.0,0.0,0.0,0.0,0.0
1.84,1.0,2.0,1.0,0.0,0.9486832980505138,0.0,-11.62,47116.47840715213,0.0,0.0,1.0,0.0,0.0,0.0,0.0,0.0,0.0,0.0
3.52,1.0,2.0,0.0,0.0,0.0,0.0,0.0,47116.47840715213,0.0,0.0,0.0,0.0,0.0,0.0,0.0,0.0,0.0,0.0
12.1,1.0,2.0,0.0,0.0,0.0,0.0,0.0,47116.47840715213,0.0,0.0,0.0,0.0,0.0,0.0,0.0,0.0,0.0,0.0
72.19,1.0,2.0,0.0,-0.0,0.0,-0.0,0.0,47116.47840715213,0.0,0.0,0.0,0.0,0.0,0.0,0.0,0.0,0.0,-0.0
100.31,1.0,2.0,0.0,-0.0,0.0,-0.0,0.0,47116.47840715213,0.0,0.0,0.0,0.0,0.0,0.0,0.0,0.0,0.0,-0.0
112.22,1.0,2.0,0.0,0.0,0.0,0.0,0.0,47116.47840715213,0.0,0.0,0.0,0.0,0.0,0.0,0.0,0.0,0.0,0.0
123.67,0.4729537233052701,0.9459074466105402,0.0,1.0,0.0,1.0540925533894598,122.29,47238.76840715213,0.0,0.0,0.0,0.0,0.0,0.0,0.0,0.0,0.0,1.0
120.43,0.0,0.0,0.0,0.8973665961010275,0.0,0.9459074466105402,106.83149326582733,47345.599900417954,0.0,0.0,0.0,0.0,0.0,0.0,0.0,0.0,0.0,0.8973665961010275
111.16,-0.0,-0.0,0.0,-0.0,0.0,-0.0,0.0,47345.599900417954,0.0,0.0,0.0,0.0,0.0,0.0,0.0,0.0,0.0,-0.0
105.28,-0.0,-0.0,0.0,0.0,0.0,0.0,0.0,47345.599900417954,0.0,0.0,0.0,0.0,0.0,0.0,0.0,0.0,0.0,0.0
100.5,-0.0,-0.0,0.0,0.0,0.0,0.0,0.0,47345.599900417954,0.0,0.0,0.0,0.0,0.0,0.0,0.0,0.0,0.0,0.0
95.13,-0.0,-0.0,0.0,0.0,0.0,0.0,0.0,47345.599900417954,0.0,0.0,0.0,0.0,0.0,0.0,0.0,0.0,0.0,0.0
94.41,-0.0,-0.0,0.0,0.0,0.0,0.0,0.0,47345.599900417954,0.0,0.0,0.0,0.0,0.0,0.0,0.0,0.0,0.0,0.0
92.13,-0.0,-0.0,0.0,0.0,0.0,0.0,0.0,47345.599900417954,0.0,0.0,0.0,0.0,0.0,0.0,0.0,0.0,0.0,0.0
91.2,-0.0,-0.0,0.0,0.0,0.0,0.0,0.0,47345.599900417954,0.0,0.0,0.0,0.0,0.0,0.0,0.0,0.0,0.0,0.0
90.97,-0.0,-0.0,0.0,0.0,0.0,0.0,0.0,47345.599900417954,0.0,0.0,0.0,0.0,0.0,0.0,0.0,0.0,0.0,0.0
90.0,0.0,0.0,0.0,0.0,0.0,0.0,0.0,47345.599900417954,0.0,0.0,0.0,0.0,0.0,0.0,0.0,0.0,0.0,0.0
85.01,0.0,0.0,-0.0,0.0,-0.0,0.0,0.0,47345.599900417954,0.0,0.0,-0.0,0.0,0.0,0.0,0.0,0.0,0.0,0.0
72.84,0.0,0.0,0.0,-0.0,0.0,-0.0,0.0,47345.599900417954,0.0,0.0,0.0,0.0,0.0,0.0,0.0,0.0,0.0,-0.0
4.8,-0.0,-0.0,0.0,0.0,0.0,0.0,0.0,47345.599900417954,0.0,0.0,0.0,0.0,0.0,0.0,0.0,0.0,0.0,0.0
0.31,-0.0,-0.0,0.0,0.0,0.0,0.0,0.0,47345.599900417954,0.0,0.0,0.0,0.0,0.0,0.0,0.0,0.0,0.0,0.0
0.0,-0.0,-0.0,0.0,0.0,0.0,0.0,0.0,47345.599900417954,0.0,0.0,0.0,0.0,0.0,0.0,0.0,0.0,0.0,0.0
0.0,-0.0,-0.0,0.0,0.0,0.0,0.0,0.0,47345.599900417954,0.0,0.0,0.0,0.0,0.0,0.0,0.0,0.0,0.0,0.0
-0.13,0.4743416490252569,0.9486832980505138,1.0,0.0,0.9486832980505138,0.0,-9.62,47335.97990041795,0.0,0.0,1.0,0.0,0.0,0.0,0.0,0.0,0.0,0.0
-0.27,0.9486832980505138,1.8973665961010275,1.0,0.0,0.9486832980505138,0.0,-9.48,47326.49990041795,0.0,0.0,1.0,0.0,0.0,0.0,0.0,0.0,0.0,0.0
-0.07,1.0,2.0,0.10818510677891963,0.0,0.10263340389897246,0.0,-1.047231833619942,47325.45266858433,0.0,0.0,0.10818510677891963,0.0,0.0,0.0,0.0,0.0,0.0,0.0
0.0,1.0,2.0,0.0,0.0,0.0,0.0,0.0,47325.45266858433,0.0,0.0,0.0,0.0,0.0,0.0,0.0,0.0,0.0,0.0
63.36,1.0,2.0,0.0,-0.0,0.0,-0.0,0.0,47325.45266858433,0.0,0.0,0.0,0.0,0.0,0.0,0.0,0.0,0.0,-0.0
99.81,1.0,2.0,0.0,0.0,0.0,0.0,0.0,47325.45266858433,0.0,0.0,0.0,0.0,0.0,0.0,0.0,0.0,0.0,0.0
110.5,1.0,2.0,0.0,0.0,0.0,0.0,0.0,47325.45266858433,0.0,0.0,0.0,0.0,0.0,0.0,0.0,0.0,0.0,0.0
117.31,0.4729537233052701,0.9459074466105402,0.0,1.0,0.0,1.0540925533894598,115.93,47441.38266858433,0.0,0.0,0.0,0.0,0.0,0.0,0.0,0.0,0.0,1.0
114.32,0.0,0.0,0.0,0.8973665961010275,0.0,0.9459074466105402,101.34858336365004,47542.73125194798,0.0,0.0,0.0,0.0,0.0,0.0,0.0,0.0,0.0,0.8973665961010275
107.5,-0.0,-0.0,0.0,0.0,0.0,0.0,0.0,47542.73125194798,0.0,0.0,0.0,0.0,0.0,0.0,0.0,0.0,0.0,0.0
100.52,-0.0,-0.0,0.0,0.0,0.0,0.0,0.0,47542.73125194798,0.0,0.0,0.0,0.0,0.0,0.0,0.0,0.0,0.0,0.0
95.28,-0.0,-0.0,0.0,0.0,0.0,0.0,0.0,47542.73125194798,0.0,0.0,0.0,0.0,0.0,0.0,0.0,0.0,0.0,0.0
87.03,0.0,0.0,-0.0,0.0,-0.0,0.0,0.0,47542.73125194798,0.0,0.0,-0.0,0.0,0.0,0.0,0.0,0.0,0.0,0.0
84.02,0.05131670194948623,0.10263340389897246,0.10818510677891963,0.0,0.10263340389897246,0.0,-10.273257739726208,47532.45799420826,0.0,0.0,0.10818510677891963,0.0,0.0,0.0,0.0,0.0,0.0,0.0
82.9,0.5256583509747431,1.0513167019494862,1.0,0.0,0.9486832980505138,0.0,-93.83000000000001,47438.627994208255,0.0,0.0,1.0,0.0,0.0,0.0,0.0,0.0,0.0,0.0
83.46,1.0,2.0,1.0,0.0,0.9486832980505138,0.0,-94.38999999999999,47344.237994208255,0.0,0.0,1.0,0.0,0.0,0.0,0.0,0.0,0.0,0.0
100.12,1.0,2.0,0.0,0.0,0.0,0.0,0.0,47344.237994208255,0.0,0.0,0.0,0.0,0.0,0.0,0.0,0.0,0.0,0.0
115.38,0.5270462766947299,1.0540925533894598,0.0,0.8973665961010275,0.0,0.9459074466105402,102.29979195551714,47446.537786163775,0.0,0.0,0.0,0.0,0.0,0.0,0.0,0.0,0.0,0.8973665961010275
125.0,0.0,0.0,0.0,1.0,0.0,1.0540925533894598,123.62,47570.15778616378,0.0,0.0,0.0,0.0,0.0,0.0,0.0,0.0,0.0,1.0
110.04,0.0,0.0,0.0,-0.0,0.0,-0.0,0.0,47570.15778616378,0.0,0.0,0.0,0.0,0.0,0.0,0.0,0.0,0.0,-0.0
91.97,-0.0,-0.0,0.0,-0.0,0.0,-0.0,0.0,47570.15778616378,0.0,0.0,0.0,0.0,0.0,0.0,0.0,0.0,0.0,-0.0
72.98,0.0,0.0,0.0,0.0,0.0,0.0,0.0,47570.15778616378,0.0,0.0,0.0,0.0,0.0,0.0,0.0,0.0,0.0,0.0
35.02,0.0,0.0,0.0,-0.0,0.0,-0.0,0.0,47570.15778616378,0.0,0.0,0.0,0.0,0.0,0.0,0.0,0.0,0.0,-0.0
10.0,0.05131670194948623,0.10263340389897246,0.10818510677891963,0.0,0.10263340389897246,0.0,-2.1518017738327115,47568.00598438994,0.0,0.0,0.10818510677891963,0.0,0.0,0.0,0.0,0.0,0.0,0.0
5.93,0.5256583509747431,1.0513167019494862,1.0,0.0,0.9486832980505138,0.0,-15.76,47552.24598438994,0.0,0.0,1.0,0.0,0.0,0.0,0.0,0.0,0.0,0.0
6.78,1.0,2.0,1.0,0.0,0.9486832980505138,0.0,-16.63,47535.615984389944,0.0,0.0,1.0,0.0,0.0,0.0,0.0,0.0,0.0,0.0
25.2,1.0,2.0,0.0,-0.0,0.0,-0.0,0.0,47535.615984389944,0.0,0.0,0.0,0.0,0.0,0.0,0.0,0.0,0.0,-0.0
56.43,1.0,2.0,0.0,-0.0,0.0,-0.0,0.0,47535.615984389944,0.0,0.0,0.0,0.0,0.0,0.0,0.0,0.0,0.0,-0.0
86.67,1.0,2.0,0.0,-0.0,0.0,-0.0,0.0,47535.615984389944,0.0,0.0,0.0,0.0,0.0,0.0,0.0,0.0,0.0,-0.0
111.54,1.0,2.0,-0.0,0.0,-0.0,0.0,0.0,47535.615984389944,0.0,0.0,-0.0,0.0,0.0,0.0,0.0,0.0,0.0,0.0
159.03,0.5270462766947299,1.0540925533894598,0.0,0.8973665961010275,0.0,0.9459074466105402,141.469843875327,47677.08582826527,0.0,0.0,0.0,0.0,0.0,0.0,0.0,0.0,0.0,0.8973665961010275
232.82,0.0,0.0,0.0,1.0,0.0,1.0540925533894598,231.44,47908.52582826527,0.0,0.0,0.0,0.0,0.0,0.0,0.0,0.0,0.0,1.0
138.04,0.0,0.0,0.0,-0.0,0.0,-0.0,0.0,47908.52582826527,0.0,0.0,0.0,0.0,0.0,0.0,0.0,0.0,0.0,-0.0
115.04,-0.0,-0.0,0.0,0.0,0.0,0.0,0.0,47908.52582826527,0.0,0.0,0.0,0.0,0.0,0.0,0.0,0.0,0.0,0.0
105.15,-0.0,-0.0,0.0,0.0,0.0,0.0,0.0,47908.52582826527,0.0,0.0,0.0,0.0,0.0,0.0,0.0,0.0,0.0,0.0
105.8,-0.0,-0.0,0.0,0.0,0.0,0.0,0.0,47908.52582826527,0.0,0.0,0.0,0.0,0.0,0.0,0.0,0.0,0.0,0.0
100.44,0.0,0.0,-0.0,0.0,-0.0,0.0,0.0,47908.52582826527,0.0,0.0,-0.0,0.0,0.0,0.0,0.0,0.0,0.0,0.0
96.58,0.05131670194948623,0.10263340389897246,0.10818510677891963,0.0,0.10263340389897246,0.0,-11.651536000089644,47896.87429226518,0.0,0.0,0.10818510677891963,0.0,0.0,0.0,0.0,0.0,0.0,0.0
94.79,0.5256583509747431,1.0513167019494862,1.0,0.0,0.9486832980505138,0.0,-105.89,47790.98429226518,0.0,0.0,1.0,0.0,0.0,0.0,0.0,0.0,0.0,0.0
96.27,1.0,2.0,1.0,0.0,0.9486832980505138,0.0,-107.39,47683.59429226518,0.0,0.0,1.0,0.0,0.0,0.0,0.0,0.0,0.0,0.0
106.6,1.0,2.0,0.0,0.0,0.0,0.0,0.0,47683.59429226518,0.0,0.0,0.0,0.0,0.0,0.0,0.0,0.0,0.0,0.0
124.59,0.4729537233052701,0.9459074466105402,0.0,1.0,0.0,1.0540925533894598,123.21000000000001,47806.80429226518,0.0,0.0,0.0,0.0,0.0,0.0,0.0,0.0,0.0,1.0
123.45,-0.0,-0.0,0.0,0.8973665961010275,0.0,0.9459074466105402,109.54154038605243,47916.345832651234,0.0,0.0,0.0,0.0,0.0,0.0,0.0,0.0,0.0,0.8973665961010275
106.79,0.0,0.0,0.0,0.0,0.0,0.0,0.0,47916.345832651234,0.0,0.0,0.0,0.0,0.0,0.0,0.0,0.0,0.0,0.0
90.0,-0.0,-0.0,0.0,0.0,0.0,0.0,0.0,47916.345832651234,0.0,0.0,0.0,0.0,0.0,0.0,0.0,0.0,0.0,0.0
80.54,0.0,0.0,-0.0,0.0,-0.0,0.0,0.0,47916.345832651234,0.0,0.0,-0.0,0.0,0.0,0.0,0.0,0.0,0.0,0.0
64.04,-0.0,-0.0,0.0,0.0,0.0,0.0,0.0,47916.345832651234,0.0,0.0,0.0,0.0,0.0,0.0,0.0,0.0,0.0,0.0
50.0,0.4743416490252569,0.9486832980505138,1.0,0.0,0.9486832980505138,0.0,-60.46,47855.885832651235,0.0,0.0,1.0,0.0,0.0,0.0,0.0,0.0,0.0,0.0
36.59,0.9486832980505138,1.8973665961010275,1.0,0.0,0.9486832980505138,0.0,-46.86,47809.025832651234,0.0,0.0,1.0,0.0,0.0,0.0,0.0,0.0,0.0,0.0
50.08,1.0,2.0,0.10818510677891963,0.0,0.10263340389897246,0.0,-6.549526364395794,47802.47630628684,0.0,0.0,0.10818510677891963,0.0,0.0,0.0,0.0,0.0,0.0,0.0
72.39,1.0,2.0,0.0,-0.0,0.0,-0.0,0.0,47802.47630628684,0.0,0.0,0.0,0.0,0.0,0.0,0.0,0.0,0.0,-0.0
88.26,1.0,2.0,-0.0,0.0,-0.0,0.0,0.0,47802.47630628684,0.0,0.0,-0.0,0.0,0.0,0.0,0.0,0.0,0.0,0.0
105.05,1.0,2.0,-0.0,0.0,-0.0,0.0,0.0,47802.47630628684,0.0,0.0,-0.0,0.0,0.0,0.0,0.0,0.0,0.0,0.0
131.09,1.0,2.0,0.0,-0.0,0.0,-0.0,0.0,47802.47630628684,0.0,0.0,0.0,0.0,0.0,0.0,0.0,0.0,0.0,-0.0
196.88,0.4729537233052701,0.9459074466105402,0.0,1.0,0.0,1.0540925533894598,195.5,47997.97630628684,0.0,0.0,0.0,0.0,0.0,0.0,0.0,0.0,0.0,1.0
180.17,0.0,0.0,0.0,0.8973665961010275,0.0,0.9459074466105402,160.4401737169027,48158.41648000374,0.0,0.0,0.0,0.0,0.0,0.0,0.0,0.0,0.0,0.8973665961010275
123.3,0.0,0.0,-0.0,0.0,-0.0,0.0,0.0,48158.41648000374,0.0,0.0,-0.0,0.0,0.0,0.0,0.0,0.0,0.0,0.0
109.47,-0.0,-0.0,0.0,0.0,0.0,0.0,0.0,48158.41648000374,0.0,0.0,0.0,0.0,0.0,0.0,0.0,0.0,0.0,0.0
97.67,-0.0,-0.0,0.0,0.0,0.0,0.0,0.0,48158.41648000374,0.0,0.0,0.0,0.0,0.0,0.0,0.0,0.0,0.0,0.0
96.59,-0.0,-0.0,0.0,0.0,0.0,0.0,0.0,48158.41648000374,0.0,0.0,0.0,0.0,0.0,0.0,0.0,0.0,0.0,0.0
89.98,0.05131670194948623,0.10263340389897246,0.10818510677891963,0.0,0.10263340389897246,0.0,-10.927777635738671,48147.488702368,0.0,0.0,0.10818510677891963,0.0,0.0,0.0,0.0,0.0,0.0,0.0
86.52,0.5256583509747431,1.0513167019494862,1.0,0.0,0.9486832980505138,0.0,-97.5,48049.988702368,0.0,0.0,1.0,0.0,0.0,0.0,0.0,0.0,0.0,0.0
87.25,1.0,2.0,1.0,0.0,0.9486832980505138,0.0,-98.24,47951.748702368,0.0,0.0,1.0,0.0,0.0,0.0,0.0,0.0,0.0,0.0
90.0,1.0,2.0,0.0,0.0,0.0,0.0,0.0,47951.748702368,0.0,0.0,0.0,0.0,0.0,0.0,0.0,0.0,0.0,0.0
96.07,1.0,2.0,0.0,0.0,0.0,0.0,0.0,47951.748702368,0.0,0.0,0.0,0.0,0.0,0.0,0.0,0.0,0.0,0.0
109.1,1.0,2.0,0.0,0.0,0.0,0.0,0.0,47951.748702368,0.0,0.0,0.0,0.0,0.0,0.0,0.0,0.0,0.0,0.0
115.38,0.4729537233052701,0.9459074466105402,0.0,1.0,0.0,1.0540925533894598,114.0,48065.748702368,0.0,0.0,0.0,0.0,0.0,0.0,0.0,0.0,0.0,1.0
113.72,0.0,0.0,0.0,0.8973665961010275,0.0,0.9459074466105402,100.81016340598943,48166.558865773986,0.0,0.0,0.0,0.0,0.0,0.0,0.0,0.0,0.0,0.8973665961010275
101.63,-0.0,-0.0,0.0,-0.0,0.0,-0.0,0.0,48166.558865773986,0.0,0.0,0.0,0.0,0.0,0.0,0.0,0.0,0.0,-0.0
86.57,-0.0,-0.0,0.0,0.0,0.0,0.0,0.0,48166.558865773986,0.0,0.0,0.0,0.0,0.0,0.0,0.0,0.0,0.0,0.0
80.03,0.0,0.0,0.0,0.0,0.0,0.0,0.0,48166.558865773986,0.0,0.0,0.0,0.0,0.0,0.0,0.0,0.0,0.0,0.0
64.64,0.05131670194948623,0.10263340389897246,0.10818510677891963,0.0,0.10263340389897246,0.0,-8.147420391520438,48158.411445382466,0.0,0.0,0.10818510677891963,0.0,0.0,0.0,0.0,0.0,0.0,0.0
53.42,0.5256583509747431,1.0513167019494862,1.0,0.0,0.9486832980505138,0.0,-63.93,48094.481445382466,0.0,0.0,1.0,0.0,0.0,0.0,0.0,0.0,0.0,0.0
54.83,1.0,2.0,1.0,0.0,0.9486832980505138,0.0,-65.36,48029.121445382465,0.0,0.0,1.0,0.0,0.0,0.0,0.0,0.0,0.0,0.0
76.67,1.0,2.0,0.0,0.0,0.0,0.0,0.0,48029.121445382465,0.0,0.0,0.0,0.0,0.0,0.0,0.0,0.0,0.0,0.0
85.51,1.0,2.0,0.0,-0.0,0.0,-0.0,0.0,48029.121445382465,0.0,0.0,0.0,0.0,0.0,0.0,0.0,0.0,0.0,-0.0
104.94,1.0,2.0,-0.0,0.0,-0.0,0.0,0.0,48029.121445382465,0.0,0.0,-0.0,0.0,0.0,0.0,0.0,0.0,0.0,0.0
134.64,1.0,2.0,0.0,-0.0,0.0,-0.0,0.0,48029.121445382465,0.0,0.0,0.0,0.0,0.0,0.0,0.0,0.0,0.0,-0.0
222.07,0.4729537233052701,0.9459074466105402,0.0,1.0,0.0,1.0540925533894598,220.69,48249.81144538247,0.0,0.0,0.0,0.0,0.0,0.0,0.0,0.0,0.0,1.0
222.04,0.0,0.0,0.0,0.8973665961010275,0.0,0.9459074466105402,198.01291309565272,48447.82435847812,0.0,0.0,0.0,0.0,0.0,0.0,0.0,0.0,0.0,0.8973665961010275
128.88,0.0,0.0,-0.0,0.0,-0.0,0.0,0.0,48447.82435847812,0.0,0.0,-0.0,0.0,0.0,0.0,0.0,0.0,0.0,0.0
113.63,-0.0,-0.0,0.0,0.0,0.0,0.0,0.0,48447.82435847812,0.0,0.0,0.0,0.0,0.0,0.0,0.0,0.0,0.0,0.0
103.57,-0.0,-0.0,0.0,0.0,0.0,0.0,0.0,48447.82435847812,0.0,0.0,0.0,0.0,0.0,0.0,0.0,0.0,0.0,0.0
97.15,-0.0,-0.0,0.0,0.0,0.0,0.0,0.0,48447.82435847812,0.0,0.0,0.0,0.0,0.0,0.0,0.0,0.0,0.0,0.0
91.92,0.0,0.0,-0.0,0.0,-0.0,0.0,0.0,48447.82435847812,0.0,0.0,-0.0,0.0,0.0,0.0,0.0,0.0,0.0,0.0
87.89,0.4743416490252569,0.9486832980505138,1.0,0.0,0.9486832980505138,0.0,-98.89,48348.93435847812,0.0,0.0,1.0,0.0,0.0,0.0,0.0,0.0,0.0,0.0
87.09,0.9486832980505138,1.8973665961010275,1.0,0.0,0.9486832980505138,0.0,-98.08,48250.85435847812,0.0,0.0,1.0,0.0,0.0,0.0,0.0,0.0,0.0,0.0
90.23,1.0,2.0,0.10818510677891963,0.0,0.10263340389897246,0.0,-10.954823912433401,48239.89953456569,0.0,0.0,0.10818510677891963,0.0,0.0,0.0,0.0,0.0,0.0,0.0
98.72,1.0,2.0,0.0,0.0,0.0,0.0,0.0,48239.89953456569,0.0,0.0,0.0,0.0,0.0,0.0,0.0,0.0,0.0,0.0
121.63,1.0,2.0,0.0,0.0,0.0,0.0,0.0,48239.89953456569,0.0,0.0,0.0,0.0,0.0,0.0,0.0,0.0,0.0,0.0
143.79,0.5270462766947299,1.0540925533894598,0.0,0.8973665961010275,0.0,0.9459074466105402,127.79397695074732,48367.69351151644,0.0,0.0,0.0,0.0,0.0,0.0,0.0,0.0,0.0,0.8973665961010275
144.13,0.0,0.0,0.0,1.0,0.0,1.0540925533894598,142.75,48510.44351151644,0.0,0.0,0.0,0.0,0.0,0.0,0.0,0.0,0.0,1.0
121.99,-0.0,-0.0,0.0,0.0,0.0,0.0,0.0,48510.44351151644,0.0,0.0,0.0,0.0,0.0,0.0,0.0,0.0,0.0,0.0
112.27,-0.0,-0.0,0.0,0.0,0.0,0.0,0.0,48510.44351151644,0.0,0.0,0.0,0.0,0.0,0.0,0.0,0.0,0.0,0.0
108.13,-0.0,-0.0,0.0,0.0,0.0,0.0,0.0,48510.44351151644,0.0,0.0,0.0,0.0,0.0,0.0,0.0,0.0,0.0,0.0
100.89,-0.0,-0.0,0.0,0.0,0.0,0.0,0.0,48510.44351151644,0.0,0.0,0.0,0.0,0.0,0.0,0.0,0.0,0.0,0.0
100.96,-0.0,-0.0,0.0,0.0,0.0,0.0,0.0,48510.44351151644,0.0,0.0,0.0,0.0,0.0,0.0,0.0,0.0,0.0,0.0
100.89,0.05131670194948623,0.10263340389897246,0.10818510677891963,0.0,0.10263340389897246,0.0,-12.124304916713522,48498.31920659972,0.0,0.0,0.10818510677891963,0.0,0.0,0.0,0.0,0.0,0.0,0.0
100.66,0.5256583509747431,1.0513167019494862,1.0,0.0,0.9486832980505138,0.0,-111.84,48386.479206599724,0.0,0.0,1.0,0.0,0.0,0.0,0.0,0.0,0.0,0.0
96.22,1.0,2.0,1.0,0.0,0.9486832980505138,0.0,-107.34,48279.13920659973,0.0,0.0,1.0,0.0,0.0,0.0,0.0,0.0,0.0,0.0
130.0,1.0,2.0,0.0,-0.0,0.0,-0.0,0.0,48279.13920659973,0.0,0.0,0.0,0.0,0.0,0.0,0.0,0.0,0.0,-0.0
160.98,0.5270462766947299,1.0540925533894598,0.0,0.8973665961010275,0.0,0.9459074466105402,143.21970873772398,48422.35891533745,0.0,0.0,0.0,0.0,0.0,0.0,0.0,0.0,0.0,0.8973665961010275
210.0,-0.0,-0.0,0.0,1.0,0.0,1.0540925533894598,208.62,48630.97891533745,0.0,0.0,0.0,0.0,0.0,0.0,0.0,0.0,0.0,1.0
153.16,0.0,0.0,0.0,0.0,0.0,0.0,0.0,48630.97891533745,0.0,0.0,0.0,0.0,0.0,0.0,0.0,0.0,0.0,0.0
124.18,0.0,0.0,0.0,-0.0,0.0,-0.0,0.0,48630.97891533745,0.0,0.0,0.0,0.0,0.0,0.0,0.0,0.0,0.0,-0.0
107.11,0.0,0.0,0.0,-0.0,0.0,-0.0,0.0,48630.97891533745,0.0,0.0,0.0,0.0,0.0,0.0,0.0,0.0,0.0,-0.0
92.15,-0.0,-0.0,0.0,0.0,0.0,0.0,0.0,48630.97891533745,0.0,0.0,0.0,0.0,0.0,0.0,0.0,0.0,0.0,0.0
85.04,-0.0,-0.0,0.0,0.0,0.0,0.0,0.0,48630.97891533745,0.0,0.0,0.0,0.0,0.0,0.0,0.0,0.0,0.0,0.0
83.27,-0.0,-0.0,0.0,0.0,0.0,0.0,0.0,48630.97891533745,0.0,0.0,0.0,0.0,0.0,0.0,0.0,0.0,0.0,0.0
83.1,0.05131670194948623,0.10263340389897246,0.10818510677891963,0.0,0.10263340389897246,0.0,-10.172645590421812,48620.80626974703,0.0,0.0,0.10818510677891963,0.0,0.0,0.0,0.0,0.0,0.0,0.0
81.59,0.5256583509747431,1.0513167019494862,1.0,0.0,0.9486832980505138,0.0,-92.5,48528.30626974703,0.0,0.0,1.0,0.0,0.0,0.0,0.0,0.0,0.0,0.0
83.01,1.0,2.0,1.0,0.0,0.9486832980505138,0.0,-93.94,48434.36626974703,0.0,0.0,1.0,0.0,0.0,0.0,0.0,0.0,0.0,0.0
91.0,1.0,2.0,-0.0,0.0,-0.0,0.0,0.0,48434.36626974703,0.0,0.0,-0.0,0.0,0.0,0.0,0.0,0.0,0.0,0.0
117.55,1.0,2.0,0.0,-0.0,0.0,-0.0,0.0,48434.36626974703,0.0,0.0,0.0,0.0,0.0,0.0,0.0,0.0,0.0,-0.0
121.39,0.4729537233052701,0.9459074466105402,0.0,1.0,0.0,1.0540925533894598,120.01,48554.37626974703,0.0,0.0,0.0,0.0,0.0,0.0,0.0,0.0,0.0,1.0
120.0,-0.0,-0.0,0.0,0.8973665961010275,0.0,0.9459074466105402,106.44562562950388,48660.82189537653,0.0,0.0,0.0,0.0,0.0,0.0,0.0,0.0,0.0,0.8973665961010275
110.39,0.0,0.0,0.0,0.0,0.0,0.0,0.0,48660.82189537653,0.0,0.0,0.0,0.0,0.0,0.0,0.0,0.0,0.0,0.0
84.46,0.0,0.0,-0.0,0.0,-0.0,0.0,0.0,48660.82189537653,0.0,0.0,-0.0,0.0,0.0,0.0,0.0,0.0,0.0,0.0
78.78,0.0,0.0,-0.0,0.0,-0.0,0.0,0.0,48660.82189537653,0.0,0.0,-0.0,0.0,0.0,0.0,0.0,0.0,0.0,0.0
68.45,0.05131670194948623,0.10263340389897246,0.10818510677891963,0.0,0.10263340389897246,0.0,-8.565014903687066,48652.25688047284,0.0,0.0,0.10818510677891963,0.0,0.0,0.0,0.0,0.0,0.0,0.0
54.92,0.5256583509747431,1.0513167019494862,1.0,0.0,0.9486832980505138,0.0,-65.45,48586.80688047285,0.0,0.0,1.0,0.0,0.0,0.0,0.0,0.0,0.0,0.0
60.46,1.0,2.0,1.0,0.0,0.9486832980505138,0.0,-71.07,48515.73688047285,0.0,0.0,1.0,0.0,0.0,0.0,0.0,0.0,0.0,0.0
74.3,1.0,2.0,0.0,0.0,0.0,0.0,0.0,48515.73688047285,0.0,0.0,0.0,0.0,0.0,0.0,0.0,0.0,0.0,0.0
85.0,1.0,2.0,0.0,0.0,0.0,0.0,0.0,48515.73688047285,0.0,0.0,0.0,0.0,0.0,0.0,0.0,0.0,0.0,0.0
104.82,1.0,2.0,0.0,0.0,0.0,0.0,0.0,48515.73688047285,0.0,0.0,0.0,0.0,0.0,0.0,0.0,0.0,0.0,0.0
118.64,0.5270462766947299,1.0540925533894598,0.0,0.8973665961010275,0.0,0.9459074466105402,105.22520705880649,48620.962087531654,0.0,0.0,0.0,0.0,0.0,0.0,0.0,0.0,0.0,0.8973665961010275
147.68,-0.0,-0.0,0.0,1.0,0.0,1.0540925533894598,146.3,48767.26208753166,0.0,0.0,0.0,0.0,0.0,0.0,0.0,0.0,0.0,1.0
116.5,-0.0,-0.0,0.0,0.0,0.0,0.0,0.0,48767.26208753166,0.0,0.0,0.0,0.0,0.0,0.0,0.0,0.0,0.0,0.0
111.96,0.0,0.0,0.0,0.0,0.0,0.0,0.0,48767.26208753166,0.0,0.0,0.0,0.0,0.0,0.0,0.0,0.0,0.0,0.0
95.7,-0.0,-0.0,0.0,0.0,0.0,0.0,0.0,48767.26208753166,0.0,0.0,0.0,0.0,0.0,0.0,0.0,0.0,0.0,0.0
86.07,-0.0,-0.0,0.0,0.0,0.0,0.0,0.0,48767.26208753166,0.0,0.0,0.0,0.0,0.0,0.0,0.0,0.0,0.0,0.0
92.5,-0.0,-0.0,0.0,0.0,0.0,0.0,0.0,48767.26208753166,0.0,0.0,0.0,0.0,0.0,0.0,0.0,0.0,0.0,0.0
86.56,-0.0,-0.0,0.0,0.0,0.0,0.0,0.0,48767.26208753166,0.0,0.0,0.0,0.0,0.0,0.0,0.0,0.0,0.0,0.0
83.28,-0.0,-0.0,0.0,0.0,0.0,0.0,0.0,48767.26208753166,0.0,0.0,0.0,0.0,0.0,0.0,0.0,0.0,0.0,0.0
81.51,-0.0,-0.0,0.0,0.0,0.0,0.0,0.0,48767.26208753166,0.0,0.0,0.0,0.0,0.0,0.0,0.0,0.0,0.0,0.0
83.39,-0.0,-0.0,0.0,0.0,0.0,0.0,0.0,48767.26208753166,0.0,0.0,0.0,0.0,0.0,0.0,0.0,0.0,0.0,0.0
87.41,-0.0,-0.0,0.0,0.0,0.0,0.0,0.0,48767.26208753166,0.0,0.0,0.0,0.0,0.0,0.0,0.0,0.0,0.0,0.0
95.02,-0.0,-0.0,0.0,0.0,0.0,0.0,0.0,48767.26208753166,0.0,0.0,0.0,0.0,0.0,0.0,0.0,0.0,0.0,0.0
98.09,-0.0,-0.0,0.0,-0.0,0.0,-0.0,0.0,48767.26208753166,0.0,0.0,0.0,0.0,0.0,0.0,0.0,0.0,0.0,-0.0
89.64,-0.0,-0.0,0.0,0.0,0.0,0.0,0.0,48767.26208753166,0.0,0.0,0.0,0.0,0.0,0.0,0.0,0.0,0.0,0.0
78.6,0.0,0.0,0.0,0.0,0.0,0.0,0.0,48767.26208753166,0.0,0.0,0.0,0.0,0.0,0.0,0.0,0.0,0.0,0.0
36.46,0.0,0.0,-0.0,0.0,-0.0,0.0,0.0,48767.26208753166,0.0,0.0,-0.0,0.0,0.0,0.0,0.0,0.0,0.0,0.0
5.23,-0.0,-0.0,0.0,0.0,0.0,0.0,0.0,48767.26208753166,0.0,0.0,0.0,0.0,0.0,0.0,0.0,0.0,0.0,0.0
3.7,0.05131670194948623,0.10263340389897246,0.10818510677891963,0.0,0.10263340389897246,0.0,-1.460498941515415,48765.80158859014,0.0,0.0,0.10818510677891963,0.0,0.0,0.0,0.0,0.0,0.0,0.0
3.25,0.5256583509747431,1.0513167019494862,1.0,0.0,0.9486832980505138,0.0,-13.05,48752.75158859014,0.0,0.0,1.0,0.0,0.0,0.0,0.0,0.0,0.0,0.0
2.88,1.0,2.0,1.0,0.0,0.9486832980505138,0.0,-12.669999999999998,48740.08158859014,0.0,0.0,1.0,0.0,0.0,0.0,0.0,0.0,0.0,0.0
8.62,1.0,2.0,0.0,0.0,0.0,0.0,0.0,48740.08158859014,0.0,0.0,0.0,0.0,0.0,0.0,0.0,0.0,0.0,0.0
9.48,1.0,2.0,0.0,0.0,0.0,0.0,0.0,48740.08158859014,0.0,0.0,0.0,0.0,0.0,0.0,0.0,0.0,0.0,0.0
73.04,1.0,2.0,-0.0,0.0,-0.0,0.0,0.0,48740.08158859014,0.0,0.0,-0.0,0.0,0.0,0.0,0.0,0.0,0.0,0.0
94.7,1.0,2.0,0.0,0.0,0.0,0.0,0.0,48740.08158859014,0.0,0.0,0.0,0.0,0.0,0.0,0.0,0.0,0.0,0.0
115.22,0.5270462766947299,1.0540925533894598,0.0,0.8973665961010275,0.0,0.9459074466105402,102.15621330014098,48842.23780189028,0.0,0.0,0.0,0.0,0.0,0.0,0.0,0.0,0.0,0.8973665961010275
127.06,-0.0,-0.0,0.0,1.0,0.0,1.0540925533894598,125.68,48967.91780189028,0.0,0.0,0.0,0.0,0.0,0.0,0.0,0.0,0.0,1.0
110.57,0.0,0.0,0.0,0.0,0.0,0.0,0.0,48967.91780189028,0.0,0.0,0.0,0.0,0.0,0.0,0.0,0.0,0.0,0.0
99.29,-0.0,-0.0,0.0,0.0,0.0,0.0,0.0,48967.91780189028,0.0,0.0,0.0,0.0,0.0,0.0,0.0,0.0,0.0,0.0
87.8,-0.0,-0.0,0.0,0.0,0.0,0.0,0.0,48967.91780189028,0.0,0.0,0.0,0.0,0.0,0.0,0.0,0.0,0.0,0.0
85.46,0.0,0.0,-0.0,0.0,-0.0,0.0,0.0,48967.91780189028,0.0,0.0,-0.0,0.0,0.0,0.0,0.0,0.0,0.0,0.0
78.91,0.0,0.0,-0.0,0.0,-0.0,0.0,0.0,48967.91780189028,0.0,0.0,-0.0,0.0,0.0,0.0,0.0,0.0,0.0,0.0
67.72,-0.0,-0.0,0.0,0.0,0.0,0.0,0.0,48967.91780189028,0.0,0.0,0.0,0.0,0.0,0.0,0.0,0.0,0.0,0.0
64.09,-0.0,-0.0,0.0,0.0,0.0,0.0,0.0,48967.91780189028,0.0,0.0,0.0,0.0,0.0,0.0,0.0,0.0,0.0,0.0
60.93,0.0,0.0,-0.0,0.0,-0.0,0.0,0.0,48967.91780189028,0.0,0.0,-0.0,0.0,0.0,0.0,0.0,0.0,0.0,0.0
60.79,-0.0,-0.0,0.0,0.0,0.0,0.0,0.0,48967.91780189028,0.0,0.0,0.0,0.0,0.0,0.0,0.0,0.0,0.0,0.0
61.12,-0.0,-0.0,0.0,-0.0,0.0,-0.0,0.0,48967.91780189028,0.0,0.0,0.0,0.0,0.0,0.0,0.0,0.0,0.0,-0.0
54.52,0.0,0.0,0.0,0.0,0.0,0.0,0.0,48967.91780189028,0.0,0.0,0.0,0.0,0.0,0.0,0.0,0.0,0.0,0.0
22.3,0.0,0.0,0.0,-0.0,0.0,-0.0,0.0,48967.91780189028,0.0,0.0,0.0,0.0,0.0,0.0,0.0,0.0,0.0,-0.0
5.2,-0.0,-0.0,0.0,0.0,0.0,0.0,0.0,48967.91780189028,0.0,0.0,0.0,0.0,0.0,0.0,0.0,0.0,0.0,0.0
1.94,0.0,0.0,-0.0,0.0,-0.0,0.0,0.0,48967.91780189028,0.0,0.0,-0.0,0.0,0.0,0.0,0.0,0.0,0.0,0.0
1.64,0.05131670194948623,0.10263340389897246,0.10818510677891963,0.0,0.10263340389897246,0.0,-1.234392068347473,48966.68340982193,0.0,0.0,0.10818510677891963,0.0,0.0,0.0,0.0,0.0,0.0,0.0
1.83,0.05131670194948623,0.10263340389897246,0.0,0.0,0.0,0.0,0.0,48966.68340982193,0.0,0.0,0.0,0.0,0.0,0.0,0.0,0.0,0.0,0.0
1.66,0.05131670194948623,0.10263340389897246,0.0,0.0,0.0,0.0,0.0,48966.68340982193,0.0,0.0,0.0,0.0,0.0,0.0,0.0,0.0,0.0,0.0
0.0,0.5256583509747431,1.0513167019494862,1.0,0.0,0.9486832980505138,0.0,-9.75,48956.93340982193,0.0,0.0,1.0,0.0,0.0,0.0,0.0,0.0,0.0,0.0
0.0,1.0,2.0,1.0,0.0,0.9486832980505138,0.0,-9.75,48947.18340982193,0.0,0.0,1.0,0.0,0.0,0.0,0.0,0.0,0.0,0.0
25.47,1.0,2.0,0.0,-0.0,0.0,-0.0,0.0,48947.18340982193,0.0,0.0,0.0,0.0,0.0,0.0,0.0,0.0,0.0,-0.0
79.74,1.0,2.0,-0.0,0.0,-0.0,0.0,0.0,48947.18340982193,0.0,0.0,-0.0,0.0,0.0,0.0,0.0,0.0,0.0,0.0
116.36,1.0,2.0,0.0,0.0,0.0,0.0,0.0,48947.18340982193,0.0,0.0,0.0,0.0,0.0,0.0,0.0,0.0,0.0,0.0
135.1,0.4729537233052701,0.9459074466105402,0.0,1.0,0.0,1.0540925533894598,133.72,49080.903409821934,0.0,0.0,0.0,0.0,0.0,0.0,0.0,0.0,0.0,1.0
131.39,-0.0,-0.0,0.0,0.8973665961010275,0.0,0.9459074466105402,116.66663115909458,49197.57004098103,0.0,0.0,0.0,0.0,0.0,0.0,0.0,0.0,0.0,0.8973665961010275
114.15,0.0,0.0,0.0,0.0,0.0,0.0,0.0,49197.57004098103,0.0,0.0,0.0,0.0,0.0,0.0,0.0,0.0,0.0,0.0
100.86,-0.0,-0.0,0.0,0.0,0.0,0.0,0.0,49197.57004098103,0.0,0.0,0.0,0.0,0.0,0.0,0.0,0.0,0.0,0.0
88.8,-0.0,-0.0,0.0,0.0,0.0,0.0,0.0,49197.57004098103,0.0,0.0,0.0,0.0,0.0,0.0,0.0,0.0,0.0,0.0
81.45,-0.0,-0.0,0.0,0.0,0.0,0.0,0.0,49197.57004098103,0.0,0.0,0.0,0.0,0.0,0.0,0.0,0.0,0.0,0.0
80.59,0.0,0.0,-0.0,0.0,-0.0,0.0,0.0,49197.57004098103,0.0,0.0,-0.0,0.0,0.0,0.0,0.0,0.0,0.0,0.0
78.98,0.05131670194948623,0.10263340389897246,0.10818510677891963,0.0,0.10263340389897246,0.0,-9.72043184408593,49187.849609136945,0.0,0.0,0.10818510677891963,0.0,0.0,0.0,0.0,0.0,0.0,0.0
74.94,0.5256583509747431,1.0513167019494862,1.0,0.0,0.9486832980505138,0.0,-85.75,49102.099609136945,0.0,0.0,1.0,0.0,0.0,0.0,0.0,0.0,0.0,0.0
74.33,1.0,2.0,1.0,0.0,0.9486832980505138,0.0,-85.14,49016.959609136946,0.0,0.0,1.0,0.0,0.0,0.0,0.0,0.0,0.0,0.0
85.76,1.0,2.0,0.0,0.0,0.0,0.0,0.0,49016.959609136946,0.0,0.0,0.0,0.0,0.0,0.0,0.0,0.0,0.0,0.0
113.97,1.0,2.0,0.0,0.0,0.0,0.0,0.0,49016.959609136946,0.0,0.0,0.0,0.0,0.0,0.0,0.0,0.0,0.0,0.0
123.13,0.4729537233052701,0.9459074466105402,0.0,1.0,0.0,1.0540925533894598,121.75,49138.709609136946,0.0,0.0,0.0,0.0,0.0,0.0,0.0,0.0,0.0,1.0
114.24,-0.0,-0.0,0.0,0.8973665961010275,0.0,0.9459074466105402,101.27679403596196,49239.98640317291,0.0,0.0,0.0,0.0,0.0,0.0,0.0,0.0,0.0,0.8973665961010275
98.19,0.0,0.0,0.0,0.0,0.0,0.0,0.0,49239.98640317291,0.0,0.0,0.0,0.0,0.0,0.0,0.0,0.0,0.0,0.0
82.0,-0.0,-0.0,0.0,0.0,0.0,0.0,0.0,49239.98640317291,0.0,0.0,0.0,0.0,0.0,0.0,0.0,0.0,0.0,0.0
69.4,0.0,0.0,-0.0,0.0,-0.0,0.0,0.0,49239.98640317291,0.0,0.0,-0.0,0.0,0.0,0.0,0.0,0.0,0.0,0.0
38.27,0.4743416490252569,0.9486832980505138,1.0,0.0,0.9486832980505138,0.0,-48.56,49191.42640317291,0.0,0.0,1.0,0.0,0.0,0.0,0.0,0.0,0.0,0.0
25.03,0.9486832980505138,1.8973665961010275,1.0,0.0,0.9486832980505138,0.0,-35.14,49156.28640317291,0.0,0.0,1.0,0.0,0.0,0.0,0.0,0.0,0.0,0.0
42.73,1.0,2.0,0.10818510677891963,0.0,0.10263340389897246,0.0,-5.743547318892842,49150.542855854015,0.0,0.0,0.10818510677891963,0.0,0.0,0.0,0.0,0.0,0.0,0.0
67.76,1.0,2.0,0.0,-0.0,0.0,-0.0,0.0,49150.542855854015,0.0,0.0,0.0,0.0,0.0,0.0,0.0,0.0,0.0,-0.0
84.67,1.0,2.0,0.0,-0.0,0.0,-0.0,0.0,49150.542855854015,0.0,0.0,0.0,0.0,0.0,0.0,0.0,0.0,0.0,-0.0
109.7,1.0,2.0,-0.0,0.0,-0.0,0.0,0.0,49150.542855854015,0.0,0.0,-0.0,0.0,0.0,0.0,0.0,0.0,0.0,0.0
155.32,1.0,2.0,0.0,-0.0,0.0,-0.0,0.0,49150.542855854015,0.0,0.0,0.0,0.0,0.0,0.0,0.0,0.0,0.0,-0.0
250.65,0.4729537233052701,0.9459074466105402,0.0,1.0,0.0,1.0540925533894598,249.27,49399.81285585401,0.0,0.0,0.0,0.0,0.0,0.0,0.0,0.0,0.0,1.0
210.56,0.0,0.0,0.0,0.8973665961010275,0.0,0.9459074466105402,187.71114457241293,49587.52400042643,0.0,0.0,0.0,0.0,0.0,0.0,0.0,0.0,0.0,0.8973665961010275
125.2,-0.0,-0.0,0.0,-0.0,0.0,-0.0,0.0,49587.52400042643,0.0,0.0,0.0,0.0,0.0,0.0,0.0,0.0,0.0,-0.0
112.4,-0.0,-0.0,0.0,0.0,0.0,0.0,0.0,49587.52400042643,0.0,0.0,0.0,0.0,0.0,0.0,0.0,0.0,0.0,0.0
100.53,0.0,0.0,0.0,0.0,0.0,0.0,0.0,49587.52400042643,0.0,0.0,0.0,0.0,0.0,0.0,0.0,0.0,0.0,0.0
95.01,-0.0,-0.0,0.0,0.0,0.0,0.0,0.0,49587.52400042643,0.0,0.0,0.0,0.0,0.0,0.0,0.0,0.0,0.0,0.0
90.11,0.4743416490252569,0.9486832980505138,1.0,0.0,0.9486832980505138,0.0,-101.14,49486.38400042643,0.0,0.0,1.0,0.0,0.0,0.0,0.0,0.0,0.0,0.0
90.84,0.9486832980505138,1.8973665961010275,1.0,0.0,0.9486832980505138,0.0,-101.88,49384.50400042643,0.0,0.0,1.0,0.0,0.0,0.0,0.0,0.0,0.0,0.0
92.5,1.0,2.0,0.10818510677891963,0.0,0.10263340389897246,0.0,-11.203649658024915,49373.300350768404,0.0,0.0,0.10818510677891963,0.0,0.0,0.0,0.0,0.0,0.0,0.0
94.8,1.0,2.0,0.0,0.0,0.0,0.0,0.0,49373.300350768404,0.0,0.0,0.0,0.0,0.0,0.0,0.0,0.0,0.0,0.0
106.85,1.0,2.0,0.0,0.0,0.0,0.0,0.0,49373.300350768404,0.0,0.0,0.0,0.0,0.0,0.0,0.0,0.0,0.0,0.0
118.47,1.0,2.0,-0.0,0.0,-0.0,0.0,0.0,49373.300350768404,0.0,0.0,-0.0,0.0,0.0,0.0,0.0,0.0,0.0,0.0
153.67,0.4729537233052701,0.9459074466105402,0.0,1.0,0.0,1.0540925533894598,152.29,49525.590350768405,0.0,0.0,0.0,0.0,0.0,0.0,0.0,0.0,0.0,1.0
147.48,0.0,0.0,0.0,0.8973665961010275,0.0,0.9459074466105402,131.1052596903601,49656.695610458766,0.0,0.0,0.0,0.0,0.0,0.0,0.0,0.0,0.0,0.8973665961010275
121.05,-0.0,-0.0,0.0,0.0,0.0,0.0,0.0,49656.695610458766,0.0,0.0,0.0,0.0,0.0,0.0,0.0,0.0,0.0,0.0
102.14,0.0,0.0,-0.0,0.0,-0.0,0.0,0.0,49656.695610458766,0.0,0.0,-0.0,0.0,0.0,0.0,0.0,0.0,0.0,0.0
84.66,0.0,0.0,-0.0,0.0,-0.0,0.0,0.0,49656.695610458766,0.0,0.0,-0.0,0.0,0.0,0.0,0.0,0.0,0.0,0.0
78.94,0.4743416490252569,0.9486832980505138,1.0,0.0,0.9486832980505138,0.0,-89.81,49566.88561045877,0.0,0.0,1.0,0.0,0.0,0.0,0.0,0.0,0.0,0.0
79.73,0.5256583509747431,1.0513167019494862,0.10818510677891963,0.0,0.10263340389897246,0.0,-9.802652525237907,49557.08295793353,0.0,0.0,0.10818510677891963,0.0,0.0,0.0,0.0,0.0,0.0,0.0
78.54,1.0,2.0,1.0,0.0,0.9486832980505138,0.0,-89.4,49467.68295793353,0.0,0.0,1.0,0.0,0.0,0.0,0.0,0.0,0.0,0.0
84.37,1.0,2.0,0.0,0.0,0.0,0.0,0.0,49467.68295793353,0.0,0.0,0.0,0.0,0.0,0.0,0.0,0.0,0.0,0.0
95.0,1.0,2.0,0.0,0.0,0.0,0.0,0.0,49467.68295793353,0.0,0.0,0.0,0.0,0.0,0.0,0.0,0.0,0.0,0.0
108.97,1.0,2.0,-0.0,0.0,-0.0,0.0,0.0,49467.68295793353,0.0,0.0,-0.0,0.0,0.0,0.0,0.0,0.0,0.0,0.0
173.16,1.0,2.0,-0.0,0.0,-0.0,0.0,0.0,49467.68295793353,0.0,0.0,-0.0,0.0,0.0,0.0,0.0,0.0,0.0,0.0
311.51,0.4729537233052701,0.9459074466105402,0.0,1.0,0.0,1.0540925533894598,310.13,49777.81295793353,0.0,0.0,0.0,0.0,0.0,0.0,0.0,0.0,0.0,1.0
263.79,0.0,0.0,0.0,0.8973665961010275,0.0,0.9459074466105402,235.47796848287066,50013.2909264164,0.0,0.0,0.0,0.0,0.0,0.0,0.0,0.0,0.0,0.8973665961010275
140.92,0.0,0.0,0.0,-0.0,0.0,-0.0,0.0,50013.2909264164,0.0,0.0,0.0,0.0,0.0,0.0,0.0,0.0,0.0,-0.0
110.47,0.0,0.0,-0.0,0.0,-0.0,0.0,0.0,50013.2909264164,0.0,0.0,-0.0,0.0,0.0,0.0,0.0,0.0,0.0,0.0
91.21,-0.0,-0.0,0.0,0.0,0.0,0.0,0.0,50013.2909264164,0.0,0.0,0.0,0.0,0.0,0.0,0.0,0.0,0.0,0.0
97.25,-0.0,-0.0,0.0,0.0,0.0,0.0,0.0,50013.2909264164,0.0,0.0,0.0,0.0,0.0,0.0,0.0,0.0,0.0,0.0
90.74,-0.0,-0.0,0.0,0.0,0.0,0.0,0.0,50013.2909264164,0.0,0.0,0.0,0.0,0.0,0.0,0.0,0.0,0.0,0.0
85.95,-0.0,-0.0,0.0,0.0,0.0,0.0,0.0,50013.2909264164,0.0,0.0,0.0,0.0,0.0,0.0,0.0,0.0,0.0,0.0
81.72,0.05131670194948623,0.10263340389897246,0.10818510677891963,0.0,0.10263340389897246,0.0,-10.021186440931325,50003.26973997547,0.0,0.0,0.10818510677891963,0.0,0.0,0.0,0.0,0.0,0.0,0.0
81.23,0.5256583509747431,1.0513167019494862,1.0,0.0,0.9486832980505138,0.0,-92.13000000000001,49911.13973997547,0.0,0.0,1.0,0.0,0.0,0.0,0.0,0.0,0.0,0.0
79.5,1.0,2.0,1.0,0.0,0.9486832980505138,0.0,-90.38,49820.759739975474,0.0,0.0,1.0,0.0,0.0,0.0,0.0,0.0,0.0,0.0
93.45,1.0,2.0,0.0,0.0,0.0,0.0,0.0,49820.759739975474,0.0,0.0,0.0,0.0,0.0,0.0,0.0,0.0,0.0,0.0
105.61,0.4729537233052701,0.9459074466105402,0.0,1.0,0.0,1.0540925533894598,104.23,49924.98973997548,0.0,0.0,0.0,0.0,0.0,0.0,0.0,0.0,0.0,1.0
105.2,-0.0,-0.0,0.0,0.8973665961010275,0.0,0.9459074466105402,93.16460000720868,50018.154339982684,0.0,0.0,0.0,0.0,0.0,0.0,0.0,0.0,0.0,0.8973665961010275
85.3,0.0,0.0,0.0,0.0,0.0,0.0,0.0,50018.154339982684,0.0,0.0,0.0,0.0,0.0,0.0,0.0,0.0,0.0,0.0
29.04,0.0,0.0,0.0,-0.0,0.0,-0.0,0.0,50018.154339982684,0.0,0.0,0.0,0.0,0.0,0.0,0.0,0.0,0.0,-0.0
2.84,-0.0,-0.0,0.0,0.0,0.0,0.0,0.0,50018.154339982684,0.0,0.0,0.0,0.0,0.0,0.0,0.0,0.0,0.0,0.0
2.38,-0.0,-0.0,0.0,0.0,0.0,0.0,0.0,50018.154339982684,0.0,0.0,0.0,0.0,0.0,0.0,0.0,0.0,0.0,0.0
2.11,0.4743416490252569,0.9486832980505138,1.0,0.0,0.9486832980505138,0.0,-11.889999999999999,50006.264339982685,0.0,0.0,1.0,0.0,0.0,0.0,0.0,0.0,0.0,0.0
2.31,0.5256583509747431,1.0513167019494862,0.10818510677891963,0.0,0.10263340389897246,0.0,-1.3079579409571382,50004.956382041724,0.0,0.0,0.10818510677891963,0.0,0.0,0.0,0.0,0.0,0.0,0.0
2.02,1.0,2.0,1.0,0.0,0.9486832980505138,0.0,-11.799999999999999,49993.15638204172,0.0,0.0,1.0,0.0,0.0,0.0,0.0,0.0,0.0,0.0
10.0,1.0,2.0,0.0,0.0,0.0,0.0,0.0,49993.15638204172,0.0,0.0,0.0,0.0,0.0,0.0,0.0,0.0,0.0,0.0
63.46,1.0,2.0,0.0,-0.0,0.0,-0.0,0.0,49993.15638204172,0.0,0.0,0.0,0.0,0.0,0.0,0.0,0.0,0.0,-0.0
80.93,1.0,2.0,0.0,0.0,0.0,0.0,0.0,49993.15638204172,0.0,0.0,0.0,0.0,0.0,0.0,0.0,0.0,0.0,0.0
96.31,0.4729537233052701,0.9459074466105402,0.0,1.0,0.0,1.0540925533894598,94.93,50088.08638204172,0.0,0.0,0.0,0.0,0.0,0.0,0.0,0.0,0.0,1.0
90.3,0.0,0.0,0.0,0.8973665961010275,0.0,0.9459074466105402,79.79383772530336,50167.88021976702,0.0,0.0,0.0,0.0,0.0,0.0,0.0,0.0,0.0,0.8973665961010275
60.88,0.0,0.0,-0.0,0.0,-0.0,0.0,0.0,50167.88021976702,0.0,0.0,-0.0,0.0,0.0,0.0,0.0,0.0,0.0,0.0
44.19,-0.0,-0.0,0.0,0.0,0.0,0.0,0.0,50167.88021976702,0.0,0.0,0.0,0.0,0.0,0.0,0.0,0.0,0.0,0.0
38.35,0.0,0.0,-0.0,0.0,-0.0,0.0,0.0,50167.88021976702,0.0,0.0,-0.0,0.0,0.0,0.0,0.0,0.0,0.0,0.0
15.1,-0.0,-0.0,0.0,0.0,0.0,0.0,0.0,50167.88021976702,0.0,0.0,0.0,0.0,0.0,0.0,0.0,0.0,0.0,0.0
15.04,0.4743416490252569,0.9486832980505138,1.0,0.0,0.9486832980505138,0.0,-25.0,50142.88021976702,0.0,0.0,1.0,0.0,0.0,0.0,0.0,0.0,0.0,0.0
14.88,0.9486832980505138,1.8973665961010275,1.0,0.0,0.9486832980505138,0.0,-24.840000000000003,50118.04021976703,0.0,0.0,1.0,0.0,0.0,0.0,0.0,0.0,0.0,0.0
15.09,1.0,2.0,0.10818510677891963,0.0,0.10263340389897246,0.0,-2.710036924811937,50115.33018284221,0.0,0.0,0.10818510677891963,0.0,0.0,0.0,0.0,0.0,0.0,0.0
24.28,1.0,2.0,0.0,0.0,0.0,0.0,0.0,50115.33018284221,0.0,0.0,0.0,0.0,0.0,0.0,0.0,0.0,0.0,0.0
44.6,1.0,2.0,-0.0,0.0,-0.0,0.0,0.0,50115.33018284221,0.0,0.0,-0.0,0.0,0.0,0.0,0.0,0.0,0.0,0.0
73.09,1.0,2.0,-0.0,0.0,-0.0,0.0,0.0,50115.33018284221,0.0,0.0,-0.0,0.0,0.0,0.0,0.0,0.0,0.0,0.0
96.82,0.5270462766947299,1.0540925533894598,0.0,0.8973665961010275,0.0,0.9459074466105402,85.64466793188205,50200.974850774095,0.0,0.0,0.0,0.0,0.0,0.0,0.0,0.0,0.0,0.8973665961010275
98.0,0.0,0.0,0.0,1.0,0.0,1.0540925533894598,96.62,50297.5948507741,0.0,0.0,0.0,0.0,0.0,0.0,0.0,0.0,0.0,1.0
77.81,0.0,0.0,0.0,-0.0,0.0,-0.0,0.0,50297.5948507741,0.0,0.0,0.0,0.0,0.0,0.0,0.0,0.0,0.0,-0.0
41.45,0.0,0.0,0.0,-0.0,0.0,-0.0,0.0,50297.5948507741,0.0,0.0,0.0,0.0,0.0,0.0,0.0,0.0,0.0,-0.0
5.79,0.05131670194948623,0.10263340389897246,0.10818510677891963,0.0,0.10263340389897246,0.0,-1.6898513678867246,50295.90499940621,0.0,0.0,0.10818510677891963,0.0,0.0,0.0,0.0,0.0,0.0,0.0
3.2,0.5256583509747431,1.0513167019494862,1.0,0.0,0.9486832980505138,0.0,-13.0,50282.90499940621,0.0,0.0,1.0,0.0,0.0,0.0,0.0,0.0,0.0,0.0
3.36,1.0,2.0,1.0,0.0,0.9486832980505138,0.0,-13.16,50269.744999406204,0.0,0.0,1.0,0.0,0.0,0.0,0.0,0.0,0.0,0.0
34.89,1.0,2.0,0.0,-0.0,0.0,-0.0,0.0,50269.744999406204,0.0,0.0,0.0,0.0,0.0,0.0,0.0,0.0,0.0,-0.0
71.0,1.0,2.0,0.0,-0.0,0.0,-0.0,0.0,50269.744999406204,0.0,0.0,0.0,0.0,0.0,0.0,0.0,0.0,0.0,-0.0
89.52,1.0,2.0,0.0,-0.0,0.0,-0.0,0.0,50269.744999406204,0.0,0.0,0.0,0.0,0.0,0.0,0.0,0.0,0.0,-0.0
109.13,1.0,2.0,-0.0,0.0,-0.0,0.0,0.0,50269.744999406204,0.0,0.0,-0.0,0.0,0.0,0.0,0.0,0.0,0.0,0.0
191.8,1.0,2.0,0.0,0.0,0.0,0.0,0.0,50269.744999406204,0.0,0.0,0.0,0.0,0.0,0.0,0.0,0.0,0.0,0.0
350.0,0.4729537233052701,0.9459074466105402,0.0,1.0,0.0,1.0540925533894598,348.62,50618.36499940621,0.0,0.0,0.0,0.0,0.0,0.0,0.0,0.0,0.0,1.0
218.82,0.0,0.0,0.0,0.8973665961010275,0.0,0.9459074466105402,195.12339265620741,50813.48839206241,0.0,0.0,0.0,0.0,0.0,0.0,0.0,0.0,0.0,0.8973665961010275
124.93,0.0,0.0,-0.0,0.0,-0.0,0.0,0.0,50813.48839206241,0.0,0.0,-0.0,0.0,0.0,0.0,0.0,0.0,0.0,0.0
112.14,-0.0,-0.0,0.0,-0.0,0.0,-0.0,0.0,50813.48839206241,0.0,0.0,0.0,0.0,0.0,0.0,0.0,0.0,0.0,-0.0
101.3,-0.0,-0.0,0.0,0.0,0.0,0.0,0.0,50813.48839206241,0.0,0.0,0.0,0.0,0.0,0.0,0.0,0.0,0.0,0.0
95.25,0.0,0.0,0.0,0.0,0.0,0.0,0.0,50813.48839206241,0.0,0.0,0.0,0.0,0.0,0.0,0.0,0.0,0.0,0.0
86.1,-0.0,-0.0,0.0,0.0,0.0,0.0,0.0,50813.48839206241,0.0,0.0,0.0,0.0,0.0,0.0,0.0,0.0,0.0,0.0
85.26,0.4743416490252569,0.9486832980505138,1.0,0.0,0.9486832980505138,0.0,-96.22,50717.26839206241,0.0,0.0,1.0,0.0,0.0,0.0,0.0,0.0,0.0,0.0
85.2,0.9486832980505138,1.8973665961010275,1.0,0.0,0.9486832980505138,0.0,-96.16,50621.10839206241,0.0,0.0,1.0,0.0,0.0,0.0,0.0,0.0,0.0,0.0
85.6,1.0,2.0,0.10818510677891963,0.0,0.10263340389897246,0.0,-10.447435761640268,50610.660956300766,0.0,0.0,0.10818510677891963,0.0,0.0,0.0,0.0,0.0,0.0,0.0
97.36,1.0,2.0,0.0,0.0,0.0,0.0,0.0,50610.660956300766,0.0,0.0,0.0,0.0,0.0,0.0,0.0,0.0,0.0,0.0
119.16,1.0,2.0,0.0,-0.0,0.0,-0.0,0.0,50610.660956300766,0.0,0.0,0.0,0.0,0.0,0.0,0.0,0.0,0.0,-0.0
132.13,0.4729537233052701,0.9459074466105402,0.0,1.0,0.0,1.0540925533894598,130.75,50741.410956300766,0.0,0.0,0.0,0.0,0.0,0.0,0.0,0.0,0.0,1.0
125.75,0.0,0.0,0.0,0.8973665961010275,0.0,0.9459074466105402,111.6054835570848,50853.01643985785,0.0,0.0,0.0,0.0,0.0,0.0,0.0,0.0,0.0,0.8973665961010275
100.4,0.0,0.0,-0.0,0.0,-0.0,0.0,0.0,50853.01643985785,0.0,0.0,-0.0,0.0,0.0,0.0,0.0,0.0,0.0,0.0
87.83,-0.0,-0.0,0.0,0.0,0.0,0.0,0.0,50853.01643985785,0.0,0.0,0.0,0.0,0.0,0.0,0.0,0.0,0.0,0.0
84.15,-0.0,-0.0,0.0,0.0,0.0,0.0,0.0,50853.01643985785,0.0,0.0,0.0,0.0,0.0,0.0,0.0,0.0,0.0,0.0
78.25,0.0,0.0,-0.0,0.0,-0.0,0.0,0.0,50853.01643985785,0.0,0.0,-0.0,0.0,0.0,0.0,0.0,0.0,0.0,0.0
72.19,0.4743416490252569,0.9486832980505138,1.0,0.0,0.9486832980505138,0.0,-82.96,50770.05643985785,0.0,0.0,1.0,0.0,0.0,0.0,0.0,0.0,0.0,0.0
70.17,0.9486832980505138,1.8973665961010275,1.0,0.0,0.9486832980505138,0.0,-80.92,50689.13643985785,0.0,0.0,1.0,0.0,0.0,0.0,0.0,0.0,0.0,0.0
77.53,1.0,2.0,0.10818510677891963,0.0,0.10263340389897246,0.0,-9.561399737120917,50679.57504012073,0.0,0.0,0.10818510677891963,0.0,0.0,0.0,0.0,0.0,0.0,0.0
85.0,1.0,2.0,0.0,0.0,0.0,0.0,0.0,50679.57504012073,0.0,0.0,0.0,0.0,0.0,0.0,0.0,0.0,0.0,0.0
90.96,1.0,2.0,0.0,0.0,0.0,0.0,0.0,50679.57504012073,0.0,0.0,0.0,0.0,0.0,0.0,0.0,0.0,0.0,0.0
108.95,1.0,2.0,-0.0,0.0,-0.0,0.0,0.0,50679.57504012073,0.0,0.0,-0.0,0.0,0.0,0.0,0.0,0.0,0.0,0.0
154.53,0.4729537233052701,0.9459074466105402,0.0,1.0,0.0,1.0540925533894598,153.15,50832.725040120735,0.0,0.0,0.0,0.0,0.0,0.0,0.0,0.0,0.0,1.0
150.75,0.0,0.0,0.0,0.8973665961010275,0.0,0.9459074466105402,134.03964845961048,50966.76468858035,0.0,0.0,0.0,0.0,0.0,0.0,0.0,0.0,0.0,0.8973665961010275
117.1,-0.0,-0.0,0.0,0.0,0.0,0.0,0.0,50966.76468858035,0.0,0.0,0.0,0.0,0.0,0.0,0.0,0.0,0.0,0.0
107.71,-0.0,-0.0,0.0,0.0,0.0,0.0,0.0,50966.76468858035,0.0,0.0,0.0,0.0,0.0,0.0,0.0,0.0,0.0,0.0
100.7,-0.0,-0.0,0.0,0.0,0.0,0.0,0.0,50966.76468858035,0.0,0.0,0.0,0.0,0.0,0.0,0.0,0.0,0.0,0.0
101.21,-0.0,-0.0,0.0,0.0,0.0,0.0,0.0,50966.76468858035,0.0,0.0,0.0,0.0,0.0,0.0,0.0,0.0,0.0,0.0
100.59,-0.0,-0.0,0.0,0.0,0.0,0.0,0.0,50966.76468858035,0.0,0.0,0.0,0.0,0.0,0.0,0.0,0.0,0.0,0.0
99.57,0.0,0.0,-0.0,0.0,-0.0,0.0,0.0,50966.76468858035,0.0,0.0,-0.0,0.0,0.0,0.0,0.0,0.0,0.0,0.0
97.84,-0.0,-0.0,0.0,0.0,0.0,0.0,0.0,50966.76468858035,0.0,0.0,0.0,0.0,0.0,0.0,0.0,0.0,0.0,0.0
96.96,-0.0,-0.0,0.0,0.0,0.0,0.0,0.0,50966.76468858035,0.0,0.0,0.0,0.0,0.0,0.0,0.0,0.0,0.0,0.0
98.01,-0.0,-0.0,0.0,0.0,0.0,0.0,0.0,50966.76468858035,0.0,0.0,0.0,0.0,0.0,0.0,0.0,0.0,0.0,0.0
97.87,-0.0,-0.0,0.0,0.0,0.0,0.0,0.0,50966.76468858035,0.0,0.0,0.0,0.0,0.0,0.0,0.0,0.0,0.0,0.0
100.91,-0.0,-0.0,0.0,-0.0,0.0,-0.0,0.0,50966.76468858035,0.0,0.0,0.0,0.0,0.0,0.0,0.0,0.0,0.0,-0.0
95.98,0.0,0.0,0.0,0.0,0.0,0.0,0.0,50966.76468858035,0.0,0.0,0.0,0.0,0.0,0.0,0.0,0.0,0.0,0.0
79.11,0.0,0.0,0.0,-0.0,0.0,-0.0,0.0,50966.76468858035,0.0,0.0,0.0,0.0,0.0,0.0,0.0,0.0,0.0,-0.0
11.35,-0.0,-0.0,0.0,0.0,0.0,0.0,0.0,50966.76468858035,0.0,0.0,0.0,0.0,0.0,0.0,0.0,0.0,0.0,0.0
2.08,-0.0,-0.0,0.0,0.0,0.0,0.0,0.0,50966.76468858035,0.0,0.0,0.0,0.0,0.0,0.0,0.0,0.0,0.0,0.0
2.06,0.0,0.0,-0.0,0.0,-0.0,0.0,0.0,50966.76468858035,0.0,0.0,-0.0,0.0,0.0,0.0,0.0,0.0,0.0,0.0
0.26,0.05131670194948623,0.10263340389897246,0.10818510677891963,0.0,0.10263340389897246,0.0,-1.0829329188569856,50965.68175566149,0.0,0.0,0.10818510677891963,0.0,0.0,0.0,0.0,0.0,0.0,0.0
0.0,0.5256583509747431,1.0513167019494862,1.0,0.0,0.9486832980505138,0.0,-9.75,50955.93175566149,0.0,0.0,1.0,0.0,0.0,0.0,0.0,0.0,0.0,0.0
-0.01,1.0,2.0,1.0,0.0,0.9486832980505138,0.0,-9.74,50946.19175566149,0.0,0.0,1.0,0.0,0.0,0.0,0.0,0.0,0.0,0.0
40.99,1.0,2.0,0.0,-0.0,0.0,-0.0,0.0,50946.19175566149,0.0,0.0,0.0,0.0,0.0,0.0,0.0,0.0,0.0,-0.0
87.6,1.0,2.0,0.0,-0.0,0.0,-0.0,0.0,50946.19175566149,0.0,0.0,0.0,0.0,0.0,0.0,0.0,0.0,0.0,-0.0
116.47,1.0,2.0,0.0,-0.0,0.0,-0.0,0.0,50946.19175566149,0.0,0.0,0.0,0.0,0.0,0.0,0.0,0.0,0.0,-0.0
158.39,0.4729537233052701,0.9459074466105402,0.0,1.0,0.0,1.0540925533894598,157.01,51103.201755661496,0.0,0.0,0.0,0.0,0.0,0.0,0.0,0.0,0.0,1.0
139.54,0.0,0.0,0.0,0.8973665961010275,0.0,0.9459074466105402,123.98016891731795,51227.181924578814,0.0,0.0,0.0,0.0,0.0,0.0,0.0,0.0,0.0,0.8973665961010275
109.95,0.0,0.0,0.0,-0.0,0.0,-0.0,0.0,51227.181924578814,0.0,0.0,0.0,0.0,0.0,0.0,0.0,0.0,0.0,-0.0
92.95,0.0,0.0,0.0,-0.0,0.0,-0.0,0.0,51227.181924578814,0.0,0.0,0.0,0.0,0.0,0.0,0.0,0.0,0.0,-0.0
82.56,-0.0,-0.0,0.0,0.0,0.0,0.0,0.0,51227.181924578814,0.0,0.0,0.0,0.0,0.0,0.0,0.0,0.0,0.0,0.0
89.72,-0.0,-0.0,0.0,-0.0,0.0,-0.0,0.0,51227.181924578814,0.0,0.0,0.0,0.0,0.0,0.0,0.0,0.0,0.0,-0.0
85.02,-0.0,-0.0,0.0,0.0,0.0,0.0,0.0,51227.181924578814,0.0,0.0,0.0,0.0,0.0,0.0,0.0,0.0,0.0,0.0
80.77,-0.0,-0.0,0.0,0.0,0.0,0.0,0.0,51227.181924578814,0.0,0.0,0.0,0.0,0.0,0.0,0.0,0.0,0.0,0.0
78.04,-0.0,-0.0,0.0,0.0,0.0,0.0,0.0,51227.181924578814,0.0,0.0,0.0,0.0,0.0,0.0,0.0,0.0,0.0,0.0
77.57,-0.0,-0.0,0.0,0.0,0.0,0.0,0.0,51227.181924578814,0.0,0.0,0.0,0.0,0.0,0.0,0.0,0.0,0.0,0.0
77.44,-0.0,-0.0,0.0,0.0,0.0,0.0,0.0,51227.181924578814,0.0,0.0,0.0,0.0,0.0,0.0,0.0,0.0,0.0,0.0
78.04,0.0,0.0,0.0,0.0,0.0,0.0,0.0,51227.181924578814,0.0,0.0,0.0,0.0,0.0,0.0,0.0,0.0,0.0,0.0
55.48,0.0,0.0,0.0,-0.0,0.0,-0.0,0.0,51227.181924578814,0.0,0.0,0.0,0.0,0.0,0.0,0.0,0.0,0.0,-0.0
0.0,0.0,0.0,0.0,0.0,0.0,0.0,0.0,51227.181924578814,0.0,0.0,0.0,0.0,0.0,0.0,0.0,0.0,0.0,0.0
-0.09,0.0,0.0,0.0,0.0,0.0,0.0,-0.0,51227.181924578814,0.0,0.0,0.0,0.0,0.0,0.0,0.0,0.0,0.0,0.0
-0.01,0.0,0.0,0.0,0.0,0.0,0.0,-0.0,51227.181924578814,0.0,0.0,0.0,0.0,0.0,0.0,0.0,0.0,0.0,0.0
-8.96,0.0,0.0,0.0,0.0,0.0,0.0,-0.0,51227.181924578814,0.0,0.0,0.0,0.0,0.0,0.0,0.0,0.0,0.0,0.0
-25.32,0.05131670194948623,0.10263340389897246,0.10818510677891963,0.0,0.10263340389897246,0.0,1.7233887509881898,51228.9053133298,0.0,0.0,0.10818510677891963,0.0,0.0,0.0,0.0,0.0,0.0,0.0
-34.04,0.5256583509747431,1.0513167019494862,1.0,0.0,0.9486832980505138,0.0,24.77,51253.6753133298,0.0,0.0,1.0,0.0,0.0,0.0,0.0,0.0,0.0,0.0
-31.79,1.0,2.0,1.0,0.0,0.9486832980505138,0.0,22.49,51276.165313329795,0.0,0.0,1.0,0.0,0.0,0.0,0.0,0.0,0.0,0.0
-12.1,1.0,2.0,0.0,-0.0,0.0,-0.0,0.0,51276.165313329795,0.0,0.0,0.0,0.0,0.0,0.0,0.0,0.0,0.0,-0.0
1.66,1.0,2.0,0.0,-0.0,0.0,-0.0,0.0,51276.165313329795,0.0,0.0,0.0,0.0,0.0,0.0,0.0,0.0,0.0,-0.0
3.36,1.0,2.0,0.0,-0.0,0.0,-0.0,0.0,51276.165313329795,0.0,0.0,0.0,0.0,0.0,0.0,0.0,0.0,0.0,-0.0
92.56,1.0,2.0,0.0,0.0,0.0,0.0,0.0,51276.165313329795,0.0,0.0,0.0,0.0,0.0,0.0,0.0,0.0,0.0,0.0
108.11,0.4729537233052701,0.9459074466105402,0.0,1.0,0.0,1.0540925533894598,106.73,51382.8953133298,0.0,0.0,0.0,0.0,0.0,0.0,0.0,0.0,0.0,1.0
96.25,0.0,0.0,0.0,0.8973665961010275,0.0,0.9459074466105402,85.13316897210449,51468.0284823019,0.0,0.0,0.0,0.0,0.0,0.0,0.0,0.0,0.0,0.8973665961010275
86.02,-0.0,-0.0,0.0,0.0,0.0,0.0,0.0,51468.0284823019,0.0,0.0,0.0,0.0,0.0,0.0,0.0,0.0,0.0,0.0
85.01,-0.0,-0.0,0.0,0.0,0.0,0.0,0.0,51468.0284823019,0.0,0.0,0.0,0.0,0.0,0.0,0.0,0.0,0.0,0.0
82.57,-0.0,-0.0,0.0,0.0,0.0,0.0,0.0,51468.0284823019,0.0,0.0,0.0,0.0,0.0,0.0,0.0,0.0,0.0,0.0
69.2,0.4743416490252569,0.9486832980505138,1.0,0.0,0.9486832980505138,0.0,-79.93,51388.0984823019,0.0,0.0,1.0,0.0,0.0,0.0,0.0,0.0,0.0,0.0
69.04,0.9486832980505138,1.8973665961010275,1.0,0.0,0.9486832980505138,0.0,-79.77000000000001,51308.328482301906,0.0,0.0,1.0,0.0,0.0,0.0,0.0,0.0,0.0,0.0
70.48,0.9486832980505138,1.8973665961010275,0.0,0.0,0.0,0.0,0.0,51308.328482301906,0.0,0.0,0.0,0.0,0.0,0.0,0.0,0.0,0.0,0.0
70.41,1.0,2.0,0.10818510677891963,0.0,0.10263340389897246,0.0,-8.780303266177118,51299.54817903573,0.0,0.0,0.10818510677891963,0.0,0.0,0.0,0.0,0.0,0.0,0.0
72.45,1.0,2.0,0.0,0.0,0.0,0.0,0.0,51299.54817903573,0.0,0.0,0.0,0.0,0.0,0.0,0.0,0.0,0.0,0.0
74.94,1.0,2.0,0.0,0.0,0.0,0.0,0.0,51299.54817903573,0.0,0.0,0.0,0.0,0.0,0.0,0.0,0.0,0.0,0.0
94.29,1.0,2.0,0.0,0.0,0.0,0.0,0.0,51299.54817903573,0.0,0.0,0.0,0.0,0.0,0.0,0.0,0.0,0.0,0.0
106.49,0.5270462766947299,1.0540925533894598,0.0,0.8973665961010275,0.0,0.9459074466105402,94.322202916179,51393.87038195191,0.0,0.0,0.0,0.0,0.0,0.0,0.0,0.0,0.0,0.8973665961010275
113.55,0.0,0.0,0.0,1.0,0.0,1.0540925533894598,112.17,51506.040381951905,0.0,0.0,0.0,0.0,0.0,0.0,0.0,0.0,0.0,1.0
101.85,-0.0,-0.0,0.0,-0.0,0.0,-0.0,0.0,51506.040381951905,0.0,0.0,0.0,0.0,0.0,0.0,0.0,0.0,0.0,-0.0
85.83,0.0,0.0,0.0,0.0,0.0,0.0,0.0,51506.040381951905,0.0,0.0,0.0,0.0,0.0,0.0,0.0,0.0,0.0,0.0
73.91,-0.0,-0.0,0.0,0.0,0.0,0.0,0.0,51506.040381951905,0.0,0.0,0.0,0.0,0.0,0.0,0.0,0.0,0.0,0.0
63.62,0.4743416490252569,0.9486832980505138,1.0,0.0,0.9486832980505138,0.0,-74.27,51431.77038195191,0.0,0.0,1.0,0.0,0.0,0.0,0.0,0.0,0.0,0.0
58.02,0.9486832980505138,1.8973665961010275,1.0,0.0,0.9486832980505138,0.0,-68.59,51363.18038195191,0.0,0.0,1.0,0.0,0.0,0.0,0.0,0.0,0.0,0.0
65.61,1.0,2.0,0.10818510677891963,0.0,0.10263340389897246,0.0,-8.253441796163777,51354.92694015575,0.0,0.0,0.10818510677891963,0.0,0.0,0.0,0.0,0.0,0.0,0.0
72.16,1.0,2.0,0.0,0.0,0.0,0.0,0.0,51354.92694015575,0.0,0.0,0.0,0.0,0.0,0.0,0.0,0.0,0.0,0.0
90.08,1.0,2.0,0.0,-0.0,0.0,-0.0,0.0,51354.92694015575,0.0,0.0,0.0,0.0,0.0,0.0,0.0,0.0,0.0,-0.0
124.28,1.0,2.0,-0.0,0.0,-0.0,0.0,0.0,51354.92694015575,0.0,0.0,-0.0,0.0,0.0,0.0,0.0,0.0,0.0,0.0
196.61,1.0,2.0,-0.0,0.0,-0.0,0.0,0.0,51354.92694015575,0.0,0.0,-0.0,0.0,0.0,0.0,0.0,0.0,0.0,0.0
413.66,0.4729537233052701,0.9459074466105402,0.0,1.0,0.0,1.0540925533894598,412.28000000000003,51767.206940155746,0.0,0.0,0.0,0.0,0.0,0.0,0.0,0.0,0.0,1.0
308.52,0.0,0.0,0.0,0.8973665961010275,0.0,0.9459074466105402,275.6171763264696,52042.82411648222,0.0,0.0,0.0,0.0,0.0,0.0,0.0,0.0,0.0,0.8973665961010275
152.0,0.0,0.0,-0.0,0.0,-0.0,0.0,0.0,52042.82411648222,0.0,0.0,-0.0,0.0,0.0,0.0,0.0,0.0,0.0,0.0
123.93,-0.0,-0.0,0.0,0.0,0.0,0.0,0.0,52042.82411648222,0.0,0.0,0.0,0.0,0.0,0.0,0.0,0.0,0.0,0.0
113.12,-0.0,-0.0,0.0,0.0,0.0,0.0,0.0,52042.82411648222,0.0,0.0,0.0,0.0,0.0,0.0,0.0,0.0,0.0,0.0
114.52,-0.0,-0.0,0.0,0.0,0.0,0.0,0.0,52042.82411648222,0.0,0.0,0.0,0.0,0.0,0.0,0.0,0.0,0.0,0.0
112.46,0.0,0.0,-0.0,0.0,-0.0,0.0,0.0,52042.82411648222,0.0,0.0,-0.0,0.0,0.0,0.0,0.0,0.0,0.0,0.0
110.35,0.05131670194948623,0.10263340389897246,0.10818510677891963,0.0,0.10263340389897246,0.0,-13.16288194179115,52029.66123454043,0.0,0.0,0.10818510677891963,0.0,0.0,0.0,0.0,0.0,0.0,0.0
109.8,0.5256583509747431,1.0513167019494862,1.0,0.0,0.9486832980505138,0.0,-121.11,51908.55123454043,0.0,0.0,1.0,0.0,0.0,0.0,0.0,0.0,0.0,0.0
109.99,1.0,2.0,1.0,0.0,0.9486832980505138,0.0,-121.3,51787.251234540425,0.0,0.0,1.0,0.0,0.0,0.0,0.0,0.0,0.0,0.0
118.18,1.0,2.0,0.0,0.0,0.0,0.0,0.0,51787.251234540425,0.0,0.0,0.0,0.0,0.0,0.0,0.0,0.0,0.0,0.0
182.39,1.0,2.0,0.0,-0.0,0.0,-0.0,0.0,51787.251234540425,0.0,0.0,0.0,0.0,0.0,0.0,0.0,0.0,0.0,-0.0
293.5,0.4729537233052701,0.9459074466105402,0.0,1.0,0.0,1.0540925533894598,292.12,52079.37123454043,0.0,0.0,0.0,0.0,0.0,0.0,0.0,0.0,0.0,1.0
196.98,0.0,0.0,0.0,0.8973665961010275,0.0,0.9459074466105402,175.52490619736096,52254.89614073779,0.0,0.0,0.0,0.0,0.0,0.0,0.0,0.0,0.0,0.8973665961010275
127.59,0.0,0.0,-0.0,0.0,-0.0,0.0,0.0,52254.89614073779,0.0,0.0,-0.0,0.0,0.0,0.0,0.0,0.0,0.0,0.0
101.73,-0.0,-0.0,0.0,0.0,0.0,0.0,0.0,52254.89614073779,0.0,0.0,0.0,0.0,0.0,0.0,0.0,0.0,0.0,0.0
98.92,0.0,0.0,-0.0,0.0,-0.0,0.0,0.0,52254.89614073779,0.0,0.0,-0.0,0.0,0.0,0.0,0.0,0.0,0.0,0.0
85.68,0.05131670194948623,0.10263340389897246,0.10818510677891963,0.0,0.10263340389897246,0.0,-10.456090570182583,52244.44005016761,0.0,0.0,0.10818510677891963,0.0,0.0,0.0,0.0,0.0,0.0,0.0
83.23,0.5256583509747431,1.0513167019494862,1.0,0.0,0.9486832980505138,0.0,-94.16,52150.2800501676,0.0,0.0,1.0,0.0,0.0,0.0,0.0,0.0,0.0,0.0
82.94,1.0,2.0,1.0,0.0,0.9486832980505138,0.0,-93.87,52056.4100501676,0.0,0.0,1.0,0.0,0.0,0.0,0.0,0.0,0.0,0.0
89.6,1.0,2.0,0.0,0.0,0.0,0.0,0.0,52056.4100501676,0.0,0.0,0.0,0.0,0.0,0.0,0.0,0.0,0.0,0.0
99.96,1.0,2.0,-0.0,0.0,-0.0,0.0,0.0,52056.4100501676,0.0,0.0,-0.0,0.0,0.0,0.0,0.0,0.0,0.0,0.0
127.41,1.0,2.0,-0.0,0.0,-0.0,0.0,0.0,52056.4100501676,0.0,0.0,-0.0,0.0,0.0,0.0,0.0,0.0,0.0,0.0
192.68,1.0,2.0,0.0,0.0,0.0,0.0,0.0,52056.4100501676,0.0,0.0,0.0,0.0,0.0,0.0,0.0,0.0,0.0,0.0
386.4,0.4729537233052701,0.9459074466105402,0.0,1.0,0.0,1.0540925533894598,385.02,52441.4300501676,0.0,0.0,0.0,0.0,0.0,0.0,0.0,0.0,0.0,1.0
215.59,0.0,0.0,0.0,0.8973665961010275,0.0,0.9459074466105402,192.2248985508011,52633.654948718395,0.0,0.0,0.0,0.0,0.0,0.0,0.0,0.0,0.0,0.8973665961010275
132.37,0.0,0.0,-0.0,0.0,-0.0,0.0,0.0,52633.654948718395,0.0,0.0,-0.0,0.0,0.0,0.0,0.0,0.0,0.0,0.0
113.71,-0.0,-0.0,0.0,0.0,0.0,0.0,0.0,52633.654948718395,0.0,0.0,0.0,0.0,0.0,0.0,0.0,0.0,0.0,0.0
106.0,-0.0,-0.0,0.0,0.0,0.0,0.0,0.0,52633.654948718395,0.0,0.0,0.0,0.0,0.0,0.0,0.0,0.0,0.0,0.0
100.72,-0.0,-0.0,0.0,0.0,0.0,0.0,0.0,52633.654948718395,0.0,0.0,0.0,0.0,0.0,0.0,0.0,0.0,0.0,0.0
101.16,-0.0,-0.0,0.0,0.0,0.0,0.0,0.0,52633.654948718395,0.0,0.0,0.0,0.0,0.0,0.0,0.0,0.0,0.0,0.0
98.48,0.4743416490252569,0.9486832980505138,1.0,0.0,0.9486832980505138,0.0,-109.63000000000001,52524.0249487184,0.0,0.0,1.0,0.0,0.0,0.0,0.0,0.0,0.0,0.0
99.17,0.9486832980505138,1.8973665961010275,1.0,0.0,0.9486832980505138,0.0,-110.33,52413.694948718396,0.0,0.0,1.0,0.0,0.0,0.0,0.0,0.0,0.0,0.0
100.14,1.0,2.0,0.10818510677891963,0.0,0.10263340389897246,0.0,-12.042084235561543,52401.652864482836,0.0,0.0,0.10818510677891963,0.0,0.0,0.0,0.0,0.0,0.0,0.0
107.64,1.0,2.0,0.0,0.0,0.0,0.0,0.0,52401.652864482836,0.0,0.0,0.0,0.0,0.0,0.0,0.0,0.0,0.0,0.0
131.04,1.0,2.0,-0.0,0.0,-0.0,0.0,0.0,52401.652864482836,0.0,0.0,-0.0,0.0,0.0,0.0,0.0,0.0,0.0,0.0
218.81,0.4729537233052701,0.9459074466105402,0.0,1.0,0.0,1.0540925533894598,217.43,52619.082864482836,0.0,0.0,0.0,0.0,0.0,0.0,0.0,0.0,0.0,1.0
171.92,0.0,0.0,0.0,0.8973665961010275,0.0,0.9459074466105402,153.03689929906923,52772.119763781906,0.0,0.0,0.0,0.0,0.0,0.0,0.0,0.0,0.0,0.8973665961010275
125.9,0.0,0.0,-0.0,0.0,-0.0,0.0,0.0,52772.119763781906,0.0,0.0,-0.0,0.0,0.0,0.0,0.0,0.0,0.0,0.0
107.33,-0.0,-0.0,0.0,0.0,0.0,0.0,0.0,52772.119763781906,0.0,0.0,0.0,0.0,0.0,0.0,0.0,0.0,0.0,0.0
97.2,0.0,0.0,-0.0,0.0,-0.0,0.0,0.0,52772.119763781906,0.0,0.0,-0.0,0.0,0.0,0.0,0.0,0.0,0.0,0.0
80.3,0.4743416490252569,0.9486832980505138,1.0,0.0,0.9486832980505138,0.0,-91.19,52680.9297637819,0.0,0.0,1.0,0.0,0.0,0.0,0.0,0.0,0.0,0.0
78.0,0.9486832980505138,1.8973665961010275,1.0,0.0,0.9486832980505138,0.0,-88.86,52592.0697637819,0.0,0.0,1.0,0.0,0.0,0.0,0.0,0.0,0.0,0.0
82.1,1.0,2.0,0.10818510677891963,0.0,0.10263340389897246,0.0,-10.063378632575102,52582.006385149325,0.0,0.0,0.10818510677891963,0.0,0.0,0.0,0.0,0.0,0.0,0.0
83.2,1.0,2.0,0.0,0.0,0.0,0.0,0.0,52582.006385149325,0.0,0.0,0.0,0.0,0.0,0.0,0.0,0.0,0.0,0.0
96.71,1.0,2.0,-0.0,0.0,-0.0,0.0,0.0,52582.006385149325,0.0,0.0,-0.0,0.0,0.0,0.0,0.0,0.0,0.0,0.0
123.66,1.0,2.0,-0.0,0.0,-0.0,0.0,0.0,52582.006385149325,0.0,0.0,-0.0,0.0,0.0,0.0,0.0,0.0,0.0,0.0
170.59,0.5270462766947299,1.0540925533894598,0.0,0.8973665961010275,0.0,0.9459074466105402,151.84340172625488,52733.84978687558,0.0,0.0,0.0,0.0,0.0,0.0,0.0,0.0,0.0,0.8973665961010275
275.19,0.0,0.0,0.0,1.0,0.0,1.0540925533894598,273.81,53007.65978687558,0.0,0.0,0.0,0.0,0.0,0.0,0.0,0.0,0.0,1.0
169.07,0.0,0.0,0.0,-0.0,0.0,-0.0,0.0,53007.65978687558,0.0,0.0,0.0,0.0,0.0,0.0,0.0,0.0,0.0,-0.0
122.94,0.0,0.0,0.0,-0.0,0.0,-0.0,0.0,53007.65978687558,0.0,0.0,0.0,0.0,0.0,0.0,0.0,0.0,0.0,-0.0
101.58,-0.0,-0.0,0.0,0.0,0.0,0.0,0.0,53007.65978687558,0.0,0.0,0.0,0.0,0.0,0.0,0.0,0.0,0.0,0.0
87.63,-0.0,-0.0,0.0,0.0,0.0,0.0,0.0,53007.65978687558,0.0,0.0,0.0,0.0,0.0,0.0,0.0,0.0,0.0,0.0
82.57,0.0,0.0,-0.0,0.0,-0.0,0.0,0.0,53007.65978687558,0.0,0.0,-0.0,0.0,0.0,0.0,0.0,0.0,0.0,0.0
79.24,-0.0,-0.0,0.0,0.0,0.0,0.0,0.0,53007.65978687558,0.0,0.0,0.0,0.0,0.0,0.0,0.0,0.0,0.0,0.0
71.54,-0.0,-0.0,0.0,0.0,0.0,0.0,0.0,53007.65978687558,0.0,0.0,0.0,0.0,0.0,0.0,0.0,0.0,0.0,0.0
65.23,0.4743416490252569,0.9486832980505138,1.0,0.0,0.9486832980505138,0.0,-75.91,52931.749786875575,0.0,0.0,1.0,0.0,0.0,0.0,0.0,0.0,0.0,0.0
65.17,0.9486832980505138,1.8973665961010275,1.0,0.0,0.9486832980505138,0.0,-75.85,52855.899786875576,0.0,0.0,1.0,0.0,0.0,0.0,0.0,0.0,0.0,0.0
66.6,0.9486832980505138,1.8973665961010275,0.0,0.0,0.0,0.0,0.0,52855.899786875576,0.0,0.0,0.0,0.0,0.0,0.0,0.0,0.0,0.0,0.0
85.87,0.5270462766947299,1.0540925533894598,0.0,0.7999999999999998,0.0,0.8432740427115677,67.59199999999998,52923.49178687557,0.0,0.0,0.0,0.0,0.0,0.0,0.0,0.0,0.0,0.7999999999999998
85.8,0.5270462766947299,1.0540925533894598,0.0,0.0,0.0,0.0,0.0,52923.49178687557,0.0,0.0,0.0,0.0,0.0,0.0,0.0,0.0,0.0,0.0
87.0,0.0,0.0,0.0,1.0,0.0,1.0540925533894598,85.62,53009.111786875575,0.0,0.0,0.0,0.0,0.0,0.0,0.0,0.0,0.0,1.0
63.63,0.0,0.0,0.0,-0.0,0.0,-0.0,0.0,53009.111786875575,0.0,0.0,0.0,0.0,0.0,0.0,0.0,0.0,0.0,-0.0
41.09,0.0,0.0,-0.0,0.0,-0.0,0.0,0.0,53009.111786875575,0.0,0.0,-0.0,0.0,0.0,0.0,0.0,0.0,0.0,0.0
8.23,0.0,0.0,-0.0,0.0,-0.0,0.0,0.0,53009.111786875575,0.0,0.0,-0.0,0.0,0.0,0.0,0.0,0.0,0.0,0.0
4.08,0.05131670194948623,0.10263340389897246,0.10818510677891963,0.0,0.10263340389897246,0.0,-1.502691133159194,53007.60909574242,0.0,0.0,0.10818510677891963,0.0,0.0,0.0,0.0,0.0,0.0,0.0
2.97,0.5256583509747431,1.0513167019494862,1.0,0.0,0.9486832980505138,0.0,-12.76,52994.849095742415,0.0,0.0,1.0,0.0,0.0,0.0,0.0,0.0,0.0,0.0
4.25,0.5256583509747431,1.0513167019494862,0.0,0.0,0.0,0.0,0.0,52994.849095742415,0.0,0.0,0.0,0.0,0.0,0.0,0.0,0.0,0.0,0.0
2.82,1.0,2.0,1.0,0.0,0.9486832980505138,0.0,-12.61,52982.239095742414,0.0,0.0,1.0,0.0,0.0,0.0,0.0,0.0,0.0,0.0
8.96,1.0,2.0,0.0,0.0,0.0,0.0,0.0,52982.239095742414,0.0,0.0,0.0,0.0,0.0,0.0,0.0,0.0,0.0,0.0
68.0,1.0,2.0,0.0,-0.0,0.0,-0.0,0.0,52982.239095742414,0.0,0.0,0.0,0.0,0.0,0.0,0.0,0.0,0.0,-0.0
106.68,1.0,2.0,0.0,0.0,0.0,0.0,0.0,52982.239095742414,0.0,0.0,0.0,0.0,0.0,0.0,0.0,0.0,0.0,0.0
128.0,0.4729537233052701,0.9459074466105402,0.0,1.0,0.0,1.0540925533894598,126.62,53108.85909574242,0.0,0.0,0.0,0.0,0.0,0.0,0.0,0.0,0.0,1.0
123.02,0.0,0.0,0.0,0.8973665961010275,0.0,0.9459074466105402,109.15567274972898,53218.01476849215,0.0,0.0,0.0,0.0,0.0,0.0,0.0,0.0,0.0,0.8973665961010275
103.19,-0.0,-0.0,0.0,0.0,0.0,0.0,0.0,53218.01476849215,0.0,0.0,0.0,0.0,0.0,0.0,0.0,0.0,0.0,0.0
81.2,0.0,0.0,-0.0,0.0,-0.0,0.0,0.0,53218.01476849215,0.0,0.0,-0.0,0.0,0.0,0.0,0.0,0.0,0.0,0.0
63.89,0.0,0.0,-0.0,0.0,-0.0,0.0,0.0,53218.01476849215,0.0,0.0,-0.0,0.0,0.0,0.0,0.0,0.0,0.0,0.0
18.19,-0.0,-0.0,0.0,0.0,0.0,0.0,0.0,53218.01476849215,0.0,0.0,0.0,0.0,0.0,0.0,0.0,0.0,0.0,0.0
18.04,-0.0,-0.0,0.0,0.0,0.0,0.0,0.0,53218.01476849215,0.0,0.0,0.0,0.0,0.0,0.0,0.0,0.0,0.0,0.0
15.19,-0.0,-0.0,0.0,0.0,0.0,0.0,0.0,53218.01476849215,0.0,0.0,0.0,0.0,0.0,0.0,0.0,0.0,0.0,0.0
11.13,0.4743416490252569,0.9486832980505138,1.0,0.0,0.9486832980505138,0.0,-21.04,53196.974768492146,0.0,0.0,1.0,0.0,0.0,0.0,0.0,0.0,0.0,0.0
13.14,0.5256583509747431,1.0513167019494862,0.10818510677891963,0.0,0.10263340389897246,0.0,-2.496912264457465,53194.47785622769,0.0,0.0,0.10818510677891963,0.0,0.0,0.0,0.0,0.0,0.0,0.0
13.07,1.0,2.0,1.0,0.0,0.9486832980505138,0.0,-23.009999999999998,53171.46785622769,0.0,0.0,1.0,0.0,0.0,0.0,0.0,0.0,0.0,0.0
30.1,1.0,2.0,0.0,-0.0,0.0,-0.0,0.0,53171.46785622769,0.0,0.0,0.0,0.0,0.0,0.0,0.0,0.0,0.0,-0.0
60.0,0.5270462766947299,1.0540925533894598,0.0,0.8973665961010275,0.0,0.9459074466105402,52.60362986344223,53224.07148609113,0.0,0.0,0.0,0.0,0.0,0.0,0.0,0.0,0.0,0.8973665961010275
71.2,0.0,0.0,0.0,1.0,0.0,1.0540925533894598,69.82000000000001,53293.89148609113,0.0,0.0,0.0,0.0,0.0,0.0,0.0,0.0,0.0,1.0
44.42,0.0,0.0,0.0,-0.0,0.0,-0.0,0.0,53293.89148609113,0.0,0.0,0.0,0.0,0.0,0.0,0.0,0.0,0.0,-0.0
2.33,-0.0,-0.0,0.0,0.0,0.0,0.0,0.0,53293.89148609113,0.0,0.0,0.0,0.0,0.0,0.0,0.0,0.0,0.0,0.0
0.0,-0.0,-0.0,0.0,0.0,0.0,0.0,0.0,53293.89148609113,0.0,0.0,0.0,0.0,0.0,0.0,0.0,0.0,0.0,0.0
-1.83,0.05131670194948623,0.10263340389897246,0.10818510677891963,0.0,0.10263340389897246,0.0,-0.8535804924856758,53293.03790559865,0.0,0.0,0.10818510677891963,0.0,0.0,0.0,0.0,0.0,0.0,0.0
-4.06,0.5256583509747431,1.0513167019494862,1.0,0.0,0.9486832980505138,0.0,-5.63,53287.40790559865,0.0,0.0,1.0,0.0,0.0,0.0,0.0,0.0,0.0,0.0
-2.01,1.0,2.0,1.0,0.0,0.9486832980505138,0.0,-7.710000000000001,53279.69790559865,0.0,0.0,1.0,0.0,0.0,0.0,0.0,0.0,0.0,0.0
-0.96,1.0,2.0,0.0,0.0,0.0,0.0,-0.0,53279.69790559865,0.0,0.0,0.0,0.0,0.0,0.0,0.0,0.0,0.0,0.0
-0.01,1.0,2.0,0.0,0.0,0.0,0.0,-0.0,53279.69790559865,0.0,0.0,0.0,0.0,0.0,0.0,0.0,0.0,0.0,0.0
51.63,1.0,2.0,-0.0,0.0,-0.0,0.0,0.0,53279.69790559865,0.0,0.0,-0.0,0.0,0.0,0.0,0.0,0.0,0.0,0.0
90.89,1.0,2.0,0.0,-0.0,0.0,-0.0,0.0,53279.69790559865,0.0,0.0,0.0,0.0,0.0,0.0,0.0,0.0,0.0,-0.0
120.0,0.5270462766947299,1.0540925533894598,0.0,0.8973665961010275,0.0,0.9459074466105402,106.44562562950388,53386.143531228154,0.0,0.0,0.0,0.0,0.0,0.0,0.0,0.0,0.0,0.8973665961010275
123.8,0.0,0.0,0.0,1.0,0.0,1.0540925533894598,122.42,53508.56353122815,0.0,0.0,0.0,0.0,0.0,0.0,0.0,0.0,0.0,1.0
102.99,-0.0,-0.0,0.0,-0.0,0.0,-0.0,0.0,53508.56353122815,0.0,0.0,0.0,0.0,0.0,0.0,0.0,0.0,0.0,-0.0
89.5,0.0,0.0,0.0,0.0,0.0,0.0,0.0,53508.56353122815,0.0,0.0,0.0,0.0,0.0,0.0,0.0,0.0,0.0,0.0
72.26,0.0,0.0,-0.0,0.0,-0.0,0.0,0.0,53508.56353122815,0.0,0.0,-0.0,0.0,0.0,0.0,0.0,0.0,0.0,0.0
46.84,0.0,0.0,-0.0,0.0,-0.0,0.0,0.0,53508.56353122815,0.0,0.0,-0.0,0.0,0.0,0.0,0.0,0.0,0.0,0.0
34.5,0.0,0.0,0.0,-0.0,0.0,-0.0,0.0,53508.56353122815,0.0,0.0,0.0,0.0,0.0,0.0,0.0,0.0,0.0,-0.0
24.4,-0.0,-0.0,0.0,0.0,0.0,0.0,0.0,53508.56353122815,0.0,0.0,0.0,0.0,0.0,0.0,0.0,0.0,0.0,0.0
19.65,0.4743416490252569,0.9486832980505138,1.0,0.0,0.9486832980505138,0.0,-29.68,53478.88353122815,0.0,0.0,1.0,0.0,0.0,0.0,0.0,0.0,0.0,0.0
19.71,0.5256583509747431,1.0513167019494862,0.10818510677891963,0.0,0.10263340389897246,0.0,-3.21742507560507,53475.666106152545,0.0,0.0,0.10818510677891963,0.0,0.0,0.0,0.0,0.0,0.0,0.0
18.99,1.0,2.0,1.0,0.0,0.9486832980505138,0.0,-29.009999999999998,53446.65610615254,0.0,0.0,1.0,0.0,0.0,0.0,0.0,0.0,0.0,0.0
21.09,1.0,2.0,0.0,0.0,0.0,0.0,0.0,53446.65610615254,0.0,0.0,0.0,0.0,0.0,0.0,0.0,0.0,0.0,0.0
36.55,1.0,2.0,0.0,-0.0,0.0,-0.0,0.0,53446.65610615254,0.0,0.0,0.0,0.0,0.0,0.0,0.0,0.0,0.0,-0.0
39.0,0.4729537233052701,0.9459074466105402,0.0,1.0,0.0,1.0540925533894598,37.62,53484.276106152545,0.0,0.0,0.0,0.0,0.0,0.0,0.0,0.0,0.0,1.0
37.0,0.0,0.0,0.0,0.8973665961010275,0.0,0.9459074466105402,31.9641981531186,53516.24030430566,0.0,0.0,0.0,0.0,0.0,0.0,0.0,0.0,0.0,0.8973665961010275
14.3,0.0,0.0,0.0,-0.0,0.0,-0.0,0.0,53516.24030430566,0.0,0.0,0.0,0.0,0.0,0.0,0.0,0.0,0.0,-0.0
2.37,-0.0,-0.0,0.0,0.0,0.0,0.0,0.0,53516.24030430566,0.0,0.0,0.0,0.0,0.0,0.0,0.0,0.0,0.0,0.0
1.36,0.05131670194948623,0.10263340389897246,0.10818510677891963,0.0,0.10263340389897246,0.0,-1.2041002384493753,53515.03620406721,0.0,0.0,0.10818510677891963,0.0,0.0,0.0,0.0,0.0,0.0,0.0
1.32,0.5256583509747431,1.0513167019494862,1.0,0.0,0.9486832980505138,0.0,-11.09,53503.946204067215,0.0,0.0,1.0,0.0,0.0,0.0,0.0,0.0,0.0,0.0
1.37,0.5256583509747431,1.0513167019494862,0.0,0.0,0.0,0.0,0.0,53503.946204067215,0.0,0.0,0.0,0.0,0.0,0.0,0.0,0.0,0.0,0.0
0.0,1.0,2.0,1.0,0.0,0.9486832980505138,0.0,-9.75,53494.196204067215,0.0,0.0,1.0,0.0,0.0,0.0,0.0,0.0,0.0,0.0
3.88,1.0,2.0,0.0,0.0,0.0,0.0,0.0,53494.196204067215,0.0,0.0,0.0,0.0,0.0,0.0,0.0,0.0,0.0,0.0
63.0,1.0,2.0,0.0,-0.0,0.0,-0.0,0.0,53494.196204067215,0.0,0.0,0.0,0.0,0.0,0.0,0.0,0.0,0.0,-0.0
97.51,1.0,2.0,0.0,0.0,0.0,0.0,0.0,53494.196204067215,0.0,0.0,0.0,0.0,0.0,0.0,0.0,0.0,0.0,0.0
116.93,0.5270462766947299,1.0540925533894598,0.0,0.8973665961010275,0.0,0.9459074466105402,103.69071017947374,53597.88691424669,0.0,0.0,0.0,0.0,0.0,0.0,0.0,0.0,0.0,0.8973665961010275
118.77,-0.0,-0.0,0.0,1.0,0.0,1.0540925533894598,117.39,53715.276914246686,0.0,0.0,0.0,0.0,0.0,0.0,0.0,0.0,0.0,1.0
111.17,0.0,0.0,0.0,0.0,0.0,0.0,0.0,53715.276914246686,0.0,0.0,0.0,0.0,0.0,0.0,0.0,0.0,0.0,0.0
100.0,-0.0,-0.0,0.0,0.0,0.0,0.0,0.0,53715.276914246686,0.0,0.0,0.0,0.0,0.0,0.0,0.0,0.0,0.0,0.0
87.18,-0.0,-0.0,0.0,0.0,0.0,0.0,0.0,53715.276914246686,0.0,0.0,0.0,0.0,0.0,0.0,0.0,0.0,0.0,0.0
85.69,0.0,0.0,-0.0,0.0,-0.0,0.0,0.0,53715.276914246686,0.0,0.0,-0.0,0.0,0.0,0.0,0.0,0.0,0.0,0.0
77.57,0.4743416490252569,0.9486832980505138,1.0,0.0,0.9486832980505138,0.0,-88.41999999999999,53626.85691424669,0.0,0.0,1.0,0.0,0.0,0.0,0.0,0.0,0.0,0.0
80.61,0.9486832980505138,1.8973665961010275,1.0,0.0,0.9486832980505138,0.0,-91.5,53535.35691424669,0.0,0.0,1.0,0.0,0.0,0.0,0.0,0.0,0.0,0.0
85.93,0.9486832980505138,1.8973665961010275,0.0,0.0,0.0,0.0,0.0,53535.35691424669,0.0,0.0,0.0,0.0,0.0,0.0,0.0,0.0,0.0,0.0
93.77,0.9486832980505138,1.8973665961010275,0.0,0.0,0.0,0.0,0.0,53535.35691424669,0.0,0.0,0.0,0.0,0.0,0.0,0.0,0.0,0.0,0.0
99.82,0.9486832980505138,1.8973665961010275,0.0,0.0,0.0,0.0,0.0,53535.35691424669,0.0,0.0,0.0,0.0,0.0,0.0,0.0,0.0,0.0,0.0
100.75,0.9486832980505138,1.8973665961010275,0.0,0.0,0.0,0.0,0.0,53535.35691424669,0.0,0.0,0.0,0.0,0.0,0.0,0.0,0.0,0.0,0.0
105.36,0.5270462766947299,1.0540925533894598,0.0,0.7999999999999998,0.0,0.8432740427115677,83.18399999999998,53618.54091424669,0.0,0.0,0.0,0.0,0.0,0.0,0.0,0.0,0.0,0.7999999999999998
108.48,-0.0,-0.0,0.0,1.0,0.0,1.0540925533894598,107.10000000000001,53725.64091424669,0.0,0.0,0.0,0.0,0.0,0.0,0.0,0.0,0.0,1.0
87.78,0.0,0.0,0.0,0.0,0.0,0.0,0.0,53725.64091424669,0.0,0.0,0.0,0.0,0.0,0.0,0.0,0.0,0.0,0.0
61.68,0.0,0.0,-0.0,0.0,-0.0,0.0,0.0,53725.64091424669,0.0,0.0,-0.0,0.0,0.0,0.0,0.0,0.0,0.0,0.0
17.58,-0.0,-0.0,0.0,-0.0,0.0,-0.0,0.0,53725.64091424669,0.0,0.0,0.0,0.0,0.0,0.0,0.0,0.0,0.0,-0.0
6.52,0.0,0.0,0.0,0.0,0.0,0.0,0.0,53725.64091424669,0.0,0.0,0.0,0.0,0.0,0.0,0.0,0.0,0.0,0.0
0.01,0.05131670194948623,0.10263340389897246,0.10818510677891963,0.0,0.10263340389897246,0.0,-1.0558866421622557,53724.585027604524,0.0,0.0,0.10818510677891963,0.0,0.0,0.0,0.0,0.0,0.0,0.0
0.0,0.5256583509747431,1.0513167019494862,1.0,0.0,0.9486832980505138,0.0,-9.75,53714.835027604524,0.0,0.0,1.0,0.0,0.0,0.0,0.0,0.0,0.0,0.0
0.0,1.0,2.0,1.0,0.0,0.9486832980505138,0.0,-9.75,53705.085027604524,0.0,0.0,1.0,0.0,0.0,0.0,0.0,0.0,0.0,0.0
19.33,1.0,2.0,-0.0,0.0,-0.0,0.0,0.0,53705.085027604524,0.0,0.0,-0.0,0.0,0.0,0.0,0.0,0.0,0.0,0.0
98.2,1.0,2.0,-0.0,0.0,-0.0,0.0,0.0,53705.085027604524,0.0,0.0,-0.0,0.0,0.0,0.0,0.0,0.0,0.0,0.0
124.34,0.5270462766947299,1.0540925533894598,0.0,0.8973665961010275,0.0,0.9459074466105402,110.34019665658235,53815.425224261104,0.0,0.0,0.0,0.0,0.0,0.0,0.0,0.0,0.0,0.8973665961010275
142.02,0.0,0.0,0.0,1.0,0.0,1.0540925533894598,140.64000000000001,53956.0652242611,0.0,0.0,0.0,0.0,0.0,0.0,0.0,0.0,0.0,1.0
123.22,0.0,0.0,0.0,-0.0,0.0,-0.0,0.0,53956.0652242611,0.0,0.0,0.0,0.0,0.0,0.0,0.0,0.0,0.0,-0.0
89.67,-0.0,-0.0,0.0,-0.0,0.0,-0.0,0.0,53956.0652242611,0.0,0.0,0.0,0.0,0.0,0.0,0.0,0.0,0.0,-0.0
71.64,0.0,0.0,0.0,0.0,0.0,0.0,0.0,53956.0652242611,0.0,0.0,0.0,0.0,0.0,0.0,0.0,0.0,0.0,0.0
14.27,-0.0,-0.0,-0.0,0.0,-0.0,0.0,0.0,53956.0652242611,0.0,0.0,-0.0,0.0,0.0,0.0,0.0,0.0,0.0,0.0
15.81,0.0,0.0,0.0,0.0,0.0,0.0,0.0,53956.0652242611,0.0,0.0,0.0,0.0,0.0,0.0,0.0,0.0,0.0,0.0
3.87,-0.0,-0.0,0.0,0.0,0.0,0.0,0.0,53956.0652242611,0.0,0.0,0.0,0.0,0.0,0.0,0.0,0.0,0.0,0.0
1.39,-0.0,-0.0,0.0,0.0,0.0,0.0,0.0,53956.0652242611,0.0,0.0,0.0,0.0,0.0,0.0,0.0,0.0,0.0,0.0
0.01,-0.0,-0.0,0.0,0.0,0.0,0.0,0.0,53956.0652242611,0.0,0.0,0.0,0.0,0.0,0.0,0.0,0.0,0.0,0.0
0.0,-0.0,-0.0,0.0,0.0,0.0,0.0,0.0,53956.0652242611,0.0,0.0,0.0,0.0,0.0,0.0,0.0,0.0,0.0,0.0
0.9,-0.0,-0.0,0.0,0.0,0.0,0.0,0.0,53956.0652242611,0.0,0.0,0.0,0.0,0.0,0.0,0.0,0.0,0.0,0.0
-0.06,0.10402132961895927,0.20804265923791854,0.21929621789003084,0.0,0.20804265923791854,0.0,-2.1249803513543988,53953.94024390975,0.0,0.0,0.21929621789003084,0.0,0.0,0.0,0.0,0.0,0.0,0.0
0.0,0.10402132961895927,0.20804265923791854,0.0,0.0,0.0,0.0,0.0,53953.94024390975,0.0,0.0,0.0,0.0,0.0,0.0,0.0,0.0,0.0,0.0
3.34,0.10402132961895927,0.20804265923791854,0.0,0.0,0.0,0.0,0.0,53953.94024390975,0.0,0.0,0.0,0.0,0.0,0.0,0.0,0.0,0.0,0.0
2.34,0.10402132961895927,0.20804265923791854,0.0,0.0,0.0,0.0,0.0,53953.94024390975,0.0,0.0,0.0,0.0,0.0,0.0,0.0,0.0,0.0,0.0
4.28,0.10402132961895927,0.20804265923791854,0.0,0.0,0.0,0.0,0.0,53953.94024390975,0.0,0.0,0.0,0.0,0.0,0.0,0.0,0.0,0.0,0.0
0.42,0.10402132961895927,0.20804265923791854,0.0,0.0,0.0,0.0,0.0,53953.94024390975,0.0,0.0,0.0,0.0,0.0,0.0,0.0,0.0,0.0,0.0
0.0,0.10402132961895927,0.20804265923791854,0.0,0.0,0.0,0.0,0.0,53953.94024390975,0.0,0.0,0.0,0.0,0.0,0.0,0.0,0.0,0.0,0.0
-0.01,0.10402132961895927,0.20804265923791854,0.0,0.0,0.0,0.0,-0.0,53953.94024390975,0.0,0.0,0.0,0.0,0.0,0.0,0.0,0.0,0.0,0.0
-0.01,0.10402132961895927,0.20804265923791854,0.0,0.0,0.0,0.0,-0.0,53953.94024390975,0.0,0.0,0.0,0.0,0.0,0.0,0.0,0.0,0.0,0.0
-0.07,0.5783629786442162,1.1567259572884323,1.0,0.0,0.9486832980505138,0.0,-9.68,53944.260243909746,0.0,0.0,1.0,0.0,0.0,0.0,0.0,0.0,0.0,0.0
0.0,0.5783629786442162,1.1567259572884323,0.0,0.0,0.0,0.0,0.0,53944.260243909746,0.0,0.0,0.0,0.0,0.0,0.0,0.0,0.0,0.0,0.0
1.74,0.5783629786442162,1.1567259572884323,0.0,0.0,0.0,0.0,0.0,53944.260243909746,0.0,0.0,0.0,0.0,0.0,0.0,0.0,0.0,0.0,0.0
3.9,0.5783629786442162,1.1567259572884323,0.0,0.0,0.0,0.0,0.0,53944.260243909746,0.0,0.0,0.0,0.0,0.0,0.0,0.0,0.0,0.0,0.0
25.58,0.05131670194948623,0.10263340389897246,0.0,1.0,0.0,1.0540925533894598,24.2,53968.46024390974,0.0,0.0,0.0,0.0,0.0,0.0,0.0,0.0,0.0,1.0
4.01,0.05131670194948623,0.10263340389897246,0.0,0.0,0.0,0.0,0.0,53968.46024390974,0.0,0.0,0.0,0.0,0.0,0.0,0.0,0.0,0.0,0.0
2.84,0.05131670194948623,0.10263340389897246,0.0,0.0,0.0,0.0,0.0,53968.46024390974,0.0,0.0,0.0,0.0,0.0,0.0,0.0,0.0,0.0,0.0
2.91,0.05131670194948623,0.10263340389897246,0.0,0.0,0.0,0.0,0.0,53968.46024390974,0.0,0.0,0.0,0.0,0.0,0.0,0.0,0.0,0.0,0.0
0.06,0.05131670194948623,0.10263340389897246,0.0,0.0,0.0,0.0,0.0,53968.46024390974,0.0,0.0,0.0,0.0,0.0,0.0,0.0,0.0,0.0,0.0
1.64,0.05131670194948623,0.10263340389897246,0.0,0.0,0.0,0.0,0.0,53968.46024390974,0.0,0.0,0.0,0.0,0.0,0.0,0.0,0.0,0.0,0.0
-0.05,0.05131670194948623,0.10263340389897246,0.0,0.0,0.0,0.0,-0.0,53968.46024390974,0.0,0.0,0.0,0.0,0.0,0.0,0.0,0.0,0.0,0.0
-0.11,0.5256583509747431,1.0513167019494862,1.0,0.0,0.9486832980505138,0.0,-9.64,53958.820243909744,0.0,0.0,1.0,0.0,0.0,0.0,0.0,0.0,0.0,0.0
-0.56,1.0,2.0,1.0,0.0,0.9486832980505138,0.0,-9.18,53949.640243909744,0.0,0.0,1.0,0.0,0.0,0.0,0.0,0.0,0.0,0.0
0.0,1.0,2.0,0.0,0.0,0.0,0.0,0.0,53949.640243909744,0.0,0.0,0.0,0.0,0.0,0.0,0.0,0.0,0.0,0.0
0.19,1.0,2.0,0.0,0.0,0.0,0.0,0.0,53949.640243909744,0.0,0.0,0.0,0.0,0.0,0.0,0.0,0.0,0.0,0.0
2.32,1.0,2.0,-0.0,0.0,-0.0,0.0,0.0,53949.640243909744,0.0,0.0,-0.0,0.0,0.0,0.0,0.0,0.0,0.0,0.0
18.68,0.5270462766947299,1.0540925533894598,0.0,0.8973665961010275,0.0,0.9459074466105402,15.524442112547778,53965.16468602229,0.0,0.0,0.0,0.0,0.0,0.0,0.0,0.0,0.0,0.8973665961010275
24.0,0.0,0.0,0.0,1.0,0.0,1.0540925533894598,22.62,53987.78468602229,0.0,0.0,0.0,0.0,0.0,0.0,0.0,0.0,0.0,1.0
10.0,-0.0,-0.0,0.0,0.0,0.0,0.0,0.0,53987.78468602229,0.0,0.0,0.0,0.0,0.0,0.0,0.0,0.0,0.0,0.0
2.85,-0.0,-0.0,0.0,0.0,0.0,0.0,0.0,53987.78468602229,0.0,0.0,0.0,0.0,0.0,0.0,0.0,0.0,0.0,0.0
1.27,-0.0,-0.0,0.0,0.0,0.0,0.0,0.0,53987.78468602229,0.0,0.0,0.0,0.0,0.0,0.0,0.0,0.0,0.0,0.0
0.13,0.4743416490252569,0.9486832980505138,1.0,0.0,0.9486832980505138,0.0,-9.88,53977.904686022295,0.0,0.0,1.0,0.0,0.0,0.0,0.0,0.0,0.0,0.0
0.65,0.9486832980505138,1.8973665961010275,1.0,0.0,0.9486832980505138,0.0,-10.41,53967.49468602229,0.0,0.0,1.0,0.0,0.0,0.0,0.0,0.0,0.0,0.0
1.69,0.9486832980505138,1.8973665961010275,0.0,0.0,0.0,0.0,0.0,53967.49468602229,0.0,0.0,0.0,0.0,0.0,0.0,0.0,0.0,0.0,0.0
0.77,1.0,2.0,0.10818510677891963,0.0,0.10263340389897246,0.0,-1.1391891743820235,53966.35549684791,0.0,0.0,0.10818510677891963,0.0,0.0,0.0,0.0,0.0,0.0,0.0
1.67,1.0,2.0,0.0,0.0,0.0,0.0,0.0,53966.35549684791,0.0,0.0,0.0,0.0,0.0,0.0,0.0,0.0,0.0,0.0
2.84,1.0,2.0,0.0,0.0,0.0,0.0,0.0,53966.35549684791,0.0,0.0,0.0,0.0,0.0,0.0,0.0,0.0,0.0,0.0
4.46,1.0,2.0,0.0,0.0,0.0,0.0,0.0,53966.35549684791,0.0,0.0,0.0,0.0,0.0,0.0,0.0,0.0,0.0,0.0
6.7,1.0,2.0,0.0,0.0,0.0,0.0,0.0,53966.35549684791,0.0,0.0,0.0,0.0,0.0,0.0,0.0,0.0,0.0,0.0
5.74,1.0,2.0,0.0,0.0,0.0,0.0,0.0,53966.35549684791,0.0,0.0,0.0,0.0,0.0,0.0,0.0,0.0,0.0,0.0
2.9,1.0,2.0,0.0,0.0,0.0,0.0,0.0,53966.35549684791,0.0,0.0,0.0,0.0,0.0,0.0,0.0,0.0,0.0,0.0
4.14,1.0,2.0,0.0,0.0,0.0,0.0,0.0,53966.35549684791,0.0,0.0,0.0,0.0,0.0,0.0,0.0,0.0,0.0,0.0
4.0,1.0,2.0,0.0,0.0,0.0,0.0,0.0,53966.35549684791,0.0,0.0,0.0,0.0,0.0,0.0,0.0,0.0,0.0,0.0
2.37,1.0,2.0,0.0,0.0,0.0,0.0,0.0,53966.35549684791,0.0,0.0,0.0,0.0,0.0,0.0,0.0,0.0,0.0,0.0
3.02,1.0,2.0,0.0,0.0,0.0,0.0,0.0,53966.35549684791,0.0,0.0,0.0,0.0,0.0,0.0,0.0,0.0,0.0,0.0
3.07,1.0,2.0,0.0,0.0,0.0,0.0,0.0,53966.35549684791,0.0,0.0,0.0,0.0,0.0,0.0,0.0,0.0,0.0,0.0
3.07,1.0,2.0,0.0,0.0,0.0,0.0,0.0,53966.35549684791,0.0,0.0,0.0,0.0,0.0,0.0,0.0,0.0,0.0,0.0
3.09,1.0,2.0,0.0,0.0,0.0,0.0,0.0,53966.35549684791,0.0,0.0,0.0,0.0,0.0,0.0,0.0,0.0,0.0,0.0
4.13,1.0,2.0,-0.0,0.0,-0.0,0.0,0.0,53966.35549684791,0.0,0.0,-0.0,0.0,0.0,0.0,0.0,0.0,0.0,0.0
10.0,1.0,2.0,0.0,0.0,0.0,0.0,0.0,53966.35549684791,0.0,0.0,0.0,0.0,0.0,0.0,0.0,0.0,0.0,0.0
59.89,0.4729537233052701,0.9459074466105402,0.0,1.0,0.0,1.0540925533894598,58.51,54024.86549684791,0.0,0.0,0.0,0.0,0.0,0.0,0.0,0.0,0.0,1.0
52.35,0.0,0.0,0.0,0.8973665961010275,0.0,0.9459074466105402,45.73877540326937,54070.60427225118,0.0,0.0,0.0,0.0,0.0,0.0,0.0,0.0,0.0,0.8973665961010275
4.29,-0.0,-0.0,0.0,0.0,0.0,0.0,0.0,54070.60427225118,0.0,0.0,0.0,0.0,0.0,0.0,0.0,0.0,0.0,0.0
4.1,0.4743416490252569,0.9486832980505138,1.0,0.0,0.9486832980505138,0.0,-13.91,54056.694272251174,0.0,0.0,1.0,0.0,0.0,0.0,0.0,0.0,0.0,0.0
4.12,0.9486832980505138,1.8973665961010275,1.0,0.0,0.9486832980505138,0.0,-13.93,54042.764272251174,0.0,0.0,1.0,0.0,0.0,0.0,0.0,0.0,0.0,0.0
9.1,0.9486832980505138,1.8973665961010275,0.0,0.0,0.0,0.0,0.0,54042.764272251174,0.0,0.0,0.0,0.0,0.0,0.0,0.0,0.0,0.0,0.0
4.29,1.0,2.0,0.10818510677891963,0.0,0.10263340389897246,0.0,-1.5254100055827668,54041.23886224559,0.0,0.0,0.10818510677891963,0.0,0.0,0.0,0.0,0.0,0.0,0.0
5.63,1.0,2.0,0.0,0.0,0.0,0.0,0.0,54041.23886224559,0.0,0.0,0.0,0.0,0.0,0.0,0.0,0.0,0.0,0.0
7.12,1.0,2.0,0.0,0.0,0.0,0.0,0.0,54041.23886224559,0.0,0.0,0.0,0.0,0.0,0.0,0.0,0.0,0.0,0.0
6.69,1.0,2.0,0.0,0.0,0.0,0.0,0.0,54041.23886224559,0.0,0.0,0.0,0.0,0.0,0.0,0.0,0.0,0.0,0.0
50.0,1.0,2.0,0.0,-0.0,0.0,-0.0,0.0,54041.23886224559,0.0,0.0,0.0,0.0,0.0,0.0,0.0,0.0,0.0,-0.0
92.77,1.0,2.0,0.0,-0.0,0.0,-0.0,0.0,54041.23886224559,0.0,0.0,0.0,0.0,0.0,0.0,0.0,0.0,0.0,-0.0
116.21,0.4729537233052701,0.9459074466105402,0.0,1.0,0.0,1.0540925533894598,114.83,54156.06886224559,0.0,0.0,0.0,0.0,0.0,0.0,0.0,0.0,0.0,1.0
110.79,0.0,0.0,0.0,0.8973665961010275,0.0,0.9459074466105402,98.18087927941343,54254.249741525,0.0,0.0,0.0,0.0,0.0,0.0,0.0,0.0,0.0,0.8973665961010275
90.82,0.0,0.0,0.0,-0.0,0.0,-0.0,0.0,54254.249741525,0.0,0.0,0.0,0.0,0.0,0.0,0.0,0.0,0.0,-0.0
76.2,-0.0,-0.0,0.0,-0.0,0.0,-0.0,0.0,54254.249741525,0.0,0.0,0.0,0.0,0.0,0.0,0.0,0.0,0.0,-0.0
60.0,0.0,0.0,0.0,0.0,0.0,0.0,0.0,54254.249741525,0.0,0.0,0.0,0.0,0.0,0.0,0.0,0.0,0.0,0.0
34.51,0.0,0.0,-0.0,0.0,-0.0,0.0,0.0,54254.249741525,0.0,0.0,-0.0,0.0,0.0,0.0,0.0,0.0,0.0,0.0
27.7,-0.0,-0.0,0.0,0.0,0.0,0.0,0.0,54254.249741525,0.0,0.0,0.0,0.0,0.0,0.0,0.0,0.0,0.0,0.0
19.48,0.0,0.0,-0.0,0.0,-0.0,0.0,0.0,54254.249741525,0.0,0.0,-0.0,0.0,0.0,0.0,0.0,0.0,0.0,0.0
14.42,0.05131670194948623,0.10263340389897246,0.10818510677891963,0.0,0.10263340389897246,0.0,-2.636471052202271,54251.6132704728,0.0,0.0,0.10818510677891963,0.0,0.0,0.0,0.0,0.0,0.0,0.0
9.08,0.5256583509747431,1.0513167019494862,1.0,0.0,0.9486832980505138,0.0,-18.96,54232.6532704728,0.0,0.0,1.0,0.0,0.0,0.0,0.0,0.0,0.0,0.0
9.1,1.0,2.0,1.0,0.0,0.9486832980505138,0.0,-18.98,54213.6732704728,0.0,0.0,1.0,0.0,0.0,0.0,0.0,0.0,0.0,0.0
45.06,1.0,2.0,0.0,-0.0,0.0,-0.0,0.0,54213.6732704728,0.0,0.0,0.0,0.0,0.0,0.0,0.0,0.0,0.0,-0.0
80.2,0.5270462766947299,1.0540925533894598,0.0,0.8973665961010275,0.0,0.9459074466105402,70.730435104683,54284.40370557748,0.0,0.0,0.0,0.0,0.0,0.0,0.0,0.0,0.0,0.8973665961010275
92.0,0.0,0.0,0.0,1.0,0.0,1.0540925533894598,90.62,54375.023705577485,0.0,0.0,0.0,0.0,0.0,0.0,0.0,0.0,0.0,1.0
72.94,0.0,0.0,0.0,-0.0,0.0,-0.0,0.0,54375.023705577485,0.0,0.0,0.0,0.0,0.0,0.0,0.0,0.0,0.0,-0.0
52.24,0.0,0.0,-0.0,0.0,-0.0,0.0,0.0,54375.023705577485,0.0,0.0,-0.0,0.0,0.0,0.0,0.0,0.0,0.0,0.0
5.89,-0.0,-0.0,0.0,0.0,0.0,0.0,0.0,54375.023705577485,0.0,0.0,0.0,0.0,0.0,0.0,0.0,0.0,0.0,0.0
2.36,-0.0,-0.0,0.0,0.0,0.0,0.0,0.0,54375.023705577485,0.0,0.0,0.0,0.0,0.0,0.0,0.0,0.0,0.0,0.0
2.22,0.4743416490252569,0.9486832980505138,1.0,0.0,0.9486832980505138,0.0,-12.0,54363.023705577485,0.0,0.0,1.0,0.0,0.0,0.0,0.0,0.0,0.0,0.0
2.0,0.9486832980505138,1.8973665961010275,1.0,0.0,0.9486832980505138,0.0,-11.78,54351.243705577486,0.0,0.0,1.0,0.0,0.0,0.0,0.0,0.0,0.0,0.0
2.34,1.0,2.0,0.10818510677891963,0.0,0.10263340389897246,0.0,-1.3112034941605057,54349.93250208333,0.0,0.0,0.10818510677891963,0.0,0.0,0.0,0.0,0.0,0.0,0.0
15.31,1.0,2.0,-0.0,0.0,-0.0,0.0,0.0,54349.93250208333,0.0,0.0,-0.0,0.0,0.0,0.0,0.0,0.0,0.0,0.0
49.9,1.0,2.0,0.0,-0.0,0.0,-0.0,0.0,54349.93250208333,0.0,0.0,0.0,0.0,0.0,0.0,0.0,0.0,0.0,-0.0
79.24,0.5270462766947299,1.0540925533894598,0.0,0.8973665961010275,0.0,0.9459074466105402,69.86896317242599,54419.801465255754,0.0,0.0,0.0,0.0,0.0,0.0,0.0,0.0,0.0,0.8973665961010275
98.46,0.0,0.0,0.0,1.0,0.0,1.0540925533894598,97.08,54516.881465255756,0.0,0.0,0.0,0.0,0.0,0.0,0.0,0.0,0.0,1.0
15.0,-0.0,-0.0,0.0,0.0,0.0,0.0,0.0,54516.881465255756,0.0,0.0,0.0,0.0,0.0,0.0,0.0,0.0,0.0,0.0
9.05,-0.0,-0.0,0.0,0.0,0.0,0.0,0.0,54516.881465255756,0.0,0.0,0.0,0.0,0.0,0.0,0.0,0.0,0.0,0.0
5.73,-0.0,-0.0,0.0,0.0,0.0,0.0,0.0,54516.881465255756,0.0,0.0,0.0,0.0,0.0,0.0,0.0,0.0,0.0,0.0
4.0,0.05131670194948623,0.10263340389897246,0.10818510677891963,0.0,0.10263340389897246,0.0,-1.4940363246168802,54515.38742893114,0.0,0.0,0.10818510677891963,0.0,0.0,0.0,0.0,0.0,0.0,0.0
1.68,0.5256583509747431,1.0513167019494862,1.0,0.0,0.9486832980505138,0.0,-11.45,54503.937428931145,0.0,0.0,1.0,0.0,0.0,0.0,0.0,0.0,0.0,0.0
6.84,0.5256583509747431,1.0513167019494862,0.0,0.0,0.0,0.0,0.0,54503.937428931145,0.0,0.0,0.0,0.0,0.0,0.0,0.0,0.0,0.0,0.0
3.6,1.0,2.0,1.0,0.0,0.9486832980505138,0.0,-13.4,54490.537428931144,0.0,0.0,1.0,0.0,0.0,0.0,0.0,0.0,0.0,0.0
6.39,1.0,2.0,0.0,0.0,0.0,0.0,0.0,54490.537428931144,0.0,0.0,0.0,0.0,0.0,0.0,0.0,0.0,0.0,0.0
8.19,1.0,2.0,-0.0,0.0,-0.0,0.0,0.0,54490.537428931144,0.0,0.0,-0.0,0.0,0.0,0.0,0.0,0.0,0.0,0.0
34.03,1.0,2.0,0.0,-0.0,0.0,-0.0,0.0,54490.537428931144,0.0,0.0,0.0,0.0,0.0,0.0,0.0,0.0,0.0,-0.0
56.0,1.0,2.0,0.0,-0.0,0.0,-0.0,0.0,54490.537428931144,0.0,0.0,0.0,0.0,0.0,0.0,0.0,0.0,0.0,-0.0
89.0,1.0,2.0,0.0,-0.0,0.0,-0.0,0.0,54490.537428931144,0.0,0.0,0.0,0.0,0.0,0.0,0.0,0.0,0.0,-0.0
103.97,0.4729537233052701,0.9459074466105402,0.0,1.0,0.0,1.0540925533894598,102.59,54593.12742893114,0.0,0.0,0.0,0.0,0.0,0.0,0.0,0.0,0.0,1.0
95.18,0.0,0.0,0.0,0.8973665961010275,0.0,0.9459074466105402,84.17298671427639,54677.30041564542,0.0,0.0,0.0,0.0,0.0,0.0,0.0,0.0,0.0,0.8973665961010275
53.7,0.0,0.0,-0.0,0.0,-0.0,0.0,0.0,54677.30041564542,0.0,0.0,-0.0,0.0,0.0,0.0,0.0,0.0,0.0,0.0
13.03,0.0,0.0,-0.0,0.0,-0.0,0.0,0.0,54677.30041564542,0.0,0.0,-0.0,0.0,0.0,0.0,0.0,0.0,0.0,0.0
2.36,0.4743416490252569,0.9486832980505138,1.0,0.0,0.9486832980505138,0.0,-12.139999999999999,54665.16041564542,0.0,0.0,1.0,0.0,0.0,0.0,0.0,0.0,0.0,0.0
2.43,0.5256583509747431,1.0513167019494862,0.10818510677891963,0.0,0.10263340389897246,0.0,-1.3209401537706087,54663.83947549165,0.0,0.0,0.10818510677891963,0.0,0.0,0.0,0.0,0.0,0.0,0.0
2.18,1.0,2.0,1.0,0.0,0.9486832980505138,0.0,-11.959999999999999,54651.87947549165,0.0,0.0,1.0,0.0,0.0,0.0,0.0,0.0,0.0,0.0
11.97,1.0,2.0,0.0,0.0,0.0,0.0,0.0,54651.87947549165,0.0,0.0,0.0,0.0,0.0,0.0,0.0,0.0,0.0,0.0
49.84,1.0,2.0,0.0,-0.0,0.0,-0.0,0.0,54651.87947549165,0.0,0.0,0.0,0.0,0.0,0.0,0.0,0.0,0.0,-0.0
84.78,1.0,2.0,-0.0,0.0,-0.0,0.0,0.0,54651.87947549165,0.0,0.0,-0.0,0.0,0.0,0.0,0.0,0.0,0.0,0.0
103.0,1.0,2.0,-0.0,0.0,-0.0,0.0,0.0,54651.87947549165,0.0,0.0,-0.0,0.0,0.0,0.0,0.0,0.0,0.0,0.0
141.4,0.5270462766947299,1.0540925533894598,0.0,0.8973665961010275,0.0,0.9459074466105402,125.64927078606588,54777.52874627772,0.0,0.0,0.0,0.0,0.0,0.0,0.0,0.0,0.0,0.8973665961010275
142.7,0.0,0.0,0.0,1.0,0.0,1.0540925533894598,141.32,54918.84874627772,0.0,0.0,0.0,0.0,0.0,0.0,0.0,0.0,0.0,1.0
111.82,0.0,0.0,0.0,-0.0,0.0,-0.0,0.0,54918.84874627772,0.0,0.0,0.0,0.0,0.0,0.0,0.0,0.0,0.0,-0.0
86.04,-0.0,-0.0,0.0,0.0,0.0,0.0,0.0,54918.84874627772,0.0,0.0,0.0,0.0,0.0,0.0,0.0,0.0,0.0,0.0
78.93,-0.0,-0.0,0.0,0.0,0.0,0.0,0.0,54918.84874627772,0.0,0.0,0.0,0.0,0.0,0.0,0.0,0.0,0.0,0.0
87.24,-0.0,-0.0,0.0,0.0,0.0,0.0,0.0,54918.84874627772,0.0,0.0,0.0,0.0,0.0,0.0,0.0,0.0,0.0,0.0
77.91,-0.0,-0.0,0.0,0.0,0.0,0.0,0.0,54918.84874627772,0.0,0.0,0.0,0.0,0.0,0.0,0.0,0.0,0.0,0.0
74.99,0.0,0.0,-0.0,0.0,-0.0,0.0,0.0,54918.84874627772,0.0,0.0,-0.0,0.0,0.0,0.0,0.0,0.0,0.0,0.0
74.8,-0.0,-0.0,0.0,0.0,0.0,0.0,0.0,54918.84874627772,0.0,0.0,0.0,0.0,0.0,0.0,0.0,0.0,0.0,0.0
74.79,-0.0,-0.0,-0.0,0.0,-0.0,0.0,0.0,54918.84874627772,0.0,0.0,-0.0,0.0,0.0,0.0,0.0,0.0,0.0,0.0
80.21,0.0,0.0,0.0,0.0,0.0,0.0,0.0,54918.84874627772,0.0,0.0,0.0,0.0,0.0,0.0,0.0,0.0,0.0,0.0
88.51,0.0,0.0,0.0,-0.0,0.0,-0.0,0.0,54918.84874627772,0.0,0.0,0.0,0.0,0.0,0.0,0.0,0.0,0.0,-0.0
86.97,0.0,0.0,0.0,-0.0,0.0,-0.0,0.0,54918.84874627772,0.0,0.0,0.0,0.0,0.0,0.0,0.0,0.0,0.0,-0.0
75.29,0.0,0.0,0.0,-0.0,0.0,-0.0,0.0,54918.84874627772,0.0,0.0,0.0,0.0,0.0,0.0,0.0,0.0,0.0,-0.0
24.9,0.0,0.0,0.0,-0.0,0.0,-0.0,0.0,54918.84874627772,0.0,0.0,0.0,0.0,0.0,0.0,0.0,0.0,0.0,-0.0
3.02,-0.0,-0.0,0.0,0.0,0.0,0.0,0.0,54918.84874627772,0.0,0.0,0.0,0.0,0.0,0.0,0.0,0.0,0.0,0.0
2.0,-0.0,-0.0,0.0,0.0,0.0,0.0,0.0,54918.84874627772,0.0,0.0,0.0,0.0,0.0,0.0,0.0,0.0,0.0,0.0
1.59,-0.0,-0.0,0.0,0.0,0.0,0.0,0.0,54918.84874627772,0.0,0.0,0.0,0.0,0.0,0.0,0.0,0.0,0.0,0.0
0.25,0.4743416490252569,0.9486832980505138,1.0,0.0,0.9486832980505138,0.0,-10.0,54908.84874627772,0.0,0.0,1.0,0.0,0.0,0.0,0.0,0.0,0.0,0.0
0.08,0.9486832980505138,1.8973665961010275,1.0,0.0,0.9486832980505138,0.0,-9.83,54899.01874627772,0.0,0.0,1.0,0.0,0.0,0.0,0.0,0.0,0.0,0.0
1.43,1.0,2.0,0.10818510677891963,0.0,0.10263340389897246,0.0,-1.2116731959238998,54897.80707308179,0.0,0.0,0.10818510677891963,0.0,0.0,0.0,0.0,0.0,0.0,0.0
26.36,1.0,2.0,-0.0,0.0,-0.0,0.0,0.0,54897.80707308179,0.0,0.0,-0.0,0.0,0.0,0.0,0.0,0.0,0.0,0.0
93.84,1.0,2.0,-0.0,0.0,-0.0,0.0,0.0,54897.80707308179,0.0,0.0,-0.0,0.0,0.0,0.0,0.0,0.0,0.0,0.0
122.73,0.5270462766947299,1.0540925533894598,0.0,0.8973665961010275,0.0,0.9459074466105402,108.8954364368597,55006.702509518655,0.0,0.0,0.0,0.0,0.0,0.0,0.0,0.0,0.0,0.8973665961010275
128.62,0.0,0.0,0.0,1.0,0.0,1.0540925533894598,127.24000000000001,55133.94250951865,0.0,0.0,0.0,0.0,0.0,0.0,0.0,0.0,0.0,1.0
99.08,-0.0,-0.0,0.0,0.0,0.0,0.0,0.0,55133.94250951865,0.0,0.0,0.0,0.0,0.0,0.0,0.0,0.0,0.0,0.0
81.95,0.0,0.0,-0.0,0.0,-0.0,0.0,0.0,55133.94250951865,0.0,0.0,-0.0,0.0,0.0,0.0,0.0,0.0,0.0,0.0
70.06,0.0,0.0,0.0,-0.0,0.0,-0.0,0.0,55133.94250951865,0.0,0.0,0.0,0.0,0.0,0.0,0.0,0.0,0.0,-0.0
47.21,0.0,0.0,0.0,-0.0,0.0,-0.0,0.0,55133.94250951865,0.0,0.0,0.0,0.0,0.0,0.0,0.0,0.0,0.0,-0.0
8.07,0.0,0.0,-0.0,0.0,-0.0,0.0,0.0,55133.94250951865,0.0,0.0,-0.0,0.0,0.0,0.0,0.0,0.0,0.0,0.0
3.7,0.0,0.0,-0.0,0.0,-0.0,0.0,0.0,55133.94250951865,0.0,0.0,-0.0,0.0,0.0,0.0,0.0,0.0,0.0,0.0
3.4,-0.0,-0.0,0.0,0.0,0.0,0.0,0.0,55133.94250951865,0.0,0.0,0.0,0.0,0.0,0.0,0.0,0.0,0.0,0.0
1.65,-0.0,-0.0,0.0,0.0,0.0,0.0,0.0,55133.94250951865,0.0,0.0,0.0,0.0,0.0,0.0,0.0,0.0,0.0,0.0
1.62,-0.0,-0.0,0.0,0.0,0.0,0.0,0.0,55133.94250951865,0.0,0.0,0.0,0.0,0.0,0.0,0.0,0.0,0.0,0.0
-0.01,-0.0,-0.0,0.0,0.0,0.0,0.0,-0.0,55133.94250951865,0.0,0.0,0.0,0.0,0.0,0.0,0.0,0.0,0.0,0.0
-0.01,-0.0,-0.0,0.0,0.0,0.0,0.0,-0.0,55133.94250951865,0.0,0.0,0.0,0.0,0.0,0.0,0.0,0.0,0.0,0.0
1.04,-0.0,-0.0,0.0,0.0,0.0,0.0,0.0,55133.94250951865,0.0,0.0,0.0,0.0,0.0,0.0,0.0,0.0,0.0,0.0
3.01,-0.0,-0.0,0.0,0.0,0.0,0.0,0.0,55133.94250951865,0.0,0.0,0.0,0.0,0.0,0.0,0.0,0.0,0.0,0.0
1.31,-0.0,-0.0,0.0,0.0,0.0,0.0,0.0,55133.94250951865,0.0,0.0,0.0,0.0,0.0,0.0,0.0,0.0,0.0,0.0
0.0,-0.0,-0.0,0.0,0.0,0.0,0.0,0.0,55133.94250951865,0.0,0.0,0.0,0.0,0.0,0.0,0.0,0.0,0.0,0.0
-0.09,-0.0,-0.0,0.0,0.0,0.0,0.0,-0.0,55133.94250951865,0.0,0.0,0.0,0.0,0.0,0.0,0.0,0.0,0.0,0.0
-1.2,0.05131670194948623,0.10263340389897246,0.10818510677891963,0.0,0.10263340389897246,0.0,-0.9228189608241845,55133.01969055783,0.0,0.0,0.10818510677891963,0.0,0.0,0.0,0.0,0.0,0.0,0.0
-1.61,0.5256583509747431,1.0513167019494862,1.0,0.0,0.9486832980505138,0.0,-8.120000000000001,55124.899690557824,0.0,0.0,1.0,0.0,0.0,0.0,0.0,0.0,0.0,0.0
-1.31,1.0,2.0,1.0,0.0,0.9486832980505138,0.0,-8.42,55116.479690557826,0.0,0.0,1.0,0.0,0.0,0.0,0.0,0.0,0.0,0.0
-0.01,1.0,2.0,0.0,0.0,0.0,0.0,-0.0,55116.479690557826,0.0,0.0,0.0,0.0,0.0,0.0,0.0,0.0,0.0,0.0
0.27,1.0,2.0,0.0,0.0,0.0,0.0,0.0,55116.479690557826,0.0,0.0,0.0,0.0,0.0,0.0,0.0,0.0,0.0,0.0
3.05,1.0,2.0,0.0,0.0,0.0,0.0,0.0,55116.479690557826,0.0,0.0,0.0,0.0,0.0,0.0,0.0,0.0,0.0,0.0
4.3,1.0,2.0,-0.0,0.0,-0.0,0.0,0.0,55116.479690557826,0.0,0.0,-0.0,0.0,0.0,0.0,0.0,0.0,0.0,0.0
69.94,0.4729537233052701,0.9459074466105402,0.0,1.0,0.0,1.0540925533894598,68.56,55185.03969055782,0.0,0.0,0.0,0.0,0.0,0.0,0.0,0.0,0.0,1.0
40.4,0.4729537233052701,0.9459074466105402,0.0,0.0,0.0,0.0,0.0,55185.03969055782,0.0,0.0,0.0,0.0,0.0,0.0,0.0,0.0,0.0,0.0
41.99,0.0,0.0,0.0,0.8973665961010275,0.0,0.9459074466105402,36.44205746766273,55221.481748025486,0.0,0.0,0.0,0.0,0.0,0.0,0.0,0.0,0.0,0.8973665961010275
14.07,-0.0,-0.0,0.0,0.0,0.0,0.0,0.0,55221.481748025486,0.0,0.0,0.0,0.0,0.0,0.0,0.0,0.0,0.0,0.0
20.05,0.0,0.0,0.0,-0.0,0.0,-0.0,0.0,55221.481748025486,0.0,0.0,0.0,0.0,0.0,0.0,0.0,0.0,0.0,-0.0
3.07,0.4743416490252569,0.9486832980505138,1.0,0.0,0.9486832980505138,0.0,-12.86,55208.621748025485,0.0,0.0,1.0,0.0,0.0,0.0,0.0,0.0,0.0,0.0
3.9,0.4743416490252569,0.9486832980505138,0.0,0.0,0.0,0.0,0.0,55208.621748025485,0.0,0.0,0.0,0.0,0.0,0.0,0.0,0.0,0.0,0.0
4.02,0.4743416490252569,0.9486832980505138,0.0,0.0,0.0,0.0,0.0,55208.621748025485,0.0,0.0,0.0,0.0,0.0,0.0,0.0,0.0,0.0,0.0
4.02,0.4743416490252569,0.9486832980505138,0.0,0.0,0.0,0.0,0.0,55208.621748025485,0.0,0.0,0.0,0.0,0.0,0.0,0.0,0.0,0.0,0.0
3.1,0.9486832980505138,1.8973665961010275,1.0,0.0,0.9486832980505138,0.0,-12.889999999999999,55195.731748025486,0.0,0.0,1.0,0.0,0.0,0.0,0.0,0.0,0.0,0.0
3.34,1.0,2.0,0.10818510677891963,0.0,0.10263340389897246,0.0,-1.421552303075004,55194.31019572241,0.0,0.0,0.10818510677891963,0.0,0.0,0.0,0.0,0.0,0.0,0.0
5.92,1.0,2.0,0.0,0.0,0.0,0.0,0.0,55194.31019572241,0.0,0.0,0.0,0.0,0.0,0.0,0.0,0.0,0.0,0.0
50.0,0.5270462766947299,1.0540925533894598,0.0,0.8973665961010275,0.0,0.9459074466105402,43.62996390243195,55237.94015962484,0.0,0.0,0.0,0.0,0.0,0.0,0.0,0.0,0.0,0.8973665961010275
100.72,0.0,0.0,0.0,1.0,0.0,1.0540925533894598,99.34,55337.28015962484,0.0,0.0,0.0,0.0,0.0,0.0,0.0,0.0,0.0,1.0
22.72,0.0,0.0,-0.0,0.0,-0.0,0.0,0.0,55337.28015962484,0.0,0.0,-0.0,0.0,0.0,0.0,0.0,0.0,0.0,0.0
4.4,-0.0,-0.0,0.0,0.0,0.0,0.0,0.0,55337.28015962484,0.0,0.0,0.0,0.0,0.0,0.0,0.0,0.0,0.0,0.0
3.02,0.0,0.0,-0.0,0.0,-0.0,0.0,0.0,55337.28015962484,0.0,0.0,-0.0,0.0,0.0,0.0,0.0,0.0,0.0,0.0
2.31,0.4743416490252569,0.9486832980505138,1.0,0.0,0.9486832980505138,0.0,-12.09,55325.19015962484,0.0,0.0,1.0,0.0,0.0,0.0,0.0,0.0,0.0,0.0
2.4,0.5256583509747431,1.0513167019494862,0.10818510677891963,0.0,0.10263340389897246,0.0,-1.317694600567241,55323.87246502427,0.0,0.0,0.10818510677891963,0.0,0.0,0.0,0.0,0.0,0.0,0.0
3.03,0.5256583509747431,1.0513167019494862,0.0,0.0,0.0,0.0,0.0,55323.87246502427,0.0,0.0,0.0,0.0,0.0,0.0,0.0,0.0,0.0,0.0
2.4,1.0,2.0,1.0,0.0,0.9486832980505138,0.0,-12.18,55311.69246502427,0.0,0.0,1.0,0.0,0.0,0.0,0.0,0.0,0.0,0.0
3.06,1.0,2.0,0.0,0.0,0.0,0.0,0.0,55311.69246502427,0.0,0.0,0.0,0.0,0.0,0.0,0.0,0.0,0.0,0.0
77.91,1.0,2.0,0.0,-0.0,0.0,-0.0,0.0,55311.69246502427,0.0,0.0,0.0,0.0,0.0,0.0,0.0,0.0,0.0,-0.0
128.08,1.0,2.0,0.0,0.0,0.0,0.0,0.0,55311.69246502427,0.0,0.0,0.0,0.0,0.0,0.0,0.0,0.0,0.0,0.0
140.92,0.4729537233052701,0.9459074466105402,0.0,1.0,0.0,1.0540925533894598,139.54,55451.23246502427,0.0,0.0,0.0,0.0,0.0,0.0,0.0,0.0,0.0,1.0
130.0,0.0,0.0,0.0,0.8973665961010275,0.0,0.9459074466105402,115.41929159051416,55566.65175661479,0.0,0.0,0.0,0.0,0.0,0.0,0.0,0.0,0.0,0.8973665961010275
114.24,-0.0,-0.0,0.0,-0.0,0.0,-0.0,0.0,55566.65175661479,0.0,0.0,0.0,0.0,0.0,0.0,0.0,0.0,0.0,-0.0
97.72,0.0,0.0,0.0,0.0,0.0,0.0,0.0,55566.65175661479,0.0,0.0,0.0,0.0,0.0,0.0,0.0,0.0,0.0,0.0
89.99,-0.0,-0.0,0.0,0.0,0.0,0.0,0.0,55566.65175661479,0.0,0.0,0.0,0.0,0.0,0.0,0.0,0.0,0.0,0.0
88.6,0.4743416490252569,0.9486832980505138,1.0,0.0,0.9486832980505138,0.0,-99.61,55467.04175661479,0.0,0.0,1.0,0.0,0.0,0.0,0.0,0.0,0.0,0.0
90.0,0.4743416490252569,0.9486832980505138,0.0,0.0,0.0,0.0,0.0,55467.04175661479,0.0,0.0,0.0,0.0,0.0,0.0,0.0,0.0,0.0,0.0
89.73,0.9486832980505138,1.8973665961010275,1.0,0.0,0.9486832980505138,0.0,-100.75,55366.29175661479,0.0,0.0,1.0,0.0,0.0,0.0,0.0,0.0,0.0,0.0
89.93,1.0,2.0,0.10818510677891963,0.0,0.10263340389897246,0.0,-10.922368380399726,55355.36938823439,0.0,0.0,0.10818510677891963,0.0,0.0,0.0,0.0,0.0,0.0,0.0
91.34,1.0,2.0,0.0,0.0,0.0,0.0,0.0,55355.36938823439,0.0,0.0,0.0,0.0,0.0,0.0,0.0,0.0,0.0,0.0
98.11,1.0,2.0,0.0,0.0,0.0,0.0,0.0,55355.36938823439,0.0,0.0,0.0,0.0,0.0,0.0,0.0,0.0,0.0,0.0
122.01,1.0,2.0,0.0,-0.0,0.0,-0.0,0.0,55355.36938823439,0.0,0.0,0.0,0.0,0.0,0.0,0.0,0.0,0.0,-0.0
172.36,0.4729537233052701,0.9459074466105402,0.0,1.0,0.0,1.0540925533894598,170.98000000000002,55526.34938823439,0.0,0.0,0.0,0.0,0.0,0.0,0.0,0.0,0.0,1.0
162.8,0.0,0.0,0.0,0.8973665961010275,0.0,0.9459074466105402,144.85291594262787,55671.202304177015,0.0,0.0,0.0,0.0,0.0,0.0,0.0,0.0,0.0,0.8973665961010275
125.76,0.0,0.0,-0.0,0.0,-0.0,0.0,0.0,55671.202304177015,0.0,0.0,-0.0,0.0,0.0,0.0,0.0,0.0,0.0,0.0
93.92,-0.0,-0.0,0.0,0.0,0.0,0.0,0.0,55671.202304177015,0.0,0.0,0.0,0.0,0.0,0.0,0.0,0.0,0.0,0.0
85.51,-0.0,-0.0,0.0,0.0,0.0,0.0,0.0,55671.202304177015,0.0,0.0,0.0,0.0,0.0,0.0,0.0,0.0,0.0,0.0
77.54,0.05131670194948623,0.10263340389897246,0.10818510677891963,0.0,0.10263340389897246,0.0,-9.562481588188707,55661.639822588826,0.0,0.0,0.10818510677891963,0.0,0.0,0.0,0.0,0.0,0.0,0.0
74.24,0.5256583509747431,1.0513167019494862,1.0,0.0,0.9486832980505138,0.0,-85.03999999999999,55576.599822588825,0.0,0.0,1.0,0.0,0.0,0.0,0.0,0.0,0.0,0.0
74.25,1.0,2.0,1.0,0.0,0.9486832980505138,0.0,-85.05,55491.54982258882,0.0,0.0,1.0,0.0,0.0,0.0,0.0,0.0,0.0,0.0
84.11,1.0,2.0,0.0,0.0,0.0,0.0,0.0,55491.54982258882,0.0,0.0,0.0,0.0,0.0,0.0,0.0,0.0,0.0,0.0
85.76,1.0,2.0,0.0,0.0,0.0,0.0,0.0,55491.54982258882,0.0,0.0,0.0,0.0,0.0,0.0,0.0,0.0,0.0,0.0
102.9,1.0,2.0,-0.0,0.0,-0.0,0.0,0.0,55491.54982258882,0.0,0.0,-0.0,0.0,0.0,0.0,0.0,0.0,0.0,0.0
136.83,0.5270462766947299,1.0540925533894598,0.0,0.8973665961010275,0.0,0.9459074466105402,121.54830544188418,55613.09812803071,0.0,0.0,0.0,0.0,0.0,0.0,0.0,0.0,0.0,0.8973665961010275
149.58,-0.0,-0.0,0.0,1.0,0.0,1.0540925533894598,148.20000000000002,55761.29812803071,0.0,0.0,0.0,0.0,0.0,0.0,0.0,0.0,0.0,1.0
115.82,0.0,0.0,0.0,0.0,0.0,0.0,0.0,55761.29812803071,0.0,0.0,0.0,0.0,0.0,0.0,0.0,0.0,0.0,0.0
94.02,-0.0,-0.0,0.0,0.0,0.0,0.0,0.0,55761.29812803071,0.0,0.0,0.0,0.0,0.0,0.0,0.0,0.0,0.0,0.0
84.91,-0.0,-0.0,0.0,0.0,0.0,0.0,0.0,55761.29812803071,0.0,0.0,0.0,0.0,0.0,0.0,0.0,0.0,0.0,0.0
84.1,-0.0,-0.0,0.0,0.0,0.0,0.0,0.0,55761.29812803071,0.0,0.0,0.0,0.0,0.0,0.0,0.0,0.0,0.0,0.0
82.67,-0.0,-0.0,0.0,0.0,0.0,0.0,0.0,55761.29812803071,0.0,0.0,0.0,0.0,0.0,0.0,0.0,0.0,0.0,0.0
82.32,-0.0,-0.0,0.0,0.0,0.0,0.0,0.0,55761.29812803071,0.0,0.0,0.0,0.0,0.0,0.0,0.0,0.0,0.0,0.0
81.61,0.05131670194948623,0.10263340389897246,0.10818510677891963,0.0,0.10263340389897246,0.0,-10.009286079185644,55751.28884195152,0.0,0.0,0.10818510677891963,0.0,0.0,0.0,0.0,0.0,0.0,0.0
77.95,0.5256583509747431,1.0513167019494862,1.0,0.0,0.9486832980505138,0.0,-88.81,55662.478841951524,0.0,0.0,1.0,0.0,0.0,0.0,0.0,0.0,0.0,0.0
78.59,1.0,2.0,1.0,0.0,0.9486832980505138,0.0,-89.46000000000001,55573.018841951525,0.0,0.0,1.0,0.0,0.0,0.0,0.0,0.0,0.0,0.0
82.67,1.0,2.0,0.0,0.0,0.0,0.0,0.0,55573.018841951525,0.0,0.0,0.0,0.0,0.0,0.0,0.0,0.0,0.0,0.0
109.76,1.0,2.0,0.0,-0.0,0.0,-0.0,0.0,55573.018841951525,0.0,0.0,0.0,0.0,0.0,0.0,0.0,0.0,0.0,-0.0
118.01,0.5270462766947299,1.0540925533894598,0.0,0.8973665961010275,0.0,0.9459074466105402,104.65986610326284,55677.67870805479,0.0,0.0,0.0,0.0,0.0,0.0,0.0,0.0,0.0,0.8973665961010275
120.45,0.0,0.0,0.0,1.0,0.0,1.0540925533894598,119.07000000000001,55796.74870805479,0.0,0.0,0.0,0.0,0.0,0.0,0.0,0.0,0.0,1.0
107.0,0.0,0.0,0.0,-0.0,0.0,-0.0,0.0,55796.74870805479,0.0,0.0,0.0,0.0,0.0,0.0,0.0,0.0,0.0,-0.0
85.54,-0.0,-0.0,0.0,-0.0,0.0,-0.0,0.0,55796.74870805479,0.0,0.0,0.0,0.0,0.0,0.0,0.0,0.0,0.0,-0.0
70.09,0.0,0.0,0.0,0.0,0.0,0.0,0.0,55796.74870805479,0.0,0.0,0.0,0.0,0.0,0.0,0.0,0.0,0.0,0.0
27.1,0.0,0.0,-0.0,0.0,-0.0,0.0,0.0,55796.74870805479,0.0,0.0,-0.0,0.0,0.0,0.0,0.0,0.0,0.0,0.0
10.66,0.4743416490252569,0.9486832980505138,1.0,0.0,0.9486832980505138,0.0,-20.560000000000002,55776.18870805479,0.0,0.0,1.0,0.0,0.0,0.0,0.0,0.0,0.0,0.0
9.9,0.9486832980505138,1.8973665961010275,1.0,0.0,0.9486832980505138,0.0,-19.79,55756.39870805479,0.0,0.0,1.0,0.0,0.0,0.0,0.0,0.0,0.0,0.0
15.0,1.0,2.0,0.10818510677891963,0.0,0.10263340389897246,0.0,-2.700300265201834,55753.69840778958,0.0,0.0,0.10818510677891963,0.0,0.0,0.0,0.0,0.0,0.0,0.0
66.1,1.0,2.0,0.0,-0.0,0.0,-0.0,0.0,55753.69840778958,0.0,0.0,0.0,0.0,0.0,0.0,0.0,0.0,0.0,-0.0
85.69,1.0,2.0,-0.0,0.0,-0.0,0.0,0.0,55753.69840778958,0.0,0.0,-0.0,0.0,0.0,0.0,0.0,0.0,0.0,0.0
113.08,1.0,2.0,0.0,-0.0,0.0,-0.0,0.0,55753.69840778958,0.0,0.0,0.0,0.0,0.0,0.0,0.0,0.0,0.0,-0.0
115.93,0.4729537233052701,0.9459074466105402,0.0,1.0,0.0,1.0540925533894598,114.55000000000001,55868.248407789586,0.0,0.0,0.0,0.0,0.0,0.0,0.0,0.0,0.0,1.0
113.95,-0.0,-0.0,0.0,0.8973665961010275,0.0,0.9459074466105402,101.01655772309267,55969.26496551268,0.0,0.0,0.0,0.0,0.0,0.0,0.0,0.0,0.0,0.8973665961010275
91.29,0.0,0.0,0.0,0.0,0.0,0.0,0.0,55969.26496551268,0.0,0.0,0.0,0.0,0.0,0.0,0.0,0.0,0.0,0.0
85.5,-0.0,-0.0,0.0,0.0,0.0,0.0,0.0,55969.26496551268,0.0,0.0,0.0,0.0,0.0,0.0,0.0,0.0,0.0,0.0
69.68,0.05131670194948623,0.10263340389897246,0.10818510677891963,0.0,0.10263340389897246,0.0,-8.700246287160716,55960.56471922552,0.0,0.0,0.10818510677891963,0.0,0.0,0.0,0.0,0.0,0.0,0.0
73.3,0.05131670194948623,0.10263340389897246,0.0,0.0,0.0,0.0,0.0,55960.56471922552,0.0,0.0,0.0,0.0,0.0,0.0,0.0,0.0,0.0,0.0
69.69,0.05131670194948623,0.10263340389897246,0.0,0.0,0.0,0.0,0.0,55960.56471922552,0.0,0.0,0.0,0.0,0.0,0.0,0.0,0.0,0.0,0.0
67.81,0.5256583509747431,1.0513167019494862,1.0,0.0,0.9486832980505138,0.0,-78.52000000000001,55882.04471922552,0.0,0.0,1.0,0.0,0.0,0.0,0.0,0.0,0.0,0.0
68.09,1.0,2.0,1.0,0.0,0.9486832980505138,0.0,-78.81,55803.234719225526,0.0,0.0,1.0,0.0,0.0,0.0,0.0,0.0,0.0,0.0
71.69,1.0,2.0,-0.0,0.0,-0.0,0.0,0.0,55803.234719225526,0.0,0.0,-0.0,0.0,0.0,0.0,0.0,0.0,0.0,0.0
77.33,1.0,2.0,0.0,0.0,0.0,0.0,0.0,55803.234719225526,0.0,0.0,0.0,0.0,0.0,0.0,0.0,0.0,0.0,0.0
108.55,1.0,2.0,0.0,-0.0,0.0,-0.0,0.0,55803.234719225526,0.0,0.0,0.0,0.0,0.0,0.0,0.0,0.0,0.0,-0.0
124.26,0.5270462766947299,1.0540925533894598,0.0,0.8973665961010275,0.0,0.9459074466105402,110.26840732889427,55913.50312655442,0.0,0.0,0.0,0.0,0.0,0.0,0.0,0.0,0.0,0.8973665961010275
125.58,-0.0,-0.0,0.0,1.0,0.0,1.0540925533894598,124.2,56037.703126554414,0.0,0.0,0.0,0.0,0.0,0.0,0.0,0.0,0.0,1.0
104.88,0.0,0.0,0.0,0.0,0.0,0.0,0.0,56037.703126554414,0.0,0.0,0.0,0.0,0.0,0.0,0.0,0.0,0.0,0.0
77.95,0.0,0.0,-0.0,0.0,-0.0,0.0,0.0,56037.703126554414,0.0,0.0,-0.0,0.0,0.0,0.0,0.0,0.0,0.0,0.0
69.24,0.0,0.0,-0.0,0.0,-0.0,0.0,0.0,56037.703126554414,0.0,0.0,-0.0,0.0,0.0,0.0,0.0,0.0,0.0,0.0
38.18,0.05131670194948623,0.10263340389897246,0.10818510677891963,0.0,0.10263340389897246,0.0,-5.243732125574234,56032.45939442884,0.0,0.0,0.10818510677891963,0.0,0.0,0.0,0.0,0.0,0.0,0.0
16.03,0.5256583509747431,1.0513167019494862,1.0,0.0,0.9486832980505138,0.0,-26.01,56006.44939442884,0.0,0.0,1.0,0.0,0.0,0.0,0.0,0.0,0.0,0.0
20.1,1.0,2.0,1.0,0.0,0.9486832980505138,0.0,-30.14,55976.30939442884,0.0,0.0,1.0,0.0,0.0,0.0,0.0,0.0,0.0,0.0
43.66,1.0,2.0,0.0,0.0,0.0,0.0,0.0,55976.30939442884,0.0,0.0,0.0,0.0,0.0,0.0,0.0,0.0,0.0,0.0
75.0,1.0,2.0,0.0,-0.0,0.0,-0.0,0.0,55976.30939442884,0.0,0.0,0.0,0.0,0.0,0.0,0.0,0.0,0.0,-0.0
88.79,1.0,2.0,-0.0,0.0,-0.0,0.0,0.0,55976.30939442884,0.0,0.0,-0.0,0.0,0.0,0.0,0.0,0.0,0.0,0.0
117.04,1.0,2.0,0.0,-0.0,0.0,-0.0,0.0,55976.30939442884,0.0,0.0,0.0,0.0,0.0,0.0,0.0,0.0,0.0,-0.0
121.47,0.5270462766947299,1.0540925533894598,0.0,0.8973665961010275,0.0,0.9459074466105402,107.76475452577239,56084.07414895461,0.0,0.0,0.0,0.0,0.0,0.0,0.0,0.0,0.0,0.8973665961010275
123.75,-0.0,-0.0,0.0,1.0,0.0,1.0540925533894598,122.37,56206.444148954615,0.0,0.0,0.0,0.0,0.0,0.0,0.0,0.0,0.0,1.0
105.83,0.0,0.0,0.0,0.0,0.0,0.0,0.0,56206.444148954615,0.0,0.0,0.0,0.0,0.0,0.0,0.0,0.0,0.0,0.0
94.77,-0.0,-0.0,0.0,0.0,0.0,0.0,0.0,56206.444148954615,0.0,0.0,0.0,0.0,0.0,0.0,0.0,0.0,0.0,0.0
81.09,0.0,0.0,-0.0,0.0,-0.0,0.0,0.0,56206.444148954615,0.0,0.0,-0.0,0.0,0.0,0.0,0.0,0.0,0.0,0.0
78.48,-0.0,-0.0,0.0,0.0,0.0,0.0,0.0,56206.444148954615,0.0,0.0,0.0,0.0,0.0,0.0,0.0,0.0,0.0,0.0
75.0,-0.0,-0.0,0.0,0.0,0.0,0.0,0.0,56206.444148954615,0.0,0.0,0.0,0.0,0.0,0.0,0.0,0.0,0.0,0.0
73.17,0.4743416490252569,0.9486832980505138,1.0,0.0,0.9486832980505138,0.0,-83.96000000000001,56122.484148954616,0.0,0.0,1.0,0.0,0.0,0.0,0.0,0.0,0.0,0.0
73.18,0.9486832980505138,1.8973665961010275,1.0,0.0,0.9486832980505138,0.0,-83.97,56038.514148954615,0.0,0.0,1.0,0.0,0.0,0.0,0.0,0.0,0.0,0.0
74.93,1.0,2.0,0.10818510677891963,0.0,0.10263340389897246,0.0,-9.275791055224568,56029.23835789939,0.0,0.0,0.10818510677891963,0.0,0.0,0.0,0.0,0.0,0.0,0.0
79.73,1.0,2.0,-0.0,0.0,-0.0,0.0,0.0,56029.23835789939,0.0,0.0,-0.0,0.0,0.0,0.0,0.0,0.0,0.0,0.0
90.77,1.0,2.0,0.0,0.0,0.0,0.0,0.0,56029.23835789939,0.0,0.0,0.0,0.0,0.0,0.0,0.0,0.0,0.0,0.0
117.1,0.5270462766947299,1.0540925533894598,0.0,0.8973665961010275,0.0,0.9459074466105402,103.8432625008109,56133.081620400204,0.0,0.0,0.0,0.0,0.0,0.0,0.0,0.0,0.0,0.8973665961010275
123.56,-0.0,-0.0,0.0,1.0,0.0,1.0540925533894598,122.18,56255.261620400204,0.0,0.0,0.0,0.0,0.0,0.0,0.0,0.0,0.0,1.0
103.73,0.0,0.0,0.0,0.0,0.0,0.0,0.0,56255.261620400204,0.0,0.0,0.0,0.0,0.0,0.0,0.0,0.0,0.0,0.0
61.35,0.0,0.0,-0.0,0.0,-0.0,0.0,0.0,56255.261620400204,0.0,0.0,-0.0,0.0,0.0,0.0,0.0,0.0,0.0,0.0
6.7,-0.0,-0.0,0.0,0.0,0.0,0.0,0.0,56255.261620400204,0.0,0.0,0.0,0.0,0.0,0.0,0.0,0.0,0.0,0.0
4.1,0.4743416490252569,0.9486832980505138,1.0,0.0,0.9486832980505138,0.0,-13.91,56241.3516204002,0.0,0.0,1.0,0.0,0.0,0.0,0.0,0.0,0.0,0.0
5.4,0.5256583509747431,1.0513167019494862,0.10818510677891963,0.0,0.10263340389897246,0.0,-1.647659176242946,56239.70396122396,0.0,0.0,0.10818510677891963,0.0,0.0,0.0,0.0,0.0,0.0,0.0
4.4,1.0,2.0,1.0,0.0,0.9486832980505138,0.0,-14.21,56225.49396122396,0.0,0.0,1.0,0.0,0.0,0.0,0.0,0.0,0.0,0.0
6.84,1.0,2.0,0.0,0.0,0.0,0.0,0.0,56225.49396122396,0.0,0.0,0.0,0.0,0.0,0.0,0.0,0.0,0.0,0.0
6.7,1.0,2.0,-0.0,0.0,-0.0,0.0,0.0,56225.49396122396,0.0,0.0,-0.0,0.0,0.0,0.0,0.0,0.0,0.0,0.0
39.36,1.0,2.0,0.0,-0.0,0.0,-0.0,0.0,56225.49396122396,0.0,0.0,0.0,0.0,0.0,0.0,0.0,0.0,0.0,-0.0
86.3,1.0,2.0,0.0,0.0,0.0,0.0,0.0,56225.49396122396,0.0,0.0,0.0,0.0,0.0,0.0,0.0,0.0,0.0,0.0
104.74,0.4729537233052701,0.9459074466105402,0.0,1.0,0.0,1.0540925533894598,103.36,56328.85396122396,0.0,0.0,0.0,0.0,0.0,0.0,0.0,0.0,0.0,1.0
94.8,0.4729537233052701,0.9459074466105402,0.0,0.0,0.0,0.0,0.0,56328.85396122396,0.0,0.0,0.0,0.0,0.0,0.0,0.0,0.0,0.0,0.0
80.0,0.4729537233052701,0.9459074466105402,0.0,0.0,0.0,0.0,0.0,56328.85396122396,0.0,0.0,0.0,0.0,0.0,0.0,0.0,0.0,0.0,0.0
76.4,0.947295372330527,1.894590744661054,1.0,0.0,0.9486832980505138,0.0,-87.23,56241.62396122396,0.0,0.0,1.0,0.0,0.0,0.0,0.0,0.0,0.0,0.0
79.78,0.947295372330527,1.894590744661054,0.0,0.0,0.0,0.0,0.0,56241.62396122396,0.0,0.0,0.0,0.0,0.0,0.0,0.0,0.0,0.0,0.0
84.99,0.947295372330527,1.894590744661054,0.0,0.0,0.0,0.0,0.0,56241.62396122396,0.0,0.0,0.0,0.0,0.0,0.0,0.0,0.0,0.0,0.0
83.26,0.947295372330527,1.894590744661054,0.0,0.0,0.0,0.0,0.0,56241.62396122396,0.0,0.0,0.0,0.0,0.0,0.0,0.0,0.0,0.0,0.0
82.7,0.947295372330527,1.894590744661054,0.0,0.0,0.0,0.0,0.0,56241.62396122396,0.0,0.0,0.0,0.0,0.0,0.0,0.0,0.0,0.0,0.0
81.57,0.947295372330527,1.894590744661054,0.0,0.0,0.0,0.0,0.0,56241.62396122396,0.0,0.0,0.0,0.0,0.0,0.0,0.0,0.0,0.0,0.0
80.32,0.947295372330527,1.894590744661054,0.0,0.0,0.0,0.0,0.0,56241.62396122396,0.0,0.0,0.0,0.0,0.0,0.0,0.0,0.0,0.0,0.0
81.62,0.947295372330527,1.894590744661054,0.0,0.0,0.0,0.0,0.0,56241.62396122396,0.0,0.0,0.0,0.0,0.0,0.0,0.0,0.0,0.0,0.0
90.29,0.947295372330527,1.894590744661054,0.0,0.0,0.0,0.0,0.0,56241.62396122396,0.0,0.0,0.0,0.0,0.0,0.0,0.0,0.0,0.0,0.0
100.99,0.5270462766947299,1.0540925533894598,0.0,0.7973665961010274,0.0,0.8404981912715941,79.42568663762334,56321.04964786158,0.0,0.0,0.0,0.0,0.0,0.0,0.0,0.0,0.0,0.7973665961010274
106.54,-0.0,-0.0,0.0,1.0,0.0,1.0540925533894598,105.16000000000001,56426.209647861586,0.0,0.0,0.0,0.0,0.0,0.0,0.0,0.0,0.0,1.0
94.44,0.0,0.0,0.0,0.0,0.0,0.0,0.0,56426.209647861586,0.0,0.0,0.0,0.0,0.0,0.0,0.0,0.0,0.0,0.0
54.37,0.0,0.0,0.0,-0.0,0.0,-0.0,0.0,56426.209647861586,0.0,0.0,0.0,0.0,0.0,0.0,0.0,0.0,0.0,-0.0
15.09,0.0,0.0,-0.0,0.0,-0.0,0.0,0.0,56426.209647861586,0.0,0.0,-0.0,0.0,0.0,0.0,0.0,0.0,0.0,0.0
5.99,0.4743416490252569,0.9486832980505138,1.0,0.0,0.9486832980505138,0.0,-15.82,56410.389647861586,0.0,0.0,1.0,0.0,0.0,0.0,0.0,0.0,0.0,0.0
7.4,0.9486832980505138,1.8973665961010275,1.0,0.0,0.9486832980505138,0.0,-17.25,56393.139647861586,0.0,0.0,1.0,0.0,0.0,0.0,0.0,0.0,0.0,0.0
10.0,1.0,2.0,0.10818510677891963,0.0,0.10263340389897246,0.0,-2.1518017738327115,56390.98784608775,0.0,0.0,0.10818510677891963,0.0,0.0,0.0,0.0,0.0,0.0,0.0
54.69,1.0,2.0,0.0,-0.0,0.0,-0.0,0.0,56390.98784608775,0.0,0.0,0.0,0.0,0.0,0.0,0.0,0.0,0.0,-0.0
85.67,1.0,2.0,0.0,-0.0,0.0,-0.0,0.0,56390.98784608775,0.0,0.0,0.0,0.0,0.0,0.0,0.0,0.0,0.0,-0.0
106.5,1.0,2.0,-0.0,0.0,-0.0,0.0,0.0,56390.98784608775,0.0,0.0,-0.0,0.0,0.0,0.0,0.0,0.0,0.0,0.0
132.93,0.5270462766947299,1.0540925533894598,0.0,0.8973665961010275,0.0,0.9459074466105402,118.04857571709017,56509.03642180484,0.0,0.0,0.0,0.0,0.0,0.0,0.0,0.0,0.0,0.8973665961010275
145.92,-0.0,-0.0,0.0,1.0,0.0,1.0540925533894598,144.54,56653.57642180484,0.0,0.0,0.0,0.0,0.0,0.0,0.0,0.0,0.0,1.0
122.53,0.0,0.0,0.0,0.0,0.0,0.0,0.0,56653.57642180484,0.0,0.0,0.0,0.0,0.0,0.0,0.0,0.0,0.0,0.0
113.02,-0.0,-0.0,0.0,0.0,0.0,0.0,0.0,56653.57642180484,0.0,0.0,0.0,0.0,0.0,0.0,0.0,0.0,0.0,0.0
104.64,-0.0,-0.0,0.0,0.0,0.0,0.0,0.0,56653.57642180484,0.0,0.0,0.0,0.0,0.0,0.0,0.0,0.0,0.0,0.0
99.54,-0.0,-0.0,0.0,0.0,0.0,0.0,0.0,56653.57642180484,0.0,0.0,0.0,0.0,0.0,0.0,0.0,0.0,0.0,0.0
95.35,-0.0,-0.0,0.0,0.0,0.0,0.0,0.0,56653.57642180484,0.0,0.0,0.0,0.0,0.0,0.0,0.0,0.0,0.0,0.0
92.33,-0.0,-0.0,0.0,0.0,0.0,0.0,0.0,56653.57642180484,0.0,0.0,0.0,0.0,0.0,0.0,0.0,0.0,0.0,0.0
91.97,0.0,0.0,-0.0,0.0,-0.0,0.0,0.0,56653.57642180484,0.0,0.0,-0.0,0.0,0.0,0.0,0.0,0.0,0.0,0.0
91.47,0.0,0.0,-0.0,0.0,-0.0,0.0,0.0,56653.57642180484,0.0,0.0,-0.0,0.0,0.0,0.0,0.0,0.0,0.0,0.0
97.77,-0.0,-0.0,0.0,0.0,0.0,0.0,0.0,56653.57642180484,0.0,0.0,0.0,0.0,0.0,0.0,0.0,0.0,0.0,0.0
97.58,-0.0,-0.0,0.0,0.0,0.0,0.0,0.0,56653.57642180484,0.0,0.0,0.0,0.0,0.0,0.0,0.0,0.0,0.0,0.0
100.91,-0.0,-0.0,0.0,0.0,0.0,0.0,0.0,56653.57642180484,0.0,0.0,0.0,0.0,0.0,0.0,0.0,0.0,0.0,0.0
105.79,0.0,0.0,0.0,-0.0,0.0,-0.0,0.0,56653.57642180484,0.0,0.0,0.0,0.0,0.0,0.0,0.0,0.0,0.0,-0.0
98.77,0.0,0.0,0.0,-0.0,0.0,-0.0,0.0,56653.57642180484,0.0,0.0,0.0,0.0,0.0,0.0,0.0,0.0,0.0,-0.0
95.04,-0.0,-0.0,0.0,-0.0,0.0,-0.0,0.0,56653.57642180484,0.0,0.0,0.0,0.0,0.0,0.0,0.0,0.0,0.0,-0.0
82.08,0.0,0.0,0.0,0.0,0.0,0.0,0.0,56653.57642180484,0.0,0.0,0.0,0.0,0.0,0.0,0.0,0.0,0.0,0.0
37.47,0.0,0.0,-0.0,0.0,-0.0,0.0,0.0,56653.57642180484,0.0,0.0,-0.0,0.0,0.0,0.0,0.0,0.0,0.0,0.0
17.11,0.05131670194948623,0.10263340389897246,0.10818510677891963,0.0,0.10263340389897246,0.0,-2.931816393708722,56650.64460541114,0.0,0.0,0.10818510677891963,0.0,0.0,0.0,0.0,0.0,0.0,0.0
8.53,0.5256583509747431,1.0513167019494862,1.0,0.0,0.9486832980505138,0.0,-18.4,56632.244605411135,0.0,0.0,1.0,0.0,0.0,0.0,0.0,0.0,0.0,0.0
13.0,1.0,2.0,1.0,0.0,0.9486832980505138,0.0,-22.93,56609.314605411135,0.0,0.0,1.0,0.0,0.0,0.0,0.0,0.0,0.0,0.0
61.33,1.0,2.0,0.0,-0.0,0.0,-0.0,0.0,56609.314605411135,0.0,0.0,0.0,0.0,0.0,0.0,0.0,0.0,0.0,-0.0
86.0,1.0,2.0,0.0,-0.0,0.0,-0.0,0.0,56609.314605411135,0.0,0.0,0.0,0.0,0.0,0.0,0.0,0.0,0.0,-0.0
105.89,1.0,2.0,0.0,0.0,0.0,0.0,0.0,56609.314605411135,0.0,0.0,0.0,0.0,0.0,0.0,0.0,0.0,0.0,0.0
131.02,0.5270462766947299,1.0540925533894598,0.0,0.8973665961010275,0.0,0.9459074466105402,116.33460551853722,56725.649210929674,0.0,0.0,0.0,0.0,0.0,0.0,0.0,0.0,0.0,0.8973665961010275
137.97,-0.0,-0.0,0.0,1.0,0.0,1.0540925533894598,136.59,56862.23921092967,0.0,0.0,0.0,0.0,0.0,0.0,0.0,0.0,0.0,1.0
125.93,0.0,0.0,0.0,0.0,0.0,0.0,0.0,56862.23921092967,0.0,0.0,0.0,0.0,0.0,0.0,0.0,0.0,0.0,0.0
113.51,-0.0,-0.0,0.0,-0.0,0.0,-0.0,0.0,56862.23921092967,0.0,0.0,0.0,0.0,0.0,0.0,0.0,0.0,0.0,-0.0
102.29,-0.0,-0.0,0.0,0.0,0.0,0.0,0.0,56862.23921092967,0.0,0.0,0.0,0.0,0.0,0.0,0.0,0.0,0.0,0.0
95.74,-0.0,-0.0,0.0,0.0,0.0,0.0,0.0,56862.23921092967,0.0,0.0,0.0,0.0,0.0,0.0,0.0,0.0,0.0,0.0
90.95,0.0,0.0,0.0,0.0,0.0,0.0,0.0,56862.23921092967,0.0,0.0,0.0,0.0,0.0,0.0,0.0,0.0,0.0,0.0
88.76,-0.0,-0.0,0.0,0.0,0.0,0.0,0.0,56862.23921092967,0.0,0.0,0.0,0.0,0.0,0.0,0.0,0.0,0.0,0.0
87.88,0.4743416490252569,0.9486832980505138,1.0,0.0,0.9486832980505138,0.0,-98.88,56763.35921092967,0.0,0.0,1.0,0.0,0.0,0.0,0.0,0.0,0.0,0.0
87.94,0.9486832980505138,1.8973665961010275,1.0,0.0,0.9486832980505138,0.0,-98.94,56664.41921092967,0.0,0.0,1.0,0.0,0.0,0.0,0.0,0.0,0.0,0.0
88.31,1.0,2.0,0.10818510677891963,0.0,0.10263340389897246,0.0,-10.743862954214508,56653.675347975455,0.0,0.0,0.10818510677891963,0.0,0.0,0.0,0.0,0.0,0.0,0.0
98.37,1.0,2.0,-0.0,0.0,-0.0,0.0,0.0,56653.675347975455,0.0,0.0,-0.0,0.0,0.0,0.0,0.0,0.0,0.0,0.0
127.93,1.0,2.0,0.0,-0.0,0.0,-0.0,0.0,56653.675347975455,0.0,0.0,0.0,0.0,0.0,0.0,0.0,0.0,0.0,-0.0
222.44,0.4729537233052701,0.9459074466105402,0.0,1.0,0.0,1.0540925533894598,221.06,56874.73534797545,0.0,0.0,0.0,0.0,0.0,0.0,0.0,0.0,0.0,1.0
166.91,0.0,0.0,0.0,0.8973665961010275,0.0,0.9459074466105402,148.54109265260308,57023.276440628055,0.0,0.0,0.0,0.0,0.0,0.0,0.0,0.0,0.0,0.8973665961010275
122.06,0.0,0.0,0.0,-0.0,0.0,-0.0,0.0,57023.276440628055,0.0,0.0,0.0,0.0,0.0,0.0,0.0,0.0,0.0,-0.0
90.21,-0.0,-0.0,0.0,0.0,0.0,0.0,0.0,57023.276440628055,0.0,0.0,0.0,0.0,0.0,0.0,0.0,0.0,0.0,0.0
84.95,0.0,0.0,-0.0,0.0,-0.0,0.0,0.0,57023.276440628055,0.0,0.0,-0.0,0.0,0.0,0.0,0.0,0.0,0.0,0.0
78.71,0.4743416490252569,0.9486832980505138,1.0,0.0,0.9486832980505138,0.0,-89.58,56933.69644062805,0.0,0.0,1.0,0.0,0.0,0.0,0.0,0.0,0.0,0.0
77.08,0.9486832980505138,1.8973665961010275,1.0,0.0,0.9486832980505138,0.0,-87.92,56845.776440628055,0.0,0.0,1.0,0.0,0.0,0.0,0.0,0.0,0.0,0.0
83.33,1.0,2.0,0.10818510677891963,0.0,0.10263340389897246,0.0,-10.197528164980964,56835.578912463076,0.0,0.0,0.10818510677891963,0.0,0.0,0.0,0.0,0.0,0.0,0.0
87.4,1.0,2.0,0.0,0.0,0.0,0.0,0.0,56835.578912463076,0.0,0.0,0.0,0.0,0.0,0.0,0.0,0.0,0.0,0.0
99.98,1.0,2.0,-0.0,0.0,-0.0,0.0,0.0,56835.578912463076,0.0,0.0,-0.0,0.0,0.0,0.0,0.0,0.0,0.0,0.0
140.79,1.0,2.0,-0.0,0.0,-0.0,0.0,0.0,56835.578912463076,0.0,0.0,-0.0,0.0,0.0,0.0,0.0,0.0,0.0,0.0
302.65,0.5270462766947299,1.0540925533894598,0.0,0.8973665961010275,0.0,0.9459074466105402,270.3496344073565,57105.92854687043,0.0,0.0,0.0,0.0,0.0,0.0,0.0,0.0,0.0,0.8973665961010275
406.78,0.0,0.0,0.0,1.0,0.0,1.0540925533894598,405.4,57511.328546870434,0.0,0.0,0.0,0.0,0.0,0.0,0.0,0.0,0.0,1.0
167.6,0.0,0.0,0.0,-0.0,0.0,-0.0,0.0,57511.328546870434,0.0,0.0,0.0,0.0,0.0,0.0,0.0,0.0,0.0,-0.0
123.85,-0.0,-0.0,0.0,-0.0,0.0,-0.0,0.0,57511.328546870434,0.0,0.0,0.0,0.0,0.0,0.0,0.0,0.0,0.0,-0.0
108.3,0.0,0.0,0.0,0.0,0.0,0.0,0.0,57511.328546870434,0.0,0.0,0.0,0.0,0.0,0.0,0.0,0.0,0.0,0.0
93.68,0.05131670194948623,0.10263340389897246,0.10818510677891963,0.0,0.10263340389897246,0.0,-11.33347178615962,57499.995075084276,0.0,0.0,0.10818510677891963,0.0,0.0,0.0,0.0,0.0,0.0,0.0
97.43,0.05131670194948623,0.10263340389897246,0.0,0.0,0.0,0.0,0.0,57499.995075084276,0.0,0.0,0.0,0.0,0.0,0.0,0.0,0.0,0.0,0.0
91.45,0.5256583509747431,1.0513167019494862,1.0,0.0,0.9486832980505138,0.0,-102.5,57397.495075084276,0.0,0.0,1.0,0.0,0.0,0.0,0.0,0.0,0.0,0.0
98.48,0.5256583509747431,1.0513167019494862,0.0,0.0,0.0,0.0,0.0,57397.495075084276,0.0,0.0,0.0,0.0,0.0,0.0,0.0,0.0,0.0,0.0
92.22,1.0,2.0,1.0,0.0,0.9486832980505138,0.0,-103.28,57294.21507508428,0.0,0.0,1.0,0.0,0.0,0.0,0.0,0.0,0.0,0.0
98.46,1.0,2.0,0.0,0.0,0.0,0.0,0.0,57294.21507508428,0.0,0.0,0.0,0.0,0.0,0.0,0.0,0.0,0.0,0.0
107.99,1.0,2.0,0.0,0.0,0.0,0.0,0.0,57294.21507508428,0.0,0.0,0.0,0.0,0.0,0.0,0.0,0.0,0.0,0.0
141.86,1.0,2.0,0.0,-0.0,0.0,-0.0,0.0,57294.21507508428,0.0,0.0,0.0,0.0,0.0,0.0,0.0,0.0,0.0,-0.0
244.0,0.4729537233052701,0.9459074466105402,0.0,1.0,0.0,1.0540925533894598,242.62,57536.83507508428,0.0,0.0,0.0,0.0,0.0,0.0,0.0,0.0,0.0,1.0
209.23,0.0,0.0,0.0,0.8973665961010275,0.0,0.9459074466105402,186.51764699959855,57723.35272208388,0.0,0.0,0.0,0.0,0.0,0.0,0.0,0.0,0.0,0.8973665961010275
141.85,-0.0,-0.0,0.0,0.0,0.0,0.0,0.0,57723.35272208388,0.0,0.0,0.0,0.0,0.0,0.0,0.0,0.0,0.0,0.0
115.2,0.0,0.0,-0.0,0.0,-0.0,0.0,0.0,57723.35272208388,0.0,0.0,-0.0,0.0,0.0,0.0,0.0,0.0,0.0,0.0
96.72,0.0,0.0,-0.0,0.0,-0.0,0.0,0.0,57723.35272208388,0.0,0.0,-0.0,0.0,0.0,0.0,0.0,0.0,0.0,0.0
87.91,0.05131670194948623,0.10263340389897246,0.10818510677891963,0.0,0.10263340389897246,0.0,-10.70058891150294,57712.65213317238,0.0,0.0,0.10818510677891963,0.0,0.0,0.0,0.0,0.0,0.0,0.0
86.04,0.5256583509747431,1.0513167019494862,1.0,0.0,0.9486832980505138,0.0,-97.01,57615.642133172376,0.0,0.0,1.0,0.0,0.0,0.0,0.0,0.0,0.0,0.0
87.26,1.0,2.0,1.0,0.0,0.9486832980505138,0.0,-98.25,57517.392133172376,0.0,0.0,1.0,0.0,0.0,0.0,0.0,0.0,0.0,0.0
96.8,1.0,2.0,-0.0,0.0,-0.0,0.0,0.0,57517.392133172376,0.0,0.0,-0.0,0.0,0.0,0.0,0.0,0.0,0.0,0.0
104.03,1.0,2.0,0.0,0.0,0.0,0.0,0.0,57517.392133172376,0.0,0.0,0.0,0.0,0.0,0.0,0.0,0.0,0.0,0.0
142.64,1.0,2.0,0.0,-0.0,0.0,-0.0,0.0,57517.392133172376,0.0,0.0,0.0,0.0,0.0,0.0,0.0,0.0,0.0,-0.0
294.54,0.5270462766947299,1.0540925533894598,0.0,0.8973665961010275,0.0,0.9459074466105402,263.0719913129773,57780.464124485356,0.0,0.0,0.0,0.0,0.0,0.0,0.0,0.0,0.0,0.8973665961010275
357.77,0.0,0.0,0.0,1.0,0.0,1.0540925533894598,356.39,58136.854124485355,0.0,0.0,0.0,0.0,0.0,0.0,0.0,0.0,0.0,1.0
147.28,0.0,0.0,-0.0,0.0,-0.0,0.0,0.0,58136.854124485355,0.0,0.0,-0.0,0.0,0.0,0.0,0.0,0.0,0.0,0.0
116.04,-0.0,-0.0,0.0,0.0,0.0,0.0,0.0,58136.854124485355,0.0,0.0,0.0,0.0,0.0,0.0,0.0,0.0,0.0,0.0
101.63,-0.0,-0.0,0.0,0.0,0.0,0.0,0.0,58136.854124485355,0.0,0.0,0.0,0.0,0.0,0.0,0.0,0.0,0.0,0.0
92.54,0.0,0.0,-0.0,0.0,-0.0,0.0,0.0,58136.854124485355,0.0,0.0,-0.0,0.0,0.0,0.0,0.0,0.0,0.0,0.0
91.565,-0.0,-0.0,0.0,0.0,0.0,0.0,0.0,58136.854124485355,0.0,0.0,0.0,0.0,0.0,0.0,0.0,0.0,0.0,0.0
89.99,0.0,0.0,-0.0,0.0,-0.0,0.0,0.0,58136.854124485355,0.0,0.0,-0.0,0.0,0.0,0.0,0.0,0.0,0.0,0.0
84.8725,0.4743416490252569,0.9486832980505138,1.0,0.0,0.9486832980505138,0.0,-95.8225,58041.03162448535,0.0,0.0,1.0,0.0,0.0,0.0,0.0,0.0,0.0,0.0
88.325,0.5256583509747431,1.0513167019494862,0.10818510677891963,0.0,0.10263340389897246,0.0,-10.745485730816192,58030.286138754534,0.0,0.0,0.10818510677891963,0.0,0.0,0.0,0.0,0.0,0.0,0.0
87.655,1.0,2.0,1.0,0.0,0.9486832980505138,0.0,-98.645,57931.64113875454,0.0,0.0,1.0,0.0,0.0,0.0,0.0,0.0,0.0,0.0
95.3275,1.0,2.0,0.0,0.0,0.0,0.0,0.0,57931.64113875454,0.0,0.0,0.0,0.0,0.0,0.0,0.0,0.0,0.0,0.0
119.1425,1.0,2.0,0.0,0.0,0.0,0.0,0.0,57931.64113875454,0.0,0.0,0.0,0.0,0.0,0.0,0.0,0.0,0.0,0.0
173.3,0.4729537233052701,0.9459074466105402,0.0,1.0,0.0,1.0540925533894598,171.92000000000002,58103.561138754536,0.0,0.0,0.0,0.0,0.0,0.0,0.0,0.0,0.0,1.0
139.0875,0.0,0.0,0.0,0.8973665961010275,0.0,0.9459074466105402,123.57411053258225,58227.135249287116,0.0,0.0,0.0,0.0,0.0,0.0,0.0,0.0,0.0,0.8973665961010275
105.25,-0.0,-0.0,0.0,-0.0,0.0,-0.0,0.0,58227.135249287116,0.0,0.0,0.0,0.0,0.0,0.0,0.0,0.0,0.0,-0.0
86.0975,0.0,0.0,0.0,0.0,0.0,0.0,0.0,58227.135249287116,0.0,0.0,0.0,0.0,0.0,0.0,0.0,0.0,0.0,0.0
70.675,0.05131670194948623,0.10263340389897246,0.10818510677891963,0.0,0.10263340389897246,0.0,-8.80897231947353,58218.326276967644,0.0,0.0,0.10818510677891963,0.0,0.0,0.0,0.0,0.0,0.0,0.0
66.025,0.5256583509747431,1.0513167019494862,1.0,0.0,0.9486832980505138,0.0,-76.715,58141.61127696765,0.0,0.0,1.0,0.0,0.0,0.0,0.0,0.0,0.0,0.0
68.4,1.0,2.0,1.0,0.0,0.9486832980505138,0.0,-79.12,58062.491276967645,0.0,0.0,1.0,0.0,0.0,0.0,0.0,0.0,0.0,0.0
72.6275,1.0,2.0,0.0,0.0,0.0,0.0,0.0,58062.491276967645,0.0,0.0,0.0,0.0,0.0,0.0,0.0,0.0,0.0,0.0
81.7225,1.0,2.0,0.0,0.0,0.0,0.0,0.0,58062.491276967645,0.0,0.0,0.0,0.0,0.0,0.0,0.0,0.0,0.0,0.0
89.6725,1.0,2.0,0.0,0.0,0.0,0.0,0.0,58062.491276967645,0.0,0.0,0.0,0.0,0.0,0.0,0.0,0.0,0.0,0.0
131.15,1.0,2.0,0.0,-0.0,0.0,-0.0,0.0,58062.491276967645,0.0,0.0,0.0,0.0,0.0,0.0,0.0,0.0,0.0,-0.0
253.2375,0.5270462766947299,1.0540925533894598,0.0,0.8973665961010275,0.0,0.9459074466105402,226.00850747751454,58288.49978444516,0.0,0.0,0.0,0.0,0.0,0.0,0.0,0.0,0.0,0.8973665961010275
339.9925,0.0,0.0,0.0,1.0,0.0,1.0540925533894598,338.6125,58627.11228444516,0.0,0.0,0.0,0.0,0.0,0.0,0.0,0.0,0.0,1.0
152.025,0.0,0.0,0.0,-0.0,0.0,-0.0,0.0,58627.11228444516,0.0,0.0,0.0,0.0,0.0,0.0,0.0,0.0,0.0,-0.0
113.035,0.0,0.0,-0.0,0.0,-0.0,0.0,0.0,58627.11228444516,0.0,0.0,-0.0,0.0,0.0,0.0,0.0,0.0,0.0,0.0
98.51,-0.0,-0.0,0.0,0.0,0.0,0.0,0.0,58627.11228444516,0.0,0.0,0.0,0.0,0.0,0.0,0.0,0.0,0.0,0.0
90.6475,0.0,0.0,-0.0,0.0,-0.0,0.0,0.0,58627.11228444516,0.0,0.0,-0.0,0.0,0.0,0.0,0.0,0.0,0.0,0.0
90.805,-0.0,-0.0,0.0,0.0,0.0,0.0,0.0,58627.11228444516,0.0,0.0,0.0,0.0,0.0,0.0,0.0,0.0,0.0,0.0
88.0,0.0,0.0,-0.0,0.0,-0.0,0.0,0.0,58627.11228444516,0.0,0.0,-0.0,0.0,0.0,0.0,0.0,0.0,0.0,0.0
85.8225,0.4743416490252569,0.9486832980505138,1.0,0.0,0.9486832980505138,0.0,-96.7925,58530.31978444516,0.0,0.0,1.0,0.0,0.0,0.0,0.0,0.0,0.0,0.0
85.795,0.9486832980505138,1.8973665961010275,1.0,0.0,0.9486832980505138,0.0,-96.765,58433.55478444516,0.0,0.0,1.0,0.0,0.0,0.0,0.0,0.0,0.0,0.0
87.685,1.0,2.0,0.10818510677891963,0.0,0.10263340389897246,0.0,-10.675165411409896,58422.879619033745,0.0,0.0,0.10818510677891963,0.0,0.0,0.0,0.0,0.0,0.0,0.0
93.355,1.0,2.0,0.0,0.0,0.0,0.0,0.0,58422.879619033745,0.0,0.0,0.0,0.0,0.0,0.0,0.0,0.0,0.0,0.0
121.3075,1.0,2.0,0.0,-0.0,0.0,-0.0,0.0,58422.879619033745,0.0,0.0,0.0,0.0,0.0,0.0,0.0,0.0,0.0,-0.0
162.23,0.4729537233052701,0.9459074466105402,0.0,1.0,0.0,1.0540925533894598,160.85,58583.729619033744,0.0,0.0,0.0,0.0,0.0,0.0,0.0,0.0,0.0,1.0
134.215,0.0,0.0,0.0,0.8973665961010275,0.0,0.9459074466105402,119.20169179307999,58702.931310826825,0.0,0.0,0.0,0.0,0.0,0.0,0.0,0.0,0.0,0.8973665961010275
100.7225,0.0,0.0,-0.0,0.0,-0.0,0.0,0.0,58702.931310826825,0.0,0.0,-0.0,0.0,0.0,0.0,0.0,0.0,0.0,0.0
91.48,0.0,0.0,-0.0,0.0,-0.0,0.0,0.0,58702.931310826825,0.0,0.0,-0.0,0.0,0.0,0.0,0.0,0.0,0.0,0.0
78.285,0.0,0.0,-0.0,0.0,-0.0,0.0,0.0,58702.931310826825,0.0,0.0,-0.0,0.0,0.0,0.0,0.0,0.0,0.0,0.0
65.77,0.4743416490252569,0.9486832980505138,1.0,0.0,0.9486832980505138,0.0,-76.44999999999999,58626.48131082683,0.0,0.0,1.0,0.0,0.0,0.0,0.0,0.0,0.0,0.0
60.5,0.9486832980505138,1.8973665961010275,1.0,0.0,0.9486832980505138,0.0,-71.11,58555.37131082683,0.0,0.0,1.0,0.0,0.0,0.0,0.0,0.0,0.0,0.0
71.29,1.0,2.0,0.10818510677891963,0.0,0.10263340389897246,0.0,-8.876588011210355,58546.494722815616,0.0,0.0,0.10818510677891963,0.0,0.0,0.0,0.0,0.0,0.0,0.0
80.2875,1.0,2.0,0.0,0.0,0.0,0.0,0.0,58546.494722815616,0.0,0.0,0.0,0.0,0.0,0.0,0.0,0.0,0.0,0.0
86.2325,1.0,2.0,0.0,0.0,0.0,0.0,0.0,58546.494722815616,0.0,0.0,0.0,0.0,0.0,0.0,0.0,0.0,0.0,0.0
109.8375,1.0,2.0,-0.0,0.0,-0.0,0.0,0.0,58546.494722815616,0.0,0.0,-0.0,0.0,0.0,0.0,0.0,0.0,0.0,0.0
160.44,0.5270462766947299,1.0540925533894598,0.0,0.8973665961010275,0.0,0.9459074466105402,142.73513077582945,58689.229853591445,0.0,0.0,0.0,0.0,0.0,0.0,0.0,0.0,0.0,0.8973665961010275
169.3175,0.0,0.0,0.0,1.0,0.0,1.0540925533894598,167.9375,58857.167353591445,0.0,0.0,0.0,0.0,0.0,0.0,0.0,0.0,0.0,1.0
106.925,-0.0,-0.0,0.0,0.0,0.0,0.0,0.0,58857.167353591445,0.0,0.0,0.0,0.0,0.0,0.0,0.0,0.0,0.0,0.0
84.6675,0.0,0.0,-0.0,0.0,-0.0,0.0,0.0,58857.167353591445,0.0,0.0,-0.0,0.0,0.0,0.0,0.0,0.0,0.0,0.0
70.0,0.0,0.0,-0.0,0.0,-0.0,0.0,0.0,58857.167353591445,0.0,0.0,-0.0,0.0,0.0,0.0,0.0,0.0,0.0,0.0
44.0,0.0,0.0,-0.0,0.0,-0.0,0.0,0.0,58857.167353591445,0.0,0.0,-0.0,0.0,0.0,0.0,0.0,0.0,0.0,0.0
22.5,0.0,0.0,-0.0,0.0,-0.0,0.0,0.0,58857.167353591445,0.0,0.0,-0.0,0.0,0.0,0.0,0.0,0.0,0.0,0.0
14.4,0.05131670194948623,0.10263340389897246,0.10818510677891963,0.0,0.10263340389897246,0.0,-2.6343073500666927,58854.53304624138,0.0,0.0,0.10818510677891963,0.0,0.0,0.0,0.0,0.0,0.0,0.0
14.955,0.05131670194948623,0.10263340389897246,0.0,0.0,0.0,0.0,0.0,58854.53304624138,0.0,0.0,0.0,0.0,0.0,0.0,0.0,0.0,0.0,0.0
20.9975,0.05131670194948623,0.10263340389897246,0.0,0.0,0.0,0.0,0.0,58854.53304624138,0.0,0.0,0.0,0.0,0.0,0.0,0.0,0.0,0.0,0.0
12.0,0.5256583509747431,1.0513167019494862,1.0,0.0,0.9486832980505138,0.0,-21.92,58832.61304624138,0.0,0.0,1.0,0.0,0.0,0.0,0.0,0.0,0.0,0.0
13.6825,1.0,2.0,1.0,0.0,0.9486832980505138,0.0,-23.6225,58808.99054624138,0.0,0.0,1.0,0.0,0.0,0.0,0.0,0.0,0.0,0.0
30.1125,1.0,2.0,-0.0,0.0,-0.0,0.0,0.0,58808.99054624138,0.0,0.0,-0.0,0.0,0.0,0.0,0.0,0.0,0.0,0.0
77.9975,0.5270462766947299,1.0540925533894598,0.0,0.8973665961010275,0.0,0.9459074466105402,68.75398517677047,58877.74453141815,0.0,0.0,0.0,0.0,0.0,0.0,0.0,0.0,0.0,0.8973665961010275
100.0,0.0,0.0,0.0,1.0,0.0,1.0540925533894598,98.62,58976.364531418156,0.0,0.0,0.0,0.0,0.0,0.0,0.0,0.0,0.0,1.0
64.68,0.0,0.0,0.0,-0.0,0.0,-0.0,0.0,58976.364531418156,0.0,0.0,0.0,0.0,0.0,0.0,0.0,0.0,0.0,-0.0
44.885,0.0,0.0,0.0,-0.0,0.0,-0.0,0.0,58976.364531418156,0.0,0.0,0.0,0.0,0.0,0.0,0.0,0.0,0.0,-0.0
40.5025,0.0,0.0,0.0,-0.0,0.0,-0.0,0.0,58976.364531418156,0.0,0.0,0.0,0.0,0.0,0.0,0.0,0.0,0.0,-0.0
19.71,-0.0,-0.0,0.0,0.0,0.0,0.0,0.0,58976.364531418156,0.0,0.0,0.0,0.0,0.0,0.0,0.0,0.0,0.0,0.0
16.5025,-0.0,-0.0,0.0,0.0,0.0,0.0,0.0,58976.364531418156,0.0,0.0,0.0,0.0,0.0,0.0,0.0,0.0,0.0,0.0
20.095,-0.0,-0.0,0.0,0.0,0.0,0.0,0.0,58976.364531418156,0.0,0.0,0.0,0.0,0.0,0.0,0.0,0.0,0.0,0.0
15.0,0.4743416490252569,0.9486832980505138,1.0,0.0,0.9486832980505138,0.0,-24.96,58951.40453141816,0.0,0.0,1.0,0.0,0.0,0.0,0.0,0.0,0.0,0.0
13.25,0.9486832980505138,1.8973665961010275,1.0,0.0,0.9486832980505138,0.0,-23.189999999999998,58928.214531418154,0.0,0.0,1.0,0.0,0.0,0.0,0.0,0.0,0.0,0.0
15.16,1.0,2.0,0.10818510677891963,0.0,0.10263340389897246,0.0,-2.717609882286461,58925.496921535865,0.0,0.0,0.10818510677891963,0.0,0.0,0.0,0.0,0.0,0.0,0.0
34.73,0.5270462766947299,1.0540925533894598,0.0,0.8973665961010275,0.0,0.9459074466105402,29.927175979969267,58955.42409751583,0.0,0.0,0.0,0.0,0.0,0.0,0.0,0.0,0.0,0.8973665961010275
24.875,0.5270462766947299,1.0540925533894598,0.0,0.0,0.0,0.0,0.0,58955.42409751583,0.0,0.0,0.0,0.0,0.0,0.0,0.0,0.0,0.0,0.0
40.4,0.0,0.0,0.0,1.0,0.0,1.0540925533894598,39.019999999999996,58994.44409751583,0.0,0.0,0.0,0.0,0.0,0.0,0.0,0.0,0.0,1.0
25.5725,0.0,0.0,0.0,-0.0,0.0,-0.0,0.0,58994.44409751583,0.0,0.0,0.0,0.0,0.0,0.0,0.0,0.0,0.0,-0.0
9.9775,-0.0,-0.0,0.0,-0.0,0.0,-0.0,0.0,58994.44409751583,0.0,0.0,0.0,0.0,0.0,0.0,0.0,0.0,0.0,-0.0
3.9225,0.0,0.0,0.0,0.0,0.0,0.0,0.0,58994.44409751583,0.0,0.0,0.0,0.0,0.0,0.0,0.0,0.0,0.0,0.0
0.725,-0.0,-0.0,0.0,0.0,0.0,0.0,0.0,58994.44409751583,0.0,0.0,0.0,0.0,0.0,0.0,0.0,0.0,0.0,0.0
-0.01,-0.0,-0.0,0.0,0.0,0.0,0.0,-0.0,58994.44409751583,0.0,0.0,0.0,0.0,0.0,0.0,0.0,0.0,0.0,0.0
-0.0425,-0.0,-0.0,0.0,0.0,0.0,0.0,-0.0,58994.44409751583,0.0,0.0,0.0,0.0,0.0,0.0,0.0,0.0,0.0,0.0
-0.0975,-0.0,-0.0,0.0,0.0,0.0,0.0,-0.0,58994.44409751583,0.0,0.0,0.0,0.0,0.0,0.0,0.0,0.0,0.0,0.0
-1.1275,-0.0,-0.0,0.0,0.0,0.0,0.0,-0.0,58994.44409751583,0.0,0.0,0.0,0.0,0.0,0.0,0.0,0.0,0.0,0.0
-1.89,-0.0,-0.0,0.0,0.0,0.0,0.0,-0.0,58994.44409751583,0.0,0.0,0.0,0.0,0.0,0.0,0.0,0.0,0.0,0.0
-1.915,-0.0,-0.0,0.0,0.0,0.0,0.0,-0.0,58994.44409751583,0.0,0.0,0.0,0.0,0.0,0.0,0.0,0.0,0.0,0.0
-0.775,-0.0,-0.0,0.0,0.0,0.0,0.0,-0.0,58994.44409751583,0.0,0.0,0.0,0.0,0.0,0.0,0.0,0.0,0.0,0.0
-0.3,-0.0,-0.0,0.0,0.0,0.0,0.0,-0.0,58994.44409751583,0.0,0.0,0.0,0.0,0.0,0.0,0.0,0.0,0.0,0.0
0.07,-0.0,-0.0,0.0,0.0,0.0,0.0,0.0,58994.44409751583,0.0,0.0,0.0,0.0,0.0,0.0,0.0,0.0,0.0,0.0
0.24,-0.0,-0.0,0.0,0.0,0.0,0.0,0.0,58994.44409751583,0.0,0.0,0.0,0.0,0.0,0.0,0.0,0.0,0.0,0.0
0.105,-0.0,-0.0,0.0,0.0,0.0,0.0,0.0,58994.44409751583,0.0,0.0,0.0,0.0,0.0,0.0,0.0,0.0,0.0,0.0
0.0,-0.0,-0.0,0.0,0.0,0.0,0.0,0.0,58994.44409751583,0.0,0.0,0.0,0.0,0.0,0.0,0.0,0.0,0.0,0.0
-0.36,-0.0,-0.0,0.0,0.0,0.0,0.0,-0.0,58994.44409751583,0.0,0.0,0.0,0.0,0.0,0.0,0.0,0.0,0.0,0.0
-2.045,-0.0,-0.0,0.0,0.0,0.0,0.0,-0.0,58994.44409751583,0.0,0.0,0.0,0.0,0.0,0.0,0.0,0.0,0.0,0.0
-1.94,-0.0,-0.0,0.0,0.0,0.0,0.0,-0.0,58994.44409751583,0.0,0.0,0.0,0.0,0.0,0.0,0.0,0.0,0.0,0.0
-0.035,-0.0,-0.0,0.0,0.0,0.0,0.0,-0.0,58994.44409751583,0.0,0.0,0.0,0.0,0.0,0.0,0.0,0.0,0.0,0.0
0.325,-0.0,-0.0,0.0,0.0,0.0,0.0,0.0,58994.44409751583,0.0,0.0,0.0,0.0,0.0,0.0,0.0,0.0,0.0,0.0
1.7225,-0.0,-0.0,0.0,0.0,0.0,0.0,0.0,58994.44409751583,0.0,0.0,0.0,0.0,0.0,0.0,0.0,0.0,0.0,0.0
3.67,-0.0,-0.0,0.0,0.0,0.0,0.0,0.0,58994.44409751583,0.0,0.0,0.0,0.0,0.0,0.0,0.0,0.0,0.0,0.0
1.98,-0.0,-0.0,0.0,0.0,0.0,0.0,0.0,58994.44409751583,0.0,0.0,0.0,0.0,0.0,0.0,0.0,0.0,0.0,0.0
0.38,-0.0,-0.0,0.0,0.0,0.0,0.0,0.0,58994.44409751583,0.0,0.0,0.0,0.0,0.0,0.0,0.0,0.0,0.0,0.0
0.5,-0.0,-0.0,0.0,0.0,0.0,0.0,0.0,58994.44409751583,0.0,0.0,0.0,0.0,0.0,0.0,0.0,0.0,0.0,0.0
-0.1075,-0.0,-0.0,0.0,0.0,0.0,0.0,-0.0,58994.44409751583,0.0,0.0,0.0,0.0,0.0,0.0,0.0,0.0,0.0,0.0
-0.37,-0.0,-0.0,0.0,0.0,0.0,0.0,-0.0,58994.44409751583,0.0,0.0,0.0,0.0,0.0,0.0,0.0,0.0,0.0,0.0
-1.0525,-0.0,-0.0,0.0,0.0,0.0,0.0,-0.0,58994.44409751583,0.0,0.0,0.0,0.0,0.0,0.0,0.0,0.0,0.0,0.0
-2.76,-0.0,-0.0,0.0,0.0,0.0,0.0,-0.0,58994.44409751583,0.0,0.0,0.0,0.0,0.0,0.0,0.0,0.0,0.0,0.0
-3.59,0.05131670194948623,0.10263340389897246,0.10818510677891963,0.0,0.10263340389897246,0.0,-0.6610110024191989,58993.78308651341,0.0,0.0,0.10818510677891963,0.0,0.0,0.0,0.0,0.0,0.0,0.0
-3.655,0.5256583509747431,1.0513167019494862,1.0,0.0,0.9486832980505138,0.0,-6.045,58987.73808651341,0.0,0.0,1.0,0.0,0.0,0.0,0.0,0.0,0.0,0.0
-3.6075,1.0,2.0,1.0,0.0,0.9486832980505138,0.0,-6.092499999999999,58981.64558651341,0.0,0.0,1.0,0.0,0.0,0.0,0.0,0.0,0.0,0.0
-3.3225,1.0,2.0,0.0,0.0,0.0,0.0,-0.0,58981.64558651341,0.0,0.0,0.0,0.0,0.0,0.0,0.0,0.0,0.0,0.0
-1.2675,1.0,2.0,0.0,0.0,0.0,0.0,-0.0,58981.64558651341,0.0,0.0,0.0,0.0,0.0,0.0,0.0,0.0,0.0,0.0
-0.0175,1.0,2.0,0.0,0.0,0.0,0.0,-0.0,58981.64558651341,0.0,0.0,0.0,0.0,0.0,0.0,0.0,0.0,0.0,0.0
-0.465,1.0,2.0,0.0,0.0,0.0,0.0,-0.0,58981.64558651341,0.0,0.0,0.0,0.0,0.0,0.0,0.0,0.0,0.0,0.0
-3.33,1.0,2.0,0.0,0.0,0.0,0.0,-0.0,58981.64558651341,0.0,0.0,0.0,0.0,0.0,0.0,0.0,0.0,0.0,0.0
-2.0175,1.0,2.0,0.0,0.0,0.0,0.0,-0.0,58981.64558651341,0.0,0.0,0.0,0.0,0.0,0.0,0.0,0.0,0.0,0.0
-3.43,1.0,2.0,0.0,0.0,0.0,0.0,-0.0,58981.64558651341,0.0,0.0,0.0,0.0,0.0,0.0,0.0,0.0,0.0,0.0
-3.255,1.0,2.0,0.0,0.0,0.0,0.0,-0.0,58981.64558651341,0.0,0.0,0.0,0.0,0.0,0.0,0.0,0.0,0.0,0.0
-2.875,1.0,2.0,0.0,0.0,0.0,0.0,-0.0,58981.64558651341,0.0,0.0,0.0,0.0,0.0,0.0,0.0,0.0,0.0,0.0
-2.4025,1.0,2.0,0.0,0.0,0.0,0.0,-0.0,58981.64558651341,0.0,0.0,0.0,0.0,0.0,0.0,0.0,0.0,0.0,0.0
-0.6875,1.0,2.0,0.0,0.0,0.0,0.0,-0.0,58981.64558651341,0.0,0.0,0.0,0.0,0.0,0.0,0.0,0.0,0.0,0.0
2.0075,1.0,2.0,0.0,0.0,0.0,0.0,0.0,58981.64558651341,0.0,0.0,0.0,0.0,0.0,0.0,0.0,0.0,0.0,0.0
16.0825,1.0,2.0,0.0,0.0,0.0,0.0,0.0,58981.64558651341,0.0,0.0,0.0,0.0,0.0,0.0,0.0,0.0,0.0,0.0
35.0475,0.4729537233052701,0.9459074466105402,0.0,1.0,0.0,1.0540925533894598,33.6675,59015.313086513415,0.0,0.0,0.0,0.0,0.0,0.0,0.0,0.0,0.0,1.0
19.83,0.0,0.0,0.0,0.8973665961010275,0.0,0.9459074466105402,16.556413698063956,59031.86950021148,0.0,0.0,0.0,0.0,0.0,0.0,0.0,0.0,0.0,0.8973665961010275
5.4775,0.05131670194948623,0.10263340389897246,0.10818510677891963,0.0,0.10263340389897246,0.0,-1.656043522018312,59030.21345668946,0.0,0.0,0.10818510677891963,0.0,0.0,0.0,0.0,0.0,0.0,0.0
5.2025,0.5256583509747431,1.0513167019494862,1.0,0.0,0.9486832980505138,0.0,-15.0225,59015.19095668946,0.0,0.0,1.0,0.0,0.0,0.0,0.0,0.0,0.0,0.0
4.075,1.0,2.0,1.0,0.0,0.9486832980505138,0.0,-13.885000000000002,59001.30595668946,0.0,0.0,1.0,0.0,0.0,0.0,0.0,0.0,0.0,0.0
20.845,1.0,2.0,0.0,-0.0,0.0,-0.0,0.0,59001.30595668946,0.0,0.0,0.0,0.0,0.0,0.0,0.0,0.0,0.0,-0.0
10.055,1.0,2.0,0.0,0.0,0.0,0.0,0.0,59001.30595668946,0.0,0.0,0.0,0.0,0.0,0.0,0.0,0.0,0.0,0.0
9.1025,1.0,2.0,0.0,0.0,0.0,0.0,0.0,59001.30595668946,0.0,0.0,0.0,0.0,0.0,0.0,0.0,0.0,0.0,0.0
10.7325,1.0,2.0,0.0,0.0,0.0,0.0,0.0,59001.30595668946,0.0,0.0,0.0,0.0,0.0,0.0,0.0,0.0,0.0,0.0
16.8,1.0,2.0,0.0,0.0,0.0,0.0,0.0,59001.30595668946,0.0,0.0,0.0,0.0,0.0,0.0,0.0,0.0,0.0,0.0
22.6025,1.0,2.0,0.0,-0.0,0.0,-0.0,0.0,59001.30595668946,0.0,0.0,0.0,0.0,0.0,0.0,0.0,0.0,0.0,-0.0
58.515,1.0,2.0,0.0,-0.0,0.0,-0.0,0.0,59001.30595668946,0.0,0.0,0.0,0.0,0.0,0.0,0.0,0.0,0.0,-0.0
102.0,0.5256583509747431,1.0513167019494862,0.0,0.8999999999999999,0.0,0.9486832980505138,90.55799999999999,59091.863956689456,0.0,0.0,0.0,0.0,0.0,0.0,0.0,0.0,0.0,0.8999999999999999
95.5475,0.5256583509747431,1.0513167019494862,0.0,0.0,0.0,0.0,0.0,59091.863956689456,0.0,0.0,0.0,0.0,0.0,0.0,0.0,0.0,0.0,0.0
86.695,0.5256583509747431,1.0513167019494862,0.0,0.0,0.0,0.0,0.0,59091.863956689456,0.0,0.0,0.0,0.0,0.0,0.0,0.0,0.0,0.0,0.0
83.115,0.5256583509747431,1.0513167019494862,0.0,0.0,0.0,0.0,0.0,59091.863956689456,0.0,0.0,0.0,0.0,0.0,0.0,0.0,0.0,0.0,0.0
80.0025,0.5256583509747431,1.0513167019494862,0.0,0.0,0.0,0.0,0.0,59091.863956689456,0.0,0.0,0.0,0.0,0.0,0.0,0.0,0.0,0.0,0.0
78.6075,1.0,2.0,1.0,0.0,0.9486832980505138,0.0,-89.4775,59002.386456689455,0.0,0.0,1.0,0.0,0.0,0.0,0.0,0.0,0.0,0.0
84.0,1.0,2.0,0.0,0.0,0.0,0.0,0.0,59002.386456689455,0.0,0.0,0.0,0.0,0.0,0.0,0.0,0.0,0.0,0.0
87.725,1.0,2.0,0.0,0.0,0.0,0.0,0.0,59002.386456689455,0.0,0.0,0.0,0.0,0.0,0.0,0.0,0.0,0.0,0.0
94.53,1.0,2.0,0.0,0.0,0.0,0.0,0.0,59002.386456689455,0.0,0.0,0.0,0.0,0.0,0.0,0.0,0.0,0.0,0.0
104.5525,1.0,2.0,0.0,-0.0,0.0,-0.0,0.0,59002.386456689455,0.0,0.0,0.0,0.0,0.0,0.0,0.0,0.0,0.0,-0.0
120.39,1.0,2.0,0.0,0.0,0.0,0.0,0.0,59002.386456689455,0.0,0.0,0.0,0.0,0.0,0.0,0.0,0.0,0.0,0.0
141.8175,0.5270462766947299,1.0540925533894598,0.0,0.8973665961010275,0.0,0.9459074466105402,126.02392133993804,59128.410378029395,0.0,0.0,0.0,0.0,0.0,0.0,0.0,0.0,0.0,0.8973665961010275
168.465,-0.0,-0.0,0.0,1.0,0.0,1.0540925533894598,167.085,59295.495378029394,0.0,0.0,0.0,0.0,0.0,0.0,0.0,0.0,0.0,1.0
133.6775,0.0,0.0,0.0,0.0,0.0,0.0,0.0,59295.495378029394,0.0,0.0,0.0,0.0,0.0,0.0,0.0,0.0,0.0,0.0
120.2025,-0.0,-0.0,0.0,-0.0,0.0,-0.0,0.0,59295.495378029394,0.0,0.0,0.0,0.0,0.0,0.0,0.0,0.0,0.0,-0.0
118.665,-0.0,-0.0,0.0,0.0,0.0,0.0,0.0,59295.495378029394,0.0,0.0,0.0,0.0,0.0,0.0,0.0,0.0,0.0,0.0
105.5,-0.0,-0.0,0.0,0.0,0.0,0.0,0.0,59295.495378029394,0.0,0.0,0.0,0.0,0.0,0.0,0.0,0.0,0.0,0.0
100.265,0.0,0.0,0.0,0.0,0.0,0.0,0.0,59295.495378029394,0.0,0.0,0.0,0.0,0.0,0.0,0.0,0.0,0.0,0.0
93.9875,-0.0,-0.0,0.0,0.0,0.0,0.0,0.0,59295.495378029394,0.0,0.0,0.0,0.0,0.0,0.0,0.0,0.0,0.0,0.0
89.8175,0.4743416490252569,0.9486832980505138,1.0,0.0,0.9486832980505138,0.0,-100.8475,59194.64787802939,0.0,0.0,1.0,0.0,0.0,0.0,0.0,0.0,0.0,0.0
89.55,0.9486832980505138,1.8973665961010275,1.0,0.0,0.9486832980505138,0.0,-100.57,59094.07787802939,0.0,0.0,1.0,0.0,0.0,0.0,0.0,0.0,0.0,0.0
92.975,1.0,2.0,0.10818510677891963,0.0,0.10263340389897246,0.0,-11.25611943481269,59082.82175859458,0.0,0.0,0.10818510677891963,0.0,0.0,0.0,0.0,0.0,0.0,0.0
96.74,1.0,2.0,0.0,0.0,0.0,0.0,0.0,59082.82175859458,0.0,0.0,0.0,0.0,0.0,0.0,0.0,0.0,0.0,0.0
130.5025,1.0,2.0,-0.0,0.0,-0.0,0.0,0.0,59082.82175859458,0.0,0.0,-0.0,0.0,0.0,0.0,0.0,0.0,0.0,0.0
214.3275,0.5270462766947299,1.0540925533894598,0.0,0.8973665961010275,0.0,0.9459074466105402,191.09197322322353,59273.9137318178,0.0,0.0,0.0,0.0,0.0,0.0,0.0,0.0,0.0,0.8973665961010275
269.77,-0.0,-0.0,0.0,1.0,0.0,1.0540925533894598,268.39,59542.3037318178,0.0,0.0,0.0,0.0,0.0,0.0,0.0,0.0,0.0,1.0
204.875,0.0,0.0,0.0,0.0,0.0,0.0,0.0,59542.3037318178,0.0,0.0,0.0,0.0,0.0,0.0,0.0,0.0,0.0,0.0
151.4725,0.0,0.0,-0.0,0.0,-0.0,0.0,0.0,59542.3037318178,0.0,0.0,-0.0,0.0,0.0,0.0,0.0,0.0,0.0,0.0
128.2925,-0.0,-0.0,0.0,0.0,0.0,0.0,0.0,59542.3037318178,0.0,0.0,0.0,0.0,0.0,0.0,0.0,0.0,0.0,0.0
110.94,0.05131670194948623,0.10263340389897246,0.10818510677891963,0.0,0.10263340389897246,0.0,-13.227793005858503,59529.07593881195,0.0,0.0,0.10818510677891963,0.0,0.0,0.0,0.0,0.0,0.0,0.0
106.1825,0.5256583509747431,1.0513167019494862,1.0,0.0,0.9486832980505138,0.0,-117.44250000000001,59411.63343881195,0.0,0.0,1.0,0.0,0.0,0.0,0.0,0.0,0.0,0.0
104.135,1.0,2.0,1.0,0.0,0.9486832980505138,0.0,-115.36500000000001,59296.26843881195,0.0,0.0,1.0,0.0,0.0,0.0,0.0,0.0,0.0,0.0
112.9775,1.0,2.0,0.0,0.0,0.0,0.0,0.0,59296.26843881195,0.0,0.0,0.0,0.0,0.0,0.0,0.0,0.0,0.0,0.0
115.0575,1.0,2.0,0.0,0.0,0.0,0.0,0.0,59296.26843881195,0.0,0.0,0.0,0.0,0.0,0.0,0.0,0.0,0.0,0.0
145.9675,1.0,2.0,-0.0,0.0,-0.0,0.0,0.0,59296.26843881195,0.0,0.0,-0.0,0.0,0.0,0.0,0.0,0.0,0.0,0.0
197.8475,0.5270462766947299,1.0540925533894598,0.0,0.8973665961010275,0.0,0.9459074466105402,176.30337171947863,59472.57181053143,0.0,0.0,0.0,0.0,0.0,0.0,0.0,0.0,0.0,0.8973665961010275
213.28,0.0,0.0,0.0,1.0,0.0,1.0540925533894598,211.9,59684.47181053143,0.0,0.0,0.0,0.0,0.0,0.0,0.0,0.0,0.0,1.0
146.345,-0.0,-0.0,0.0,0.0,0.0,0.0,0.0,59684.47181053143,0.0,0.0,0.0,0.0,0.0,0.0,0.0,0.0,0.0,0.0
123.2425,0.0,0.0,-0.0,0.0,-0.0,0.0,0.0,59684.47181053143,0.0,0.0,-0.0,0.0,0.0,0.0,0.0,0.0,0.0,0.0
107.425,-0.0,-0.0,0.0,0.0,0.0,0.0,0.0,59684.47181053143,0.0,0.0,0.0,0.0,0.0,0.0,0.0,0.0,0.0,0.0
97.485,-0.0,-0.0,0.0,0.0,0.0,0.0,0.0,59684.47181053143,0.0,0.0,0.0,0.0,0.0,0.0,0.0,0.0,0.0,0.0
93.4525,0.0,0.0,-0.0,0.0,-0.0,0.0,0.0,59684.47181053143,0.0,0.0,-0.0,0.0,0.0,0.0,0.0,0.0,0.0,0.0
88.4375,0.05131670194948623,0.10263340389897246,0.10818510677891963,0.0,0.10263340389897246,0.0,-10.75873840639661,59673.713072125036,0.0,0.0,0.10818510677891963,0.0,0.0,0.0,0.0,0.0,0.0,0.0
87.56,0.5256583509747431,1.0513167019494862,1.0,0.0,0.9486832980505138,0.0,-98.55,59575.16307212503,0.0,0.0,1.0,0.0,0.0,0.0,0.0,0.0,0.0,0.0
86.975,1.0,2.0,1.0,0.0,0.9486832980505138,0.0,-97.955,59477.20807212503,0.0,0.0,1.0,0.0,0.0,0.0,0.0,0.0,0.0,0.0
89.6725,1.0,2.0,-0.0,0.0,-0.0,0.0,0.0,59477.20807212503,0.0,0.0,-0.0,0.0,0.0,0.0,0.0,0.0,0.0,0.0
97.395,1.0,2.0,0.0,0.0,0.0,0.0,0.0,59477.20807212503,0.0,0.0,0.0,0.0,0.0,0.0,0.0,0.0,0.0,0.0
115.24,1.0,2.0,0.0,-0.0,0.0,-0.0,0.0,59477.20807212503,0.0,0.0,0.0,0.0,0.0,0.0,0.0,0.0,0.0,-0.0
153.67,0.5270462766947299,1.0540925533894598,0.0,0.8973665961010275,0.0,0.9459074466105402,136.65995892022548,59613.868031045255,0.0,0.0,0.0,0.0,0.0,0.0,0.0,0.0,0.0,0.8973665961010275
166.395,0.0,0.0,0.0,1.0,0.0,1.0540925533894598,165.01500000000001,59778.883031045254,0.0,0.0,0.0,0.0,0.0,0.0,0.0,0.0,0.0,1.0
135.175,-0.0,-0.0,0.0,-0.0,0.0,-0.0,0.0,59778.883031045254,0.0,0.0,0.0,0.0,0.0,0.0,0.0,0.0,0.0,-0.0
118.445,0.0,0.0,0.0,0.0,0.0,0.0,0.0,59778.883031045254,0.0,0.0,0.0,0.0,0.0,0.0,0.0,0.0,0.0,0.0
103.325,0.0,0.0,-0.0,0.0,-0.0,0.0,0.0,59778.883031045254,0.0,0.0,-0.0,0.0,0.0,0.0,0.0,0.0,0.0,0.0
90.8225,0.05131670194948623,0.10263340389897246,0.10818510677891963,0.0,0.10263340389897246,0.0,-11.0200054392677,59767.863025605984,0.0,0.0,0.10818510677891963,0.0,0.0,0.0,0.0,0.0,0.0,0.0
89.085,0.5256583509747431,1.0513167019494862,1.0,0.0,0.9486832980505138,0.0,-100.095,59667.76802560598,0.0,0.0,1.0,0.0,0.0,0.0,0.0,0.0,0.0,0.0
90.215,1.0,2.0,1.0,0.0,0.9486832980505138,0.0,-101.245,59566.52302560598,0.0,0.0,1.0,0.0,0.0,0.0,0.0,0.0,0.0,0.0
95.0925,1.0,2.0,-0.0,0.0,-0.0,0.0,0.0,59566.52302560598,0.0,0.0,-0.0,0.0,0.0,0.0,0.0,0.0,0.0,0.0
109.815,1.0,2.0,0.0,0.0,0.0,0.0,0.0,59566.52302560598,0.0,0.0,0.0,0.0,0.0,0.0,0.0,0.0,0.0,0.0
144.6975,1.0,2.0,-0.0,0.0,-0.0,0.0,0.0,59566.52302560598,0.0,0.0,-0.0,0.0,0.0,0.0,0.0,0.0,0.0,0.0
183.81,0.5270462766947299,1.0540925533894598,0.0,0.8973665961010275,0.0,0.9459074466105402,163.70658812671044,59730.22961373269,0.0,0.0,0.0,0.0,0.0,0.0,0.0,0.0,0.0,0.8973665961010275
199.0025,0.0,0.0,0.0,1.0,0.0,1.0540925533894598,197.6225,59927.85211373269,0.0,0.0,0.0,0.0,0.0,0.0,0.0,0.0,0.0,1.0
141.695,0.0,0.0,-0.0,0.0,-0.0,0.0,0.0,59927.85211373269,0.0,0.0,-0.0,0.0,0.0,0.0,0.0,0.0,0.0,0.0
114.05,-0.0,-0.0,0.0,0.0,0.0,0.0,0.0,59927.85211373269,0.0,0.0,0.0,0.0,0.0,0.0,0.0,0.0,0.0,0.0
108.24,0.0,0.0,-0.0,0.0,-0.0,0.0,0.0,59927.85211373269,0.0,0.0,-0.0,0.0,0.0,0.0,0.0,0.0,0.0,0.0
97.8325,-0.0,-0.0,0.0,0.0,0.0,0.0,0.0,59927.85211373269,0.0,0.0,0.0,0.0,0.0,0.0,0.0,0.0,0.0,0.0
97.2175,0.0,0.0,-0.0,0.0,-0.0,0.0,0.0,59927.85211373269,0.0,0.0,-0.0,0.0,0.0,0.0,0.0,0.0,0.0,0.0
92.585,0.4743416490252569,0.9486832980505138,1.0,0.0,0.9486832980505138,0.0,-103.645,59824.20711373269,0.0,0.0,1.0,0.0,0.0,0.0,0.0,0.0,0.0,0.0
93.2625,0.4743416490252569,0.9486832980505138,0.0,0.0,0.0,0.0,0.0,59824.20711373269,0.0,0.0,0.0,0.0,0.0,0.0,0.0,0.0,0.0,0.0
88.5575,0.9486832980505138,1.8973665961010275,1.0,0.0,0.9486832980505138,0.0,-99.56750000000001,59724.639613732696,0.0,0.0,1.0,0.0,0.0,0.0,0.0,0.0,0.0,0.0
92.7,1.0,2.0,0.10818510677891963,0.0,0.10263340389897246,0.0,-11.22636853044849,59713.413245202246,0.0,0.0,0.10818510677891963,0.0,0.0,0.0,0.0,0.0,0.0,0.0
96.16,1.0,2.0,-0.0,0.0,-0.0,0.0,0.0,59713.413245202246,0.0,0.0,-0.0,0.0,0.0,0.0,0.0,0.0,0.0,0.0
121.8525,1.0,2.0,0.0,0.0,0.0,0.0,0.0,59713.413245202246,0.0,0.0,0.0,0.0,0.0,0.0,0.0,0.0,0.0,0.0
142.8525,0.5270462766947299,1.0540925533894598,0.0,0.8973665961010275,0.0,0.9459074466105402,126.95269576690262,59840.365940969146,0.0,0.0,0.0,0.0,0.0,0.0,0.0,0.0,0.0,0.8973665961010275
147.6725,0.0,0.0,0.0,1.0,0.0,1.0540925533894598,146.29250000000002,59986.65844096915,0.0,0.0,0.0,0.0,0.0,0.0,0.0,0.0,0.0,1.0
130.2675,0.0,0.0,0.0,-0.0,0.0,-0.0,0.0,59986.65844096915,0.0,0.0,0.0,0.0,0.0,0.0,0.0,0.0,0.0,-0.0
107.465,-0.0,-0.0,0.0,0.0,0.0,0.0,0.0,59986.65844096915,0.0,0.0,0.0,0.0,0.0,0.0,0.0,0.0,0.0,0.0
94.8575,0.0,0.0,-0.0,0.0,-0.0,0.0,0.0,59986.65844096915,0.0,0.0,-0.0,0.0,0.0,0.0,0.0,0.0,0.0,0.0
78.2875,-0.0,-0.0,0.0,0.0,0.0,0.0,0.0,59986.65844096915,0.0,0.0,0.0,0.0,0.0,0.0,0.0,0.0,0.0,0.0
67.555,-0.0,-0.0,0.0,0.0,0.0,0.0,0.0,59986.65844096915,0.0,0.0,0.0,0.0,0.0,0.0,0.0,0.0,0.0,0.0
63.4425,-0.0,-0.0,0.0,0.0,0.0,0.0,0.0,59986.65844096915,0.0,0.0,0.0,0.0,0.0,0.0,0.0,0.0,0.0,0.0
62.8725,-0.0,-0.0,0.0,0.0,0.0,0.0,0.0,59986.65844096915,0.0,0.0,0.0,0.0,0.0,0.0,0.0,0.0,0.0,0.0
62.1425,-0.0,-0.0,-0.0,0.0,-0.0,0.0,0.0,59986.65844096915,0.0,0.0,-0.0,0.0,0.0,0.0,0.0,0.0,0.0,0.0
65.01,-0.0,-0.0,0.0,0.0,0.0,0.0,0.0,59986.65844096915,0.0,0.0,0.0,0.0,0.0,0.0,0.0,0.0,0.0,0.0
71.8975,-0.0,-0.0,0.0,0.0,0.0,0.0,0.0,59986.65844096915,0.0,0.0,0.0,0.0,0.0,0.0,0.0,0.0,0.0,0.0
70.4425,-0.0,-0.0,0.0,0.0,0.0,0.0,0.0,59986.65844096915,0.0,0.0,0.0,0.0,0.0,0.0,0.0,0.0,0.0,0.0
62.8475,0.0,0.0,0.0,0.0,0.0,0.0,0.0,59986.65844096915,0.0,0.0,0.0,0.0,0.0,0.0,0.0,0.0,0.0,0.0
52.14,-0.0,-0.0,0.0,0.0,0.0,0.0,0.0,59986.65844096915,0.0,0.0,0.0,0.0,0.0,0.0,0.0,0.0,0.0,0.0
49.715,-0.0,-0.0,0.0,0.0,0.0,0.0,0.0,59986.65844096915,0.0,0.0,0.0,0.0,0.0,0.0,0.0,0.0,0.0,0.0
42.7925,0.4743416490252569,0.9486832980505138,1.0,0.0,0.9486832980505138,0.0,-53.152499999999996,59933.50594096915,0.0,0.0,1.0,0.0,0.0,0.0,0.0,0.0,0.0,0.0
55.02,0.4743416490252569,0.9486832980505138,0.0,0.0,0.0,0.0,0.0,59933.50594096915,0.0,0.0,0.0,0.0,0.0,0.0,0.0,0.0,0.0,0.0
45.88,0.4743416490252569,0.9486832980505138,0.0,0.0,0.0,0.0,0.0,59933.50594096915,0.0,0.0,0.0,0.0,0.0,0.0,0.0,0.0,0.0,0.0
49.0325,0.4743416490252569,0.9486832980505138,0.0,0.0,0.0,0.0,0.0,59933.50594096915,0.0,0.0,0.0,0.0,0.0,0.0,0.0,0.0,0.0,0.0
45.02,0.4743416490252569,0.9486832980505138,0.0,0.0,0.0,0.0,0.0,59933.50594096915,0.0,0.0,0.0,0.0,0.0,0.0,0.0,0.0,0.0,0.0
42.1275,0.9486832980505138,1.8973665961010275,1.0,0.0,0.9486832980505138,0.0,-52.4775,59881.02844096915,0.0,0.0,1.0,0.0,0.0,0.0,0.0,0.0,0.0,0.0
44.6375,1.0,2.0,0.10818510677891963,0.0,0.10263340389897246,0.0,-5.9520741122092105,59875.07636685694,0.0,0.0,0.10818510677891963,0.0,0.0,0.0,0.0,0.0,0.0,0.0
68.82,1.0,2.0,0.0,0.0,0.0,0.0,0.0,59875.07636685694,0.0,0.0,0.0,0.0,0.0,0.0,0.0,0.0,0.0,0.0
88.895,0.5270462766947299,1.0540925533894598,0.0,0.8973665961010275,0.0,0.9459074466105402,78.53303765778142,59953.609404514726,0.0,0.0,0.0,0.0,0.0,0.0,0.0,0.0,0.0,0.8973665961010275
95.0,-0.0,-0.0,0.0,1.0,0.0,1.0540925533894598,93.62,60047.22940451473,0.0,0.0,0.0,0.0,0.0,0.0,0.0,0.0,0.0,1.0
74.8975,0.0,0.0,0.0,0.0,0.0,0.0,0.0,60047.22940451473,0.0,0.0,0.0,0.0,0.0,0.0,0.0,0.0,0.0,0.0
64.7225,-0.0,-0.0,0.0,0.0,0.0,0.0,0.0,60047.22940451473,0.0,0.0,0.0,0.0,0.0,0.0,0.0,0.0,0.0,0.0
58.6675,-0.0,-0.0,0.0,0.0,0.0,0.0,0.0,60047.22940451473,0.0,0.0,0.0,0.0,0.0,0.0,0.0,0.0,0.0,0.0
54.1575,-0.0,-0.0,0.0,0.0,0.0,0.0,0.0,60047.22940451473,0.0,0.0,0.0,0.0,0.0,0.0,0.0,0.0,0.0,0.0
52.935,0.05131670194948623,0.10263340389897246,0.10818510677891963,0.0,0.10263340389897246,0.0,-6.862722248520767,60040.366682266205,0.0,0.0,0.10818510677891963,0.0,0.0,0.0,0.0,0.0,0.0,0.0
50.3275,0.5256583509747431,1.0513167019494862,1.0,0.0,0.9486832980505138,0.0,-60.7875,59979.57918226621,0.0,0.0,1.0,0.0,0.0,0.0,0.0,0.0,0.0,0.0
49.65,1.0,2.0,1.0,0.0,0.9486832980505138,0.0,-60.099999999999994,59919.47918226621,0.0,0.0,1.0,0.0,0.0,0.0,0.0,0.0,0.0,0.0
59.32,1.0,2.0,0.0,0.0,0.0,0.0,0.0,59919.47918226621,0.0,0.0,0.0,0.0,0.0,0.0,0.0,0.0,0.0,0.0
75.975,1.0,2.0,0.0,-0.0,0.0,-0.0,0.0,59919.47918226621,0.0,0.0,0.0,0.0,0.0,0.0,0.0,0.0,0.0,-0.0
93.1925,0.5270462766947299,1.0540925533894598,0.0,0.8973665961010275,0.0,0.9459074466105402,82.38947060452558,60001.86865287073,0.0,0.0,0.0,0.0,0.0,0.0,0.0,0.0,0.0,0.8973665961010275
93.2525,0.0,0.0,0.0,1.0,0.0,1.0540925533894598,91.8725,60093.74115287073,0.0,0.0,0.0,0.0,0.0,0.0,0.0,0.0,0.0,1.0
75.2325,-0.0,-0.0,0.0,0.0,0.0,0.0,0.0,60093.74115287073,0.0,0.0,0.0,0.0,0.0,0.0,0.0,0.0,0.0,0.0
66.6125,-0.0,-0.0,0.0,0.0,0.0,0.0,0.0,60093.74115287073,0.0,0.0,0.0,0.0,0.0,0.0,0.0,0.0,0.0,0.0
64.82,-0.0,-0.0,0.0,0.0,0.0,0.0,0.0,60093.74115287073,0.0,0.0,0.0,0.0,0.0,0.0,0.0,0.0,0.0,0.0
61.5475,-0.0,-0.0,0.0,0.0,0.0,0.0,0.0,60093.74115287073,0.0,0.0,0.0,0.0,0.0,0.0,0.0,0.0,0.0,0.0
57.8125,0.0,0.0,-0.0,0.0,-0.0,0.0,0.0,60093.74115287073,0.0,0.0,-0.0,0.0,0.0,0.0,0.0,0.0,0.0,0.0
59.9375,-0.0,-0.0,0.0,0.0,0.0,0.0,0.0,60093.74115287073,0.0,0.0,0.0,0.0,0.0,0.0,0.0,0.0,0.0,0.0
60.27,-0.0,-0.0,0.0,0.0,0.0,0.0,0.0,60093.74115287073,0.0,0.0,0.0,0.0,0.0,0.0,0.0,0.0,0.0,0.0
57.935,-0.0,-0.0,0.0,0.0,0.0,0.0,0.0,60093.74115287073,0.0,0.0,0.0,0.0,0.0,0.0,0.0,0.0,0.0,0.0
55.945,-0.0,-0.0,0.0,0.0,0.0,0.0,0.0,60093.74115287073,0.0,0.0,0.0,0.0,0.0,0.0,0.0,0.0,0.0,0.0
57.4925,-0.0,-0.0,0.0,0.0,0.0,0.0,0.0,60093.74115287073,0.0,0.0,0.0,0.0,0.0,0.0,0.0,0.0,0.0,0.0
65.8,-0.0,-0.0,0.0,0.0,0.0,0.0,0.0,60093.74115287073,0.0,0.0,0.0,0.0,0.0,0.0,0.0,0.0,0.0,0.0
69.9975,-0.0,-0.0,0.0,0.0,0.0,0.0,0.0,60093.74115287073,0.0,0.0,0.0,0.0,0.0,0.0,0.0,0.0,0.0,0.0
73.3625,-0.0,-0.0,0.0,-0.0,0.0,-0.0,0.0,60093.74115287073,0.0,0.0,0.0,0.0,0.0,0.0,0.0,0.0,0.0,-0.0
70.225,-0.0,-0.0,0.0,0.0,0.0,0.0,0.0,60093.74115287073,0.0,0.0,0.0,0.0,0.0,0.0,0.0,0.0,0.0,0.0
68.8175,-0.0,-0.0,0.0,0.0,0.0,0.0,0.0,60093.74115287073,0.0,0.0,0.0,0.0,0.0,0.0,0.0,0.0,0.0,0.0
63.94,0.0,0.0,0.0,0.0,0.0,0.0,0.0,60093.74115287073,0.0,0.0,0.0,0.0,0.0,0.0,0.0,0.0,0.0,0.0
54.23,0.05131670194948623,0.10263340389897246,0.10818510677891963,0.0,0.10263340389897246,0.0,-7.004985663935046,60086.73616720679,0.0,0.0,0.10818510677891963,0.0,0.0,0.0,0.0,0.0,0.0,0.0
46.7725,0.5256583509747431,1.0513167019494862,1.0,0.0,0.9486832980505138,0.0,-57.182500000000005,60029.55366720679,0.0,0.0,1.0,0.0,0.0,0.0,0.0,0.0,0.0,0.0
51.03,1.0,2.0,1.0,0.0,0.9486832980505138,0.0,-61.5,59968.05366720679,0.0,0.0,1.0,0.0,0.0,0.0,0.0,0.0,0.0,0.0
66.9625,1.0,2.0,0.0,0.0,0.0,0.0,0.0,59968.05366720679,0.0,0.0,0.0,0.0,0.0,0.0,0.0,0.0,0.0,0.0
82.965,1.0,2.0,-0.0,0.0,-0.0,0.0,0.0,59968.05366720679,0.0,0.0,-0.0,0.0,0.0,0.0,0.0,0.0,0.0,0.0
105.085,1.0,2.0,0.0,0.0,0.0,0.0,0.0,59968.05366720679,0.0,0.0,0.0,0.0,0.0,0.0,0.0,0.0,0.0,0.0
120.915,0.5270462766947299,1.0540925533894598,0.0,0.8973665961010275,0.0,0.9459074466105402,107.26671606493633,60075.320383271726,0.0,0.0,0.0,0.0,0.0,0.0,0.0,0.0,0.0,0.8973665961010275
127.19,-0.0,-0.0,0.0,1.0,0.0,1.0540925533894598,125.81,60201.130383271724,0.0,0.0,0.0,0.0,0.0,0.0,0.0,0.0,0.0,1.0
113.7625,0.0,0.0,0.0,0.0,0.0,0.0,0.0,60201.130383271724,0.0,0.0,0.0,0.0,0.0,0.0,0.0,0.0,0.0,0.0
106.93,-0.0,-0.0,0.0,-0.0,0.0,-0.0,0.0,60201.130383271724,0.0,0.0,0.0,0.0,0.0,0.0,0.0,0.0,0.0,-0.0
103.315,-0.0,-0.0,0.0,0.0,0.0,0.0,0.0,60201.130383271724,0.0,0.0,0.0,0.0,0.0,0.0,0.0,0.0,0.0,0.0
94.825,-0.0,-0.0,0.0,0.0,0.0,0.0,0.0,60201.130383271724,0.0,0.0,0.0,0.0,0.0,0.0,0.0,0.0,0.0,0.0
91.0,-0.0,-0.0,0.0,0.0,0.0,0.0,0.0,60201.130383271724,0.0,0.0,0.0,0.0,0.0,0.0,0.0,0.0,0.0,0.0
84.28,0.0,0.0,0.0,0.0,0.0,0.0,0.0,60201.130383271724,0.0,0.0,0.0,0.0,0.0,0.0,0.0,0.0,0.0,0.0
80.0475,0.0,0.0,-0.0,0.0,-0.0,0.0,0.0,60201.130383271724,0.0,0.0,-0.0,0.0,0.0,0.0,0.0,0.0,0.0,0.0
71.535,-0.0,-0.0,0.0,0.0,0.0,0.0,0.0,60201.130383271724,0.0,0.0,0.0,0.0,0.0,0.0,0.0,0.0,0.0,0.0
70.035,-0.0,-0.0,0.0,0.0,0.0,0.0,0.0,60201.130383271724,0.0,0.0,0.0,0.0,0.0,0.0,0.0,0.0,0.0,0.0
65.5525,0.05131670194948623,0.10263340389897246,0.10818510677891963,0.0,0.10263340389897246,0.0,-8.24722115252399,60192.8831621192,0.0,0.0,0.10818510677891963,0.0,0.0,0.0,0.0,0.0,0.0,0.0
67.35,0.05131670194948623,0.10263340389897246,0.0,0.0,0.0,0.0,0.0,60192.8831621192,0.0,0.0,0.0,0.0,0.0,0.0,0.0,0.0,0.0,0.0
69.84,0.05131670194948623,0.10263340389897246,0.0,0.0,0.0,0.0,0.0,60192.8831621192,0.0,0.0,0.0,0.0,0.0,0.0,0.0,0.0,0.0,0.0
70.905,0.05131670194948623,0.10263340389897246,0.0,0.0,0.0,0.0,0.0,60192.8831621192,0.0,0.0,0.0,0.0,0.0,0.0,0.0,0.0,0.0,0.0
73.3225,0.05131670194948623,0.10263340389897246,0.0,0.0,0.0,0.0,0.0,60192.8831621192,0.0,0.0,0.0,0.0,0.0,0.0,0.0,0.0,0.0,0.0
70.9475,0.05131670194948623,0.10263340389897246,0.0,0.0,0.0,0.0,0.0,60192.8831621192,0.0,0.0,0.0,0.0,0.0,0.0,0.0,0.0,0.0,0.0
71.9,0.05131670194948623,0.10263340389897246,0.0,0.0,0.0,0.0,0.0,60192.8831621192,0.0,0.0,0.0,0.0,0.0,0.0,0.0,0.0,0.0,0.0
66.8875,0.05131670194948623,0.10263340389897246,0.0,0.0,0.0,0.0,0.0,60192.8831621192,0.0,0.0,0.0,0.0,0.0,0.0,0.0,0.0,0.0,0.0
52.16,0.5256583509747431,1.0513167019494862,1.0,0.0,0.9486832980505138,0.0,-62.65,60130.2331621192,0.0,0.0,1.0,0.0,0.0,0.0,0.0,0.0,0.0,0.0
62.475,1.0,2.0,1.0,0.0,0.9486832980505138,0.0,-73.11500000000001,60057.1181621192,0.0,0.0,1.0,0.0,0.0,0.0,0.0,0.0,0.0,0.0
79.985,1.0,2.0,0.0,0.0,0.0,0.0,0.0,60057.1181621192,0.0,0.0,0.0,0.0,0.0,0.0,0.0,0.0,0.0,0.0
88.0025,1.0,2.0,0.0,-0.0,0.0,-0.0,0.0,60057.1181621192,0.0,0.0,0.0,0.0,0.0,0.0,0.0,0.0,0.0,-0.0
105.55,1.0,2.0,0.0,0.0,0.0,0.0,0.0,60057.1181621192,0.0,0.0,0.0,0.0,0.0,0.0,0.0,0.0,0.0,0.0
108.905,1.0,2.0,0.0,0.0,0.0,0.0,0.0,60057.1181621192,0.0,0.0,0.0,0.0,0.0,0.0,0.0,0.0,0.0,0.0
116.64,0.4729537233052701,0.9459074466105402,0.0,1.0,0.0,1.0540925533894598,115.26,60172.3781621192,0.0,0.0,0.0,0.0,0.0,0.0,0.0,0.0,0.0,1.0
115.5275,0.0,0.0,0.0,0.8973665961010275,0.0,0.9459074466105402,102.43215352844204,60274.81031564764,0.0,0.0,0.0,0.0,0.0,0.0,0.0,0.0,0.0,0.8973665961010275
110.4475,-0.0,-0.0,0.0,0.0,0.0,0.0,0.0,60274.81031564764,0.0,0.0,0.0,0.0,0.0,0.0,0.0,0.0,0.0,0.0
107.79,-0.0,-0.0,0.0,0.0,0.0,0.0,0.0,60274.81031564764,0.0,0.0,0.0,0.0,0.0,0.0,0.0,0.0,0.0,0.0
93.445,-0.0,-0.0,0.0,0.0,0.0,0.0,0.0,60274.81031564764,0.0,0.0,0.0,0.0,0.0,0.0,0.0,0.0,0.0,0.0
93.4525,-0.0,-0.0,0.0,0.0,0.0,0.0,0.0,60274.81031564764,0.0,0.0,0.0,0.0,0.0,0.0,0.0,0.0,0.0,0.0
90.26,0.4743416490252569,0.9486832980505138,1.0,0.0,0.9486832980505138,0.0,-101.29,60173.52031564764,0.0,0.0,1.0,0.0,0.0,0.0,0.0,0.0,0.0,0.0
90.8325,0.5256583509747431,1.0513167019494862,0.10818510677891963,0.0,0.10263340389897246,0.0,-11.021087290335489,60162.49922835731,0.0,0.0,0.10818510677891963,0.0,0.0,0.0,0.0,0.0,0.0,0.0
89.1225,1.0,2.0,1.0,0.0,0.9486832980505138,0.0,-100.1425,60062.35672835731,0.0,0.0,1.0,0.0,0.0,0.0,0.0,0.0,0.0,0.0
93.4525,1.0,2.0,-0.0,0.0,-0.0,0.0,0.0,60062.35672835731,0.0,0.0,-0.0,0.0,0.0,0.0,0.0,0.0,0.0,0.0
98.095,1.0,2.0,-0.0,0.0,-0.0,0.0,0.0,60062.35672835731,0.0,0.0,-0.0,0.0,0.0,0.0,0.0,0.0,0.0,0.0
131.41,1.0,2.0,-0.0,0.0,-0.0,0.0,0.0,60062.35672835731,0.0,0.0,-0.0,0.0,0.0,0.0,0.0,0.0,0.0,0.0
218.6375,0.4729537233052701,0.9459074466105402,0.0,1.0,0.0,1.0540925533894598,217.2575,60279.614228357306,0.0,0.0,0.0,0.0,0.0,0.0,0.0,0.0,0.0,1.0
199.5575,0.0,0.0,0.0,0.8973665961010275,0.0,0.9459074466105402,177.83786859881138,60457.45209695612,0.0,0.0,0.0,0.0,0.0,0.0,0.0,0.0,0.0,0.8973665961010275
150.185,-0.0,-0.0,0.0,-0.0,0.0,-0.0,0.0,60457.45209695612,0.0,0.0,0.0,0.0,0.0,0.0,0.0,0.0,0.0,-0.0
125.0975,0.0,0.0,0.0,0.0,0.0,0.0,0.0,60457.45209695612,0.0,0.0,0.0,0.0,0.0,0.0,0.0,0.0,0.0,0.0
110.0,0.0,0.0,-0.0,0.0,-0.0,0.0,0.0,60457.45209695612,0.0,0.0,-0.0,0.0,0.0,0.0,0.0,0.0,0.0,0.0
95.1,0.05131670194948623,0.10263340389897246,0.10818510677891963,0.0,0.10263340389897246,0.0,-11.489258339921262,60445.9628386162,0.0,0.0,0.10818510677891963,0.0,0.0,0.0,0.0,0.0,0.0,0.0
89.8575,0.5256583509747431,1.0513167019494862,1.0,0.0,0.9486832980505138,0.0,-100.8875,60345.0753386162,0.0,0.0,1.0,0.0,0.0,0.0,0.0,0.0,0.0,0.0
92.0975,1.0,2.0,1.0,0.0,0.9486832980505138,0.0,-103.1575,60241.9178386162,0.0,0.0,1.0,0.0,0.0,0.0,0.0,0.0,0.0,0.0
101.84,1.0,2.0,0.0,0.0,0.0,0.0,0.0,60241.9178386162,0.0,0.0,0.0,0.0,0.0,0.0,0.0,0.0,0.0,0.0
117.9025,1.0,2.0,0.0,0.0,0.0,0.0,0.0,60241.9178386162,0.0,0.0,0.0,0.0,0.0,0.0,0.0,0.0,0.0,0.0
180.6,1.0,2.0,-0.0,0.0,-0.0,0.0,0.0,60241.9178386162,0.0,0.0,-0.0,0.0,0.0,0.0,0.0,0.0,0.0,0.0
287.0275,0.5270462766947299,1.0540925533894598,0.0,0.8973665961010275,0.0,0.9459074466105402,256.33052475976825,60498.24836337597,0.0,0.0,0.0,0.0,0.0,0.0,0.0,0.0,0.0,0.8973665961010275
289.9475,0.0,0.0,0.0,1.0,0.0,1.0540925533894598,288.5675,60786.81586337597,0.0,0.0,0.0,0.0,0.0,0.0,0.0,0.0,0.0,1.0
186.9525,0.0,0.0,0.0,-0.0,0.0,-0.0,0.0,60786.81586337597,0.0,0.0,0.0,0.0,0.0,0.0,0.0,0.0,0.0,-0.0
136.61,0.0,0.0,-0.0,0.0,-0.0,0.0,0.0,60786.81586337597,0.0,0.0,-0.0,0.0,0.0,0.0,0.0,0.0,0.0,0.0
117.6575,-0.0,-0.0,0.0,0.0,0.0,0.0,0.0,60786.81586337597,0.0,0.0,0.0,0.0,0.0,0.0,0.0,0.0,0.0,0.0
106.5825,-0.0,-0.0,0.0,0.0,0.0,0.0,0.0,60786.81586337597,0.0,0.0,0.0,0.0,0.0,0.0,0.0,0.0,0.0,0.0
105.175,-0.0,-0.0,0.0,0.0,0.0,0.0,0.0,60786.81586337597,0.0,0.0,0.0,0.0,0.0,0.0,0.0,0.0,0.0,0.0
100.58,-0.0,-0.0,0.0,0.0,0.0,0.0,0.0,60786.81586337597,0.0,0.0,0.0,0.0,0.0,0.0,0.0,0.0,0.0,0.0
96.6925,0.05131670194948623,0.10263340389897246,0.10818510677891963,0.0,0.10263340389897246,0.0,-11.663706824602272,60775.15215655136,0.0,0.0,0.10818510677891963,0.0,0.0,0.0,0.0,0.0,0.0,0.0
96.02,0.5256583509747431,1.0513167019494862,1.0,0.0,0.9486832980505138,0.0,-107.13,60668.022156551364,0.0,0.0,1.0,0.0,0.0,0.0,0.0,0.0,0.0,0.0
94.825,1.0,2.0,1.0,0.0,0.9486832980505138,0.0,-105.925,60562.09715655136,0.0,0.0,1.0,0.0,0.0,0.0,0.0,0.0,0.0,0.0
98.1075,1.0,2.0,0.0,0.0,0.0,0.0,0.0,60562.09715655136,0.0,0.0,0.0,0.0,0.0,0.0,0.0,0.0,0.0,0.0
117.465,1.0,2.0,-0.0,0.0,-0.0,0.0,0.0,60562.09715655136,0.0,0.0,-0.0,0.0,0.0,0.0,0.0,0.0,0.0,0.0
160.93,0.5270462766947299,1.0540925533894598,0.0,0.8973665961010275,0.0,0.9459074466105402,143.17484040791894,60705.27199695928,0.0,0.0,0.0,0.0,0.0,0.0,0.0,0.0,0.0,0.8973665961010275
194.4075,0.0,0.0,0.0,1.0,0.0,1.0540925533894598,193.0275,60898.29949695928,0.0,0.0,0.0,0.0,0.0,0.0,0.0,0.0,0.0,1.0
160.55,0.0,0.0,0.0,-0.0,0.0,-0.0,0.0,60898.29949695928,0.0,0.0,0.0,0.0,0.0,0.0,0.0,0.0,0.0,-0.0
136.3425,-0.0,-0.0,0.0,-0.0,0.0,-0.0,0.0,60898.29949695928,0.0,0.0,0.0,0.0,0.0,0.0,0.0,0.0,0.0,-0.0
122.1675,0.0,0.0,0.0,0.0,0.0,0.0,0.0,60898.29949695928,0.0,0.0,0.0,0.0,0.0,0.0,0.0,0.0,0.0,0.0
108.6875,0.05131670194948623,0.10263340389897246,0.10818510677891963,0.0,0.10263340389897246,0.0,-12.979778648567828,60885.31971831071,0.0,0.0,0.10818510677891963,0.0,0.0,0.0,0.0,0.0,0.0,0.0
102.9975,0.5256583509747431,1.0513167019494862,1.0,0.0,0.9486832980505138,0.0,-114.20750000000001,60771.112218310715,0.0,0.0,1.0,0.0,0.0,0.0,0.0,0.0,0.0,0.0
106.3775,1.0,2.0,1.0,0.0,0.9486832980505138,0.0,-117.6375,60653.47471831072,0.0,0.0,1.0,0.0,0.0,0.0,0.0,0.0,0.0,0.0
122.5475,1.0,2.0,0.0,0.0,0.0,0.0,0.0,60653.47471831072,0.0,0.0,0.0,0.0,0.0,0.0,0.0,0.0,0.0,0.0
147.2725,1.0,2.0,-0.0,0.0,-0.0,0.0,0.0,60653.47471831072,0.0,0.0,-0.0,0.0,0.0,0.0,0.0,0.0,0.0,0.0
223.3,1.0,2.0,0.0,-0.0,0.0,-0.0,0.0,60653.47471831072,0.0,0.0,0.0,0.0,0.0,0.0,0.0,0.0,0.0,-0.0
404.9575,0.5270462766947299,1.0540925533894598,0.0,0.8973665961010275,0.0,0.9459074466105402,362.1569674379624,61015.63168574868,0.0,0.0,0.0,0.0,0.0,0.0,0.0,0.0,0.0,0.8973665961010275
407.205,0.0,0.0,0.0,1.0,0.0,1.0540925533894598,405.825,61421.45668574868,0.0,0.0,0.0,0.0,0.0,0.0,0.0,0.0,0.0,1.0
225.48,0.0,0.0,-0.0,0.0,-0.0,0.0,0.0,61421.45668574868,0.0,0.0,-0.0,0.0,0.0,0.0,0.0,0.0,0.0,0.0
163.04,0.0,0.0,-0.0,0.0,-0.0,0.0,0.0,61421.45668574868,0.0,0.0,-0.0,0.0,0.0,0.0,0.0,0.0,0.0,0.0
129.8575,-0.0,-0.0,0.0,0.0,0.0,0.0,0.0,61421.45668574868,0.0,0.0,0.0,0.0,0.0,0.0,0.0,0.0,0.0,0.0
115.36,-0.0,-0.0,0.0,0.0,0.0,0.0,0.0,61421.45668574868,0.0,0.0,0.0,0.0,0.0,0.0,0.0,0.0,0.0,0.0
115.4625,-0.0,-0.0,0.0,0.0,0.0,0.0,0.0,61421.45668574868,0.0,0.0,0.0,0.0,0.0,0.0,0.0,0.0,0.0,0.0
111.865,-0.0,-0.0,0.0,0.0,0.0,0.0,0.0,61421.45668574868,0.0,0.0,0.0,0.0,0.0,0.0,0.0,0.0,0.0,0.0
107.6825,0.05131670194948623,0.10263340389897246,0.10818510677891963,0.0,0.10263340389897246,0.0,-12.869970765187226,61408.58671498349,0.0,0.0,0.10818510677891963,0.0,0.0,0.0,0.0,0.0,0.0,0.0
103.6175,0.5256583509747431,1.0513167019494862,1.0,0.0,0.9486832980505138,0.0,-114.8375,61293.74921498349,0.0,0.0,1.0,0.0,0.0,0.0,0.0,0.0,0.0,0.0
100.8325,1.0,2.0,1.0,0.0,0.9486832980505138,0.0,-112.01249999999999,61181.73671498349,0.0,0.0,1.0,0.0,0.0,0.0,0.0,0.0,0.0,0.0
108.2825,1.0,2.0,-0.0,0.0,-0.0,0.0,0.0,61181.73671498349,0.0,0.0,-0.0,0.0,0.0,0.0,0.0,0.0,0.0,0.0
129.7075,1.0,2.0,0.0,0.0,0.0,0.0,0.0,61181.73671498349,0.0,0.0,0.0,0.0,0.0,0.0,0.0,0.0,0.0,0.0
204.5775,0.5270462766947299,1.0540925533894598,0.0,0.8973665961010275,0.0,0.9459074466105402,182.34264891123854,61364.07936389473,0.0,0.0,0.0,0.0,0.0,0.0,0.0,0.0,0.0,0.8973665961010275
255.88,-0.0,-0.0,0.0,1.0,0.0,1.0540925533894598,254.5,61618.57936389473,0.0,0.0,0.0,0.0,0.0,0.0,0.0,0.0,0.0,1.0
172.915,0.0,0.0,0.0,0.0,0.0,0.0,0.0,61618.57936389473,0.0,0.0,0.0,0.0,0.0,0.0,0.0,0.0,0.0,0.0
138.14,-0.0,-0.0,0.0,-0.0,0.0,-0.0,0.0,61618.57936389473,0.0,0.0,0.0,0.0,0.0,0.0,0.0,0.0,0.0,-0.0
119.825,-0.0,-0.0,0.0,0.0,0.0,0.0,0.0,61618.57936389473,0.0,0.0,0.0,0.0,0.0,0.0,0.0,0.0,0.0,0.0
112.4625,0.0,0.0,0.0,0.0,0.0,0.0,0.0,61618.57936389473,0.0,0.0,0.0,0.0,0.0,0.0,0.0,0.0,0.0,0.0
104.73,0.4743416490252569,0.9486832980505138,1.0,0.0,0.9486832980505138,0.0,-115.97,61502.60936389473,0.0,0.0,1.0,0.0,0.0,0.0,0.0,0.0,0.0,0.0
103.455,0.9486832980505138,1.8973665961010275,1.0,0.0,0.9486832980505138,0.0,-114.675,61387.934363894725,0.0,0.0,1.0,0.0,0.0,0.0,0.0,0.0,0.0,0.0
111.7175,1.0,2.0,0.10818510677891963,0.0,0.10263340389897246,0.0,-13.312988777446902,61374.621375117276,0.0,0.0,0.10818510677891963,0.0,0.0,0.0,0.0,0.0,0.0,0.0
125.2125,1.0,2.0,-0.0,0.0,-0.0,0.0,0.0,61374.621375117276,0.0,0.0,-0.0,0.0,0.0,0.0,0.0,0.0,0.0,0.0
159.875,1.0,2.0,-0.0,0.0,-0.0,0.0,0.0,61374.621375117276,0.0,0.0,-0.0,0.0,0.0,0.0,0.0,0.0,0.0,0.0
213.065,0.5270462766947299,1.0540925533894598,0.0,0.8973665961010275,0.0,0.9459074466105402,189.95904789564602,61564.58042301292,0.0,0.0,0.0,0.0,0.0,0.0,0.0,0.0,0.0,0.8973665961010275
217.995,0.0,0.0,0.0,1.0,0.0,1.0540925533894598,216.615,61781.19542301292,0.0,0.0,0.0,0.0,0.0,0.0,0.0,0.0,0.0,1.0
152.0125,0.0,0.0,-0.0,0.0,-0.0,0.0,0.0,61781.19542301292,0.0,0.0,-0.0,0.0,0.0,0.0,0.0,0.0,0.0,0.0
120.4425,-0.0,-0.0,0.0,0.0,0.0,0.0,0.0,61781.19542301292,0.0,0.0,0.0,0.0,0.0,0.0,0.0,0.0,0.0,0.0
97.1025,0.0,0.0,-0.0,0.0,-0.0,0.0,0.0,61781.19542301292,0.0,0.0,-0.0,0.0,0.0,0.0,0.0,0.0,0.0,0.0
87.62,-0.0,-0.0,0.0,0.0,0.0,0.0,0.0,61781.19542301292,0.0,0.0,0.0,0.0,0.0,0.0,0.0,0.0,0.0,0.0
86.6475,-0.0,-0.0,0.0,0.0,0.0,0.0,0.0,61781.19542301292,0.0,0.0,0.0,0.0,0.0,0.0,0.0,0.0,0.0,0.0
82.6225,0.0,0.0,-0.0,0.0,-0.0,0.0,0.0,61781.19542301292,0.0,0.0,-0.0,0.0,0.0,0.0,0.0,0.0,0.0,0.0
84.265,-0.0,-0.0,0.0,0.0,0.0,0.0,0.0,61781.19542301292,0.0,0.0,0.0,0.0,0.0,0.0,0.0,0.0,0.0,0.0
80.2325,0.05131670194948623,0.10263340389897246,0.10818510677891963,0.0,0.10263340389897246,0.0,-9.858097392462103,61771.33732562046,0.0,0.0,0.10818510677891963,0.0,0.0,0.0,0.0,0.0,0.0,0.0
76.0,0.5256583509747431,1.0513167019494862,1.0,0.0,0.9486832980505138,0.0,-86.83,61684.507325620456,0.0,0.0,1.0,0.0,0.0,0.0,0.0,0.0,0.0,0.0
78.4925,1.0,2.0,1.0,0.0,0.9486832980505138,0.0,-89.3525,61595.154825620455,0.0,0.0,1.0,0.0,0.0,0.0,0.0,0.0,0.0,0.0
87.0775,1.0,2.0,0.0,0.0,0.0,0.0,0.0,61595.154825620455,0.0,0.0,0.0,0.0,0.0,0.0,0.0,0.0,0.0,0.0
102.6925,1.0,2.0,0.0,0.0,0.0,0.0,0.0,61595.154825620455,0.0,0.0,0.0,0.0,0.0,0.0,0.0,0.0,0.0,0.0
123.275,0.4729537233052701,0.9459074466105402,0.0,1.0,0.0,1.0540925533894598,121.89500000000001,61717.04982562045,0.0,0.0,0.0,0.0,0.0,0.0,0.0,0.0,0.0,1.0
115.4225,0.0,0.0,0.0,0.8973665961010275,0.0,0.9459074466105402,102.33793003585143,61819.3877556563,0.0,0.0,0.0,0.0,0.0,0.0,0.0,0.0,0.0,0.8973665961010275
88.6525,0.0,0.0,-0.0,0.0,-0.0,0.0,0.0,61819.3877556563,0.0,0.0,-0.0,0.0,0.0,0.0,0.0,0.0,0.0,0.0
78.0025,0.0,0.0,-0.0,0.0,-0.0,0.0,0.0,61819.3877556563,0.0,0.0,-0.0,0.0,0.0,0.0,0.0,0.0,0.0,0.0
67.96,0.4743416490252569,0.9486832980505138,1.0,0.0,0.9486832980505138,0.0,-78.66999999999999,61740.717755656304,0.0,0.0,1.0,0.0,0.0,0.0,0.0,0.0,0.0,0.0
69.0025,0.5256583509747431,1.0513167019494862,0.10818510677891963,0.0,0.10263340389897246,0.0,-8.625869026250209,61732.091886630056,0.0,0.0,0.10818510677891963,0.0,0.0,0.0,0.0,0.0,0.0,0.0
68.67,1.0,2.0,1.0,0.0,0.9486832980505138,0.0,-79.39,61652.70188663006,0.0,0.0,1.0,0.0,0.0,0.0,0.0,0.0,0.0,0.0
73.1025,1.0,2.0,-0.0,0.0,-0.0,0.0,0.0,61652.70188663006,0.0,0.0,-0.0,0.0,0.0,0.0,0.0,0.0,0.0,0.0
84.855,1.0,2.0,0.0,0.0,0.0,0.0,0.0,61652.70188663006,0.0,0.0,0.0,0.0,0.0,0.0,0.0,0.0,0.0,0.0
113.125,1.0,2.0,0.0,-0.0,0.0,-0.0,0.0,61652.70188663006,0.0,0.0,0.0,0.0,0.0,0.0,0.0,0.0,0.0,-0.0
128.76,0.5270462766947299,1.0540925533894598,0.0,0.8973665961010275,0.0,0.9459074466105402,114.30655701134887,61767.0084436414,0.0,0.0,0.0,0.0,0.0,0.0,0.0,0.0,0.0,0.8973665961010275
140.365,-0.0,-0.0,0.0,1.0,0.0,1.0540925533894598,138.985,61905.993443641404,0.0,0.0,0.0,0.0,0.0,0.0,0.0,0.0,0.0,1.0
120.8925,0.0,0.0,0.0,0.0,0.0,0.0,0.0,61905.993443641404,0.0,0.0,0.0,0.0,0.0,0.0,0.0,0.0,0.0,0.0
100.91,-0.0,-0.0,0.0,0.0,0.0,0.0,0.0,61905.993443641404,0.0,0.0,0.0,0.0,0.0,0.0,0.0,0.0,0.0,0.0
95.3,0.0,0.0,-0.0,0.0,-0.0,0.0,0.0,61905.993443641404,0.0,0.0,-0.0,0.0,0.0,0.0,0.0,0.0,0.0,0.0
92.6725,0.0,0.0,-0.0,0.0,-0.0,0.0,0.0,61905.993443641404,0.0,0.0,-0.0,0.0,0.0,0.0,0.0,0.0,0.0,0.0
87.8775,-0.0,-0.0,0.0,0.0,0.0,0.0,0.0,61905.993443641404,0.0,0.0,0.0,0.0,0.0,0.0,0.0,0.0,0.0,0.0
85.8775,0.4743416490252569,0.9486832980505138,1.0,0.0,0.9486832980505138,0.0,-96.8475,61809.1459436414,0.0,0.0,1.0,0.0,0.0,0.0,0.0,0.0,0.0,0.0
87.34,0.5256583509747431,1.0513167019494862,0.10818510677891963,0.0,0.10263340389897246,0.0,-10.637841549571167,61798.50810209183,0.0,0.0,0.10818510677891963,0.0,0.0,0.0,0.0,0.0,0.0,0.0
87.1375,1.0,2.0,1.0,0.0,0.9486832980505138,0.0,-98.1275,61700.38060209183,0.0,0.0,1.0,0.0,0.0,0.0,0.0,0.0,0.0,0.0
87.9325,1.0,2.0,0.0,0.0,0.0,0.0,0.0,61700.38060209183,0.0,0.0,0.0,0.0,0.0,0.0,0.0,0.0,0.0,0.0
92.16,1.0,2.0,0.0,0.0,0.0,0.0,0.0,61700.38060209183,0.0,0.0,0.0,0.0,0.0,0.0,0.0,0.0,0.0,0.0
100.4525,1.0,2.0,0.0,0.0,0.0,0.0,0.0,61700.38060209183,0.0,0.0,0.0,0.0,0.0,0.0,0.0,0.0,0.0,0.0
127.675,1.0,2.0,0.0,0.0,0.0,0.0,0.0,61700.38060209183,0.0,0.0,0.0,0.0,0.0,0.0,0.0,0.0,0.0,0.0
144.26,0.4729537233052701,0.9459074466105402,0.0,1.0,0.0,1.0540925533894598,142.88,61843.260602091825,0.0,0.0,0.0,0.0,0.0,0.0,0.0,0.0,0.0,1.0
129.02,-0.0,-0.0,0.0,0.8973665961010275,0.0,0.9459074466105402,114.53987232633516,61957.80047441816,0.0,0.0,0.0,0.0,0.0,0.0,0.0,0.0,0.0,0.8973665961010275
114.07,0.0,0.0,0.0,0.0,0.0,0.0,0.0,61957.80047441816,0.0,0.0,0.0,0.0,0.0,0.0,0.0,0.0,0.0,0.0
96.4025,-0.0,-0.0,0.0,0.0,0.0,0.0,0.0,61957.80047441816,0.0,0.0,0.0,0.0,0.0,0.0,0.0,0.0,0.0,0.0
84.9975,0.0,0.0,-0.0,0.0,-0.0,0.0,0.0,61957.80047441816,0.0,0.0,-0.0,0.0,0.0,0.0,0.0,0.0,0.0,0.0
79.7175,0.4743416490252569,0.9486832980505138,1.0,0.0,0.9486832980505138,0.0,-90.5975,61867.20297441816,0.0,0.0,1.0,0.0,0.0,0.0,0.0,0.0,0.0,0.0
78.895,0.9486832980505138,1.8973665961010275,1.0,0.0,0.9486832980505138,0.0,-89.765,61777.43797441816,0.0,0.0,1.0,0.0,0.0,0.0,0.0,0.0,0.0,0.0
80.3175,1.0,2.0,0.10818510677891963,0.0,0.10263340389897246,0.0,-9.86729312653831,61767.57068129162,0.0,0.0,0.10818510677891963,0.0,0.0,0.0,0.0,0.0,0.0,0.0
89.7625,1.0,2.0,0.0,0.0,0.0,0.0,0.0,61767.57068129162,0.0,0.0,0.0,0.0,0.0,0.0,0.0,0.0,0.0,0.0
115.775,1.0,2.0,0.0,-0.0,0.0,-0.0,0.0,61767.57068129162,0.0,0.0,0.0,0.0,0.0,0.0,0.0,0.0,0.0,-0.0
129.31,0.5270462766947299,1.0540925533894598,0.0,0.8973665961010275,0.0,0.9459074466105402,114.80010863920445,61882.37078993082,0.0,0.0,0.0,0.0,0.0,0.0,0.0,0.0,0.0,0.8973665961010275
130.69,0.0,0.0,0.0,1.0,0.0,1.0540925533894598,129.31,62011.68078993082,0.0,0.0,0.0,0.0,0.0,0.0,0.0,0.0,0.0,1.0
116.9875,-0.0,-0.0,0.0,-0.0,0.0,-0.0,0.0,62011.68078993082,0.0,0.0,0.0,0.0,0.0,0.0,0.0,0.0,0.0,-0.0
104.055,-0.0,-0.0,0.0,0.0,0.0,0.0,0.0,62011.68078993082,0.0,0.0,0.0,0.0,0.0,0.0,0.0,0.0,0.0,0.0
102.1825,0.0,0.0,0.0,0.0,0.0,0.0,0.0,62011.68078993082,0.0,0.0,0.0,0.0,0.0,0.0,0.0,0.0,0.0,0.0
92.4975,-0.0,-0.0,-0.0,0.0,-0.0,0.0,0.0,62011.68078993082,0.0,0.0,-0.0,0.0,0.0,0.0,0.0,0.0,0.0,0.0
94.615,0.0,0.0,0.0,0.0,0.0,0.0,0.0,62011.68078993082,0.0,0.0,0.0,0.0,0.0,0.0,0.0,0.0,0.0,0.0
89.86,-0.0,-0.0,0.0,0.0,0.0,0.0,0.0,62011.68078993082,0.0,0.0,0.0,0.0,0.0,0.0,0.0,0.0,0.0,0.0
89.8125,0.0,0.0,-0.0,0.0,-0.0,0.0,0.0,62011.68078993082,0.0,0.0,-0.0,0.0,0.0,0.0,0.0,0.0,0.0,0.0
88.3375,0.052704627669473036,0.10540925533894607,0.11111111111111122,0.0,0.10540925533894607,0.0,-11.03750000000001,62000.64328993082,0.0,0.0,0.11111111111111122,0.0,0.0,0.0,0.0,0.0,0.0,0.0
88.35,0.052704627669473036,0.10540925533894607,0.0,0.0,0.0,0.0,0.0,62000.64328993082,0.0,0.0,0.0,0.0,0.0,0.0,0.0,0.0,0.0,0.0
88.315,0.5270462766947299,1.0540925533894598,1.0,0.0,0.9486832980505138,0.0,-99.315,61901.32828993082,0.0,0.0,1.0,0.0,0.0,0.0,0.0,0.0,0.0,0.0
91.955,0.5270462766947299,1.0540925533894598,0.0,0.0,0.0,0.0,0.0,61901.32828993082,0.0,0.0,0.0,0.0,0.0,0.0,0.0,0.0,0.0,0.0
109.4725,0.5270462766947299,1.0540925533894598,0.0,0.0,0.0,0.0,0.0,61901.32828993082,0.0,0.0,0.0,0.0,0.0,0.0,0.0,0.0,0.0,0.0
114.5475,-0.0,-0.0,0.0,1.0,0.0,1.0540925533894598,113.1675,62014.49578993082,0.0,0.0,0.0,0.0,0.0,0.0,0.0,0.0,0.0,1.0
102.2425,0.0,0.0,0.0,0.0,0.0,0.0,0.0,62014.49578993082,0.0,0.0,0.0,0.0,0.0,0.0,0.0,0.0,0.0,0.0
91.4675,-0.0,-0.0,0.0,0.0,0.0,0.0,0.0,62014.49578993082,0.0,0.0,0.0,0.0,0.0,0.0,0.0,0.0,0.0,0.0
80.7875,-0.0,-0.0,0.0,0.0,0.0,0.0,0.0,62014.49578993082,0.0,0.0,0.0,0.0,0.0,0.0,0.0,0.0,0.0,0.0
73.9425,0.05131670194948623,0.10263340389897246,0.10818510677891963,0.0,0.10263340389897246,0.0,-9.167876411212596,62005.327913519606,0.0,0.0,0.10818510677891963,0.0,0.0,0.0,0.0,0.0,0.0,0.0
67.5325,0.5256583509747431,1.0513167019494862,1.0,0.0,0.9486832980505138,0.0,-78.2425,61927.085413519606,0.0,0.0,1.0,0.0,0.0,0.0,0.0,0.0,0.0,0.0
72.3,1.0,2.0,1.0,0.0,0.9486832980505138,0.0,-83.08,61844.005413519604,0.0,0.0,1.0,0.0,0.0,0.0,0.0,0.0,0.0,0.0
83.5,1.0,2.0,-0.0,0.0,-0.0,0.0,0.0,61844.005413519604,0.0,0.0,-0.0,0.0,0.0,0.0,0.0,0.0,0.0,0.0
96.55,1.0,2.0,-0.0,0.0,-0.0,0.0,0.0,61844.005413519604,0.0,0.0,-0.0,0.0,0.0,0.0,0.0,0.0,0.0,0.0
116.6125,1.0,2.0,0.0,0.0,0.0,0.0,0.0,61844.005413519604,0.0,0.0,0.0,0.0,0.0,0.0,0.0,0.0,0.0,0.0
133.235,0.4729537233052701,0.9459074466105402,0.0,1.0,0.0,1.0540925533894598,131.85500000000002,61975.86041351961,0.0,0.0,0.0,0.0,0.0,0.0,0.0,0.0,0.0,1.0
124.8225,-0.0,-0.0,0.0,0.8973665961010275,0.0,0.9459074466105402,110.77317603920109,62086.633589558805,0.0,0.0,0.0,0.0,0.0,0.0,0.0,0.0,0.0,0.8973665961010275
112.0425,0.0,0.0,0.0,0.0,0.0,0.0,0.0,62086.633589558805,0.0,0.0,0.0,0.0,0.0,0.0,0.0,0.0,0.0,0.0
92.5525,-0.0,-0.0,0.0,0.0,0.0,0.0,0.0,62086.633589558805,0.0,0.0,0.0,0.0,0.0,0.0,0.0,0.0,0.0,0.0
95.58,-0.0,-0.0,0.0,0.0,0.0,0.0,0.0,62086.633589558805,0.0,0.0,0.0,0.0,0.0,0.0,0.0,0.0,0.0,0.0
94.3275,-0.0,-0.0,0.0,0.0,0.0,0.0,0.0,62086.633589558805,0.0,0.0,0.0,0.0,0.0,0.0,0.0,0.0,0.0,0.0
90.9625,-0.0,-0.0,0.0,0.0,0.0,0.0,0.0,62086.633589558805,0.0,0.0,0.0,0.0,0.0,0.0,0.0,0.0,0.0,0.0
85.275,0.0,0.0,-0.0,0.0,-0.0,0.0,0.0,62086.633589558805,0.0,0.0,-0.0,0.0,0.0,0.0,0.0,0.0,0.0,0.0
79.3425,0.0,0.0,-0.0,0.0,-0.0,0.0,0.0,62086.633589558805,0.0,0.0,-0.0,0.0,0.0,0.0,0.0,0.0,0.0,0.0
73.765,-0.0,-0.0,0.0,0.0,0.0,0.0,0.0,62086.633589558805,0.0,0.0,0.0,0.0,0.0,0.0,0.0,0.0,0.0,0.0
73.67,-0.0,-0.0,0.0,0.0,0.0,0.0,0.0,62086.633589558805,0.0,0.0,0.0,0.0,0.0,0.0,0.0,0.0,0.0,0.0
76.465,-0.0,-0.0,0.0,0.0,0.0,0.0,0.0,62086.633589558805,0.0,0.0,0.0,0.0,0.0,0.0,0.0,0.0,0.0,0.0
75.1425,-0.0,-0.0,0.0,0.0,0.0,0.0,0.0,62086.633589558805,0.0,0.0,0.0,0.0,0.0,0.0,0.0,0.0,0.0,0.0
76.795,-0.0,-0.0,0.0,0.0,0.0,0.0,0.0,62086.633589558805,0.0,0.0,0.0,0.0,0.0,0.0,0.0,0.0,0.0,0.0
79.1975,-0.0,-0.0,0.0,-0.0,0.0,-0.0,0.0,62086.633589558805,0.0,0.0,0.0,0.0,0.0,0.0,0.0,0.0,0.0,-0.0
70.9475,-0.0,-0.0,0.0,0.0,0.0,0.0,0.0,62086.633589558805,0.0,0.0,0.0,0.0,0.0,0.0,0.0,0.0,0.0,0.0
66.4025,-0.0,-0.0,0.0,0.0,0.0,0.0,0.0,62086.633589558805,0.0,0.0,0.0,0.0,0.0,0.0,0.0,0.0,0.0,0.0
60.3,0.0,0.0,0.0,0.0,0.0,0.0,0.0,62086.633589558805,0.0,0.0,0.0,0.0,0.0,0.0,0.0,0.0,0.0,0.0
34.5675,0.4743416490252569,0.9486832980505138,1.0,0.0,0.9486832980505138,0.0,-44.807500000000005,62041.8260895588,0.0,0.0,1.0,0.0,0.0,0.0,0.0,0.0,0.0,0.0
20.295,0.9486832980505138,1.8973665961010275,1.0,0.0,0.9486832980505138,0.0,-30.335,62011.491089558804,0.0,0.0,1.0,0.0,0.0,0.0,0.0,0.0,0.0,0.0
36.2175,1.0,2.0,0.10818510677891963,0.0,0.10263340389897246,0.0,-5.028173300317237,62006.46291625849,0.0,0.0,0.10818510677891963,0.0,0.0,0.0,0.0,0.0,0.0,0.0
66.7725,1.0,2.0,0.0,-0.0,0.0,-0.0,0.0,62006.46291625849,0.0,0.0,0.0,0.0,0.0,0.0,0.0,0.0,0.0,-0.0
75.695,1.0,2.0,0.0,0.0,0.0,0.0,0.0,62006.46291625849,0.0,0.0,0.0,0.0,0.0,0.0,0.0,0.0,0.0,0.0
89.5975,0.5270462766947299,1.0540925533894598,0.0,0.8973665961010275,0.0,0.9459074466105402,79.16343769154238,62085.62635395003,0.0,0.0,0.0,0.0,0.0,0.0,0.0,0.0,0.0,0.8973665961010275
94.355,-0.0,-0.0,0.0,1.0,0.0,1.0540925533894598,92.97500000000001,62178.60135395003,0.0,0.0,0.0,0.0,0.0,0.0,0.0,0.0,0.0,1.0
84.075,0.0,0.0,0.0,0.0,0.0,0.0,0.0,62178.60135395003,0.0,0.0,0.0,0.0,0.0,0.0,0.0,0.0,0.0,0.0
70.35,-0.0,-0.0,0.0,0.0,0.0,0.0,0.0,62178.60135395003,0.0,0.0,0.0,0.0,0.0,0.0,0.0,0.0,0.0,0.0
66.97,-0.0,-0.0,0.0,0.0,0.0,0.0,0.0,62178.60135395003,0.0,0.0,0.0,0.0,0.0,0.0,0.0,0.0,0.0,0.0
64.07,-0.0,-0.0,0.0,0.0,0.0,0.0,0.0,62178.60135395003,0.0,0.0,0.0,0.0,0.0,0.0,0.0,0.0,0.0,0.0
55.5625,-0.0,-0.0,0.0,0.0,0.0,0.0,0.0,62178.60135395003,0.0,0.0,0.0,0.0,0.0,0.0,0.0,0.0,0.0,0.0
58.59,-0.0,-0.0,0.0,0.0,0.0,0.0,0.0,62178.60135395003,0.0,0.0,0.0,0.0,0.0,0.0,0.0,0.0,0.0,0.0
54.4075,-0.0,-0.0,0.0,0.0,0.0,0.0,0.0,62178.60135395003,0.0,0.0,0.0,0.0,0.0,0.0,0.0,0.0,0.0,0.0
53.375,0.0,0.0,-0.0,0.0,-0.0,0.0,0.0,62178.60135395003,0.0,0.0,-0.0,0.0,0.0,0.0,0.0,0.0,0.0,0.0
52.0775,0.4743416490252569,0.9486832980505138,1.0,0.0,0.9486832980505138,0.0,-62.5675,62116.03385395003,0.0,0.0,1.0,0.0,0.0,0.0,0.0,0.0,0.0,0.0
52.2,0.9486832980505138,1.8973665961010275,1.0,0.0,0.9486832980505138,0.0,-62.690000000000005,62053.34385395003,0.0,0.0,1.0,0.0,0.0,0.0,0.0,0.0,0.0,0.0
52.9475,1.0,2.0,0.10818510677891963,0.0,0.10263340389897246,0.0,-6.864074562355503,62046.47977938767,0.0,0.0,0.10818510677891963,0.0,0.0,0.0,0.0,0.0,0.0,0.0
63.7075,1.0,2.0,0.0,0.0,0.0,0.0,0.0,62046.47977938767,0.0,0.0,0.0,0.0,0.0,0.0,0.0,0.0,0.0,0.0
80.455,0.5783629786442162,1.1567259572884323,0.0,0.7999999999999998,0.0,0.8432740427115677,63.25999999999999,62109.73977938767,0.0,0.0,0.0,0.0,0.0,0.0,0.0,0.0,0.0,0.7999999999999998
87.4175,0.05131670194948623,0.10263340389897246,0.0,1.0,0.0,1.0540925533894598,86.03750000000001,62195.77727938767,0.0,0.0,0.0,0.0,0.0,0.0,0.0,0.0,0.0,1.0
79.445,0.05131670194948623,0.10263340389897246,0.0,0.0,0.0,0.0,0.0,62195.77727938767,0.0,0.0,0.0,0.0,0.0,0.0,0.0,0.0,0.0,0.0
67.7725,0.05131670194948623,0.10263340389897246,0.0,0.0,0.0,0.0,0.0,62195.77727938767,0.0,0.0,0.0,0.0,0.0,0.0,0.0,0.0,0.0,0.0
63.34,0.05131670194948623,0.10263340389897246,0.0,0.0,0.0,0.0,0.0,62195.77727938767,0.0,0.0,0.0,0.0,0.0,0.0,0.0,0.0,0.0,0.0
57.745,0.5256583509747431,1.0513167019494862,1.0,0.0,0.9486832980505138,0.0,-68.315,62127.46227938767,0.0,0.0,1.0,0.0,0.0,0.0,0.0,0.0,0.0,0.0
60.2775,1.0,2.0,1.0,0.0,0.9486832980505138,0.0,-70.8875,62056.57477938767,0.0,0.0,1.0,0.0,0.0,0.0,0.0,0.0,0.0,0.0
65.1775,1.0,2.0,-0.0,0.0,-0.0,0.0,0.0,62056.57477938767,0.0,0.0,-0.0,0.0,0.0,0.0,0.0,0.0,0.0,0.0
70.4625,1.0,2.0,0.0,0.0,0.0,0.0,0.0,62056.57477938767,0.0,0.0,0.0,0.0,0.0,0.0,0.0,0.0,0.0,0.0
74.7975,1.0,2.0,0.0,0.0,0.0,0.0,0.0,62056.57477938767,0.0,0.0,0.0,0.0,0.0,0.0,0.0,0.0,0.0,0.0
89.87,0.5270462766947299,1.0540925533894598,0.0,0.8973665961010275,0.0,0.9459074466105402,79.40797008897992,62135.98274947665,0.0,0.0,0.0,0.0,0.0,0.0,0.0,0.0,0.0,0.8973665961010275
92.4575,0.0,0.0,0.0,1.0,0.0,1.0540925533894598,91.0775,62227.06024947665,0.0,0.0,0.0,0.0,0.0,0.0,0.0,0.0,0.0,1.0
84.9925,0.0,0.0,0.0,-0.0,0.0,-0.0,0.0,62227.06024947665,0.0,0.0,0.0,0.0,0.0,0.0,0.0,0.0,0.0,-0.0
63.3225,-0.0,-0.0,0.0,0.0,0.0,0.0,0.0,62227.06024947665,0.0,0.0,0.0,0.0,0.0,0.0,0.0,0.0,0.0,0.0
64.9625,-0.0,-0.0,0.0,-0.0,0.0,-0.0,0.0,62227.06024947665,0.0,0.0,0.0,0.0,0.0,0.0,0.0,0.0,0.0,-0.0
60.0325,-0.0,-0.0,0.0,0.0,0.0,0.0,0.0,62227.06024947665,0.0,0.0,0.0,0.0,0.0,0.0,0.0,0.0,0.0,0.0
51.0,-0.0,-0.0,0.0,0.0,0.0,0.0,0.0,62227.06024947665,0.0,0.0,0.0,0.0,0.0,0.0,0.0,0.0,0.0,0.0
61.48,0.0,0.0,0.0,0.0,0.0,0.0,0.0,62227.06024947665,0.0,0.0,0.0,0.0,0.0,0.0,0.0,0.0,0.0,0.0
43.8325,-0.0,-0.0,0.0,0.0,0.0,0.0,0.0,62227.06024947665,0.0,0.0,0.0,0.0,0.0,0.0,0.0,0.0,0.0,0.0
33.0725,0.05131670194948623,0.10263340389897246,0.10818510677891963,0.0,0.10263340389897246,0.0,-4.683603735226377,62222.376645741424,0.0,0.0,0.10818510677891963,0.0,0.0,0.0,0.0,0.0,0.0,0.0
22.2775,0.5256583509747431,1.0513167019494862,1.0,0.0,0.9486832980505138,0.0,-32.3475,62190.02914574142,0.0,0.0,1.0,0.0,0.0,0.0,0.0,0.0,0.0,0.0
25.9125,1.0,2.0,1.0,0.0,0.9486832980505138,0.0,-36.0325,62153.99664574142,0.0,0.0,1.0,0.0,0.0,0.0,0.0,0.0,0.0,0.0
47.46,1.0,2.0,-0.0,0.0,-0.0,0.0,0.0,62153.99664574142,0.0,0.0,-0.0,0.0,0.0,0.0,0.0,0.0,0.0,0.0
67.6525,1.0,2.0,0.0,-0.0,0.0,-0.0,0.0,62153.99664574142,0.0,0.0,0.0,0.0,0.0,0.0,0.0,0.0,0.0,-0.0
80.4275,0.5270462766947299,1.0540925533894598,0.0,0.8973665961010275,0.0,0.9459074466105402,70.93458600529597,62224.93123174671,0.0,0.0,0.0,0.0,0.0,0.0,0.0,0.0,0.0,0.8973665961010275
80.8,-0.0,-0.0,0.0,1.0,0.0,1.0540925533894598,79.42,62304.35123174671,0.0,0.0,0.0,0.0,0.0,0.0,0.0,0.0,0.0,1.0
77.47,-0.0,-0.0,0.0,0.0,0.0,0.0,0.0,62304.35123174671,0.0,0.0,0.0,0.0,0.0,0.0,0.0,0.0,0.0,0.0
74.27,-0.0,-0.0,0.0,0.0,0.0,0.0,0.0,62304.35123174671,0.0,0.0,0.0,0.0,0.0,0.0,0.0,0.0,0.0,0.0
65.1125,0.0,0.0,0.0,0.0,0.0,0.0,0.0,62304.35123174671,0.0,0.0,0.0,0.0,0.0,0.0,0.0,0.0,0.0,0.0
47.455,0.05131670194948623,0.10263340389897246,0.10818510677891963,0.0,0.10263340389897246,0.0,-6.261213054829973,62298.09001869188,0.0,0.0,0.10818510677891963,0.0,0.0,0.0,0.0,0.0,0.0,0.0
31.5825,0.5256583509747431,1.0513167019494862,1.0,0.0,0.9486832980505138,0.0,-41.7825,62256.30751869188,0.0,0.0,1.0,0.0,0.0,0.0,0.0,0.0,0.0,0.0
33.06,1.0,2.0,1.0,0.0,0.9486832980505138,0.0,-43.28,62213.02751869188,0.0,0.0,1.0,0.0,0.0,0.0,0.0,0.0,0.0,0.0
60.23,1.0,2.0,0.0,0.0,0.0,0.0,0.0,62213.02751869188,0.0,0.0,0.0,0.0,0.0,0.0,0.0,0.0,0.0,0.0
63.5275,1.0,2.0,0.0,0.0,0.0,0.0,0.0,62213.02751869188,0.0,0.0,0.0,0.0,0.0,0.0,0.0,0.0,0.0,0.0
77.095,0.5783629786442162,1.1567259572884323,0.0,0.7999999999999998,0.0,0.8432740427115677,60.57199999999999,62273.59951869188,0.0,0.0,0.0,0.0,0.0,0.0,0.0,0.0,0.0,0.7999999999999998
83.21,0.05131670194948623,0.10263340389897246,0.0,1.0,0.0,1.0540925533894598,81.83,62355.42951869188,0.0,0.0,0.0,0.0,0.0,0.0,0.0,0.0,0.0,1.0
74.81,0.05131670194948623,0.10263340389897246,0.0,0.0,0.0,0.0,0.0,62355.42951869188,0.0,0.0,0.0,0.0,0.0,0.0,0.0,0.0,0.0,0.0
69.4775,0.05131670194948623,0.10263340389897246,0.0,0.0,0.0,0.0,0.0,62355.42951869188,0.0,0.0,0.0,0.0,0.0,0.0,0.0,0.0,0.0,0.0
62.33,0.05131670194948623,0.10263340389897246,0.0,0.0,0.0,0.0,0.0,62355.42951869188,0.0,0.0,0.0,0.0,0.0,0.0,0.0,0.0,0.0,0.0
63.07,0.05131670194948623,0.10263340389897246,0.0,0.0,0.0,0.0,0.0,62355.42951869188,0.0,0.0,0.0,0.0,0.0,0.0,0.0,0.0,0.0,0.0
62.645,0.05131670194948623,0.10263340389897246,0.0,0.0,0.0,0.0,0.0,62355.42951869188,0.0,0.0,0.0,0.0,0.0,0.0,0.0,0.0,0.0,0.0
58.3825,0.05131670194948623,0.10263340389897246,0.0,0.0,0.0,0.0,0.0,62355.42951869188,0.0,0.0,0.0,0.0,0.0,0.0,0.0,0.0,0.0,0.0
57.0,0.5256583509747431,1.0513167019494862,1.0,0.0,0.9486832980505138,0.0,-67.56,62287.869518691885,0.0,0.0,1.0,0.0,0.0,0.0,0.0,0.0,0.0,0.0
57.5625,1.0,2.0,1.0,0.0,0.9486832980505138,0.0,-68.1325,62219.737018691885,0.0,0.0,1.0,0.0,0.0,0.0,0.0,0.0,0.0,0.0
58.9525,1.0,2.0,0.0,0.0,0.0,0.0,0.0,62219.737018691885,0.0,0.0,0.0,0.0,0.0,0.0,0.0,0.0,0.0,0.0
61.0,1.0,2.0,0.0,0.0,0.0,0.0,0.0,62219.737018691885,0.0,0.0,0.0,0.0,0.0,0.0,0.0,0.0,0.0,0.0
61.8475,1.0,2.0,0.0,0.0,0.0,0.0,0.0,62219.737018691885,0.0,0.0,0.0,0.0,0.0,0.0,0.0,0.0,0.0,0.0
67.72,1.0,2.0,0.0,0.0,0.0,0.0,0.0,62219.737018691885,0.0,0.0,0.0,0.0,0.0,0.0,0.0,0.0,0.0,0.0
82.315,1.0,2.0,0.0,0.0,0.0,0.0,0.0,62219.737018691885,0.0,0.0,0.0,0.0,0.0,0.0,0.0,0.0,0.0,0.0
87.465,1.0,2.0,0.0,0.0,0.0,0.0,0.0,62219.737018691885,0.0,0.0,0.0,0.0,0.0,0.0,0.0,0.0,0.0,0.0
97.225,1.0,2.0,0.0,-0.0,0.0,-0.0,0.0,62219.737018691885,0.0,0.0,0.0,0.0,0.0,0.0,0.0,0.0,0.0,-0.0
95.5925,1.0,2.0,0.0,0.0,0.0,0.0,0.0,62219.737018691885,0.0,0.0,0.0,0.0,0.0,0.0,0.0,0.0,0.0,0.0
82.8325,1.0,2.0,0.0,0.0,0.0,0.0,0.0,62219.737018691885,0.0,0.0,0.0,0.0,0.0,0.0,0.0,0.0,0.0,0.0
79.335,1.0,2.0,0.0,0.0,0.0,0.0,0.0,62219.737018691885,0.0,0.0,0.0,0.0,0.0,0.0,0.0,0.0,0.0,0.0
79.1775,1.0,2.0,0.0,0.0,0.0,0.0,0.0,62219.737018691885,0.0,0.0,0.0,0.0,0.0,0.0,0.0,0.0,0.0,0.0
86.7425,1.0,2.0,0.0,0.0,0.0,0.0,0.0,62219.737018691885,0.0,0.0,0.0,0.0,0.0,0.0,0.0,0.0,0.0,0.0
105.0525,1.0,2.0,0.0,-0.0,0.0,-0.0,0.0,62219.737018691885,0.0,0.0,0.0,0.0,0.0,0.0,0.0,0.0,0.0,-0.0
123.685,1.0,2.0,-0.0,0.0,-0.0,0.0,0.0,62219.737018691885,0.0,0.0,-0.0,0.0,0.0,0.0,0.0,0.0,0.0,0.0
183.94,1.0,2.0,-0.0,0.0,-0.0,0.0,0.0,62219.737018691885,0.0,0.0,-0.0,0.0,0.0,0.0,0.0,0.0,0.0,0.0
291.325,0.4729537233052701,0.9459074466105402,0.0,1.0,0.0,1.0540925533894598,289.945,62509.682018691885,0.0,0.0,0.0,0.0,0.0,0.0,0.0,0.0,0.0,1.0
278.7175,0.0,0.0,0.0,0.8973665961010275,0.0,0.9459074466105402,248.8734083461687,62758.55542703805,0.0,0.0,0.0,0.0,0.0,0.0,0.0,0.0,0.0,0.8973665961010275
175.7825,0.0,0.0,-0.0,0.0,-0.0,0.0,0.0,62758.55542703805,0.0,0.0,-0.0,0.0,0.0,0.0,0.0,0.0,0.0,0.0
133.9475,0.0,0.0,-0.0,0.0,-0.0,0.0,0.0,62758.55542703805,0.0,0.0,-0.0,0.0,0.0,0.0,0.0,0.0,0.0,0.0
122.065,0.0,0.0,-0.0,0.0,-0.0,0.0,0.0,62758.55542703805,0.0,0.0,-0.0,0.0,0.0,0.0,0.0,0.0,0.0,0.0
105.0025,-0.0,-0.0,0.0,0.0,0.0,0.0,0.0,62758.55542703805,0.0,0.0,0.0,0.0,0.0,0.0,0.0,0.0,0.0,0.0
116.0725,-0.0,-0.0,0.0,0.0,0.0,0.0,0.0,62758.55542703805,0.0,0.0,0.0,0.0,0.0,0.0,0.0,0.0,0.0,0.0
98.7475,-0.0,-0.0,0.0,0.0,0.0,0.0,0.0,62758.55542703805,0.0,0.0,0.0,0.0,0.0,0.0,0.0,0.0,0.0,0.0
95.0675,0.0,0.0,-0.0,0.0,-0.0,0.0,0.0,62758.55542703805,0.0,0.0,-0.0,0.0,0.0,0.0,0.0,0.0,0.0,0.0
79.9225,-0.0,-0.0,0.0,0.0,0.0,0.0,0.0,62758.55542703805,0.0,0.0,0.0,0.0,0.0,0.0,0.0,0.0,0.0,0.0
70.9975,-0.0,-0.0,0.0,0.0,0.0,0.0,0.0,62758.55542703805,0.0,0.0,0.0,0.0,0.0,0.0,0.0,0.0,0.0,0.0
67.52,0.4743416490252569,0.9486832980505138,1.0,0.0,0.9486832980505138,0.0,-78.22999999999999,62680.32542703805,0.0,0.0,1.0,0.0,0.0,0.0,0.0,0.0,0.0,0.0
72.25,0.4743416490252569,0.9486832980505138,0.0,0.0,0.0,0.0,0.0,62680.32542703805,0.0,0.0,0.0,0.0,0.0,0.0,0.0,0.0,0.0,0.0
82.2825,0.4743416490252569,0.9486832980505138,0.0,0.0,0.0,0.0,0.0,62680.32542703805,0.0,0.0,0.0,0.0,0.0,0.0,0.0,0.0,0.0,0.0
90.0,0.0,0.0,0.0,0.8999999999999999,0.0,0.9486832980505138,79.75799999999998,62760.08342703805,0.0,0.0,0.0,0.0,0.0,0.0,0.0,0.0,0.0,0.8999999999999999
83.0175,-0.0,-0.0,0.0,0.0,0.0,0.0,0.0,62760.08342703805,0.0,0.0,0.0,0.0,0.0,0.0,0.0,0.0,0.0,0.0
79.7025,-0.0,-0.0,0.0,0.0,0.0,0.0,0.0,62760.08342703805,0.0,0.0,0.0,0.0,0.0,0.0,0.0,0.0,0.0,0.0
68.97,-0.0,-0.0,0.0,0.0,0.0,0.0,0.0,62760.08342703805,0.0,0.0,0.0,0.0,0.0,0.0,0.0,0.0,0.0,0.0
65.96,0.05131670194948623,0.10263340389897246,0.10818510677891963,0.0,0.10263340389897246,0.0,-8.292388434604188,62751.79103860345,0.0,0.0,0.10818510677891963,0.0,0.0,0.0,0.0,0.0,0.0,0.0
64.105,0.5256583509747431,1.0513167019494862,1.0,0.0,0.9486832980505138,0.0,-74.765,62677.02603860345,0.0,0.0,1.0,0.0,0.0,0.0,0.0,0.0,0.0,0.0
63.535,1.0,2.0,1.0,0.0,0.9486832980505138,0.0,-74.185,62602.84103860345,0.0,0.0,1.0,0.0,0.0,0.0,0.0,0.0,0.0,0.0
71.8275,1.0,2.0,0.0,0.0,0.0,0.0,0.0,62602.84103860345,0.0,0.0,0.0,0.0,0.0,0.0,0.0,0.0,0.0,0.0
74.645,1.0,2.0,0.0,0.0,0.0,0.0,0.0,62602.84103860345,0.0,0.0,0.0,0.0,0.0,0.0,0.0,0.0,0.0,0.0
86.985,1.0,2.0,0.0,0.0,0.0,0.0,0.0,62602.84103860345,0.0,0.0,0.0,0.0,0.0,0.0,0.0,0.0,0.0,0.0
96.9425,0.5270462766947299,1.0540925533894598,0.0,0.8973665961010275,0.0,0.9459074466105402,85.75459533990444,62688.595633943354,0.0,0.0,0.0,0.0,0.0,0.0,0.0,0.0,0.0,0.8973665961010275
97.4925,-0.0,-0.0,0.0,1.0,0.0,1.0540925533894598,96.11250000000001,62784.70813394336,0.0,0.0,0.0,0.0,0.0,0.0,0.0,0.0,0.0,1.0
87.7125,-0.0,-0.0,0.0,0.0,0.0,0.0,0.0,62784.70813394336,0.0,0.0,0.0,0.0,0.0,0.0,0.0,0.0,0.0,0.0
82.815,-0.0,-0.0,0.0,0.0,0.0,0.0,0.0,62784.70813394336,0.0,0.0,0.0,0.0,0.0,0.0,0.0,0.0,0.0,0.0
77.6575,0.0,0.0,0.0,0.0,0.0,0.0,0.0,62784.70813394336,0.0,0.0,0.0,0.0,0.0,0.0,0.0,0.0,0.0,0.0
60.0825,0.0,0.0,-0.0,0.0,-0.0,0.0,0.0,62784.70813394336,0.0,0.0,-0.0,0.0,0.0,0.0,0.0,0.0,0.0,0.0
18.195,0.0,0.0,-0.0,0.0,-0.0,0.0,0.0,62784.70813394336,0.0,0.0,-0.0,0.0,0.0,0.0,0.0,0.0,0.0,0.0
9.835,-0.0,-0.0,0.0,0.0,0.0,0.0,0.0,62784.70813394336,0.0,0.0,0.0,0.0,0.0,0.0,0.0,0.0,0.0,0.0
6.5575,0.05131670194948623,0.10263340389897246,0.10818510677891963,0.0,0.10263340389897246,0.0,-1.7739652884073347,62782.93416865495,0.0,0.0,0.10818510677891963,0.0,0.0,0.0,0.0,0.0,0.0,0.0
3.6125,0.5256583509747431,1.0513167019494862,1.0,0.0,0.9486832980505138,0.0,-13.412500000000001,62769.521668654954,0.0,0.0,1.0,0.0,0.0,0.0,0.0,0.0,0.0,0.0
3.3425,1.0,2.0,1.0,0.0,0.9486832980505138,0.0,-13.1425,62756.37916865495,0.0,0.0,1.0,0.0,0.0,0.0,0.0,0.0,0.0,0.0
7.525,1.0,2.0,-0.0,0.0,-0.0,0.0,0.0,62756.37916865495,0.0,0.0,-0.0,0.0,0.0,0.0,0.0,0.0,0.0,0.0
23.2775,1.0,2.0,0.0,-0.0,0.0,-0.0,0.0,62756.37916865495,0.0,0.0,0.0,0.0,0.0,0.0,0.0,0.0,0.0,-0.0
64.985,1.0,2.0,0.0,0.0,0.0,0.0,0.0,62756.37916865495,0.0,0.0,0.0,0.0,0.0,0.0,0.0,0.0,0.0,0.0
84.8725,0.4729537233052701,0.9459074466105402,0.0,1.0,0.0,1.0540925533894598,83.4925,62839.87166865495,0.0,0.0,0.0,0.0,0.0,0.0,0.0,0.0,0.0,1.0
76.5475,-0.0,-0.0,0.0,0.8973665961010275,0.0,0.9459074466105402,67.45280361242398,62907.32447226738,0.0,0.0,0.0,0.0,0.0,0.0,0.0,0.0,0.0,0.8973665961010275
58.6725,0.0,0.0,0.0,0.0,0.0,0.0,0.0,62907.32447226738,0.0,0.0,0.0,0.0,0.0,0.0,0.0,0.0,0.0,0.0
38.54,-0.0,-0.0,0.0,0.0,0.0,0.0,0.0,62907.32447226738,0.0,0.0,0.0,0.0,0.0,0.0,0.0,0.0,0.0,0.0
38.7625,-0.0,-0.0,0.0,0.0,0.0,0.0,0.0,62907.32447226738,0.0,0.0,0.0,0.0,0.0,0.0,0.0,0.0,0.0,0.0
31.8175,0.05131670194948623,0.10263340389897246,0.10818510677891963,0.0,0.10263340389897246,0.0,-4.5456677240832555,62902.7788045433,0.0,0.0,0.10818510677891963,0.0,0.0,0.0,0.0,0.0,0.0,0.0
28.27,0.5256583509747431,1.0513167019494862,1.0,0.0,0.9486832980505138,0.0,-38.42,62864.3588045433,0.0,0.0,1.0,0.0,0.0,0.0,0.0,0.0,0.0,0.0
24.865,1.0,2.0,1.0,0.0,0.9486832980505138,0.0,-34.964999999999996,62829.3938045433,0.0,0.0,1.0,0.0,0.0,0.0,0.0,0.0,0.0,0.0
39.9525,1.0,2.0,-0.0,0.0,-0.0,0.0,0.0,62829.3938045433,0.0,0.0,-0.0,0.0,0.0,0.0,0.0,0.0,0.0,0.0
66.2625,1.0,2.0,0.0,0.0,0.0,0.0,0.0,62829.3938045433,0.0,0.0,0.0,0.0,0.0,0.0,0.0,0.0,0.0,0.0
74.61,0.5270462766947299,1.0540925533894598,0.0,0.8973665961010275,0.0,0.9459074466105402,65.71415583247824,62895.10796037578,0.0,0.0,0.0,0.0,0.0,0.0,0.0,0.0,0.0,0.8973665961010275
74.6125,0.0,0.0,0.0,1.0,0.0,1.0540925533894598,73.2325,62968.34046037578,0.0,0.0,0.0,0.0,0.0,0.0,0.0,0.0,0.0,1.0
57.05,-0.0,-0.0,0.0,-0.0,0.0,-0.0,0.0,62968.34046037578,0.0,0.0,0.0,0.0,0.0,0.0,0.0,0.0,0.0,-0.0
41.5075,0.0,0.0,0.0,0.0,0.0,0.0,0.0,62968.34046037578,0.0,0.0,0.0,0.0,0.0,0.0,0.0,0.0,0.0,0.0
28.9225,0.0,0.0,0.0,-0.0,0.0,-0.0,0.0,62968.34046037578,0.0,0.0,0.0,0.0,0.0,0.0,0.0,0.0,0.0,-0.0
9.9975,-0.0,-0.0,0.0,0.0,0.0,0.0,0.0,62968.34046037578,0.0,0.0,0.0,0.0,0.0,0.0,0.0,0.0,0.0,0.0
3.525,-0.0,-0.0,0.0,0.0,0.0,0.0,0.0,62968.34046037578,0.0,0.0,0.0,0.0,0.0,0.0,0.0,0.0,0.0,0.0
1.32,-0.0,-0.0,0.0,0.0,0.0,0.0,0.0,62968.34046037578,0.0,0.0,0.0,0.0,0.0,0.0,0.0,0.0,0.0,0.0
0.925,-0.0,-0.0,0.0,0.0,0.0,0.0,0.0,62968.34046037578,0.0,0.0,0.0,0.0,0.0,0.0,0.0,0.0,0.0,0.0
0.2975,0.4743416490252569,0.9486832980505138,1.0,0.0,0.9486832980505138,0.0,-10.0475,62958.29296037578,0.0,0.0,1.0,0.0,0.0,0.0,0.0,0.0,0.0,0.0
0.1375,0.9486832980505138,1.8973665961010275,1.0,0.0,0.9486832980505138,0.0,-9.8875,62948.40546037578,0.0,0.0,1.0,0.0,0.0,0.0,0.0,0.0,0.0,0.0
0.3125,1.0,2.0,0.10818510677891963,0.0,0.10263340389897246,0.0,-1.0886126369628788,62947.31684773882,0.0,0.0,0.10818510677891963,0.0,0.0,0.0,0.0,0.0,0.0,0.0
0.545,1.0,2.0,0.0,0.0,0.0,0.0,0.0,62947.31684773882,0.0,0.0,0.0,0.0,0.0,0.0,0.0,0.0,0.0,0.0
1.2875,1.0,2.0,0.0,0.0,0.0,0.0,0.0,62947.31684773882,0.0,0.0,0.0,0.0,0.0,0.0,0.0,0.0,0.0,0.0
4.19,1.0,2.0,0.0,0.0,0.0,0.0,0.0,62947.31684773882,0.0,0.0,0.0,0.0,0.0,0.0,0.0,0.0,0.0,0.0
8.89,1.0,2.0,0.0,0.0,0.0,0.0,0.0,62947.31684773882,0.0,0.0,0.0,0.0,0.0,0.0,0.0,0.0,0.0,0.0
8.0475,1.0,2.0,0.0,0.0,0.0,0.0,0.0,62947.31684773882,0.0,0.0,0.0,0.0,0.0,0.0,0.0,0.0,0.0,0.0
6.1975,1.0,2.0,0.0,0.0,0.0,0.0,0.0,62947.31684773882,0.0,0.0,0.0,0.0,0.0,0.0,0.0,0.0,0.0,0.0
6.1875,1.0,2.0,0.0,0.0,0.0,0.0,0.0,62947.31684773882,0.0,0.0,0.0,0.0,0.0,0.0,0.0,0.0,0.0,0.0
4.8925,1.0,2.0,0.0,0.0,0.0,0.0,0.0,62947.31684773882,0.0,0.0,0.0,0.0,0.0,0.0,0.0,0.0,0.0,0.0
5.2075,1.0,2.0,0.0,0.0,0.0,0.0,0.0,62947.31684773882,0.0,0.0,0.0,0.0,0.0,0.0,0.0,0.0,0.0,0.0
4.8275,1.0,2.0,0.0,0.0,0.0,0.0,0.0,62947.31684773882,0.0,0.0,0.0,0.0,0.0,0.0,0.0,0.0,0.0,0.0
6.085,1.0,2.0,-0.0,0.0,-0.0,0.0,0.0,62947.31684773882,0.0,0.0,-0.0,0.0,0.0,0.0,0.0,0.0,0.0,0.0
27.17,1.0,2.0,-0.0,0.0,-0.0,0.0,0.0,62947.31684773882,0.0,0.0,-0.0,0.0,0.0,0.0,0.0,0.0,0.0,0.0
55.255,0.5270462766947299,1.0540925533894598,0.0,0.8973665961010275,0.0,0.9459074466105402,48.345625364942855,62995.66247310376,0.0,0.0,0.0,0.0,0.0,0.0,0.0,0.0,0.0,0.8973665961010275
61.265,-0.0,-0.0,0.0,1.0,0.0,1.0540925533894598,59.885,63055.54747310376,0.0,0.0,0.0,0.0,0.0,0.0,0.0,0.0,0.0,1.0
41.98,0.0,0.0,0.0,0.0,0.0,0.0,0.0,63055.54747310376,0.0,0.0,0.0,0.0,0.0,0.0,0.0,0.0,0.0,0.0
20.0825,0.0,0.0,-0.0,0.0,-0.0,0.0,0.0,63055.54747310376,0.0,0.0,-0.0,0.0,0.0,0.0,0.0,0.0,0.0,0.0
16.6825,-0.0,-0.0,0.0,0.0,0.0,0.0,0.0,63055.54747310376,0.0,0.0,0.0,0.0,0.0,0.0,0.0,0.0,0.0,0.0
8.1725,-0.0,-0.0,0.0,0.0,0.0,0.0,0.0,63055.54747310376,0.0,0.0,0.0,0.0,0.0,0.0,0.0,0.0,0.0,0.0
5.5725,0.0,0.0,-0.0,0.0,-0.0,0.0,0.0,63055.54747310376,0.0,0.0,-0.0,0.0,0.0,0.0,0.0,0.0,0.0,0.0
3.6975,0.0,0.0,-0.0,0.0,-0.0,0.0,0.0,63055.54747310376,0.0,0.0,-0.0,0.0,0.0,0.0,0.0,0.0,0.0,0.0
3.19,-0.0,-0.0,0.0,0.0,0.0,0.0,0.0,63055.54747310376,0.0,0.0,0.0,0.0,0.0,0.0,0.0,0.0,0.0,0.0
2.09,-0.0,-0.0,0.0,0.0,0.0,0.0,0.0,63055.54747310376,0.0,0.0,0.0,0.0,0.0,0.0,0.0,0.0,0.0,0.0
0.715,0.05131670194948623,0.10263340389897246,0.10818510677891963,0.0,0.10263340389897246,0.0,-1.133238993509183,63054.41423411025,0.0,0.0,0.10818510677891963,0.0,0.0,0.0,0.0,0.0,0.0,0.0
0.425,0.5256583509747431,1.0513167019494862,1.0,0.0,0.9486832980505138,0.0,-10.185,63044.22923411025,0.0,0.0,1.0,0.0,0.0,0.0,0.0,0.0,0.0,0.0
0.48,1.0,2.0,1.0,0.0,0.9486832980505138,0.0,-10.24,63033.98923411025,0.0,0.0,1.0,0.0,0.0,0.0,0.0,0.0,0.0,0.0
1.0575,1.0,2.0,0.0,0.0,0.0,0.0,0.0,63033.98923411025,0.0,0.0,0.0,0.0,0.0,0.0,0.0,0.0,0.0,0.0
2.3925,1.0,2.0,0.0,0.0,0.0,0.0,0.0,63033.98923411025,0.0,0.0,0.0,0.0,0.0,0.0,0.0,0.0,0.0,0.0
4.3325,1.0,2.0,0.0,0.0,0.0,0.0,0.0,63033.98923411025,0.0,0.0,0.0,0.0,0.0,0.0,0.0,0.0,0.0,0.0
3.9025,1.0,2.0,0.0,0.0,0.0,0.0,0.0,63033.98923411025,0.0,0.0,0.0,0.0,0.0,0.0,0.0,0.0,0.0,0.0
3.9,1.0,2.0,0.0,0.0,0.0,0.0,0.0,63033.98923411025,0.0,0.0,0.0,0.0,0.0,0.0,0.0,0.0,0.0,0.0
4.2425,1.0,2.0,0.0,0.0,0.0,0.0,0.0,63033.98923411025,0.0,0.0,0.0,0.0,0.0,0.0,0.0,0.0,0.0,0.0
4.3575,1.0,2.0,0.0,0.0,0.0,0.0,0.0,63033.98923411025,0.0,0.0,0.0,0.0,0.0,0.0,0.0,0.0,0.0,0.0
5.14,1.0,2.0,0.0,0.0,0.0,0.0,0.0,63033.98923411025,0.0,0.0,0.0,0.0,0.0,0.0,0.0,0.0,0.0,0.0
6.0125,1.0,2.0,0.0,0.0,0.0,0.0,0.0,63033.98923411025,0.0,0.0,0.0,0.0,0.0,0.0,0.0,0.0,0.0,0.0
10.6725,1.0,2.0,0.0,0.0,0.0,0.0,0.0,63033.98923411025,0.0,0.0,0.0,0.0,0.0,0.0,0.0,0.0,0.0,0.0
29.0625,1.0,2.0,-0.0,0.0,-0.0,0.0,0.0,63033.98923411025,0.0,0.0,-0.0,0.0,0.0,0.0,0.0,0.0,0.0,0.0
46.3775,0.4729537233052701,0.9459074466105402,0.0,1.0,0.0,1.0540925533894598,44.997499999999995,63078.98673411025,0.0,0.0,0.0,0.0,0.0,0.0,0.0,0.0,0.0,1.0
45.9125,-0.0,-0.0,0.0,0.8973665961010275,0.0,0.9459074466105402,39.961977940869005,63118.94871205112,0.0,0.0,0.0,0.0,0.0,0.0,0.0,0.0,0.0,0.8973665961010275
40.4825,0.0,0.0,0.0,0.0,0.0,0.0,0.0,63118.94871205112,0.0,0.0,0.0,0.0,0.0,0.0,0.0,0.0,0.0,0.0
36.03,-0.0,-0.0,0.0,0.0,0.0,0.0,0.0,63118.94871205112,0.0,0.0,0.0,0.0,0.0,0.0,0.0,0.0,0.0,0.0
21.4275,0.0,0.0,-0.0,0.0,-0.0,0.0,0.0,63118.94871205112,0.0,0.0,-0.0,0.0,0.0,0.0,0.0,0.0,0.0,0.0
19.4725,0.0,0.0,-0.0,0.0,-0.0,0.0,0.0,63118.94871205112,0.0,0.0,-0.0,0.0,0.0,0.0,0.0,0.0,0.0,0.0
6.215,0.0,0.0,-0.0,0.0,-0.0,0.0,0.0,63118.94871205112,0.0,0.0,-0.0,0.0,0.0,0.0,0.0,0.0,0.0,0.0
3.0425,-0.0,-0.0,0.0,0.0,0.0,0.0,0.0,63118.94871205112,0.0,0.0,0.0,0.0,0.0,0.0,0.0,0.0,0.0,0.0
2.9325,0.05131670194948623,0.10263340389897246,0.10818510677891963,0.0,0.10263340389897246,0.0,-1.3763850209948048,63117.572327030124,0.0,0.0,0.10818510677891963,0.0,0.0,0.0,0.0,0.0,0.0,0.0
2.8725,0.5256583509747431,1.0513167019494862,1.0,0.0,0.9486832980505138,0.0,-12.6625,63104.909827030126,0.0,0.0,1.0,0.0,0.0,0.0,0.0,0.0,0.0,0.0
2.7425,1.0,2.0,1.0,0.0,0.9486832980505138,0.0,-12.532499999999999,63092.377327030124,0.0,0.0,1.0,0.0,0.0,0.0,0.0,0.0,0.0,0.0
2.975,1.0,2.0,0.0,0.0,0.0,0.0,0.0,63092.377327030124,0.0,0.0,0.0,0.0,0.0,0.0,0.0,0.0,0.0,0.0
10.7825,1.0,2.0,0.0,0.0,0.0,0.0,0.0,63092.377327030124,0.0,0.0,0.0,0.0,0.0,0.0,0.0,0.0,0.0,0.0
55.0,1.0,2.0,0.0,-0.0,0.0,-0.0,0.0,63092.377327030124,0.0,0.0,0.0,0.0,0.0,0.0,0.0,0.0,0.0,-0.0
86.065,1.0,2.0,0.0,0.0,0.0,0.0,0.0,63092.377327030124,0.0,0.0,0.0,0.0,0.0,0.0,0.0,0.0,0.0,0.0
100.1475,1.0,2.0,0.0,-0.0,0.0,-0.0,0.0,63092.377327030124,0.0,0.0,0.0,0.0,0.0,0.0,0.0,0.0,0.0,-0.0
101.86,1.0,2.0,0.0,-0.0,0.0,-0.0,0.0,63092.377327030124,0.0,0.0,0.0,0.0,0.0,0.0,0.0,0.0,0.0,-0.0
96.7375,1.0,2.0,0.0,0.0,0.0,0.0,0.0,63092.377327030124,0.0,0.0,0.0,0.0,0.0,0.0,0.0,0.0,0.0,0.0
94.6325,1.0,2.0,0.0,0.0,0.0,0.0,0.0,63092.377327030124,0.0,0.0,0.0,0.0,0.0,0.0,0.0,0.0,0.0,0.0
82.6975,1.0,2.0,0.0,0.0,0.0,0.0,0.0,63092.377327030124,0.0,0.0,0.0,0.0,0.0,0.0,0.0,0.0,0.0,0.0
81.1225,1.0,2.0,0.0,0.0,0.0,0.0,0.0,63092.377327030124,0.0,0.0,0.0,0.0,0.0,0.0,0.0,0.0,0.0,0.0
83.3475,1.0,2.0,0.0,0.0,0.0,0.0,0.0,63092.377327030124,0.0,0.0,0.0,0.0,0.0,0.0,0.0,0.0,0.0,0.0
83.665,1.0,2.0,-0.0,0.0,-0.0,0.0,0.0,63092.377327030124,0.0,0.0,-0.0,0.0,0.0,0.0,0.0,0.0,0.0,0.0
99.2325,1.0,2.0,0.0,0.0,0.0,0.0,0.0,63092.377327030124,0.0,0.0,0.0,0.0,0.0,0.0,0.0,0.0,0.0,0.0
110.72,1.0,2.0,0.0,0.0,0.0,0.0,0.0,63092.377327030124,0.0,0.0,0.0,0.0,0.0,0.0,0.0,0.0,0.0,0.0
126.5375,0.4729537233052701,0.9459074466105402,0.0,1.0,0.0,1.0540925533894598,125.1575,63217.534827030126,0.0,0.0,0.0,0.0,0.0,0.0,0.0,0.0,0.0,1.0
113.4975,-0.0,-0.0,0.0,0.8973665961010275,0.0,0.9459074466105402,100.61049933835696,63318.14532636848,0.0,0.0,0.0,0.0,0.0,0.0,0.0,0.0,0.0,0.8973665961010275
95.035,0.0,0.0,0.0,0.0,0.0,0.0,0.0,63318.14532636848,0.0,0.0,0.0,0.0,0.0,0.0,0.0,0.0,0.0,0.0
77.94,0.0,0.0,-0.0,0.0,-0.0,0.0,0.0,63318.14532636848,0.0,0.0,-0.0,0.0,0.0,0.0,0.0,0.0,0.0,0.0
74.48,-0.0,-0.0,0.0,-0.0,0.0,-0.0,0.0,63318.14532636848,0.0,0.0,0.0,0.0,0.0,0.0,0.0,0.0,0.0,-0.0
62.425,0.0,0.0,0.0,0.0,0.0,0.0,0.0,63318.14532636848,0.0,0.0,0.0,0.0,0.0,0.0,0.0,0.0,0.0,0.0
44.11,0.0,0.0,0.0,-0.0,0.0,-0.0,0.0,63318.14532636848,0.0,0.0,0.0,0.0,0.0,0.0,0.0,0.0,0.0,-0.0
28.8825,-0.0,-0.0,0.0,0.0,0.0,0.0,0.0,63318.14532636848,0.0,0.0,0.0,0.0,0.0,0.0,0.0,0.0,0.0,0.0
18.5425,0.05131670194948623,0.10263340389897246,0.10818510677891963,0.0,0.10263340389897246,0.0,-3.0889552613051023,63315.05637110717,0.0,0.0,0.10818510677891963,0.0,0.0,0.0,0.0,0.0,0.0,0.0
10.2225,0.5256583509747431,1.0513167019494862,1.0,0.0,0.9486832980505138,0.0,-20.1125,63294.94387110717,0.0,0.0,1.0,0.0,0.0,0.0,0.0,0.0,0.0,0.0
10.9525,1.0,2.0,1.0,0.0,0.9486832980505138,0.0,-20.8625,63274.08137110717,0.0,0.0,1.0,0.0,0.0,0.0,0.0,0.0,0.0,0.0
30.4075,1.0,2.0,0.0,0.0,0.0,0.0,0.0,63274.08137110717,0.0,0.0,0.0,0.0,0.0,0.0,0.0,0.0,0.0,0.0
58.4375,1.0,2.0,0.0,-0.0,0.0,-0.0,0.0,63274.08137110717,0.0,0.0,0.0,0.0,0.0,0.0,0.0,0.0,0.0,-0.0
79.64,1.0,2.0,0.0,0.0,0.0,0.0,0.0,63274.08137110717,0.0,0.0,0.0,0.0,0.0,0.0,0.0,0.0,0.0,0.0
89.395,0.4729537233052701,0.9459074466105402,0.0,1.0,0.0,1.0540925533894598,88.015,63362.09637110717,0.0,0.0,0.0,0.0,0.0,0.0,0.0,0.0,0.0,1.0
87.365,0.4729537233052701,0.9459074466105402,0.0,0.0,0.0,0.0,0.0,63362.09637110717,0.0,0.0,0.0,0.0,0.0,0.0,0.0,0.0,0.0,0.0
81.0025,0.4729537233052701,0.9459074466105402,0.0,0.0,0.0,0.0,0.0,63362.09637110717,0.0,0.0,0.0,0.0,0.0,0.0,0.0,0.0,0.0,0.0
75.415,0.4729537233052701,0.9459074466105402,0.0,0.0,0.0,0.0,0.0,63362.09637110717,0.0,0.0,0.0,0.0,0.0,0.0,0.0,0.0,0.0,0.0
67.8,0.5256583509747431,1.0513167019494862,0.11111111111111122,0.0,0.10540925533894607,0.0,-8.723333333333342,63353.37303777383,0.0,0.0,0.11111111111111122,0.0,0.0,0.0,0.0,0.0,0.0,0.0
62.7875,1.0,2.0,1.0,0.0,0.9486832980505138,0.0,-73.42750000000001,63279.945537773834,0.0,0.0,1.0,0.0,0.0,0.0,0.0,0.0,0.0,0.0
67.9825,1.0,2.0,0.0,0.0,0.0,0.0,0.0,63279.945537773834,0.0,0.0,0.0,0.0,0.0,0.0,0.0,0.0,0.0,0.0
78.1,1.0,2.0,-0.0,0.0,-0.0,0.0,0.0,63279.945537773834,0.0,0.0,-0.0,0.0,0.0,0.0,0.0,0.0,0.0,0.0
86.96,1.0,2.0,0.0,0.0,0.0,0.0,0.0,63279.945537773834,0.0,0.0,0.0,0.0,0.0,0.0,0.0,0.0,0.0,0.0
99.795,1.0,2.0,0.0,0.0,0.0,0.0,0.0,63279.945537773834,0.0,0.0,0.0,0.0,0.0,0.0,0.0,0.0,0.0,0.0
111.0225,0.4729537233052701,0.9459074466105402,0.0,1.0,0.0,1.0540925533894598,109.6425,63389.588037773836,0.0,0.0,0.0,0.0,0.0,0.0,0.0,0.0,0.0,1.0
107.21,0.0,0.0,0.0,0.8973665961010275,0.0,0.9459074466105402,94.96830686537173,63484.556344639204,0.0,0.0,0.0,0.0,0.0,0.0,0.0,0.0,0.0,0.8973665961010275
91.925,-0.0,-0.0,0.0,-0.0,0.0,-0.0,0.0,63484.556344639204,0.0,0.0,0.0,0.0,0.0,0.0,0.0,0.0,0.0,-0.0
80.8375,-0.0,-0.0,0.0,0.0,0.0,0.0,0.0,63484.556344639204,0.0,0.0,0.0,0.0,0.0,0.0,0.0,0.0,0.0,0.0
79.58,-0.0,-0.0,0.0,0.0,0.0,0.0,0.0,63484.556344639204,0.0,0.0,0.0,0.0,0.0,0.0,0.0,0.0,0.0,0.0
73.2225,0.0,0.0,0.0,0.0,0.0,0.0,0.0,63484.556344639204,0.0,0.0,0.0,0.0,0.0,0.0,0.0,0.0,0.0,0.0
58.8025,-0.0,-0.0,0.0,0.0,0.0,0.0,0.0,63484.556344639204,0.0,0.0,0.0,0.0,0.0,0.0,0.0,0.0,0.0,0.0
54.035,0.4743416490252569,0.9486832980505138,1.0,0.0,0.9486832980505138,0.0,-64.55499999999999,63420.001344639204,0.0,0.0,1.0,0.0,0.0,0.0,0.0,0.0,0.0,0.0
54.155,0.9486832980505138,1.8973665961010275,1.0,0.0,0.9486832980505138,0.0,-64.675,63355.3263446392,0.0,0.0,1.0,0.0,0.0,0.0,0.0,0.0,0.0,0.0
56.3475,0.9486832980505138,1.8973665961010275,0.0,0.0,0.0,0.0,0.0,63355.3263446392,0.0,0.0,0.0,0.0,0.0,0.0,0.0,0.0,0.0,0.0
54.725,1.0,2.0,0.10818510677891963,0.0,0.10263340389897246,0.0,-7.0596191428584,63348.266725496345,0.0,0.0,0.10818510677891963,0.0,0.0,0.0,0.0,0.0,0.0,0.0
64.655,1.0,2.0,0.0,0.0,0.0,0.0,0.0,63348.266725496345,0.0,0.0,0.0,0.0,0.0,0.0,0.0,0.0,0.0,0.0
81.92,1.0,2.0,0.0,0.0,0.0,0.0,0.0,63348.266725496345,0.0,0.0,0.0,0.0,0.0,0.0,0.0,0.0,0.0,0.0
98.94,0.5270462766947299,1.0540925533894598,0.0,0.8973665961010275,0.0,0.9459074466105402,87.54708511561624,63435.81381061196,0.0,0.0,0.0,0.0,0.0,0.0,0.0,0.0,0.0,0.8973665961010275
100.265,0.0,0.0,0.0,1.0,0.0,1.0540925533894598,98.885,63534.69881061196,0.0,0.0,0.0,0.0,0.0,0.0,0.0,0.0,0.0,1.0
85.805,-0.0,-0.0,0.0,0.0,0.0,0.0,0.0,63534.69881061196,0.0,0.0,0.0,0.0,0.0,0.0,0.0,0.0,0.0,0.0
71.9525,0.05131670194948623,0.10263340389897246,0.10818510677891963,0.0,0.10263340389897246,0.0,-8.94934249551918,63525.74946811644,0.0,0.0,0.10818510677891963,0.0,0.0,0.0,0.0,0.0,0.0,0.0
70.2125,0.5256583509747431,1.0513167019494862,1.0,0.0,0.9486832980505138,0.0,-80.9625,63444.78696811644,0.0,0.0,1.0,0.0,0.0,0.0,0.0,0.0,0.0,0.0
70.8375,1.0,2.0,1.0,0.0,0.9486832980505138,0.0,-81.59750000000001,63363.189468116434,0.0,0.0,1.0,0.0,0.0,0.0,0.0,0.0,0.0,0.0
77.1125,1.0,2.0,0.0,0.0,0.0,0.0,0.0,63363.189468116434,0.0,0.0,0.0,0.0,0.0,0.0,0.0,0.0,0.0,0.0
88.8525,1.0,2.0,0.0,0.0,0.0,0.0,0.0,63363.189468116434,0.0,0.0,0.0,0.0,0.0,0.0,0.0,0.0,0.0,0.0
96.8975,1.0,2.0,0.0,0.0,0.0,0.0,0.0,63363.189468116434,0.0,0.0,0.0,0.0,0.0,0.0,0.0,0.0,0.0,0.0
101.935,1.0,2.0,0.0,0.0,0.0,0.0,0.0,63363.189468116434,0.0,0.0,0.0,0.0,0.0,0.0,0.0,0.0,0.0,0.0
120.9975,0.5270462766947299,1.0540925533894598,0.0,0.8973665961010275,0.0,0.9459074466105402,107.34074880911466,63470.53021692555,0.0,0.0,0.0,0.0,0.0,0.0,0.0,0.0,0.0,0.8973665961010275
125.2775,0.0,0.0,0.0,1.0,0.0,1.0540925533894598,123.89750000000001,63594.42771692555,0.0,0.0,0.0,0.0,0.0,0.0,0.0,0.0,0.0,1.0
113.5425,-0.0,-0.0,0.0,0.0,0.0,0.0,0.0,63594.42771692555,0.0,0.0,0.0,0.0,0.0,0.0,0.0,0.0,0.0,0.0
102.65,-0.0,-0.0,0.0,0.0,0.0,0.0,0.0,63594.42771692555,0.0,0.0,0.0,0.0,0.0,0.0,0.0,0.0,0.0,0.0
96.5025,-0.0,-0.0,0.0,0.0,0.0,0.0,0.0,63594.42771692555,0.0,0.0,0.0,0.0,0.0,0.0,0.0,0.0,0.0,0.0
94.4225,0.0,0.0,-0.0,0.0,-0.0,0.0,0.0,63594.42771692555,0.0,0.0,-0.0,0.0,0.0,0.0,0.0,0.0,0.0,0.0
87.1425,-0.0,-0.0,0.0,0.0,0.0,0.0,0.0,63594.42771692555,0.0,0.0,0.0,0.0,0.0,0.0,0.0,0.0,0.0,0.0
75.245,-0.0,-0.0,0.0,0.0,0.0,0.0,0.0,63594.42771692555,0.0,0.0,0.0,0.0,0.0,0.0,0.0,0.0,0.0,0.0
70.105,0.0,0.0,-0.0,0.0,-0.0,0.0,0.0,63594.42771692555,0.0,0.0,-0.0,0.0,0.0,0.0,0.0,0.0,0.0,0.0
65.525,-0.0,-0.0,0.0,0.0,0.0,0.0,0.0,63594.42771692555,0.0,0.0,0.0,0.0,0.0,0.0,0.0,0.0,0.0,0.0
60.4175,-0.0,-0.0,0.0,0.0,0.0,0.0,0.0,63594.42771692555,0.0,0.0,0.0,0.0,0.0,0.0,0.0,0.0,0.0,0.0
57.1525,0.4743416490252569,0.9486832980505138,1.0,0.0,0.9486832980505138,0.0,-67.7125,63526.71521692555,0.0,0.0,1.0,0.0,0.0,0.0,0.0,0.0,0.0,0.0
60.0125,0.9486832980505138,1.8973665961010275,1.0,0.0,0.9486832980505138,0.0,-70.6125,63456.10271692555,0.0,0.0,1.0,0.0,0.0,0.0,0.0,0.0,0.0,0.0
69.1775,0.9486832980505138,1.8973665961010275,0.0,0.0,0.0,0.0,0.0,63456.10271692555,0.0,0.0,0.0,0.0,0.0,0.0,0.0,0.0,0.0,0.0
79.9375,0.5270462766947299,1.0540925533894598,0.0,0.7999999999999998,0.0,0.8432740427115677,62.84599999999999,63518.948716925544,0.0,0.0,0.0,0.0,0.0,0.0,0.0,0.0,0.0,0.7999999999999998
85.2975,0.0,0.0,0.0,1.0,0.0,1.0540925533894598,83.9175,63602.86621692555,0.0,0.0,0.0,0.0,0.0,0.0,0.0,0.0,0.0,1.0
66.7225,0.0,0.0,0.0,-0.0,0.0,-0.0,0.0,63602.86621692555,0.0,0.0,0.0,0.0,0.0,0.0,0.0,0.0,0.0,-0.0
55.985,-0.0,-0.0,0.0,0.0,0.0,0.0,0.0,63602.86621692555,0.0,0.0,0.0,0.0,0.0,0.0,0.0,0.0,0.0,0.0
47.8775,-0.0,-0.0,0.0,0.0,0.0,0.0,0.0,63602.86621692555,0.0,0.0,0.0,0.0,0.0,0.0,0.0,0.0,0.0,0.0
43.0075,0.05131670194948623,0.10263340389897246,0.10818510677891963,0.0,0.10263340389897246,0.0,-5.773568686023992,63597.09264823952,0.0,0.0,0.10818510677891963,0.0,0.0,0.0,0.0,0.0,0.0,0.0
40.1825,0.5256583509747431,1.0513167019494862,1.0,0.0,0.9486832980505138,0.0,-50.5025,63546.59014823952,0.0,0.0,1.0,0.0,0.0,0.0,0.0,0.0,0.0,0.0
35.995,1.0,2.0,1.0,0.0,0.9486832980505138,0.0,-46.254999999999995,63500.33514823952,0.0,0.0,1.0,0.0,0.0,0.0,0.0,0.0,0.0,0.0
69.8,1.0,2.0,0.0,-0.0,0.0,-0.0,0.0,63500.33514823952,0.0,0.0,0.0,0.0,0.0,0.0,0.0,0.0,0.0,-0.0
85.295,1.0,2.0,0.0,0.0,0.0,0.0,0.0,63500.33514823952,0.0,0.0,0.0,0.0,0.0,0.0,0.0,0.0,0.0,0.0
91.6675,1.0,2.0,0.0,0.0,0.0,0.0,0.0,63500.33514823952,0.0,0.0,0.0,0.0,0.0,0.0,0.0,0.0,0.0,0.0
97.945,0.5270462766947299,1.0540925533894598,0.0,0.8973665961010275,0.0,0.9459074466105402,86.65420535249571,63586.98935359202,0.0,0.0,0.0,0.0,0.0,0.0,0.0,0.0,0.0,0.8973665961010275
98.6175,-0.0,-0.0,0.0,1.0,0.0,1.0540925533894598,97.23750000000001,63684.22685359202,0.0,0.0,0.0,0.0,0.0,0.0,0.0,0.0,0.0,1.0
87.515,0.0,0.0,0.0,0.0,0.0,0.0,0.0,63684.22685359202,0.0,0.0,0.0,0.0,0.0,0.0,0.0,0.0,0.0,0.0
82.905,-0.0,-0.0,0.0,0.0,0.0,0.0,0.0,63684.22685359202,0.0,0.0,0.0,0.0,0.0,0.0,0.0,0.0,0.0,0.0
77.4375,-0.0,-0.0,0.0,0.0,0.0,0.0,0.0,63684.22685359202,0.0,0.0,0.0,0.0,0.0,0.0,0.0,0.0,0.0,0.0
76.9825,-0.0,-0.0,0.0,0.0,0.0,0.0,0.0,63684.22685359202,0.0,0.0,0.0,0.0,0.0,0.0,0.0,0.0,0.0,0.0
81.2325,-0.0,-0.0,0.0,0.0,0.0,0.0,0.0,63684.22685359202,0.0,0.0,0.0,0.0,0.0,0.0,0.0,0.0,0.0,0.0
78.1575,-0.0,-0.0,0.0,0.0,0.0,0.0,0.0,63684.22685359202,0.0,0.0,0.0,0.0,0.0,0.0,0.0,0.0,0.0,0.0
74.74,0.4743416490252569,0.9486832980505138,1.0,0.0,0.9486832980505138,0.0,-85.55,63598.67685359202,0.0,0.0,1.0,0.0,0.0,0.0,0.0,0.0,0.0,0.0
75.6775,0.5256583509747431,1.0513167019494862,0.10818510677891963,0.0,0.10263340389897246,0.0,-9.3577412736096,63589.31911231841,0.0,0.0,0.10818510677891963,0.0,0.0,0.0,0.0,0.0,0.0,0.0
79.7625,0.5256583509747431,1.0513167019494862,0.0,0.0,0.0,0.0,0.0,63589.31911231841,0.0,0.0,0.0,0.0,0.0,0.0,0.0,0.0,0.0,0.0
71.2,1.0,2.0,1.0,0.0,0.9486832980505138,0.0,-81.96000000000001,63507.35911231841,0.0,0.0,1.0,0.0,0.0,0.0,0.0,0.0,0.0,0.0
82.8775,1.0,2.0,0.0,0.0,0.0,0.0,0.0,63507.35911231841,0.0,0.0,0.0,0.0,0.0,0.0,0.0,0.0,0.0,0.0
108.7675,0.4729537233052701,0.9459074466105402,0.0,1.0,0.0,1.0540925533894598,107.3875,63614.746612318406,0.0,0.0,0.0,0.0,0.0,0.0,0.0,0.0,0.0,1.0
100.18,0.0,0.0,0.0,0.8973665961010275,0.0,0.9459074466105402,88.65981969478152,63703.40643201319,0.0,0.0,0.0,0.0,0.0,0.0,0.0,0.0,0.0,0.8973665961010275
83.09,-0.0,-0.0,0.0,0.0,0.0,0.0,0.0,63703.40643201319,0.0,0.0,0.0,0.0,0.0,0.0,0.0,0.0,0.0,0.0
75.67,0.4743416490252569,0.9486832980505138,1.0,0.0,0.9486832980505138,0.0,-86.49000000000001,63616.91643201319,0.0,0.0,1.0,0.0,0.0,0.0,0.0,0.0,0.0,0.0
74.0875,0.9486832980505138,1.8973665961010275,1.0,0.0,0.9486832980505138,0.0,-84.8875,63532.02893201319,0.0,0.0,1.0,0.0,0.0,0.0,0.0,0.0,0.0,0.0
75.99,1.0,2.0,0.10818510677891963,0.0,0.10263340389897246,0.0,-9.392630970545802,63522.63630104264,0.0,0.0,0.10818510677891963,0.0,0.0,0.0,0.0,0.0,0.0,0.0
81.9325,1.0,2.0,0.0,0.0,0.0,0.0,0.0,63522.63630104264,0.0,0.0,0.0,0.0,0.0,0.0,0.0,0.0,0.0,0.0
95.7675,1.0,2.0,0.0,0.0,0.0,0.0,0.0,63522.63630104264,0.0,0.0,0.0,0.0,0.0,0.0,0.0,0.0,0.0,0.0
102.2575,0.4729537233052701,0.9459074466105402,0.0,1.0,0.0,1.0540925533894598,100.8775,63623.513801042645,0.0,0.0,0.0,0.0,0.0,0.0,0.0,0.0,0.0,1.0
100.4025,0.0,0.0,0.0,0.8973665961010275,0.0,0.9459074466105402,88.859483762414,63712.37328480506,0.0,0.0,0.0,0.0,0.0,0.0,0.0,0.0,0.0,0.8973665961010275
88.8475,-0.0,-0.0,0.0,0.0,0.0,0.0,0.0,63712.37328480506,0.0,0.0,0.0,0.0,0.0,0.0,0.0,0.0,0.0,0.0
95.42,-0.0,-0.0,0.0,-0.0,0.0,-0.0,0.0,63712.37328480506,0.0,0.0,0.0,0.0,0.0,0.0,0.0,0.0,0.0,-0.0
83.0175,-0.0,-0.0,0.0,0.0,0.0,0.0,0.0,63712.37328480506,0.0,0.0,0.0,0.0,0.0,0.0,0.0,0.0,0.0,0.0
76.71,-0.0,-0.0,0.0,0.0,0.0,0.0,0.0,63712.37328480506,0.0,0.0,0.0,0.0,0.0,0.0,0.0,0.0,0.0,0.0
74.115,0.0,0.0,0.0,0.0,0.0,0.0,0.0,63712.37328480506,0.0,0.0,0.0,0.0,0.0,0.0,0.0,0.0,0.0,0.0
67.665,-0.0,-0.0,0.0,0.0,0.0,0.0,0.0,63712.37328480506,0.0,0.0,0.0,0.0,0.0,0.0,0.0,0.0,0.0,0.0
53.6025,-0.0,-0.0,0.0,0.0,0.0,0.0,0.0,63712.37328480506,0.0,0.0,0.0,0.0,0.0,0.0,0.0,0.0,0.0,0.0
50.2925,0.0,0.0,-0.0,0.0,-0.0,0.0,0.0,63712.37328480506,0.0,0.0,-0.0,0.0,0.0,0.0,0.0,0.0,0.0,0.0
32.5975,0.0,0.0,0.0,-0.0,0.0,-0.0,0.0,63712.37328480506,0.0,0.0,0.0,0.0,0.0,0.0,0.0,0.0,0.0,-0.0
21.965,-0.0,-0.0,0.0,0.0,0.0,0.0,0.0,63712.37328480506,0.0,0.0,0.0,0.0,0.0,0.0,0.0,0.0,0.0,0.0
18.2975,-0.0,-0.0,0.0,0.0,0.0,0.0,0.0,63712.37328480506,0.0,0.0,0.0,0.0,0.0,0.0,0.0,0.0,0.0,0.0
14.795,0.05131670194948623,0.10263340389897246,0.10818510677891963,0.0,0.10263340389897246,0.0,-2.6781223183121554,63709.69516248674,0.0,0.0,0.10818510677891963,0.0,0.0,0.0,0.0,0.0,0.0,0.0
12.145,0.5256583509747431,1.0513167019494862,1.0,0.0,0.9486832980505138,0.0,-22.064999999999998,63687.63016248674,0.0,0.0,1.0,0.0,0.0,0.0,0.0,0.0,0.0,0.0
11.615,1.0,2.0,1.0,0.0,0.9486832980505138,0.0,-21.525,63666.10516248674,0.0,0.0,1.0,0.0,0.0,0.0,0.0,0.0,0.0,0.0
17.5925,1.0,2.0,0.0,0.0,0.0,0.0,0.0,63666.10516248674,0.0,0.0,0.0,0.0,0.0,0.0,0.0,0.0,0.0,0.0
29.95,1.0,2.0,0.0,-0.0,0.0,-0.0,0.0,63666.10516248674,0.0,0.0,0.0,0.0,0.0,0.0,0.0,0.0,0.0,-0.0
27.045,1.0,2.0,0.0,0.0,0.0,0.0,0.0,63666.10516248674,0.0,0.0,0.0,0.0,0.0,0.0,0.0,0.0,0.0,0.0
18.3,1.0,2.0,0.0,0.0,0.0,0.0,0.0,63666.10516248674,0.0,0.0,0.0,0.0,0.0,0.0,0.0,0.0,0.0,0.0
15.7575,1.0,2.0,0.0,0.0,0.0,0.0,0.0,63666.10516248674,0.0,0.0,0.0,0.0,0.0,0.0,0.0,0.0,0.0,0.0
21.015,1.0,2.0,0.0,0.0,0.0,0.0,0.0,63666.10516248674,0.0,0.0,0.0,0.0,0.0,0.0,0.0,0.0,0.0,0.0
31.74,1.0,2.0,0.0,-0.0,0.0,-0.0,0.0,63666.10516248674,0.0,0.0,0.0,0.0,0.0,0.0,0.0,0.0,0.0,-0.0
48.4075,1.0,2.0,0.0,-0.0,0.0,-0.0,0.0,63666.10516248674,0.0,0.0,0.0,0.0,0.0,0.0,0.0,0.0,0.0,-0.0
51.985,1.0,2.0,-0.0,0.0,-0.0,0.0,0.0,63666.10516248674,0.0,0.0,-0.0,0.0,0.0,0.0,0.0,0.0,0.0,0.0
67.0,1.0,2.0,0.0,0.0,0.0,0.0,0.0,63666.10516248674,0.0,0.0,0.0,0.0,0.0,0.0,0.0,0.0,0.0,0.0
73.2575,0.5270462766947299,1.0540925533894598,0.0,0.8973665961010275,0.0,0.9459074466105402,64.5004675112516,63730.60562999799,0.0,0.0,0.0,0.0,0.0,0.0,0.0,0.0,0.0,0.8973665961010275
75.8975,0.0,0.0,0.0,1.0,0.0,1.0540925533894598,74.5175,63805.12312999799,0.0,0.0,0.0,0.0,0.0,0.0,0.0,0.0,0.0,1.0
68.75,-0.0,-0.0,0.0,0.0,0.0,0.0,0.0,63805.12312999799,0.0,0.0,0.0,0.0,0.0,0.0,0.0,0.0,0.0,0.0
66.6025,-0.0,-0.0,0.0,0.0,0.0,0.0,0.0,63805.12312999799,0.0,0.0,0.0,0.0,0.0,0.0,0.0,0.0,0.0,0.0
65.675,-0.0,-0.0,0.0,0.0,0.0,0.0,0.0,63805.12312999799,0.0,0.0,0.0,0.0,0.0,0.0,0.0,0.0,0.0,0.0
66.7975,-0.0,-0.0,0.0,0.0,0.0,0.0,0.0,63805.12312999799,0.0,0.0,0.0,0.0,0.0,0.0,0.0,0.0,0.0,0.0
65.7625,-0.0,-0.0,0.0,0.0,0.0,0.0,0.0,63805.12312999799,0.0,0.0,0.0,0.0,0.0,0.0,0.0,0.0,0.0,0.0
51.885,0.4743416490252569,0.9486832980505138,1.0,0.0,0.9486832980505138,0.0,-62.375,63742.74812999799,0.0,0.0,1.0,0.0,0.0,0.0,0.0,0.0,0.0,0.0
53.3175,0.9486832980505138,1.8973665961010275,1.0,0.0,0.9486832980505138,0.0,-63.8275,63678.92062999799,0.0,0.0,1.0,0.0,0.0,0.0,0.0,0.0,0.0,0.0
53.5625,1.0,2.0,0.10818510677891963,0.0,0.10263340389897246,0.0,-6.931690254092327,63671.9889397439,0.0,0.0,0.10818510677891963,0.0,0.0,0.0,0.0,0.0,0.0,0.0
54.8025,1.0,2.0,0.0,0.0,0.0,0.0,0.0,63671.9889397439,0.0,0.0,0.0,0.0,0.0,0.0,0.0,0.0,0.0,0.0
57.54,1.0,2.0,0.0,0.0,0.0,0.0,0.0,63671.9889397439,0.0,0.0,0.0,0.0,0.0,0.0,0.0,0.0,0.0,0.0
56.115,1.0,2.0,0.0,0.0,0.0,0.0,0.0,63671.9889397439,0.0,0.0,0.0,0.0,0.0,0.0,0.0,0.0,0.0,0.0
57.0225,1.0,2.0,0.0,0.0,0.0,0.0,0.0,63671.9889397439,0.0,0.0,0.0,0.0,0.0,0.0,0.0,0.0,0.0,0.0
63.4075,1.0,2.0,0.0,0.0,0.0,0.0,0.0,63671.9889397439,0.0,0.0,0.0,0.0,0.0,0.0,0.0,0.0,0.0,0.0
68.695,1.0,2.0,0.0,0.0,0.0,0.0,0.0,63671.9889397439,0.0,0.0,0.0,0.0,0.0,0.0,0.0,0.0,0.0,0.0
67.3975,1.0,2.0,0.0,0.0,0.0,0.0,0.0,63671.9889397439,0.0,0.0,0.0,0.0,0.0,0.0,0.0,0.0,0.0,0.0
65.5975,1.0,2.0,0.0,0.0,0.0,0.0,0.0,63671.9889397439,0.0,0.0,0.0,0.0,0.0,0.0,0.0,0.0,0.0,0.0
64.5825,1.0,2.0,0.0,0.0,0.0,0.0,0.0,63671.9889397439,0.0,0.0,0.0,0.0,0.0,0.0,0.0,0.0,0.0,0.0
65.6725,1.0,2.0,0.0,0.0,0.0,0.0,0.0,63671.9889397439,0.0,0.0,0.0,0.0,0.0,0.0,0.0,0.0,0.0,0.0
68.8975,1.0,2.0,0.0,0.0,0.0,0.0,0.0,63671.9889397439,0.0,0.0,0.0,0.0,0.0,0.0,0.0,0.0,0.0,0.0
80.7125,1.0,2.0,0.0,-0.0,0.0,-0.0,0.0,63671.9889397439,0.0,0.0,0.0,0.0,0.0,0.0,0.0,0.0,0.0,-0.0
98.3925,1.0,2.0,-0.0,0.0,-0.0,0.0,0.0,63671.9889397439,0.0,0.0,-0.0,0.0,0.0,0.0,0.0,0.0,0.0,0.0
105.0725,1.0,2.0,0.0,0.0,0.0,0.0,0.0,63671.9889397439,0.0,0.0,0.0,0.0,0.0,0.0,0.0,0.0,0.0,0.0
130.9225,0.4729537233052701,0.9459074466105402,0.0,1.0,0.0,1.0540925533894598,129.54250000000002,63801.5314397439,0.0,0.0,0.0,0.0,0.0,0.0,0.0,0.0,0.0,1.0
130.315,0.0,0.0,0.0,0.8973665961010275,0.0,0.9459074466105402,115.70196206828598,63917.233401812184,0.0,0.0,0.0,0.0,0.0,0.0,0.0,0.0,0.0,0.8973665961010275
113.6075,-0.0,-0.0,0.0,0.0,0.0,0.0,0.0,63917.233401812184,0.0,0.0,0.0,0.0,0.0,0.0,0.0,0.0,0.0,0.0
98.6,-0.0,-0.0,0.0,0.0,0.0,0.0,0.0,63917.233401812184,0.0,0.0,0.0,0.0,0.0,0.0,0.0,0.0,0.0,0.0
91.4825,0.0,0.0,-0.0,0.0,-0.0,0.0,0.0,63917.233401812184,0.0,0.0,-0.0,0.0,0.0,0.0,0.0,0.0,0.0,0.0
85.28,-0.0,-0.0,0.0,0.0,0.0,0.0,0.0,63917.233401812184,0.0,0.0,0.0,0.0,0.0,0.0,0.0,0.0,0.0,0.0
78.215,-0.0,-0.0,0.0,0.0,0.0,0.0,0.0,63917.233401812184,0.0,0.0,0.0,0.0,0.0,0.0,0.0,0.0,0.0,0.0
79.6125,-0.0,-0.0,0.0,0.0,0.0,0.0,0.0,63917.233401812184,0.0,0.0,0.0,0.0,0.0,0.0,0.0,0.0,0.0,0.0
75.915,-0.0,-0.0,0.0,0.0,0.0,0.0,0.0,63917.233401812184,0.0,0.0,0.0,0.0,0.0,0.0,0.0,0.0,0.0,0.0
69.8175,-0.0,-0.0,0.0,0.0,0.0,0.0,0.0,63917.233401812184,0.0,0.0,0.0,0.0,0.0,0.0,0.0,0.0,0.0,0.0
68.875,-0.0,-0.0,0.0,0.0,0.0,0.0,0.0,63917.233401812184,0.0,0.0,0.0,0.0,0.0,0.0,0.0,0.0,0.0,0.0
67.5825,0.052704627669473036,0.10540925533894607,0.11111111111111122,0.0,0.10540925533894607,0.0,-8.699166666666674,63908.53423514552,0.0,0.0,0.11111111111111122,0.0,0.0,0.0,0.0,0.0,0.0,0.0
65.0125,0.5270462766947299,1.0540925533894598,1.0,0.0,0.9486832980505138,0.0,-75.6825,63832.851735145516,0.0,0.0,1.0,0.0,0.0,0.0,0.0,0.0,0.0,0.0
84.4525,0.5270462766947299,1.0540925533894598,0.0,0.0,0.0,0.0,0.0,63832.851735145516,0.0,0.0,0.0,0.0,0.0,0.0,0.0,0.0,0.0,0.0
88.58,0.0,0.0,0.0,1.0,0.0,1.0540925533894598,87.2,63920.05173514551,0.0,0.0,0.0,0.0,0.0,0.0,0.0,0.0,0.0,1.0
86.4275,-0.0,-0.0,0.0,0.0,0.0,0.0,0.0,63920.05173514551,0.0,0.0,0.0,0.0,0.0,0.0,0.0,0.0,0.0,0.0
83.6275,-0.0,-0.0,0.0,0.0,0.0,0.0,0.0,63920.05173514551,0.0,0.0,0.0,0.0,0.0,0.0,0.0,0.0,0.0,0.0
73.7425,-0.0,-0.0,0.0,0.0,0.0,0.0,0.0,63920.05173514551,0.0,0.0,0.0,0.0,0.0,0.0,0.0,0.0,0.0,0.0
67.8925,-0.0,-0.0,0.0,0.0,0.0,0.0,0.0,63920.05173514551,0.0,0.0,0.0,0.0,0.0,0.0,0.0,0.0,0.0,0.0
66.6275,0.052704627669473036,0.10540925533894607,0.11111111111111122,0.0,0.10540925533894607,0.0,-8.591944444444453,63911.45979070107,0.0,0.0,0.11111111111111122,0.0,0.0,0.0,0.0,0.0,0.0,0.0
66.51,0.5270462766947299,1.0540925533894598,1.0,0.0,0.9486832980505138,0.0,-77.2,63834.25979070107,0.0,0.0,1.0,0.0,0.0,0.0,0.0,0.0,0.0,0.0
66.9525,0.5270462766947299,1.0540925533894598,0.0,0.0,0.0,0.0,0.0,63834.25979070107,0.0,0.0,0.0,0.0,0.0,0.0,0.0,0.0,0.0,0.0
68.395,0.5270462766947299,1.0540925533894598,0.0,0.0,0.0,0.0,0.0,63834.25979070107,0.0,0.0,0.0,0.0,0.0,0.0,0.0,0.0,0.0,0.0
69.9975,0.5270462766947299,1.0540925533894598,0.0,0.0,0.0,0.0,0.0,63834.25979070107,0.0,0.0,0.0,0.0,0.0,0.0,0.0,0.0,0.0,0.0
90.0,0.0,0.0,0.0,1.0,0.0,1.0540925533894598,88.62,63922.879790701074,0.0,0.0,0.0,0.0,0.0,0.0,0.0,0.0,0.0,1.0
78.44,-0.0,-0.0,0.0,0.0,0.0,0.0,0.0,63922.879790701074,0.0,0.0,0.0,0.0,0.0,0.0,0.0,0.0,0.0,0.0
64.615,0.0,0.0,-0.0,0.0,-0.0,0.0,0.0,63922.879790701074,0.0,0.0,-0.0,0.0,0.0,0.0,0.0,0.0,0.0,0.0
62.725,0.0,0.0,-0.0,0.0,-0.0,0.0,0.0,63922.879790701074,0.0,0.0,-0.0,0.0,0.0,0.0,0.0,0.0,0.0,0.0
57.8125,-0.0,-0.0,0.0,-0.0,0.0,-0.0,0.0,63922.879790701074,0.0,0.0,0.0,0.0,0.0,0.0,0.0,0.0,0.0,-0.0
46.245,0.0,0.0,0.0,0.0,0.0,0.0,0.0,63922.879790701074,0.0,0.0,0.0,0.0,0.0,0.0,0.0,0.0,0.0,0.0
27.43,0.0,0.0,0.0,-0.0,0.0,-0.0,0.0,63922.879790701074,0.0,0.0,0.0,0.0,0.0,0.0,0.0,0.0,0.0,-0.0
15.55,-0.0,-0.0,0.0,0.0,0.0,0.0,0.0,63922.879790701074,0.0,0.0,0.0,0.0,0.0,0.0,0.0,0.0,0.0,0.0
7.2575,0.0,0.0,-0.0,0.0,-0.0,0.0,0.0,63922.879790701074,0.0,0.0,-0.0,0.0,0.0,0.0,0.0,0.0,0.0,0.0
4.925,0.4743416490252569,0.9486832980505138,1.0,0.0,0.9486832980505138,0.0,-14.745000000000001,63908.13479070107,0.0,0.0,1.0,0.0,0.0,0.0,0.0,0.0,0.0,0.0
5.68,0.9486832980505138,1.8973665961010275,1.0,0.0,0.9486832980505138,0.0,-15.51,63892.62479070107,0.0,0.0,1.0,0.0,0.0,0.0,0.0,0.0,0.0,0.0
6.3325,1.0,2.0,0.10818510677891963,0.0,0.10263340389897246,0.0,-1.7496236393820777,63890.875167061684,0.0,0.0,0.10818510677891963,0.0,0.0,0.0,0.0,0.0,0.0,0.0
11.895,1.0,2.0,0.0,0.0,0.0,0.0,0.0,63890.875167061684,0.0,0.0,0.0,0.0,0.0,0.0,0.0,0.0,0.0,0.0
27.98,1.0,2.0,0.0,-0.0,0.0,-0.0,0.0,63890.875167061684,0.0,0.0,0.0,0.0,0.0,0.0,0.0,0.0,0.0,-0.0
47.1225,1.0,2.0,0.0,-0.0,0.0,-0.0,0.0,63890.875167061684,0.0,0.0,0.0,0.0,0.0,0.0,0.0,0.0,0.0,-0.0
63.7525,1.0,2.0,0.0,-0.0,0.0,-0.0,0.0,63890.875167061684,0.0,0.0,0.0,0.0,0.0,0.0,0.0,0.0,0.0,-0.0
60.0,1.0,2.0,0.0,0.0,0.0,0.0,0.0,63890.875167061684,0.0,0.0,0.0,0.0,0.0,0.0,0.0,0.0,0.0,0.0
58.465,1.0,2.0,0.0,0.0,0.0,0.0,0.0,63890.875167061684,0.0,0.0,0.0,0.0,0.0,0.0,0.0,0.0,0.0,0.0
52.87,1.0,2.0,0.0,0.0,0.0,0.0,0.0,63890.875167061684,0.0,0.0,0.0,0.0,0.0,0.0,0.0,0.0,0.0,0.0
50.1525,1.0,2.0,0.0,0.0,0.0,0.0,0.0,63890.875167061684,0.0,0.0,0.0,0.0,0.0,0.0,0.0,0.0,0.0,0.0
60.7225,1.0,2.0,0.0,0.0,0.0,0.0,0.0,63890.875167061684,0.0,0.0,0.0,0.0,0.0,0.0,0.0,0.0,0.0,0.0
64.1125,1.0,2.0,-0.0,0.0,-0.0,0.0,0.0,63890.875167061684,0.0,0.0,-0.0,0.0,0.0,0.0,0.0,0.0,0.0,0.0
69.74,1.0,2.0,0.0,0.0,0.0,0.0,0.0,63890.875167061684,0.0,0.0,0.0,0.0,0.0,0.0,0.0,0.0,0.0,0.0
73.8275,1.0,2.0,0.0,0.0,0.0,0.0,0.0,63890.875167061684,0.0,0.0,0.0,0.0,0.0,0.0,0.0,0.0,0.0,0.0
99.0675,0.4729537233052701,0.9459074466105402,0.0,1.0,0.0,1.0540925533894598,97.6875,63988.562667061684,0.0,0.0,0.0,0.0,0.0,0.0,0.0,0.0,0.0,1.0
89.9975,0.0,0.0,0.0,0.8973665961010275,0.0,0.9459074466105402,79.52238432998281,64068.08505139167,0.0,0.0,0.0,0.0,0.0,0.0,0.0,0.0,0.0,0.8973665961010275
80.0,-0.0,-0.0,0.0,0.0,0.0,0.0,0.0,64068.08505139167,0.0,0.0,0.0,0.0,0.0,0.0,0.0,0.0,0.0,0.0
69.0325,-0.0,-0.0,0.0,0.0,0.0,0.0,0.0,64068.08505139167,0.0,0.0,0.0,0.0,0.0,0.0,0.0,0.0,0.0,0.0
66.255,-0.0,-0.0,0.0,0.0,0.0,0.0,0.0,64068.08505139167,0.0,0.0,0.0,0.0,0.0,0.0,0.0,0.0,0.0,0.0
67.9425,-0.0,-0.0,0.0,0.0,0.0,0.0,0.0,64068.08505139167,0.0,0.0,0.0,0.0,0.0,0.0,0.0,0.0,0.0,0.0
67.2875,-0.0,-0.0,0.0,0.0,0.0,0.0,0.0,64068.08505139167,0.0,0.0,0.0,0.0,0.0,0.0,0.0,0.0,0.0,0.0
58.0,0.4743416490252569,0.9486832980505138,1.0,0.0,0.9486832980505138,0.0,-68.57,63999.51505139167,0.0,0.0,1.0,0.0,0.0,0.0,0.0,0.0,0.0,0.0
66.455,0.4743416490252569,0.9486832980505138,0.0,0.0,0.0,0.0,0.0,63999.51505139167,0.0,0.0,0.0,0.0,0.0,0.0,0.0,0.0,0.0,0.0
64.9975,0.4743416490252569,0.9486832980505138,0.0,0.0,0.0,0.0,0.0,63999.51505139167,0.0,0.0,0.0,0.0,0.0,0.0,0.0,0.0,0.0,0.0
63.9975,0.4743416490252569,0.9486832980505138,0.0,0.0,0.0,0.0,0.0,63999.51505139167,0.0,0.0,0.0,0.0,0.0,0.0,0.0,0.0,0.0,0.0
62.44,0.4743416490252569,0.9486832980505138,0.0,0.0,0.0,0.0,0.0,63999.51505139167,0.0,0.0,0.0,0.0,0.0,0.0,0.0,0.0,0.0,0.0
64.4,0.4743416490252569,0.9486832980505138,0.0,0.0,0.0,0.0,0.0,63999.51505139167,0.0,0.0,0.0,0.0,0.0,0.0,0.0,0.0,0.0,0.0
72.6725,0.4743416490252569,0.9486832980505138,0.0,0.0,0.0,0.0,0.0,63999.51505139167,0.0,0.0,0.0,0.0,0.0,0.0,0.0,0.0,0.0,0.0
80.4675,0.4743416490252569,0.9486832980505138,0.0,0.0,0.0,0.0,0.0,63999.51505139167,0.0,0.0,0.0,0.0,0.0,0.0,0.0,0.0,0.0,0.0
78.48,0.4743416490252569,0.9486832980505138,0.0,0.0,0.0,0.0,0.0,63999.51505139167,0.0,0.0,0.0,0.0,0.0,0.0,0.0,0.0,0.0,0.0
72.9075,0.4743416490252569,0.9486832980505138,0.0,0.0,0.0,0.0,0.0,63999.51505139167,0.0,0.0,0.0,0.0,0.0,0.0,0.0,0.0,0.0,0.0
62.8825,0.4743416490252569,0.9486832980505138,0.0,0.0,0.0,0.0,0.0,63999.51505139167,0.0,0.0,0.0,0.0,0.0,0.0,0.0,0.0,0.0,0.0
62.0075,0.9486832980505138,1.8973665961010275,1.0,0.0,0.9486832980505138,0.0,-72.6375,63926.87755139167,0.0,0.0,1.0,0.0,0.0,0.0,0.0,0.0,0.0,0.0
62.07,1.0,2.0,0.10818510677891963,0.0,0.10263340389897246,0.0,-7.865057262827457,63919.012494128845,0.0,0.0,0.10818510677891963,0.0,0.0,0.0,0.0,0.0,0.0,0.0
71.735,1.0,2.0,0.0,0.0,0.0,0.0,0.0,63919.012494128845,0.0,0.0,0.0,0.0,0.0,0.0,0.0,0.0,0.0,0.0
81.0225,1.0,2.0,0.0,0.0,0.0,0.0,0.0,63919.012494128845,0.0,0.0,0.0,0.0,0.0,0.0,0.0,0.0,0.0,0.0
91.465,1.0,2.0,-0.0,0.0,-0.0,0.0,0.0,63919.012494128845,0.0,0.0,-0.0,0.0,0.0,0.0,0.0,0.0,0.0,0.0
116.77,0.5270462766947299,1.0540925533894598,0.0,0.8973665961010275,0.0,0.9459074466105402,103.54713152409757,64022.559625652946,0.0,0.0,0.0,0.0,0.0,0.0,0.0,0.0,0.0,0.8973665961010275
128.2225,-0.0,-0.0,0.0,1.0,0.0,1.0540925533894598,126.8425,64149.402125652945,0.0,0.0,0.0,0.0,0.0,0.0,0.0,0.0,0.0,1.0
112.8075,0.0,0.0,0.0,0.0,0.0,0.0,0.0,64149.402125652945,0.0,0.0,0.0,0.0,0.0,0.0,0.0,0.0,0.0,0.0
103.7775,-0.0,-0.0,0.0,0.0,0.0,0.0,0.0,64149.402125652945,0.0,0.0,0.0,0.0,0.0,0.0,0.0,0.0,0.0,0.0
94.1275,-0.0,-0.0,0.0,0.0,0.0,0.0,0.0,64149.402125652945,0.0,0.0,0.0,0.0,0.0,0.0,0.0,0.0,0.0,0.0
90.5225,-0.0,-0.0,0.0,0.0,0.0,0.0,0.0,64149.402125652945,0.0,0.0,0.0,0.0,0.0,0.0,0.0,0.0,0.0,0.0
86.045,0.0,0.0,-0.0,0.0,-0.0,0.0,0.0,64149.402125652945,0.0,0.0,-0.0,0.0,0.0,0.0,0.0,0.0,0.0,0.0
81.38,0.4743416490252569,0.9486832980505138,1.0,0.0,0.9486832980505138,0.0,-92.28999999999999,64057.112125652944,0.0,0.0,1.0,0.0,0.0,0.0,0.0,0.0,0.0,0.0
87.095,0.4743416490252569,0.9486832980505138,0.0,0.0,0.0,0.0,0.0,64057.112125652944,0.0,0.0,0.0,0.0,0.0,0.0,0.0,0.0,0.0,0.0
88.56,0.4743416490252569,0.9486832980505138,0.0,0.0,0.0,0.0,0.0,64057.112125652944,0.0,0.0,0.0,0.0,0.0,0.0,0.0,0.0,0.0,0.0
87.88,0.4743416490252569,0.9486832980505138,0.0,0.0,0.0,0.0,0.0,64057.112125652944,0.0,0.0,0.0,0.0,0.0,0.0,0.0,0.0,0.0,0.0
87.8375,0.4743416490252569,0.9486832980505138,0.0,0.0,0.0,0.0,0.0,64057.112125652944,0.0,0.0,0.0,0.0,0.0,0.0,0.0,0.0,0.0,0.0
83.7975,0.9486832980505138,1.8973665961010275,1.0,0.0,0.9486832980505138,0.0,-94.7375,63962.37462565294,0.0,0.0,1.0,0.0,0.0,0.0,0.0,0.0,0.0,0.0
84.3525,1.0,2.0,0.10818510677891963,0.0,0.10263340389897246,0.0,-10.310311138797989,63952.064314514144,0.0,0.0,0.10818510677891963,0.0,0.0,0.0,0.0,0.0,0.0,0.0
106.5375,1.0,2.0,0.0,0.0,0.0,0.0,0.0,63952.064314514144,0.0,0.0,0.0,0.0,0.0,0.0,0.0,0.0,0.0,0.0
126.69,0.4729537233052701,0.9459074466105402,0.0,1.0,0.0,1.0540925533894598,125.31,64077.37431451414,0.0,0.0,0.0,0.0,0.0,0.0,0.0,0.0,0.0,1.0
118.33,0.0,0.0,0.0,0.8973665961010275,0.0,0.9459074466105402,104.94702341401516,64182.32133792816,0.0,0.0,0.0,0.0,0.0,0.0,0.0,0.0,0.0,0.8973665961010275
93.2125,-0.0,-0.0,0.0,0.0,0.0,0.0,0.0,64182.32133792816,0.0,0.0,0.0,0.0,0.0,0.0,0.0,0.0,0.0,0.0
85.1575,0.05131670194948623,0.10263340389897246,0.10818510677891963,0.0,0.10263340389897246,0.0,-10.398482000822806,64171.92285592733,0.0,0.0,0.10818510677891963,0.0,0.0,0.0,0.0,0.0,0.0,0.0
83.7,0.5256583509747431,1.0513167019494862,1.0,0.0,0.9486832980505138,0.0,-94.64,64077.28285592733,0.0,0.0,1.0,0.0,0.0,0.0,0.0,0.0,0.0,0.0
83.9925,1.0,2.0,1.0,0.0,0.9486832980505138,0.0,-94.9325,63982.35035592733,0.0,0.0,1.0,0.0,0.0,0.0,0.0,0.0,0.0,0.0
87.18,1.0,2.0,0.0,0.0,0.0,0.0,0.0,63982.35035592733,0.0,0.0,0.0,0.0,0.0,0.0,0.0,0.0,0.0,0.0
99.485,1.0,2.0,0.0,0.0,0.0,0.0,0.0,63982.35035592733,0.0,0.0,0.0,0.0,0.0,0.0,0.0,0.0,0.0,0.0
123.5125,1.0,2.0,0.0,0.0,0.0,0.0,0.0,63982.35035592733,0.0,0.0,0.0,0.0,0.0,0.0,0.0,0.0,0.0,0.0
147.495,0.5270462766947299,1.0540925533894598,0.0,0.8973665961010275,0.0,0.9459074466105402,131.11872018930163,64113.469076116635,0.0,0.0,0.0,0.0,0.0,0.0,0.0,0.0,0.0,0.8973665961010275
154.255,0.0,0.0,0.0,1.0,0.0,1.0540925533894598,152.875,64266.344076116635,0.0,0.0,0.0,0.0,0.0,0.0,0.0,0.0,0.0,1.0
137.4475,-0.0,-0.0,0.0,0.0,0.0,0.0,0.0,64266.344076116635,0.0,0.0,0.0,0.0,0.0,0.0,0.0,0.0,0.0,0.0
126.46,-0.0,-0.0,0.0,0.0,0.0,0.0,0.0,64266.344076116635,0.0,0.0,0.0,0.0,0.0,0.0,0.0,0.0,0.0,0.0
114.965,0.0,0.0,-0.0,0.0,-0.0,0.0,0.0,64266.344076116635,0.0,0.0,-0.0,0.0,0.0,0.0,0.0,0.0,0.0,0.0
100.98,-0.0,-0.0,0.0,0.0,0.0,0.0,0.0,64266.344076116635,0.0,0.0,0.0,0.0,0.0,0.0,0.0,0.0,0.0,0.0
97.48,-0.0,-0.0,0.0,0.0,0.0,0.0,0.0,64266.344076116635,0.0,0.0,0.0,0.0,0.0,0.0,0.0,0.0,0.0,0.0
90.55,-0.0,-0.0,0.0,0.0,0.0,0.0,0.0,64266.344076116635,0.0,0.0,0.0,0.0,0.0,0.0,0.0,0.0,0.0,0.0
90.1725,-0.0,-0.0,0.0,0.0,0.0,0.0,0.0,64266.344076116635,0.0,0.0,0.0,0.0,0.0,0.0,0.0,0.0,0.0,0.0
88.815,0.05131670194948623,0.10263340389897246,0.10818510677891963,0.0,0.10263340389897246,0.0,-10.799578284205651,64255.54449783243,0.0,0.0,0.10818510677891963,0.0,0.0,0.0,0.0,0.0,0.0,0.0
89.5975,0.05131670194948623,0.10263340389897246,0.0,0.0,0.0,0.0,0.0,64255.54449783243,0.0,0.0,0.0,0.0,0.0,0.0,0.0,0.0,0.0,0.0
89.605,0.05131670194948623,0.10263340389897246,0.0,0.0,0.0,0.0,0.0,64255.54449783243,0.0,0.0,0.0,0.0,0.0,0.0,0.0,0.0,0.0,0.0
85.9,0.5256583509747431,1.0513167019494862,1.0,0.0,0.9486832980505138,0.0,-96.87,64158.67449783243,0.0,0.0,1.0,0.0,0.0,0.0,0.0,0.0,0.0,0.0
87.55,1.0,2.0,1.0,0.0,0.9486832980505138,0.0,-98.53999999999999,64060.13449783243,0.0,0.0,1.0,0.0,0.0,0.0,0.0,0.0,0.0,0.0
107.81,1.0,2.0,0.0,0.0,0.0,0.0,0.0,64060.13449783243,0.0,0.0,0.0,0.0,0.0,0.0,0.0,0.0,0.0,0.0
127.1875,0.4729537233052701,0.9459074466105402,0.0,1.0,0.0,1.0540925533894598,125.8075,64185.94199783243,0.0,0.0,0.0,0.0,0.0,0.0,0.0,0.0,0.0,1.0
123.5325,0.0,0.0,0.0,0.8973665961010275,0.0,0.9459074466105402,109.61557313023076,64295.55757096266,0.0,0.0,0.0,0.0,0.0,0.0,0.0,0.0,0.0,0.8973665961010275
104.9025,-0.0,-0.0,0.0,0.0,0.0,0.0,0.0,64295.55757096266,0.0,0.0,0.0,0.0,0.0,0.0,0.0,0.0,0.0,0.0
93.38,-0.0,-0.0,0.0,0.0,0.0,0.0,0.0,64295.55757096266,0.0,0.0,0.0,0.0,0.0,0.0,0.0,0.0,0.0,0.0
89.9875,0.4743416490252569,0.9486832980505138,1.0,0.0,0.9486832980505138,0.0,-101.0175,64194.540070962656,0.0,0.0,1.0,0.0,0.0,0.0,0.0,0.0,0.0,0.0
88.8025,0.9486832980505138,1.8973665961010275,1.0,0.0,0.9486832980505138,0.0,-99.8125,64094.727570962656,0.0,0.0,1.0,0.0,0.0,0.0,0.0,0.0,0.0,0.0
92.0525,1.0,2.0,0.10818510677891963,0.0,0.10263340389897246,0.0,-11.155236822741351,64083.57233413991,0.0,0.0,0.10818510677891963,0.0,0.0,0.0,0.0,0.0,0.0,0.0
97.9275,1.0,2.0,-0.0,0.0,-0.0,0.0,0.0,64083.57233413991,0.0,0.0,-0.0,0.0,0.0,0.0,0.0,0.0,0.0,0.0
121.4575,1.0,2.0,-0.0,0.0,-0.0,0.0,0.0,64083.57233413991,0.0,0.0,-0.0,0.0,0.0,0.0,0.0,0.0,0.0,0.0
165.1225,0.5270462766947299,1.0540925533894598,0.0,0.8973665961010275,0.0,0.9459074466105402,146.9370498620725,64230.50938400198,0.0,0.0,0.0,0.0,0.0,0.0,0.0,0.0,0.0,0.8973665961010275
178.54,0.0,0.0,0.0,1.0,0.0,1.0540925533894598,177.16,64407.66938400199,0.0,0.0,0.0,0.0,0.0,0.0,0.0,0.0,0.0,1.0
145.685,-0.0,-0.0,0.0,0.0,0.0,0.0,0.0,64407.66938400199,0.0,0.0,0.0,0.0,0.0,0.0,0.0,0.0,0.0,0.0
129.2275,0.0,0.0,-0.0,0.0,-0.0,0.0,0.0,64407.66938400199,0.0,0.0,-0.0,0.0,0.0,0.0,0.0,0.0,0.0,0.0
115.9975,-0.0,-0.0,0.0,0.0,0.0,0.0,0.0,64407.66938400199,0.0,0.0,0.0,0.0,0.0,0.0,0.0,0.0,0.0,0.0
106.6525,-0.0,-0.0,0.0,0.0,0.0,0.0,0.0,64407.66938400199,0.0,0.0,0.0,0.0,0.0,0.0,0.0,0.0,0.0,0.0
98.27,0.0,0.0,-0.0,0.0,-0.0,0.0,0.0,64407.66938400199,0.0,0.0,-0.0,0.0,0.0,0.0,0.0,0.0,0.0,0.0
92.0525,0.4743416490252569,0.9486832980505138,1.0,0.0,0.9486832980505138,0.0,-103.1125,64304.556884001984,0.0,0.0,1.0,0.0,0.0,0.0,0.0,0.0,0.0,0.0
96.53,0.4743416490252569,0.9486832980505138,0.0,0.0,0.0,0.0,0.0,64304.556884001984,0.0,0.0,0.0,0.0,0.0,0.0,0.0,0.0,0.0,0.0
96.325,0.4743416490252569,0.9486832980505138,0.0,0.0,0.0,0.0,0.0,64304.556884001984,0.0,0.0,0.0,0.0,0.0,0.0,0.0,0.0,0.0,0.0
93.9925,0.4743416490252569,0.9486832980505138,0.0,0.0,0.0,0.0,0.0,64304.556884001984,0.0,0.0,0.0,0.0,0.0,0.0,0.0,0.0,0.0,0.0
93.9725,0.5256583509747431,1.0513167019494862,0.10818510677891963,0.0,0.10263340389897246,0.0,-11.365115929892454,64293.191768072094,0.0,0.0,0.10818510677891963,0.0,0.0,0.0,0.0,0.0,0.0,0.0
93.565,1.0,2.0,1.0,0.0,0.9486832980505138,0.0,-104.645,64188.5467680721,0.0,0.0,1.0,0.0,0.0,0.0,0.0,0.0,0.0,0.0
94.195,1.0,2.0,0.0,0.0,0.0,0.0,0.0,64188.5467680721,0.0,0.0,0.0,0.0,0.0,0.0,0.0,0.0,0.0,0.0
94.3375,1.0,2.0,0.0,0.0,0.0,0.0,0.0,64188.5467680721,0.0,0.0,0.0,0.0,0.0,0.0,0.0,0.0,0.0,0.0
103.835,1.0,2.0,0.0,0.0,0.0,0.0,0.0,64188.5467680721,0.0,0.0,0.0,0.0,0.0,0.0,0.0,0.0,0.0,0.0
105.5,1.0,2.0,0.0,0.0,0.0,0.0,0.0,64188.5467680721,0.0,0.0,0.0,0.0,0.0,0.0,0.0,0.0,0.0,0.0
103.62,1.0,2.0,0.0,0.0,0.0,0.0,0.0,64188.5467680721,0.0,0.0,0.0,0.0,0.0,0.0,0.0,0.0,0.0,0.0
102.1775,1.0,2.0,0.0,0.0,0.0,0.0,0.0,64188.5467680721,0.0,0.0,0.0,0.0,0.0,0.0,0.0,0.0,0.0,0.0
96.9475,1.0,2.0,0.0,0.0,0.0,0.0,0.0,64188.5467680721,0.0,0.0,0.0,0.0,0.0,0.0,0.0,0.0,0.0,0.0
95.16,1.0,2.0,0.0,0.0,0.0,0.0,0.0,64188.5467680721,0.0,0.0,0.0,0.0,0.0,0.0,0.0,0.0,0.0,0.0
95.9125,1.0,2.0,0.0,0.0,0.0,0.0,0.0,64188.5467680721,0.0,0.0,0.0,0.0,0.0,0.0,0.0,0.0,0.0,0.0
101.5425,1.0,2.0,0.0,0.0,0.0,0.0,0.0,64188.5467680721,0.0,0.0,0.0,0.0,0.0,0.0,0.0,0.0,0.0,0.0
117.6175,1.0,2.0,0.0,0.0,0.0,0.0,0.0,64188.5467680721,0.0,0.0,0.0,0.0,0.0,0.0,0.0,0.0,0.0,0.0
124.635,1.0,2.0,0.0,0.0,0.0,0.0,0.0,64188.5467680721,0.0,0.0,0.0,0.0,0.0,0.0,0.0,0.0,0.0,0.0
134.915,0.5270462766947299,1.0540925533894598,0.0,0.8973665961010275,0.0,0.9459074466105402,119.8298484103507,64308.37661648245,0.0,0.0,0.0,0.0,0.0,0.0,0.0,0.0,0.0,0.8973665961010275
136.5325,-0.0,-0.0,0.0,1.0,0.0,1.0540925533894598,135.1525,64443.529116482445,0.0,0.0,0.0,0.0,0.0,0.0,0.0,0.0,0.0,1.0
131.235,-0.0,-0.0,0.0,0.0,0.0,0.0,0.0,64443.529116482445,0.0,0.0,0.0,0.0,0.0,0.0,0.0,0.0,0.0,0.0
119.69,-0.0,-0.0,0.0,0.0,0.0,0.0,0.0,64443.529116482445,0.0,0.0,0.0,0.0,0.0,0.0,0.0,0.0,0.0,0.0
112.3025,0.0,0.0,0.0,0.0,0.0,0.0,0.0,64443.529116482445,0.0,0.0,0.0,0.0,0.0,0.0,0.0,0.0,0.0,0.0
106.26,-0.0,-0.0,0.0,0.0,0.0,0.0,0.0,64443.529116482445,0.0,0.0,0.0,0.0,0.0,0.0,0.0,0.0,0.0,0.0
96.9025,-0.0,-0.0,0.0,0.0,0.0,0.0,0.0,64443.529116482445,0.0,0.0,0.0,0.0,0.0,0.0,0.0,0.0,0.0,0.0
94.785,-0.0,-0.0,0.0,0.0,0.0,0.0,0.0,64443.529116482445,0.0,0.0,0.0,0.0,0.0,0.0,0.0,0.0,0.0,0.0
94.555,-0.0,-0.0,0.0,0.0,0.0,0.0,0.0,64443.529116482445,0.0,0.0,0.0,0.0,0.0,0.0,0.0,0.0,0.0,0.0
92.825,-0.0,-0.0,0.0,0.0,0.0,0.0,0.0,64443.529116482445,0.0,0.0,0.0,0.0,0.0,0.0,0.0,0.0,0.0,0.0
91.13,0.05131670194948623,0.10263340389897246,0.10818510677891963,0.0,0.10263340389897246,0.0,-11.053272359602218,64432.47584412284,0.0,0.0,0.10818510677891963,0.0,0.0,0.0,0.0,0.0,0.0,0.0
91.6425,0.05131670194948623,0.10263340389897246,0.0,0.0,0.0,0.0,0.0,64432.47584412284,0.0,0.0,0.0,0.0,0.0,0.0,0.0,0.0,0.0,0.0
91.68,0.05131670194948623,0.10263340389897246,0.0,0.0,0.0,0.0,0.0,64432.47584412284,0.0,0.0,0.0,0.0,0.0,0.0,0.0,0.0,0.0,0.0
89.9325,0.5256583509747431,1.0513167019494862,1.0,0.0,0.9486832980505138,0.0,-100.9625,64331.51334412284,0.0,0.0,1.0,0.0,0.0,0.0,0.0,0.0,0.0,0.0
88.61,1.0,2.0,1.0,0.0,0.9486832980505138,0.0,-99.62,64231.89334412284,0.0,0.0,1.0,0.0,0.0,0.0,0.0,0.0,0.0,0.0
97.27,1.0,2.0,0.0,0.0,0.0,0.0,0.0,64231.89334412284,0.0,0.0,0.0,0.0,0.0,0.0,0.0,0.0,0.0,0.0
97.61,1.0,2.0,0.0,0.0,0.0,0.0,0.0,64231.89334412284,0.0,0.0,0.0,0.0,0.0,0.0,0.0,0.0,0.0,0.0
97.0325,1.0,2.0,0.0,0.0,0.0,0.0,0.0,64231.89334412284,0.0,0.0,0.0,0.0,0.0,0.0,0.0,0.0,0.0,0.0
97.3025,1.0,2.0,0.0,0.0,0.0,0.0,0.0,64231.89334412284,0.0,0.0,0.0,0.0,0.0,0.0,0.0,0.0,0.0,0.0
97.835,1.0,2.0,0.0,0.0,0.0,0.0,0.0,64231.89334412284,0.0,0.0,0.0,0.0,0.0,0.0,0.0,0.0,0.0,0.0
96.4,1.0,2.0,0.0,0.0,0.0,0.0,0.0,64231.89334412284,0.0,0.0,0.0,0.0,0.0,0.0,0.0,0.0,0.0,0.0
97.315,1.0,2.0,0.0,0.0,0.0,0.0,0.0,64231.89334412284,0.0,0.0,0.0,0.0,0.0,0.0,0.0,0.0,0.0,0.0
97.7925,1.0,2.0,0.0,0.0,0.0,0.0,0.0,64231.89334412284,0.0,0.0,0.0,0.0,0.0,0.0,0.0,0.0,0.0,0.0
109.8475,1.0,2.0,0.0,0.0,0.0,0.0,0.0,64231.89334412284,0.0,0.0,0.0,0.0,0.0,0.0,0.0,0.0,0.0,0.0
125.1,0.5270462766947299,1.0540925533894598,0.0,0.8973665961010275,0.0,0.9459074466105402,111.02219526961912,64342.91553939245,0.0,0.0,0.0,0.0,0.0,0.0,0.0,0.0,0.0,0.8973665961010275
126.1025,-0.0,-0.0,0.0,1.0,0.0,1.0540925533894598,124.72250000000001,64467.638039392456,0.0,0.0,0.0,0.0,0.0,0.0,0.0,0.0,0.0,1.0
117.955,0.0,0.0,0.0,0.0,0.0,0.0,0.0,64467.638039392456,0.0,0.0,0.0,0.0,0.0,0.0,0.0,0.0,0.0,0.0
106.0,-0.0,-0.0,0.0,0.0,0.0,0.0,0.0,64467.638039392456,0.0,0.0,0.0,0.0,0.0,0.0,0.0,0.0,0.0,0.0
93.5375,-0.0,-0.0,0.0,0.0,0.0,0.0,0.0,64467.638039392456,0.0,0.0,0.0,0.0,0.0,0.0,0.0,0.0,0.0,0.0
92.3125,-0.0,-0.0,0.0,0.0,0.0,0.0,0.0,64467.638039392456,0.0,0.0,0.0,0.0,0.0,0.0,0.0,0.0,0.0,0.0
89.9275,-0.0,-0.0,0.0,0.0,0.0,0.0,0.0,64467.638039392456,0.0,0.0,0.0,0.0,0.0,0.0,0.0,0.0,0.0,0.0
88.98,-0.0,-0.0,0.0,0.0,0.0,0.0,0.0,64467.638039392456,0.0,0.0,0.0,0.0,0.0,0.0,0.0,0.0,0.0,0.0
87.635,0.0,0.0,-0.0,0.0,-0.0,0.0,0.0,64467.638039392456,0.0,0.0,-0.0,0.0,0.0,0.0,0.0,0.0,0.0,0.0
83.96,0.4743416490252569,0.9486832980505138,1.0,0.0,0.9486832980505138,0.0,-94.89999999999999,64372.738039392454,0.0,0.0,1.0,0.0,0.0,0.0,0.0,0.0,0.0,0.0
87.52,0.5256583509747431,1.0513167019494862,0.10818510677891963,0.0,0.10263340389897246,0.0,-10.65731486879137,64362.080724523665,0.0,0.0,0.10818510677891963,0.0,0.0,0.0,0.0,0.0,0.0,0.0
87.175,1.0,2.0,1.0,0.0,0.9486832980505138,0.0,-98.16499999999999,64263.915724523664,0.0,0.0,1.0,0.0,0.0,0.0,0.0,0.0,0.0,0.0
92.3125,1.0,2.0,0.0,0.0,0.0,0.0,0.0,64263.915724523664,0.0,0.0,0.0,0.0,0.0,0.0,0.0,0.0,0.0,0.0
110.3825,1.0,2.0,0.0,0.0,0.0,0.0,0.0,64263.915724523664,0.0,0.0,0.0,0.0,0.0,0.0,0.0,0.0,0.0,0.0
142.995,0.5270462766947299,1.0540925533894598,0.0,0.8973665961010275,0.0,0.9459074466105402,127.08057050684701,64390.99629503051,0.0,0.0,0.0,0.0,0.0,0.0,0.0,0.0,0.0,0.8973665961010275
157.875,-0.0,-0.0,0.0,1.0,0.0,1.0540925533894598,156.495,64547.491295030515,0.0,0.0,0.0,0.0,0.0,0.0,0.0,0.0,0.0,1.0
141.9975,-0.0,-0.0,0.0,0.0,0.0,0.0,0.0,64547.491295030515,0.0,0.0,0.0,0.0,0.0,0.0,0.0,0.0,0.0,0.0
126.275,0.0,0.0,0.0,0.0,0.0,0.0,0.0,64547.491295030515,0.0,0.0,0.0,0.0,0.0,0.0,0.0,0.0,0.0,0.0
115.245,-0.0,-0.0,0.0,0.0,0.0,0.0,0.0,64547.491295030515,0.0,0.0,0.0,0.0,0.0,0.0,0.0,0.0,0.0,0.0
105.9225,0.4743416490252569,0.9486832980505138,1.0,0.0,0.9486832980505138,0.0,-117.1725,64430.318795030515,0.0,0.0,1.0,0.0,0.0,0.0,0.0,0.0,0.0,0.0
108.41,0.5270462766947299,1.0540925533894598,0.11111111111111122,0.0,0.10540925533894607,0.0,-13.300000000000011,64417.01879503051,0.0,0.0,0.11111111111111122,0.0,0.0,0.0,0.0,0.0,0.0,0.0
115.565,0.5270462766947299,1.0540925533894598,0.0,0.0,0.0,0.0,0.0,64417.01879503051,0.0,0.0,0.0,0.0,0.0,0.0,0.0,0.0,0.0,0.0
121.7675,0.5270462766947299,1.0540925533894598,0.0,0.0,0.0,0.0,0.0,64417.01879503051,0.0,0.0,0.0,0.0,0.0,0.0,0.0,0.0,0.0,0.0
130.12,0.5270462766947299,1.0540925533894598,0.0,0.0,0.0,0.0,0.0,64417.01879503051,0.0,0.0,0.0,0.0,0.0,0.0,0.0,0.0,0.0,0.0
139.295,0.0,0.0,0.0,1.0,0.0,1.0540925533894598,137.915,64554.93379503051,0.0,0.0,0.0,0.0,0.0,0.0,0.0,0.0,0.0,1.0
120.725,0.0,0.0,0.0,-0.0,0.0,-0.0,0.0,64554.93379503051,0.0,0.0,0.0,0.0,0.0,0.0,0.0,0.0,0.0,-0.0
103.6775,-0.0,-0.0,0.0,0.0,0.0,0.0,0.0,64554.93379503051,0.0,0.0,0.0,0.0,0.0,0.0,0.0,0.0,0.0,0.0
90.125,-0.0,-0.0,0.0,0.0,0.0,0.0,0.0,64554.93379503051,0.0,0.0,0.0,0.0,0.0,0.0,0.0,0.0,0.0,0.0
86.275,0.0,0.0,-0.0,0.0,-0.0,0.0,0.0,64554.93379503051,0.0,0.0,-0.0,0.0,0.0,0.0,0.0,0.0,0.0,0.0
83.455,-0.0,-0.0,0.0,0.0,0.0,0.0,0.0,64554.93379503051,0.0,0.0,0.0,0.0,0.0,0.0,0.0,0.0,0.0,0.0
77.8375,0.0,0.0,-0.0,0.0,-0.0,0.0,0.0,64554.93379503051,0.0,0.0,-0.0,0.0,0.0,0.0,0.0,0.0,0.0,0.0
77.69,-0.0,-0.0,0.0,0.0,0.0,0.0,0.0,64554.93379503051,0.0,0.0,0.0,0.0,0.0,0.0,0.0,0.0,0.0,0.0
76.6525,-0.0,-0.0,0.0,0.0,0.0,0.0,0.0,64554.93379503051,0.0,0.0,0.0,0.0,0.0,0.0,0.0,0.0,0.0,0.0
70.8725,-0.0,-0.0,0.0,0.0,0.0,0.0,0.0,64554.93379503051,0.0,0.0,0.0,0.0,0.0,0.0,0.0,0.0,0.0,0.0
67.565,0.4743416490252569,0.9486832980505138,1.0,0.0,0.9486832980505138,0.0,-78.275,64476.65879503051,0.0,0.0,1.0,0.0,0.0,0.0,0.0,0.0,0.0,0.0
67.22,0.9486832980505138,1.8973665961010275,1.0,0.0,0.9486832980505138,0.0,-77.92,64398.73879503051,0.0,0.0,1.0,0.0,0.0,0.0,0.0,0.0,0.0,0.0
68.0525,1.0,2.0,0.10818510677891963,0.0,0.10263340389897246,0.0,-8.522011323742445,64390.21678370677,0.0,0.0,0.10818510677891963,0.0,0.0,0.0,0.0,0.0,0.0,0.0
77.6925,1.0,2.0,0.0,0.0,0.0,0.0,0.0,64390.21678370677,0.0,0.0,0.0,0.0,0.0,0.0,0.0,0.0,0.0,0.0
91.8025,1.0,2.0,0.0,-0.0,0.0,-0.0,0.0,64390.21678370677,0.0,0.0,0.0,0.0,0.0,0.0,0.0,0.0,0.0,-0.0
100.0,1.0,2.0,0.0,-0.0,0.0,-0.0,0.0,64390.21678370677,0.0,0.0,0.0,0.0,0.0,0.0,0.0,0.0,0.0,-0.0
96.605,1.0,2.0,0.0,0.0,0.0,0.0,0.0,64390.21678370677,0.0,0.0,0.0,0.0,0.0,0.0,0.0,0.0,0.0,0.0
89.3625,1.0,2.0,0.0,0.0,0.0,0.0,0.0,64390.21678370677,0.0,0.0,0.0,0.0,0.0,0.0,0.0,0.0,0.0,0.0
83.98,1.0,2.0,0.0,0.0,0.0,0.0,0.0,64390.21678370677,0.0,0.0,0.0,0.0,0.0,0.0,0.0,0.0,0.0,0.0
80.3025,1.0,2.0,-0.0,0.0,-0.0,0.0,0.0,64390.21678370677,0.0,0.0,-0.0,0.0,0.0,0.0,0.0,0.0,0.0,0.0
81.0,1.0,2.0,-0.0,0.0,-0.0,0.0,0.0,64390.21678370677,0.0,0.0,-0.0,0.0,0.0,0.0,0.0,0.0,0.0,0.0
94.5425,1.0,2.0,0.0,0.0,0.0,0.0,0.0,64390.21678370677,0.0,0.0,0.0,0.0,0.0,0.0,0.0,0.0,0.0,0.0
104.765,1.0,2.0,0.0,0.0,0.0,0.0,0.0,64390.21678370677,0.0,0.0,0.0,0.0,0.0,0.0,0.0,0.0,0.0,0.0
123.42,0.5270462766947299,1.0540925533894598,0.0,0.8973665961010275,0.0,0.9459074466105402,109.5146193881694,64499.731403094935,0.0,0.0,0.0,0.0,0.0,0.0,0.0,0.0,0.0,0.8973665961010275
133.3,0.0,0.0,0.0,1.0,0.0,1.0540925533894598,131.92000000000002,64631.65140309493,0.0,0.0,0.0,0.0,0.0,0.0,0.0,0.0,0.0,1.0
107.885,-0.0,-0.0,0.0,0.0,0.0,0.0,0.0,64631.65140309493,0.0,0.0,0.0,0.0,0.0,0.0,0.0,0.0,0.0,0.0
93.5125,-0.0,-0.0,0.0,0.0,0.0,0.0,0.0,64631.65140309493,0.0,0.0,0.0,0.0,0.0,0.0,0.0,0.0,0.0,0.0
85.6225,0.0,0.0,-0.0,0.0,-0.0,0.0,0.0,64631.65140309493,0.0,0.0,-0.0,0.0,0.0,0.0,0.0,0.0,0.0,0.0
79.7975,0.0,0.0,-0.0,0.0,-0.0,0.0,0.0,64631.65140309493,0.0,0.0,-0.0,0.0,0.0,0.0,0.0,0.0,0.0,0.0
66.61,-0.0,-0.0,0.0,0.0,0.0,0.0,0.0,64631.65140309493,0.0,0.0,0.0,0.0,0.0,0.0,0.0,0.0,0.0,0.0
58.4475,-0.0,-0.0,0.0,0.0,0.0,0.0,0.0,64631.65140309493,0.0,0.0,0.0,0.0,0.0,0.0,0.0,0.0,0.0,0.0
60.0025,-0.0,-0.0,0.0,0.0,0.0,0.0,0.0,64631.65140309493,0.0,0.0,0.0,0.0,0.0,0.0,0.0,0.0,0.0,0.0
56.23,-0.0,-0.0,0.0,0.0,0.0,0.0,0.0,64631.65140309493,0.0,0.0,0.0,0.0,0.0,0.0,0.0,0.0,0.0,0.0
52.335,0.0,0.0,-0.0,0.0,-0.0,0.0,0.0,64631.65140309493,0.0,0.0,-0.0,0.0,0.0,0.0,0.0,0.0,0.0,0.0
48.61,-0.0,-0.0,0.0,0.0,0.0,0.0,0.0,64631.65140309493,0.0,0.0,0.0,0.0,0.0,0.0,0.0,0.0,0.0,0.0
43.615,0.4743416490252569,0.9486832980505138,1.0,0.0,0.9486832980505138,0.0,-53.985,64577.66640309493,0.0,0.0,1.0,0.0,0.0,0.0,0.0,0.0,0.0,0.0
46.0425,0.5256583509747431,1.0513167019494862,0.10818510677891963,0.0,0.10263340389897246,0.0,-6.1062378893691704,64571.56016520556,0.0,0.0,0.10818510677891963,0.0,0.0,0.0,0.0,0.0,0.0,0.0
50.0,0.5256583509747431,1.0513167019494862,0.0,0.0,0.0,0.0,0.0,64571.56016520556,0.0,0.0,0.0,0.0,0.0,0.0,0.0,0.0,0.0,0.0
51.975,0.5256583509747431,1.0513167019494862,0.0,0.0,0.0,0.0,0.0,64571.56016520556,0.0,0.0,0.0,0.0,0.0,0.0,0.0,0.0,0.0,0.0
51.3975,0.5256583509747431,1.0513167019494862,0.0,0.0,0.0,0.0,0.0,64571.56016520556,0.0,0.0,0.0,0.0,0.0,0.0,0.0,0.0,0.0,0.0
50.005,0.5256583509747431,1.0513167019494862,0.0,0.0,0.0,0.0,0.0,64571.56016520556,0.0,0.0,0.0,0.0,0.0,0.0,0.0,0.0,0.0,0.0
45.435,1.0,2.0,1.0,0.0,0.9486832980505138,0.0,-55.825,64515.735165205566,0.0,0.0,1.0,0.0,0.0,0.0,0.0,0.0,0.0,0.0
47.7425,1.0,2.0,0.0,0.0,0.0,0.0,0.0,64515.735165205566,0.0,0.0,0.0,0.0,0.0,0.0,0.0,0.0,0.0,0.0
49.1475,1.0,2.0,-0.0,0.0,-0.0,0.0,0.0,64515.735165205566,0.0,0.0,-0.0,0.0,0.0,0.0,0.0,0.0,0.0,0.0
49.54,1.0,2.0,0.0,0.0,0.0,0.0,0.0,64515.735165205566,0.0,0.0,0.0,0.0,0.0,0.0,0.0,0.0,0.0,0.0
52.3975,1.0,2.0,0.0,0.0,0.0,0.0,0.0,64515.735165205566,0.0,0.0,0.0,0.0,0.0,0.0,0.0,0.0,0.0,0.0
57.8575,1.0,2.0,0.0,0.0,0.0,0.0,0.0,64515.735165205566,0.0,0.0,0.0,0.0,0.0,0.0,0.0,0.0,0.0,0.0
53.9525,1.0,2.0,0.0,0.0,0.0,0.0,0.0,64515.735165205566,0.0,0.0,0.0,0.0,0.0,0.0,0.0,0.0,0.0,0.0
74.5025,0.4729537233052701,0.9459074466105402,0.0,1.0,0.0,1.0540925533894598,73.1225,64588.85766520556,0.0,0.0,0.0,0.0,0.0,0.0,0.0,0.0,0.0,1.0
68.6175,-0.0,-0.0,0.0,0.8973665961010275,0.0,0.9459074466105402,60.33668650534284,64649.1943517109,0.0,0.0,0.0,0.0,0.0,0.0,0.0,0.0,0.0,0.8973665961010275
65.7375,-0.0,-0.0,0.0,0.0,0.0,0.0,0.0,64649.1943517109,0.0,0.0,0.0,0.0,0.0,0.0,0.0,0.0,0.0,0.0
54.775,-0.0,-0.0,0.0,0.0,0.0,0.0,0.0,64649.1943517109,0.0,0.0,0.0,0.0,0.0,0.0,0.0,0.0,0.0,0.0
56.415,-0.0,-0.0,0.0,0.0,0.0,0.0,0.0,64649.1943517109,0.0,0.0,0.0,0.0,0.0,0.0,0.0,0.0,0.0,0.0
57.285,-0.0,-0.0,0.0,0.0,0.0,0.0,0.0,64649.1943517109,0.0,0.0,0.0,0.0,0.0,0.0,0.0,0.0,0.0,0.0
51.835,0.0,0.0,0.0,0.0,0.0,0.0,0.0,64649.1943517109,0.0,0.0,0.0,0.0,0.0,0.0,0.0,0.0,0.0,0.0
30.495,0.0,0.0,-0.0,0.0,-0.0,0.0,0.0,64649.1943517109,0.0,0.0,-0.0,0.0,0.0,0.0,0.0,0.0,0.0,0.0
18.9725,-0.0,-0.0,0.0,0.0,0.0,0.0,0.0,64649.1943517109,0.0,0.0,0.0,0.0,0.0,0.0,0.0,0.0,0.0,0.0
11.1875,0.05131670194948623,0.10263340389897246,0.10818510677891963,0.0,0.10263340389897246,0.0,-2.282435290268257,64646.911916420635,0.0,0.0,0.10818510677891963,0.0,0.0,0.0,0.0,0.0,0.0,0.0
7.78,0.5256583509747431,1.0513167019494862,1.0,0.0,0.9486832980505138,0.0,-17.64,64629.271916420636,0.0,0.0,1.0,0.0,0.0,0.0,0.0,0.0,0.0,0.0
6.0,1.0,2.0,1.0,0.0,0.9486832980505138,0.0,-15.83,64613.441916420634,0.0,0.0,1.0,0.0,0.0,0.0,0.0,0.0,0.0,0.0
25.49,1.0,2.0,-0.0,0.0,-0.0,0.0,0.0,64613.441916420634,0.0,0.0,-0.0,0.0,0.0,0.0,0.0,0.0,0.0,0.0
42.3075,1.0,2.0,0.0,-0.0,0.0,-0.0,0.0,64613.441916420634,0.0,0.0,0.0,0.0,0.0,0.0,0.0,0.0,0.0,-0.0
54.4825,1.0,2.0,0.0,-0.0,0.0,-0.0,0.0,64613.441916420634,0.0,0.0,0.0,0.0,0.0,0.0,0.0,0.0,0.0,-0.0
64.9225,0.525658350974743,1.051316701949486,0.0,0.9000000000000001,0.0,0.948683298050514,57.18825000000001,64670.63016642063,0.0,0.0,0.0,0.0,0.0,0.0,0.0,0.0,0.0,0.9000000000000001
53.61,0.525658350974743,1.051316701949486,0.0,0.0,0.0,0.0,0.0,64670.63016642063,0.0,0.0,0.0,0.0,0.0,0.0,0.0,0.0,0.0,0.0
49.7925,0.525658350974743,1.051316701949486,0.0,0.0,0.0,0.0,0.0,64670.63016642063,0.0,0.0,0.0,0.0,0.0,0.0,0.0,0.0,0.0,0.0
42.525,1.0,2.0,1.0,0.0,0.9486832980505138,0.0,-52.875,64617.75516642063,0.0,0.0,1.0,0.0,0.0,0.0,0.0,0.0,0.0,0.0
47.595,1.0,2.0,0.0,0.0,0.0,0.0,0.0,64617.75516642063,0.0,0.0,0.0,0.0,0.0,0.0,0.0,0.0,0.0,0.0
59.8875,1.0,2.0,0.0,0.0,0.0,0.0,0.0,64617.75516642063,0.0,0.0,0.0,0.0,0.0,0.0,0.0,0.0,0.0,0.0
64.2075,1.0,2.0,0.0,0.0,0.0,0.0,0.0,64617.75516642063,0.0,0.0,0.0,0.0,0.0,0.0,0.0,0.0,0.0,0.0
67.8875,1.0,2.0,0.0,-0.0,0.0,-0.0,0.0,64617.75516642063,0.0,0.0,0.0,0.0,0.0,0.0,0.0,0.0,0.0,-0.0
74.265,1.0,2.0,0.0,-0.0,0.0,-0.0,0.0,64617.75516642063,0.0,0.0,0.0,0.0,0.0,0.0,0.0,0.0,0.0,-0.0
102.78,0.5783629786442162,1.1567259572884323,0.0,0.7999999999999998,0.0,0.8432740427115677,81.11999999999999,64698.875166420636,0.0,0.0,0.0,0.0,0.0,0.0,0.0,0.0,0.0,0.7999999999999998
110.8525,0.05131670194948623,0.10263340389897246,0.0,1.0,0.0,1.0540925533894598,109.47250000000001,64808.34766642064,0.0,0.0,0.0,0.0,0.0,0.0,0.0,0.0,0.0,1.0
101.0,0.05131670194948623,0.10263340389897246,0.0,0.0,0.0,0.0,0.0,64808.34766642064,0.0,0.0,0.0,0.0,0.0,0.0,0.0,0.0,0.0,0.0
97.23,0.05131670194948623,0.10263340389897246,0.0,0.0,0.0,0.0,0.0,64808.34766642064,0.0,0.0,0.0,0.0,0.0,0.0,0.0,0.0,0.0,0.0
96.0025,0.05131670194948623,0.10263340389897246,0.0,0.0,0.0,0.0,0.0,64808.34766642064,0.0,0.0,0.0,0.0,0.0,0.0,0.0,0.0,0.0,0.0
97.6975,0.05131670194948623,0.10263340389897246,0.0,0.0,0.0,0.0,0.0,64808.34766642064,0.0,0.0,0.0,0.0,0.0,0.0,0.0,0.0,0.0,0.0
91.36,0.05131670194948623,0.10263340389897246,0.0,0.0,0.0,0.0,0.0,64808.34766642064,0.0,0.0,0.0,0.0,0.0,0.0,0.0,0.0,0.0,0.0
90.7275,0.05131670194948623,0.10263340389897246,0.0,0.0,0.0,0.0,0.0,64808.34766642064,0.0,0.0,0.0,0.0,0.0,0.0,0.0,0.0,0.0,0.0
90.5675,0.05131670194948623,0.10263340389897246,0.0,0.0,0.0,0.0,0.0,64808.34766642064,0.0,0.0,0.0,0.0,0.0,0.0,0.0,0.0,0.0,0.0
84.1525,0.05131670194948623,0.10263340389897246,0.0,0.0,0.0,0.0,0.0,64808.34766642064,0.0,0.0,0.0,0.0,0.0,0.0,0.0,0.0,0.0,0.0
81.3225,0.05131670194948623,0.10263340389897246,0.0,0.0,0.0,0.0,0.0,64808.34766642064,0.0,0.0,0.0,0.0,0.0,0.0,0.0,0.0,0.0,0.0
79.67,0.5256583509747431,1.0513167019494862,1.0,0.0,0.9486832980505138,0.0,-90.55,64717.797666420636,0.0,0.0,1.0,0.0,0.0,0.0,0.0,0.0,0.0,0.0
79.255,1.0,2.0,1.0,0.0,0.9486832980505138,0.0,-90.13499999999999,64627.662666420634,0.0,0.0,1.0,0.0,0.0,0.0,0.0,0.0,0.0,0.0
102.33,1.0,2.0,0.0,0.0,0.0,0.0,0.0,64627.662666420634,0.0,0.0,0.0,0.0,0.0,0.0,0.0,0.0,0.0,0.0
126.955,0.5270462766947299,1.0540925533894598,0.0,0.8973665961010275,0.0,0.9459074466105402,112.68681030538653,64740.34947672602,0.0,0.0,0.0,0.0,0.0,0.0,0.0,0.0,0.0,0.8973665961010275
136.385,-0.0,-0.0,0.0,1.0,0.0,1.0540925533894598,135.005,64875.35447672602,0.0,0.0,0.0,0.0,0.0,0.0,0.0,0.0,0.0,1.0
120.9,0.0,0.0,0.0,0.0,0.0,0.0,0.0,64875.35447672602,0.0,0.0,0.0,0.0,0.0,0.0,0.0,0.0,0.0,0.0
111.9225,-0.0,-0.0,0.0,0.0,0.0,0.0,0.0,64875.35447672602,0.0,0.0,0.0,0.0,0.0,0.0,0.0,0.0,0.0,0.0
105.27,-0.0,-0.0,0.0,0.0,0.0,0.0,0.0,64875.35447672602,0.0,0.0,0.0,0.0,0.0,0.0,0.0,0.0,0.0,0.0
101.225,-0.0,-0.0,0.0,0.0,0.0,0.0,0.0,64875.35447672602,0.0,0.0,0.0,0.0,0.0,0.0,0.0,0.0,0.0,0.0
102.1975,-0.0,-0.0,0.0,0.0,0.0,0.0,0.0,64875.35447672602,0.0,0.0,0.0,0.0,0.0,0.0,0.0,0.0,0.0,0.0
102.59,-0.0,-0.0,0.0,0.0,0.0,0.0,0.0,64875.35447672602,0.0,0.0,0.0,0.0,0.0,0.0,0.0,0.0,0.0,0.0
111.675,-0.0,-0.0,0.0,0.0,0.0,0.0,0.0,64875.35447672602,0.0,0.0,0.0,0.0,0.0,0.0,0.0,0.0,0.0,0.0
109.16,-0.0,-0.0,0.0,0.0,0.0,0.0,0.0,64875.35447672602,0.0,0.0,0.0,0.0,0.0,0.0,0.0,0.0,0.0,0.0
121.4025,-0.0,-0.0,0.0,-0.0,0.0,-0.0,0.0,64875.35447672602,0.0,0.0,0.0,0.0,0.0,0.0,0.0,0.0,0.0,-0.0
101.67,0.0,0.0,0.0,0.0,0.0,0.0,0.0,64875.35447672602,0.0,0.0,0.0,0.0,0.0,0.0,0.0,0.0,0.0,0.0
92.57,0.0,0.0,-0.0,0.0,-0.0,0.0,0.0,64875.35447672602,0.0,0.0,-0.0,0.0,0.0,0.0,0.0,0.0,0.0,0.0
82.76,0.0,0.0,-0.0,0.0,-0.0,0.0,0.0,64875.35447672602,0.0,0.0,-0.0,0.0,0.0,0.0,0.0,0.0,0.0,0.0
76.5725,-0.0,-0.0,0.0,-0.0,0.0,-0.0,0.0,64875.35447672602,0.0,0.0,0.0,0.0,0.0,0.0,0.0,0.0,0.0,-0.0
63.3,-0.0,-0.0,0.0,0.0,0.0,0.0,0.0,64875.35447672602,0.0,0.0,0.0,0.0,0.0,0.0,0.0,0.0,0.0,0.0
59.785,-0.0,-0.0,0.0,0.0,0.0,0.0,0.0,64875.35447672602,0.0,0.0,0.0,0.0,0.0,0.0,0.0,0.0,0.0,0.0
61.0,-0.0,-0.0,0.0,0.0,0.0,0.0,0.0,64875.35447672602,0.0,0.0,0.0,0.0,0.0,0.0,0.0,0.0,0.0,0.0
60.7675,-0.0,-0.0,0.0,0.0,0.0,0.0,0.0,64875.35447672602,0.0,0.0,0.0,0.0,0.0,0.0,0.0,0.0,0.0,0.0
57.62,0.0,0.0,0.0,0.0,0.0,0.0,0.0,64875.35447672602,0.0,0.0,0.0,0.0,0.0,0.0,0.0,0.0,0.0,0.0
55.01,0.05131670194948623,0.10263340389897246,0.10818510677891963,0.0,0.10263340389897246,0.0,-7.090451898290392,64868.264024827724,0.0,0.0,0.10818510677891963,0.0,0.0,0.0,0.0,0.0,0.0,0.0
52.68,0.5256583509747431,1.0513167019494862,1.0,0.0,0.9486832980505138,0.0,-63.18,64805.08402482772,0.0,0.0,1.0,0.0,0.0,0.0,0.0,0.0,0.0,0.0
53.5675,1.0,2.0,1.0,0.0,0.9486832980505138,0.0,-64.0775,64741.006524827724,0.0,0.0,1.0,0.0,0.0,0.0,0.0,0.0,0.0,0.0
56.7475,1.0,2.0,0.0,0.0,0.0,0.0,0.0,64741.006524827724,0.0,0.0,0.0,0.0,0.0,0.0,0.0,0.0,0.0,0.0
62.6225,1.0,2.0,0.0,0.0,0.0,0.0,0.0,64741.006524827724,0.0,0.0,0.0,0.0,0.0,0.0,0.0,0.0,0.0,0.0
72.815,1.0,2.0,0.0,0.0,0.0,0.0,0.0,64741.006524827724,0.0,0.0,0.0,0.0,0.0,0.0,0.0,0.0,0.0,0.0
81.3325,1.0,2.0,0.0,-0.0,0.0,-0.0,0.0,64741.006524827724,0.0,0.0,0.0,0.0,0.0,0.0,0.0,0.0,0.0,-0.0
81.525,1.0,2.0,0.0,-0.0,0.0,-0.0,0.0,64741.006524827724,0.0,0.0,0.0,0.0,0.0,0.0,0.0,0.0,0.0,-0.0
83.07,1.0,2.0,0.0,-0.0,0.0,-0.0,0.0,64741.006524827724,0.0,0.0,0.0,0.0,0.0,0.0,0.0,0.0,0.0,-0.0
83.0825,1.0,2.0,0.0,-0.0,0.0,-0.0,0.0,64741.006524827724,0.0,0.0,0.0,0.0,0.0,0.0,0.0,0.0,0.0,-0.0
86.53,1.0,2.0,0.0,-0.0,0.0,-0.0,0.0,64741.006524827724,0.0,0.0,0.0,0.0,0.0,0.0,0.0,0.0,0.0,-0.0
88.3275,1.0,2.0,0.0,-0.0,0.0,-0.0,0.0,64741.006524827724,0.0,0.0,0.0,0.0,0.0,0.0,0.0,0.0,0.0,-0.0
92.6175,1.0,2.0,0.0,-0.0,0.0,-0.0,0.0,64741.006524827724,0.0,0.0,0.0,0.0,0.0,0.0,0.0,0.0,0.0,-0.0
96.32,1.0,2.0,0.0,0.0,0.0,0.0,0.0,64741.006524827724,0.0,0.0,0.0,0.0,0.0,0.0,0.0,0.0,0.0,0.0
111.82,0.5270462766947299,1.0540925533894598,0.0,0.8973665961010275,0.0,0.9459074466105402,99.10516687339747,64840.111691701124,0.0,0.0,0.0,0.0,0.0,0.0,0.0,0.0,0.0,0.8973665961010275
115.9175,0.0,0.0,0.0,1.0,0.0,1.0540925533894598,114.53750000000001,64954.64919170112,0.0,0.0,0.0,0.0,0.0,0.0,0.0,0.0,0.0,1.0
105.12,-0.0,-0.0,0.0,0.0,0.0,0.0,0.0,64954.64919170112,0.0,0.0,0.0,0.0,0.0,0.0,0.0,0.0,0.0,0.0
94.4425,-0.0,-0.0,0.0,0.0,0.0,0.0,0.0,64954.64919170112,0.0,0.0,0.0,0.0,0.0,0.0,0.0,0.0,0.0,0.0
93.375,-0.0,-0.0,0.0,0.0,0.0,0.0,0.0,64954.64919170112,0.0,0.0,0.0,0.0,0.0,0.0,0.0,0.0,0.0,0.0
95.0,-0.0,-0.0,0.0,0.0,0.0,0.0,0.0,64954.64919170112,0.0,0.0,0.0,0.0,0.0,0.0,0.0,0.0,0.0,0.0
95.61,-0.0,-0.0,0.0,0.0,0.0,0.0,0.0,64954.64919170112,0.0,0.0,0.0,0.0,0.0,0.0,0.0,0.0,0.0,0.0
93.7475,-0.0,-0.0,0.0,0.0,0.0,0.0,0.0,64954.64919170112,0.0,0.0,0.0,0.0,0.0,0.0,0.0,0.0,0.0,0.0
95.0,-0.0,-0.0,0.0,0.0,0.0,0.0,0.0,64954.64919170112,0.0,0.0,0.0,0.0,0.0,0.0,0.0,0.0,0.0,0.0
93.3475,-0.0,-0.0,0.0,0.0,0.0,0.0,0.0,64954.64919170112,0.0,0.0,0.0,0.0,0.0,0.0,0.0,0.0,0.0,0.0
91.45,-0.0,-0.0,0.0,0.0,0.0,0.0,0.0,64954.64919170112,0.0,0.0,0.0,0.0,0.0,0.0,0.0,0.0,0.0,0.0
88.2125,-0.0,-0.0,0.0,0.0,0.0,0.0,0.0,64954.64919170112,0.0,0.0,0.0,0.0,0.0,0.0,0.0,0.0,0.0,0.0
84.8575,0.05131670194948623,0.10263340389897246,0.10818510677891963,0.0,0.10263340389897246,0.0,-10.364944617721342,64944.2842470834,0.0,0.0,0.10818510677891963,0.0,0.0,0.0,0.0,0.0,0.0,0.0
79.27,0.5256583509747431,1.0513167019494862,1.0,0.0,0.9486832980505138,0.0,-90.14999999999999,64854.1342470834,0.0,0.0,1.0,0.0,0.0,0.0,0.0,0.0,0.0,0.0
82.8675,1.0,2.0,1.0,0.0,0.9486832980505138,0.0,-93.79750000000001,64760.3367470834,0.0,0.0,1.0,0.0,0.0,0.0,0.0,0.0,0.0,0.0
86.5225,1.0,2.0,0.0,0.0,0.0,0.0,0.0,64760.3367470834,0.0,0.0,0.0,0.0,0.0,0.0,0.0,0.0,0.0,0.0
91.3075,1.0,2.0,0.0,0.0,0.0,0.0,0.0,64760.3367470834,0.0,0.0,0.0,0.0,0.0,0.0,0.0,0.0,0.0,0.0
87.6275,1.0,2.0,-0.0,0.0,-0.0,0.0,0.0,64760.3367470834,0.0,0.0,-0.0,0.0,0.0,0.0,0.0,0.0,0.0,0.0
90.5075,1.0,2.0,0.0,0.0,0.0,0.0,0.0,64760.3367470834,0.0,0.0,0.0,0.0,0.0,0.0,0.0,0.0,0.0,0.0
95.035,1.0,2.0,0.0,0.0,0.0,0.0,0.0,64760.3367470834,0.0,0.0,0.0,0.0,0.0,0.0,0.0,0.0,0.0,0.0
92.495,1.0,2.0,0.0,0.0,0.0,0.0,0.0,64760.3367470834,0.0,0.0,0.0,0.0,0.0,0.0,0.0,0.0,0.0,0.0
95.5675,1.0,2.0,0.0,0.0,0.0,0.0,0.0,64760.3367470834,0.0,0.0,0.0,0.0,0.0,0.0,0.0,0.0,0.0,0.0
99.4875,1.0,2.0,0.0,0.0,0.0,0.0,0.0,64760.3367470834,0.0,0.0,0.0,0.0,0.0,0.0,0.0,0.0,0.0,0.0
108.4925,1.0,2.0,0.0,0.0,0.0,0.0,0.0,64760.3367470834,0.0,0.0,0.0,0.0,0.0,0.0,0.0,0.0,0.0,0.0
118.1225,0.4729537233052701,0.9459074466105402,0.0,1.0,0.0,1.0540925533894598,116.7425,64877.0792470834,0.0,0.0,0.0,0.0,0.0,0.0,0.0,0.0,0.0,1.0
117.405,-0.0,-0.0,0.0,0.8973665961010275,0.0,0.9459074466105402,104.11695931262172,64981.19620639602,0.0,0.0,0.0,0.0,0.0,0.0,0.0,0.0,0.0,0.8973665961010275
109.1175,-0.0,-0.0,0.0,0.0,0.0,0.0,0.0,64981.19620639602,0.0,0.0,0.0,0.0,0.0,0.0,0.0,0.0,0.0,0.0
93.9325,0.0,0.0,0.0,0.0,0.0,0.0,0.0,64981.19620639602,0.0,0.0,0.0,0.0,0.0,0.0,0.0,0.0,0.0,0.0
83.38,-0.0,-0.0,0.0,0.0,0.0,0.0,0.0,64981.19620639602,0.0,0.0,0.0,0.0,0.0,0.0,0.0,0.0,0.0,0.0
79.9875,-0.0,-0.0,0.0,0.0,0.0,0.0,0.0,64981.19620639602,0.0,0.0,0.0,0.0,0.0,0.0,0.0,0.0,0.0,0.0
68.1625,-0.0,-0.0,0.0,0.0,0.0,0.0,0.0,64981.19620639602,0.0,0.0,0.0,0.0,0.0,0.0,0.0,0.0,0.0,0.0
68.995,-0.0,-0.0,0.0,0.0,0.0,0.0,0.0,64981.19620639602,0.0,0.0,0.0,0.0,0.0,0.0,0.0,0.0,0.0,0.0
65.99,-0.0,-0.0,0.0,0.0,0.0,0.0,0.0,64981.19620639602,0.0,0.0,0.0,0.0,0.0,0.0,0.0,0.0,0.0,0.0
63.3425,-0.0,-0.0,0.0,0.0,0.0,0.0,0.0,64981.19620639602,0.0,0.0,0.0,0.0,0.0,0.0,0.0,0.0,0.0,0.0
58.9775,0.4743416490252569,0.9486832980505138,1.0,0.0,0.9486832980505138,0.0,-69.5675,64911.628706396026,0.0,0.0,1.0,0.0,0.0,0.0,0.0,0.0,0.0,0.0
58.28,0.9486832980505138,1.8973665961010275,1.0,0.0,0.9486832980505138,0.0,-68.86,64842.768706396026,0.0,0.0,1.0,0.0,0.0,0.0,0.0,0.0,0.0,0.0
63.205,1.0,2.0,0.10818510677891963,0.0,0.10263340389897246,0.0,-7.99001106115711,64834.77869533487,0.0,0.0,0.10818510677891963,0.0,0.0,0.0,0.0,0.0,0.0,0.0
73.64,1.0,2.0,0.0,0.0,0.0,0.0,0.0,64834.77869533487,0.0,0.0,0.0,0.0,0.0,0.0,0.0,0.0,0.0,0.0
93.0025,1.0,2.0,0.0,0.0,0.0,0.0,0.0,64834.77869533487,0.0,0.0,0.0,0.0,0.0,0.0,0.0,0.0,0.0,0.0
105.0025,0.4729537233052701,0.9459074466105402,0.0,1.0,0.0,1.0540925533894598,103.6225,64938.40119533487,0.0,0.0,0.0,0.0,0.0,0.0,0.0,0.0,0.0,1.0
103.635,0.05131670194948623,0.10263340389897246,0.0,0.7999999999999998,0.0,0.8432740427115677,81.80399999999999,65020.205195334864,0.0,0.0,0.0,0.0,0.0,0.0,0.0,0.0,0.0,0.7999999999999998
96.36,0.05131670194948623,0.10263340389897246,0.0,0.0,0.0,0.0,0.0,65020.205195334864,0.0,0.0,0.0,0.0,0.0,0.0,0.0,0.0,0.0,0.0
84.1825,0.05131670194948623,0.10263340389897246,0.0,0.0,0.0,0.0,0.0,65020.205195334864,0.0,0.0,0.0,0.0,0.0,0.0,0.0,0.0,0.0,0.0
77.805,0.5256583509747431,1.0513167019494862,1.0,0.0,0.9486832980505138,0.0,-88.655,64931.550195334865,0.0,0.0,1.0,0.0,0.0,0.0,0.0,0.0,0.0,0.0
77.785,1.0,2.0,1.0,0.0,0.9486832980505138,0.0,-88.63499999999999,64842.91519533486,0.0,0.0,1.0,0.0,0.0,0.0,0.0,0.0,0.0,0.0
86.9,1.0,2.0,0.0,0.0,0.0,0.0,0.0,64842.91519533486,0.0,0.0,0.0,0.0,0.0,0.0,0.0,0.0,0.0,0.0
95.09,1.0,2.0,0.0,0.0,0.0,0.0,0.0,64842.91519533486,0.0,0.0,0.0,0.0,0.0,0.0,0.0,0.0,0.0,0.0
98.6725,1.0,2.0,0.0,0.0,0.0,0.0,0.0,64842.91519533486,0.0,0.0,0.0,0.0,0.0,0.0,0.0,0.0,0.0,0.0
116.9575,0.4729537233052701,0.9459074466105402,0.0,1.0,0.0,1.0540925533894598,115.5775,64958.49269533486,0.0,0.0,0.0,0.0,0.0,0.0,0.0,0.0,0.0,1.0
116.4925,-0.0,-0.0,0.0,0.8973665961010275,0.0,0.9459074466105402,103.29811229367954,65061.79080762854,0.0,0.0,0.0,0.0,0.0,0.0,0.0,0.0,0.0,0.8973665961010275
110.7025,0.0,0.0,0.0,0.0,0.0,0.0,0.0,65061.79080762854,0.0,0.0,0.0,0.0,0.0,0.0,0.0,0.0,0.0,0.0
102.735,-0.0,-0.0,0.0,0.0,0.0,0.0,0.0,65061.79080762854,0.0,0.0,0.0,0.0,0.0,0.0,0.0,0.0,0.0,0.0
92.5075,-0.0,-0.0,0.0,0.0,0.0,0.0,0.0,65061.79080762854,0.0,0.0,0.0,0.0,0.0,0.0,0.0,0.0,0.0,0.0
87.8375,-0.0,-0.0,0.0,0.0,0.0,0.0,0.0,65061.79080762854,0.0,0.0,0.0,0.0,0.0,0.0,0.0,0.0,0.0,0.0
81.025,-0.0,-0.0,-0.0,0.0,-0.0,0.0,0.0,65061.79080762854,0.0,0.0,-0.0,0.0,0.0,0.0,0.0,0.0,0.0,0.0
84.59,-0.0,-0.0,0.0,0.0,0.0,0.0,0.0,65061.79080762854,0.0,0.0,0.0,0.0,0.0,0.0,0.0,0.0,0.0,0.0
82.7025,0.0,0.0,0.0,0.0,0.0,0.0,0.0,65061.79080762854,0.0,0.0,0.0,0.0,0.0,0.0,0.0,0.0,0.0,0.0
78.9925,0.4743416490252569,0.9486832980505138,1.0,0.0,0.9486832980505138,0.0,-89.86250000000001,64971.928307628536,0.0,0.0,1.0,0.0,0.0,0.0,0.0,0.0,0.0,0.0
77.7025,0.9486832980505138,1.8973665961010275,1.0,0.0,0.9486832980505138,0.0,-88.5525,64883.37580762854,0.0,0.0,1.0,0.0,0.0,0.0,0.0,0.0,0.0,0.0
79.9925,1.0,2.0,0.10818510677891963,0.0,0.10263340389897246,0.0,-9.832132966835163,64873.543674661705,0.0,0.0,0.10818510677891963,0.0,0.0,0.0,0.0,0.0,0.0,0.0
82.9975,1.0,2.0,0.0,0.0,0.0,0.0,0.0,64873.543674661705,0.0,0.0,0.0,0.0,0.0,0.0,0.0,0.0,0.0,0.0
91.0475,1.0,2.0,0.0,0.0,0.0,0.0,0.0,64873.543674661705,0.0,0.0,0.0,0.0,0.0,0.0,0.0,0.0,0.0,0.0
104.6825,1.0,2.0,0.0,0.0,0.0,0.0,0.0,64873.543674661705,0.0,0.0,0.0,0.0,0.0,0.0,0.0,0.0,0.0,0.0
119.9275,0.4729537233052701,0.9459074466105402,0.0,1.0,0.0,1.0540925533894598,118.5475,64992.091174661706,0.0,0.0,0.0,0.0,0.0,0.0,0.0,0.0,0.0,1.0
107.86,0.4729537233052701,0.9459074466105402,0.0,0.0,0.0,0.0,0.0,64992.091174661706,0.0,0.0,0.0,0.0,0.0,0.0,0.0,0.0,0.0,0.0
92.4325,0.4729537233052701,0.9459074466105402,0.0,0.0,0.0,0.0,0.0,64992.091174661706,0.0,0.0,0.0,0.0,0.0,0.0,0.0,0.0,0.0,0.0
89.095,0.947295372330527,1.894590744661054,1.0,0.0,0.9486832980505138,0.0,-100.105,64891.9861746617,0.0,0.0,1.0,0.0,0.0,0.0,0.0,0.0,0.0,0.0
89.7725,1.0,2.0,0.11111111111111122,0.0,0.10540925533894607,0.0,-11.199166666666677,64880.78700799504,0.0,0.0,0.11111111111111122,0.0,0.0,0.0,0.0,0.0,0.0,0.0
92.5675,1.0,2.0,0.0,0.0,0.0,0.0,0.0,64880.78700799504,0.0,0.0,0.0,0.0,0.0,0.0,0.0,0.0,0.0,0.0
99.9225,1.0,2.0,0.0,0.0,0.0,0.0,0.0,64880.78700799504,0.0,0.0,0.0,0.0,0.0,0.0,0.0,0.0,0.0,0.0
120.595,1.0,2.0,0.0,0.0,0.0,0.0,0.0,64880.78700799504,0.0,0.0,0.0,0.0,0.0,0.0,0.0,0.0,0.0,0.0
144.265,1.0,2.0,0.0,0.0,0.0,0.0,0.0,64880.78700799504,0.0,0.0,0.0,0.0,0.0,0.0,0.0,0.0,0.0,0.0
152.27,0.4729537233052701,0.9459074466105402,0.0,1.0,0.0,1.0540925533894598,150.89000000000001,65031.67700799504,0.0,0.0,0.0,0.0,0.0,0.0,0.0,0.0,0.0,1.0
146.515,-0.0,-0.0,0.0,0.8973665961010275,0.0,0.9459074466105402,130.23930092512262,65161.91630892016,0.0,0.0,0.0,0.0,0.0,0.0,0.0,0.0,0.0,0.8973665961010275
132.245,0.0,0.0,0.0,0.0,0.0,0.0,0.0,65161.91630892016,0.0,0.0,0.0,0.0,0.0,0.0,0.0,0.0,0.0,0.0
107.715,-0.0,-0.0,0.0,-0.0,0.0,-0.0,0.0,65161.91630892016,0.0,0.0,0.0,0.0,0.0,0.0,0.0,0.0,0.0,-0.0
94.9475,-0.0,-0.0,0.0,0.0,0.0,0.0,0.0,65161.91630892016,0.0,0.0,0.0,0.0,0.0,0.0,0.0,0.0,0.0,0.0
97.5625,-0.0,-0.0,0.0,0.0,0.0,0.0,0.0,65161.91630892016,0.0,0.0,0.0,0.0,0.0,0.0,0.0,0.0,0.0,0.0
89.9625,-0.0,-0.0,0.0,0.0,0.0,0.0,0.0,65161.91630892016,0.0,0.0,0.0,0.0,0.0,0.0,0.0,0.0,0.0,0.0
87.3775,-0.0,-0.0,0.0,0.0,0.0,0.0,0.0,65161.91630892016,0.0,0.0,0.0,0.0,0.0,0.0,0.0,0.0,0.0,0.0
86.225,0.0,0.0,0.0,0.0,0.0,0.0,0.0,65161.91630892016,0.0,0.0,0.0,0.0,0.0,0.0,0.0,0.0,0.0,0.0
84.1675,0.4743416490252569,0.9486832980505138,1.0,0.0,0.9486832980505138,0.0,-95.1075,65066.80880892016,0.0,0.0,1.0,0.0,0.0,0.0,0.0,0.0,0.0,0.0
83.185,0.9486832980505138,1.8973665961010275,1.0,0.0,0.9486832980505138,0.0,-94.11500000000001,64972.693808920165,0.0,0.0,1.0,0.0,0.0,0.0,0.0,0.0,0.0,0.0
84.3925,1.0,2.0,0.10818510677891963,0.0,0.10263340389897246,0.0,-10.314638543069144,64962.3791703771,0.0,0.0,0.10818510677891963,0.0,0.0,0.0,0.0,0.0,0.0,0.0
87.1525,1.0,2.0,0.0,0.0,0.0,0.0,0.0,64962.3791703771,0.0,0.0,0.0,0.0,0.0,0.0,0.0,0.0,0.0,0.0
100.5175,1.0,2.0,-0.0,0.0,-0.0,0.0,0.0,64962.3791703771,0.0,0.0,-0.0,0.0,0.0,0.0,0.0,0.0,0.0,0.0
129.355,0.5270462766947299,1.0540925533894598,0.0,0.8973665961010275,0.0,0.9459074466105402,114.84049013602899,65077.219660513125,0.0,0.0,0.0,0.0,0.0,0.0,0.0,0.0,0.0,0.8973665961010275
139.8725,0.0,0.0,0.0,1.0,0.0,1.0540925533894598,138.4925,65215.712160513125,0.0,0.0,0.0,0.0,0.0,0.0,0.0,0.0,0.0,1.0
119.5875,-0.0,-0.0,0.0,0.0,0.0,0.0,0.0,65215.712160513125,0.0,0.0,0.0,0.0,0.0,0.0,0.0,0.0,0.0,0.0
102.0525,-0.0,-0.0,0.0,0.0,0.0,0.0,0.0,65215.712160513125,0.0,0.0,0.0,0.0,0.0,0.0,0.0,0.0,0.0,0.0
95.6375,0.4743416490252569,0.9486832980505138,1.0,0.0,0.9486832980505138,0.0,-106.7475,65108.96466051313,0.0,0.0,1.0,0.0,0.0,0.0,0.0,0.0,0.0,0.0
93.795,0.9486832980505138,1.8973665961010275,1.0,0.0,0.9486832980505138,0.0,-104.875,65004.08966051313,0.0,0.0,1.0,0.0,0.0,0.0,0.0,0.0,0.0,0.0
97.7625,1.0,2.0,0.10818510677891963,0.0,0.10263340389897246,0.0,-11.781628590991295,64992.30803192213,0.0,0.0,0.10818510677891963,0.0,0.0,0.0,0.0,0.0,0.0,0.0
108.07,1.0,2.0,0.0,0.0,0.0,0.0,0.0,64992.30803192213,0.0,0.0,0.0,0.0,0.0,0.0,0.0,0.0,0.0,0.0
120.48,1.0,2.0,0.0,0.0,0.0,0.0,0.0,64992.30803192213,0.0,0.0,0.0,0.0,0.0,0.0,0.0,0.0,0.0,0.0
125.785,0.5270462766947299,1.0540925533894598,0.0,0.8973665961010275,0.0,0.9459074466105402,111.63689138794832,65103.94492331008,0.0,0.0,0.0,0.0,0.0,0.0,0.0,0.0,0.0,0.8973665961010275
133.1375,-0.0,-0.0,0.0,1.0,0.0,1.0540925533894598,131.7575,65235.70242331008,0.0,0.0,0.0,0.0,0.0,0.0,0.0,0.0,0.0,1.0
122.8475,-0.0,-0.0,0.0,0.0,0.0,0.0,0.0,65235.70242331008,0.0,0.0,0.0,0.0,0.0,0.0,0.0,0.0,0.0,0.0
120.115,0.0,0.0,0.0,0.0,0.0,0.0,0.0,65235.70242331008,0.0,0.0,0.0,0.0,0.0,0.0,0.0,0.0,0.0,0.0
106.0725,-0.0,-0.0,0.0,0.0,0.0,0.0,0.0,65235.70242331008,0.0,0.0,0.0,0.0,0.0,0.0,0.0,0.0,0.0,0.0
100.4425,-0.0,-0.0,0.0,0.0,0.0,0.0,0.0,65235.70242331008,0.0,0.0,0.0,0.0,0.0,0.0,0.0,0.0,0.0,0.0
99.17,-0.0,-0.0,0.0,0.0,0.0,0.0,0.0,65235.70242331008,0.0,0.0,0.0,0.0,0.0,0.0,0.0,0.0,0.0,0.0
91.885,-0.0,-0.0,0.0,0.0,0.0,0.0,0.0,65235.70242331008,0.0,0.0,0.0,0.0,0.0,0.0,0.0,0.0,0.0,0.0
90.6275,-0.0,-0.0,0.0,0.0,0.0,0.0,0.0,65235.70242331008,0.0,0.0,0.0,0.0,0.0,0.0,0.0,0.0,0.0,0.0
88.0925,-0.0,-0.0,0.0,0.0,0.0,0.0,0.0,65235.70242331008,0.0,0.0,0.0,0.0,0.0,0.0,0.0,0.0,0.0,0.0
87.0325,0.05131670194948623,0.10263340389897246,0.10818510677891963,0.0,0.10263340389897246,0.0,-10.604574629236648,65225.097848680845,0.0,0.0,0.10818510677891963,0.0,0.0,0.0,0.0,0.0,0.0,0.0
86.795,0.5256583509747431,1.0513167019494862,1.0,0.0,0.9486832980505138,0.0,-97.775,65127.322848680844,0.0,0.0,1.0,0.0,0.0,0.0,0.0,0.0,0.0,0.0
86.945,1.0,2.0,1.0,0.0,0.9486832980505138,0.0,-97.925,65029.39784868084,0.0,0.0,1.0,0.0,0.0,0.0,0.0,0.0,0.0,0.0
90.12,1.0,2.0,0.0,0.0,0.0,0.0,0.0,65029.39784868084,0.0,0.0,0.0,0.0,0.0,0.0,0.0,0.0,0.0,0.0
103.055,1.0,2.0,0.0,0.0,0.0,0.0,0.0,65029.39784868084,0.0,0.0,0.0,0.0,0.0,0.0,0.0,0.0,0.0,0.0
144.07,1.0,2.0,0.0,0.0,0.0,0.0,0.0,65029.39784868084,0.0,0.0,0.0,0.0,0.0,0.0,0.0,0.0,0.0,0.0
155.4075,0.4729537233052701,0.9459074466105402,0.0,1.0,0.0,1.0540925533894598,154.0275,65183.42534868084,0.0,0.0,0.0,0.0,0.0,0.0,0.0,0.0,0.0,1.0
153.16,0.05131670194948623,0.10263340389897246,0.0,0.7999999999999998,0.0,0.8432740427115677,121.42399999999996,65304.84934868084,0.0,0.0,0.0,0.0,0.0,0.0,0.0,0.0,0.0,0.7999999999999998
140.8925,0.05131670194948623,0.10263340389897246,0.0,0.0,0.0,0.0,0.0,65304.84934868084,0.0,0.0,0.0,0.0,0.0,0.0,0.0,0.0,0.0,0.0
128.925,0.05131670194948623,0.10263340389897246,0.0,0.0,0.0,0.0,0.0,65304.84934868084,0.0,0.0,0.0,0.0,0.0,0.0,0.0,0.0,0.0,0.0
124.6875,0.5256583509747431,1.0513167019494862,1.0,0.0,0.9486832980505138,0.0,-136.2075,65168.64184868084,0.0,0.0,1.0,0.0,0.0,0.0,0.0,0.0,0.0,0.0
123.615,1.0,2.0,1.0,0.0,0.9486832980505138,0.0,-135.125,65033.51684868084,0.0,0.0,1.0,0.0,0.0,0.0,0.0,0.0,0.0,0.0
131.6275,1.0,2.0,0.0,0.0,0.0,0.0,0.0,65033.51684868084,0.0,0.0,0.0,0.0,0.0,0.0,0.0,0.0,0.0,0.0
149.3125,1.0,2.0,0.0,0.0,0.0,0.0,0.0,65033.51684868084,0.0,0.0,0.0,0.0,0.0,0.0,0.0,0.0,0.0,0.0
173.315,0.5270462766947299,1.0540925533894598,0.0,0.8973665961010275,0.0,0.9459074466105402,154.28872570063015,65187.80557438147,0.0,0.0,0.0,0.0,0.0,0.0,0.0,0.0,0.0,0.8973665961010275
175.1,0.0,0.0,0.0,1.0,0.0,1.0540925533894598,173.72,65361.52557438147,0.0,0.0,0.0,0.0,0.0,0.0,0.0,0.0,0.0,1.0
162.9975,0.0,0.0,0.0,-0.0,0.0,-0.0,0.0,65361.52557438147,0.0,0.0,0.0,0.0,0.0,0.0,0.0,0.0,0.0,-0.0
155.77,0.0,0.0,0.0,-0.0,0.0,-0.0,0.0,65361.52557438147,0.0,0.0,0.0,0.0,0.0,0.0,0.0,0.0,0.0,-0.0
135.9525,-0.0,-0.0,0.0,-0.0,0.0,-0.0,0.0,65361.52557438147,0.0,0.0,0.0,0.0,0.0,0.0,0.0,0.0,0.0,-0.0
118.45,0.0,0.0,0.0,0.0,0.0,0.0,0.0,65361.52557438147,0.0,0.0,0.0,0.0,0.0,0.0,0.0,0.0,0.0,0.0
107.28,-0.0,-0.0,0.0,0.0,0.0,0.0,0.0,65361.52557438147,0.0,0.0,0.0,0.0,0.0,0.0,0.0,0.0,0.0,0.0
93.635,-0.0,-0.0,0.0,0.0,0.0,0.0,0.0,65361.52557438147,0.0,0.0,0.0,0.0,0.0,0.0,0.0,0.0,0.0,0.0
98.5875,-0.0,-0.0,0.0,0.0,0.0,0.0,0.0,65361.52557438147,0.0,0.0,0.0,0.0,0.0,0.0,0.0,0.0,0.0,0.0
93.49,0.0,0.0,-0.0,0.0,-0.0,0.0,0.0,65361.52557438147,0.0,0.0,-0.0,0.0,0.0,0.0,0.0,0.0,0.0,0.0
89.56,0.4743416490252569,0.9486832980505138,1.0,0.0,0.9486832980505138,0.0,-100.58,65260.94557438147,0.0,0.0,1.0,0.0,0.0,0.0,0.0,0.0,0.0,0.0
88.875,0.9486832980505138,1.8973665961010275,1.0,0.0,0.9486832980505138,0.0,-99.885,65161.06057438147,0.0,0.0,1.0,0.0,0.0,0.0,0.0,0.0,0.0,0.0
91.2825,1.0,2.0,0.10818510677891963,0.0,0.10263340389897246,0.0,-11.070852439453793,65149.989721942016,0.0,0.0,0.10818510677891963,0.0,0.0,0.0,0.0,0.0,0.0,0.0
98.8025,1.0,2.0,0.0,0.0,0.0,0.0,0.0,65149.989721942016,0.0,0.0,0.0,0.0,0.0,0.0,0.0,0.0,0.0,0.0
128.5875,1.0,2.0,0.0,-0.0,0.0,-0.0,0.0,65149.989721942016,0.0,0.0,0.0,0.0,0.0,0.0,0.0,0.0,0.0,-0.0
180.42,1.0,2.0,0.0,0.0,0.0,0.0,0.0,65149.989721942016,0.0,0.0,0.0,0.0,0.0,0.0,0.0,0.0,0.0,0.0
205.3825,0.4729537233052701,0.9459074466105402,0.0,1.0,0.0,1.0540925533894598,204.0025,65353.99222194202,0.0,0.0,0.0,0.0,0.0,0.0,0.0,0.0,0.0,1.0
181.83,0.0,0.0,0.0,0.8973665961010275,0.0,0.9459074466105402,161.9298022664304,65515.92202420845,0.0,0.0,0.0,0.0,0.0,0.0,0.0,0.0,0.0,0.8973665961010275
151.015,-0.0,-0.0,0.0,0.0,0.0,0.0,0.0,65515.92202420845,0.0,0.0,0.0,0.0,0.0,0.0,0.0,0.0,0.0,0.0
137.72,0.05131670194948623,0.10263340389897246,0.10818510677891963,0.0,0.10263340389897246,0.0,-16.166100505973958,65499.755923702476,0.0,0.0,0.10818510677891963,0.0,0.0,0.0,0.0,0.0,0.0,0.0
130.3425,0.5256583509747431,1.0513167019494862,1.0,0.0,0.9486832980505138,0.0,-141.9425,65357.81342370248,0.0,0.0,1.0,0.0,0.0,0.0,0.0,0.0,0.0,0.0
135.575,1.0,2.0,1.0,0.0,0.9486832980505138,0.0,-147.24499999999998,65210.568423702476,0.0,0.0,1.0,0.0,0.0,0.0,0.0,0.0,0.0,0.0
153.7525,1.0,2.0,0.0,0.0,0.0,0.0,0.0,65210.568423702476,0.0,0.0,0.0,0.0,0.0,0.0,0.0,0.0,0.0,0.0
196.61,1.0,2.0,-0.0,0.0,-0.0,0.0,0.0,65210.568423702476,0.0,0.0,-0.0,0.0,0.0,0.0,0.0,0.0,0.0,0.0
251.3175,0.4729537233052701,0.9459074466105402,0.0,1.0,0.0,1.0540925533894598,249.9375,65460.505923702476,0.0,0.0,0.0,0.0,0.0,0.0,0.0,0.0,0.0,1.0
250.0075,0.0,0.0,0.0,0.8973665961010275,0.0,0.9459074466105402,223.11001337210823,65683.61593707459,0.0,0.0,0.0,0.0,0.0,0.0,0.0,0.0,0.0,0.8973665961010275
205.0875,-0.0,-0.0,0.0,-0.0,0.0,-0.0,0.0,65683.61593707459,0.0,0.0,0.0,0.0,0.0,0.0,0.0,0.0,0.0,-0.0
171.3675,0.0,0.0,0.0,0.0,0.0,0.0,0.0,65683.61593707459,0.0,0.0,0.0,0.0,0.0,0.0,0.0,0.0,0.0,0.0
141.95,0.0,0.0,-0.0,0.0,-0.0,0.0,0.0,65683.61593707459,0.0,0.0,-0.0,0.0,0.0,0.0,0.0,0.0,0.0,0.0
117.3075,0.0,0.0,-0.0,0.0,-0.0,0.0,0.0,65683.61593707459,0.0,0.0,-0.0,0.0,0.0,0.0,0.0,0.0,0.0,0.0
103.7325,-0.0,-0.0,0.0,0.0,0.0,0.0,0.0,65683.61593707459,0.0,0.0,0.0,0.0,0.0,0.0,0.0,0.0,0.0,0.0
94.225,-0.0,-0.0,0.0,0.0,0.0,0.0,0.0,65683.61593707459,0.0,0.0,0.0,0.0,0.0,0.0,0.0,0.0,0.0,0.0
100.4225,-0.0,-0.0,0.0,0.0,0.0,0.0,0.0,65683.61593707459,0.0,0.0,0.0,0.0,0.0,0.0,0.0,0.0,0.0,0.0
94.4275,-0.0,-0.0,0.0,0.0,0.0,0.0,0.0,65683.61593707459,0.0,0.0,0.0,0.0,0.0,0.0,0.0,0.0,0.0,0.0
88.44,-0.0,-0.0,0.0,0.0,0.0,0.0,0.0,65683.61593707459,0.0,0.0,0.0,0.0,0.0,0.0,0.0,0.0,0.0,0.0
85.2775,-0.0,-0.0,0.0,0.0,0.0,0.0,0.0,65683.61593707459,0.0,0.0,0.0,0.0,0.0,0.0,0.0,0.0,0.0,0.0
81.37,0.0,0.0,-0.0,0.0,-0.0,0.0,0.0,65683.61593707459,0.0,0.0,-0.0,0.0,0.0,0.0,0.0,0.0,0.0,0.0
78.0,0.0,0.0,-0.0,0.0,-0.0,0.0,0.0,65683.61593707459,0.0,0.0,-0.0,0.0,0.0,0.0,0.0,0.0,0.0,0.0
78.1725,-0.0,-0.0,0.0,0.0,0.0,0.0,0.0,65683.61593707459,0.0,0.0,0.0,0.0,0.0,0.0,0.0,0.0,0.0,0.0
82.1575,-0.0,-0.0,0.0,0.0,0.0,0.0,0.0,65683.61593707459,0.0,0.0,0.0,0.0,0.0,0.0,0.0,0.0,0.0,0.0
83.675,-0.0,-0.0,0.0,0.0,0.0,0.0,0.0,65683.61593707459,0.0,0.0,0.0,0.0,0.0,0.0,0.0,0.0,0.0,0.0
81.5,-0.0,-0.0,0.0,0.0,0.0,0.0,0.0,65683.61593707459,0.0,0.0,0.0,0.0,0.0,0.0,0.0,0.0,0.0,0.0
82.01,-0.0,-0.0,0.0,0.0,0.0,0.0,0.0,65683.61593707459,0.0,0.0,0.0,0.0,0.0,0.0,0.0,0.0,0.0,0.0
78.5575,-0.0,-0.0,0.0,0.0,0.0,0.0,0.0,65683.61593707459,0.0,0.0,0.0,0.0,0.0,0.0,0.0,0.0,0.0,0.0
76.2575,-0.0,-0.0,0.0,0.0,0.0,0.0,0.0,65683.61593707459,0.0,0.0,0.0,0.0,0.0,0.0,0.0,0.0,0.0,0.0
75.3675,-0.0,-0.0,0.0,0.0,0.0,0.0,0.0,65683.61593707459,0.0,0.0,0.0,0.0,0.0,0.0,0.0,0.0,0.0,0.0
80.3975,-0.0,-0.0,0.0,0.0,0.0,0.0,0.0,65683.61593707459,0.0,0.0,0.0,0.0,0.0,0.0,0.0,0.0,0.0,0.0
77.54,-0.0,-0.0,0.0,0.0,0.0,0.0,0.0,65683.61593707459,0.0,0.0,0.0,0.0,0.0,0.0,0.0,0.0,0.0,0.0
85.51,-0.0,-0.0,0.0,0.0,0.0,0.0,0.0,65683.61593707459,0.0,0.0,0.0,0.0,0.0,0.0,0.0,0.0,0.0,0.0
88.3525,-0.0,-0.0,0.0,-0.0,0.0,-0.0,0.0,65683.61593707459,0.0,0.0,0.0,0.0,0.0,0.0,0.0,0.0,0.0,-0.0
84.0325,-0.0,-0.0,0.0,0.0,0.0,0.0,0.0,65683.61593707459,0.0,0.0,0.0,0.0,0.0,0.0,0.0,0.0,0.0,0.0
73.865,-0.0,-0.0,0.0,0.0,0.0,0.0,0.0,65683.61593707459,0.0,0.0,0.0,0.0,0.0,0.0,0.0,0.0,0.0,0.0
70.82,-0.0,-0.0,0.0,0.0,0.0,0.0,0.0,65683.61593707459,0.0,0.0,0.0,0.0,0.0,0.0,0.0,0.0,0.0,0.0
70.0,-0.0,-0.0,0.0,0.0,0.0,0.0,0.0,65683.61593707459,0.0,0.0,0.0,0.0,0.0,0.0,0.0,0.0,0.0,0.0
68.5,0.0,0.0,0.0,0.0,0.0,0.0,0.0,65683.61593707459,0.0,0.0,0.0,0.0,0.0,0.0,0.0,0.0,0.0,0.0
66.6925,-0.0,-0.0,0.0,-0.0,0.0,-0.0,0.0,65683.61593707459,0.0,0.0,0.0,0.0,0.0,0.0,0.0,0.0,0.0,-0.0
50.8925,-0.0,-0.0,0.0,0.0,0.0,0.0,0.0,65683.61593707459,0.0,0.0,0.0,0.0,0.0,0.0,0.0,0.0,0.0,0.0
48.43,0.0,0.0,0.0,0.0,0.0,0.0,0.0,65683.61593707459,0.0,0.0,0.0,0.0,0.0,0.0,0.0,0.0,0.0,0.0
46.485,0.4743416490252569,0.9486832980505138,1.0,0.0,0.9486832980505138,0.0,-56.894999999999996,65626.72093707458,0.0,0.0,1.0,0.0,0.0,0.0,0.0,0.0,0.0,0.0
50.29,0.4743416490252569,0.9486832980505138,0.0,0.0,0.0,0.0,0.0,65626.72093707458,0.0,0.0,0.0,0.0,0.0,0.0,0.0,0.0,0.0,0.0
48.195,0.4743416490252569,0.9486832980505138,0.0,0.0,0.0,0.0,0.0,65626.72093707458,0.0,0.0,0.0,0.0,0.0,0.0,0.0,0.0,0.0,0.0
45.5875,0.9486832980505138,1.8973665961010275,1.0,0.0,0.9486832980505138,0.0,-55.9875,65570.73343707458,0.0,0.0,1.0,0.0,0.0,0.0,0.0,0.0,0.0,0.0
46.9675,1.0,2.0,0.10818510677891963,0.0,0.10263340389897246,0.0,-6.2084728152752495,65564.52496425931,0.0,0.0,0.10818510677891963,0.0,0.0,0.0,0.0,0.0,0.0,0.0
56.76,1.0,2.0,0.0,0.0,0.0,0.0,0.0,65564.52496425931,0.0,0.0,0.0,0.0,0.0,0.0,0.0,0.0,0.0,0.0
61.7575,1.0,2.0,0.0,0.0,0.0,0.0,0.0,65564.52496425931,0.0,0.0,0.0,0.0,0.0,0.0,0.0,0.0,0.0,0.0
63.1775,1.0,2.0,0.0,0.0,0.0,0.0,0.0,65564.52496425931,0.0,0.0,0.0,0.0,0.0,0.0,0.0,0.0,0.0,0.0
65.975,1.0,2.0,0.0,0.0,0.0,0.0,0.0,65564.52496425931,0.0,0.0,0.0,0.0,0.0,0.0,0.0,0.0,0.0,0.0
66.69,1.0,2.0,0.0,0.0,0.0,0.0,0.0,65564.52496425931,0.0,0.0,0.0,0.0,0.0,0.0,0.0,0.0,0.0,0.0
67.8625,1.0,2.0,0.0,-0.0,0.0,-0.0,0.0,65564.52496425931,0.0,0.0,0.0,0.0,0.0,0.0,0.0,0.0,0.0,-0.0
65.4575,1.0,2.0,0.0,0.0,0.0,0.0,0.0,65564.52496425931,0.0,0.0,0.0,0.0,0.0,0.0,0.0,0.0,0.0,0.0
69.4275,1.0,2.0,0.0,-0.0,0.0,-0.0,0.0,65564.52496425931,0.0,0.0,0.0,0.0,0.0,0.0,0.0,0.0,0.0,-0.0
77.29,1.0,2.0,0.0,-0.0,0.0,-0.0,0.0,65564.52496425931,0.0,0.0,0.0,0.0,0.0,0.0,0.0,0.0,0.0,-0.0
77.8875,1.0,2.0,0.0,-0.0,0.0,-0.0,0.0,65564.52496425931,0.0,0.0,0.0,0.0,0.0,0.0,0.0,0.0,0.0,-0.0
80.84,1.0,2.0,0.0,-0.0,0.0,-0.0,0.0,65564.52496425931,0.0,0.0,0.0,0.0,0.0,0.0,0.0,0.0,0.0,-0.0
82.5425,1.0,2.0,0.0,-0.0,0.0,-0.0,0.0,65564.52496425931,0.0,0.0,0.0,0.0,0.0,0.0,0.0,0.0,0.0,-0.0
83.795,1.0,2.0,0.0,-0.0,0.0,-0.0,0.0,65564.52496425931,0.0,0.0,0.0,0.0,0.0,0.0,0.0,0.0,0.0,-0.0
77.4125,1.0,2.0,0.0,0.0,0.0,0.0,0.0,65564.52496425931,0.0,0.0,0.0,0.0,0.0,0.0,0.0,0.0,0.0,0.0
74.16,1.0,2.0,0.0,0.0,0.0,0.0,0.0,65564.52496425931,0.0,0.0,0.0,0.0,0.0,0.0,0.0,0.0,0.0,0.0
73.42,1.0,2.0,0.0,0.0,0.0,0.0,0.0,65564.52496425931,0.0,0.0,0.0,0.0,0.0,0.0,0.0,0.0,0.0,0.0
69.3125,1.0,2.0,0.0,0.0,0.0,0.0,0.0,65564.52496425931,0.0,0.0,0.0,0.0,0.0,0.0,0.0,0.0,0.0,0.0
68.925,1.0,2.0,0.0,0.0,0.0,0.0,0.0,65564.52496425931,0.0,0.0,0.0,0.0,0.0,0.0,0.0,0.0,0.0,0.0
68.9975,1.0,2.0,0.0,0.0,0.0,0.0,0.0,65564.52496425931,0.0,0.0,0.0,0.0,0.0,0.0,0.0,0.0,0.0,0.0
70.1475,1.0,2.0,0.0,0.0,0.0,0.0,0.0,65564.52496425931,0.0,0.0,0.0,0.0,0.0,0.0,0.0,0.0,0.0,0.0
69.675,1.0,2.0,0.0,0.0,0.0,0.0,0.0,65564.52496425931,0.0,0.0,0.0,0.0,0.0,0.0,0.0,0.0,0.0,0.0
68.8175,1.0,2.0,0.0,0.0,0.0,0.0,0.0,65564.52496425931,0.0,0.0,0.0,0.0,0.0,0.0,0.0,0.0,0.0,0.0
75.68,1.0,2.0,0.0,0.0,0.0,0.0,0.0,65564.52496425931,0.0,0.0,0.0,0.0,0.0,0.0,0.0,0.0,0.0,0.0
87.675,1.0,2.0,0.0,-0.0,0.0,-0.0,0.0,65564.52496425931,0.0,0.0,0.0,0.0,0.0,0.0,0.0,0.0,0.0,-0.0
93.5725,1.0,2.0,0.0,-0.0,0.0,-0.0,0.0,65564.52496425931,0.0,0.0,0.0,0.0,0.0,0.0,0.0,0.0,0.0,-0.0
98.995,1.0,2.0,0.0,-0.0,0.0,-0.0,0.0,65564.52496425931,0.0,0.0,0.0,0.0,0.0,0.0,0.0,0.0,0.0,-0.0
104.42,1.0,2.0,0.0,-0.0,0.0,-0.0,0.0,65564.52496425931,0.0,0.0,0.0,0.0,0.0,0.0,0.0,0.0,0.0,-0.0
117.4475,1.0,2.0,0.0,-0.0,0.0,-0.0,0.0,65564.52496425931,0.0,0.0,0.0,0.0,0.0,0.0,0.0,0.0,0.0,-0.0
127.9425,1.0,2.0,-0.0,0.0,-0.0,0.0,0.0,65564.52496425931,0.0,0.0,-0.0,0.0,0.0,0.0,0.0,0.0,0.0,0.0
128.35,1.0,2.0,0.0,0.0,0.0,0.0,0.0,65564.52496425931,0.0,0.0,0.0,0.0,0.0,0.0,0.0,0.0,0.0,0.0
149.7325,1.0,2.0,-0.0,0.0,-0.0,0.0,0.0,65564.52496425931,0.0,0.0,-0.0,0.0,0.0,0.0,0.0,0.0,0.0,0.0
163.55,1.0,2.0,-0.0,0.0,-0.0,0.0,0.0,65564.52496425931,0.0,0.0,-0.0,0.0,0.0,0.0,0.0,0.0,0.0,0.0
183.16,1.0,2.0,0.0,0.0,0.0,0.0,0.0,65564.52496425931,0.0,0.0,0.0,0.0,0.0,0.0,0.0,0.0,0.0,0.0
218.785,0.5270462766947299,1.0540925533894598,0.0,0.8973665961010275,0.0,0.9459074466105402,195.09198482534387,65759.61694908465,0.0,0.0,0.0,0.0,0.0,0.0,0.0,0.0,0.0,0.8973665961010275
247.74,0.0,0.0,0.0,1.0,0.0,1.0540925533894598,246.36,66005.97694908465,0.0,0.0,0.0,0.0,0.0,0.0,0.0,0.0,0.0,1.0
217.55,0.0,0.0,0.0,-0.0,0.0,-0.0,0.0,66005.97694908465,0.0,0.0,0.0,0.0,0.0,0.0,0.0,0.0,0.0,-0.0
180.26,0.0,0.0,-0.0,0.0,-0.0,0.0,0.0,66005.97694908465,0.0,0.0,-0.0,0.0,0.0,0.0,0.0,0.0,0.0,0.0
147.7925,0.0,0.0,-0.0,0.0,-0.0,0.0,0.0,66005.97694908465,0.0,0.0,-0.0,0.0,0.0,0.0,0.0,0.0,0.0,0.0
132.4875,0.0,0.0,-0.0,0.0,-0.0,0.0,0.0,66005.97694908465,0.0,0.0,-0.0,0.0,0.0,0.0,0.0,0.0,0.0,0.0
118.7175,-0.0,-0.0,0.0,0.0,0.0,0.0,0.0,66005.97694908465,0.0,0.0,0.0,0.0,0.0,0.0,0.0,0.0,0.0,0.0
100.4,-0.0,-0.0,0.0,0.0,0.0,0.0,0.0,66005.97694908465,0.0,0.0,0.0,0.0,0.0,0.0,0.0,0.0,0.0,0.0
95.02,0.0,0.0,-0.0,0.0,-0.0,0.0,0.0,66005.97694908465,0.0,0.0,-0.0,0.0,0.0,0.0,0.0,0.0,0.0,0.0
91.4,-0.0,-0.0,0.0,0.0,0.0,0.0,0.0,66005.97694908465,0.0,0.0,0.0,0.0,0.0,0.0,0.0,0.0,0.0,0.0
90.1125,0.05131670194948623,0.10263340389897246,0.10818510677891963,0.0,0.10263340389897246,0.0,-10.942112162386877,65995.03483692226,0.0,0.0,0.10818510677891963,0.0,0.0,0.0,0.0,0.0,0.0,0.0
86.3775,0.5256583509747431,1.0513167019494862,1.0,0.0,0.9486832980505138,0.0,-97.3575,65897.67733692226,0.0,0.0,1.0,0.0,0.0,0.0,0.0,0.0,0.0,0.0
88.445,1.0,2.0,1.0,0.0,0.9486832980505138,0.0,-99.455,65798.22233692226,0.0,0.0,1.0,0.0,0.0,0.0,0.0,0.0,0.0,0.0
90.58,1.0,2.0,0.0,0.0,0.0,0.0,0.0,65798.22233692226,0.0,0.0,0.0,0.0,0.0,0.0,0.0,0.0,0.0,0.0
109.6525,1.0,2.0,0.0,0.0,0.0,0.0,0.0,65798.22233692226,0.0,0.0,0.0,0.0,0.0,0.0,0.0,0.0,0.0,0.0
242.0875,1.0,2.0,0.0,-0.0,0.0,-0.0,0.0,65798.22233692226,0.0,0.0,0.0,0.0,0.0,0.0,0.0,0.0,0.0,-0.0
297.1175,1.0,2.0,0.0,0.0,0.0,0.0,0.0,65798.22233692226,0.0,0.0,0.0,0.0,0.0,0.0,0.0,0.0,0.0,0.0
260.815,1.0,2.0,-0.0,0.0,-0.0,0.0,0.0,65798.22233692226,0.0,0.0,-0.0,0.0,0.0,0.0,0.0,0.0,0.0,0.0
273.085,1.0,2.0,0.0,0.0,0.0,0.0,0.0,65798.22233692226,0.0,0.0,0.0,0.0,0.0,0.0,0.0,0.0,0.0,0.0
320.58,1.0,2.0,0.0,0.0,0.0,0.0,0.0,65798.22233692226,0.0,0.0,0.0,0.0,0.0,0.0,0.0,0.0,0.0,0.0
299.9975,1.0,2.0,0.0,0.0,0.0,0.0,0.0,65798.22233692226,0.0,0.0,0.0,0.0,0.0,0.0,0.0,0.0,0.0,0.0
273.9975,1.0,2.0,-0.0,0.0,-0.0,0.0,0.0,65798.22233692226,0.0,0.0,-0.0,0.0,0.0,0.0,0.0,0.0,0.0,0.0
283.31,1.0,2.0,0.0,0.0,0.0,0.0,0.0,65798.22233692226,0.0,0.0,0.0,0.0,0.0,0.0,0.0,0.0,0.0,0.0
300.0025,1.0,2.0,0.0,0.0,0.0,0.0,0.0,65798.22233692226,0.0,0.0,0.0,0.0,0.0,0.0,0.0,0.0,0.0,0.0
332.41,0.5270462766947299,1.0540925533894598,0.0,0.8973665961010275,0.0,0.9459074466105402,297.05526430732317,66095.27760122958,0.0,0.0,0.0,0.0,0.0,0.0,0.0,0.0,0.0,0.8973665961010275
374.8825,-0.0,-0.0,0.0,1.0,0.0,1.0540925533894598,373.5025,66468.78010122958,0.0,0.0,0.0,0.0,0.0,0.0,0.0,0.0,0.0,1.0
298.7625,0.0,0.0,0.0,0.0,0.0,0.0,0.0,66468.78010122958,0.0,0.0,0.0,0.0,0.0,0.0,0.0,0.0,0.0,0.0
249.3725,0.0,0.0,-0.0,0.0,-0.0,0.0,0.0,66468.78010122958,0.0,0.0,-0.0,0.0,0.0,0.0,0.0,0.0,0.0,0.0
172.835,0.0,0.0,0.0,-0.0,0.0,-0.0,0.0,66468.78010122958,0.0,0.0,0.0,0.0,0.0,0.0,0.0,0.0,0.0,-0.0
135.02,0.0,0.0,0.0,-0.0,0.0,-0.0,0.0,66468.78010122958,0.0,0.0,0.0,0.0,0.0,0.0,0.0,0.0,0.0,-0.0
119.155,0.0,0.0,0.0,-0.0,0.0,-0.0,0.0,66468.78010122958,0.0,0.0,0.0,0.0,0.0,0.0,0.0,0.0,0.0,-0.0
102.035,-0.0,-0.0,0.0,0.0,0.0,0.0,0.0,66468.78010122958,0.0,0.0,0.0,0.0,0.0,0.0,0.0,0.0,0.0,0.0
92.855,-0.0,-0.0,0.0,0.0,0.0,0.0,0.0,66468.78010122958,0.0,0.0,0.0,0.0,0.0,0.0,0.0,0.0,0.0,0.0
89.95,0.0,0.0,-0.0,0.0,-0.0,0.0,0.0,66468.78010122958,0.0,0.0,-0.0,0.0,0.0,0.0,0.0,0.0,0.0,0.0
88.325,0.4743416490252569,0.9486832980505138,1.0,0.0,0.9486832980505138,0.0,-99.325,66369.45510122959,0.0,0.0,1.0,0.0,0.0,0.0,0.0,0.0,0.0,0.0
89.435,0.9486832980505138,1.8973665961010275,1.0,0.0,0.9486832980505138,0.0,-100.455,66269.00010122958,0.0,0.0,1.0,0.0,0.0,0.0,0.0,0.0,0.0,0.0
89.8025,1.0,2.0,0.10818510677891963,0.0,0.10263340389897246,0.0,-10.907492928217625,66258.09260830136,0.0,0.0,0.10818510677891963,0.0,0.0,0.0,0.0,0.0,0.0,0.0
97.25,1.0,2.0,0.0,0.0,0.0,0.0,0.0,66258.09260830136,0.0,0.0,0.0,0.0,0.0,0.0,0.0,0.0,0.0,0.0
129.8225,1.0,2.0,0.0,-0.0,0.0,-0.0,0.0,66258.09260830136,0.0,0.0,0.0,0.0,0.0,0.0,0.0,0.0,0.0,-0.0
191.17,1.0,2.0,0.0,0.0,0.0,0.0,0.0,66258.09260830136,0.0,0.0,0.0,0.0,0.0,0.0,0.0,0.0,0.0,0.0
237.2225,0.4729537233052701,0.9459074466105402,0.0,1.0,0.0,1.0540925533894598,235.8425,66493.93510830136,0.0,0.0,0.0,0.0,0.0,0.0,0.0,0.0,0.0,1.0
211.8475,0.0,0.0,0.0,0.8973665961010275,0.0,0.9459074466105402,188.866504064893,66682.80161236625,0.0,0.0,0.0,0.0,0.0,0.0,0.0,0.0,0.0,0.8973665961010275
197.1375,-0.0,-0.0,0.0,0.0,0.0,0.0,0.0,66682.80161236625,0.0,0.0,0.0,0.0,0.0,0.0,0.0,0.0,0.0,0.0
170.4975,0.05131670194948623,0.10263340389897246,0.10818510677891963,0.0,0.10263340389897246,0.0,-19.7619029925383,66663.03970937371,0.0,0.0,0.10818510677891963,0.0,0.0,0.0,0.0,0.0,0.0,0.0
164.6825,0.5256583509747431,1.0513167019494862,1.0,0.0,0.9486832980505138,0.0,-176.7725,66486.2672093737,0.0,0.0,1.0,0.0,0.0,0.0,0.0,0.0,0.0,0.0
168.2375,1.0,2.0,1.0,0.0,0.9486832980505138,0.0,-180.3775,66305.8897093737,0.0,0.0,1.0,0.0,0.0,0.0,0.0,0.0,0.0,0.0
184.49,1.0,2.0,-0.0,0.0,-0.0,0.0,0.0,66305.8897093737,0.0,0.0,-0.0,0.0,0.0,0.0,0.0,0.0,0.0,0.0
223.7225,1.0,2.0,-0.0,0.0,-0.0,0.0,0.0,66305.8897093737,0.0,0.0,-0.0,0.0,0.0,0.0,0.0,0.0,0.0,0.0
294.3775,0.5270462766947299,1.0540925533894598,0.0,0.8973665961010275,0.0,0.9459074466105402,262.9261692411108,66568.81587861481,0.0,0.0,0.0,0.0,0.0,0.0,0.0,0.0,0.0,0.8973665961010275
294.61,0.0,0.0,0.0,1.0,0.0,1.0540925533894598,293.23,66862.04587861481,0.0,0.0,0.0,0.0,0.0,0.0,0.0,0.0,0.0,1.0
228.93,0.0,0.0,0.0,-0.0,0.0,-0.0,0.0,66862.04587861481,0.0,0.0,0.0,0.0,0.0,0.0,0.0,0.0,0.0,-0.0
183.675,0.0,0.0,-0.0,0.0,-0.0,0.0,0.0,66862.04587861481,0.0,0.0,-0.0,0.0,0.0,0.0,0.0,0.0,0.0,0.0
141.26,-0.0,-0.0,0.0,-0.0,0.0,-0.0,0.0,66862.04587861481,0.0,0.0,0.0,0.0,0.0,0.0,0.0,0.0,0.0,-0.0
114.9475,0.0,0.0,0.0,0.0,0.0,0.0,0.0,66862.04587861481,0.0,0.0,0.0,0.0,0.0,0.0,0.0,0.0,0.0,0.0
101.9925,0.0,0.0,-0.0,0.0,-0.0,0.0,0.0,66862.04587861481,0.0,0.0,-0.0,0.0,0.0,0.0,0.0,0.0,0.0,0.0
90.1875,-0.0,-0.0,0.0,0.0,0.0,0.0,0.0,66862.04587861481,0.0,0.0,0.0,0.0,0.0,0.0,0.0,0.0,0.0,0.0
89.945,-0.0,-0.0,0.0,0.0,0.0,0.0,0.0,66862.04587861481,0.0,0.0,0.0,0.0,0.0,0.0,0.0,0.0,0.0,0.0
83.9575,-0.0,-0.0,0.0,0.0,0.0,0.0,0.0,66862.04587861481,0.0,0.0,0.0,0.0,0.0,0.0,0.0,0.0,0.0,0.0
79.18,-0.0,-0.0,0.0,0.0,0.0,0.0,0.0,66862.04587861481,0.0,0.0,0.0,0.0,0.0,0.0,0.0,0.0,0.0,0.0
73.255,0.0,0.0,-0.0,0.0,-0.0,0.0,0.0,66862.04587861481,0.0,0.0,-0.0,0.0,0.0,0.0,0.0,0.0,0.0,0.0
67.725,0.052704627669473036,0.10540925533894607,0.11111111111111122,0.0,0.10540925533894607,0.0,-8.715000000000007,66853.33087861481,0.0,0.0,0.11111111111111122,0.0,0.0,0.0,0.0,0.0,0.0,0.0
65.9675,0.5270462766947299,1.0540925533894598,1.0,0.0,0.9486832980505138,0.0,-76.6575,66776.67337861481,0.0,0.0,1.0,0.0,0.0,0.0,0.0,0.0,0.0,0.0
73.1,0.5270462766947299,1.0540925533894598,0.0,0.0,0.0,0.0,0.0,66776.67337861481,0.0,0.0,0.0,0.0,0.0,0.0,0.0,0.0,0.0,0.0
86.8975,0.5270462766947299,1.0540925533894598,0.0,0.0,0.0,0.0,0.0,66776.67337861481,0.0,0.0,0.0,0.0,0.0,0.0,0.0,0.0,0.0,0.0
90.5775,-0.0,-0.0,0.0,1.0,0.0,1.0540925533894598,89.1975,66865.8708786148,0.0,0.0,0.0,0.0,0.0,0.0,0.0,0.0,0.0,1.0
80.5475,0.0,0.0,0.0,0.0,0.0,0.0,0.0,66865.8708786148,0.0,0.0,0.0,0.0,0.0,0.0,0.0,0.0,0.0,0.0
76.905,-0.0,-0.0,0.0,-0.0,0.0,-0.0,0.0,66865.8708786148,0.0,0.0,0.0,0.0,0.0,0.0,0.0,0.0,0.0,-0.0
75.75,-0.0,-0.0,0.0,0.0,0.0,0.0,0.0,66865.8708786148,0.0,0.0,0.0,0.0,0.0,0.0,0.0,0.0,0.0,0.0
72.995,-0.0,-0.0,0.0,0.0,0.0,0.0,0.0,66865.8708786148,0.0,0.0,0.0,0.0,0.0,0.0,0.0,0.0,0.0,0.0
69.995,-0.0,-0.0,0.0,0.0,0.0,0.0,0.0,66865.8708786148,0.0,0.0,0.0,0.0,0.0,0.0,0.0,0.0,0.0,0.0
70.62,-0.0,-0.0,0.0,0.0,0.0,0.0,0.0,66865.8708786148,0.0,0.0,0.0,0.0,0.0,0.0,0.0,0.0,0.0,0.0
69.685,-0.0,-0.0,0.0,0.0,0.0,0.0,0.0,66865.8708786148,0.0,0.0,0.0,0.0,0.0,0.0,0.0,0.0,0.0,0.0
73.68,-0.0,-0.0,0.0,0.0,0.0,0.0,0.0,66865.8708786148,0.0,0.0,0.0,0.0,0.0,0.0,0.0,0.0,0.0,0.0
76.69,-0.0,-0.0,0.0,0.0,0.0,0.0,0.0,66865.8708786148,0.0,0.0,0.0,0.0,0.0,0.0,0.0,0.0,0.0,0.0
71.9975,-0.0,-0.0,0.0,0.0,0.0,0.0,0.0,66865.8708786148,0.0,0.0,0.0,0.0,0.0,0.0,0.0,0.0,0.0,0.0
67.8125,-0.0,-0.0,0.0,0.0,0.0,0.0,0.0,66865.8708786148,0.0,0.0,0.0,0.0,0.0,0.0,0.0,0.0,0.0,0.0
60.875,0.0,0.0,0.0,0.0,0.0,0.0,0.0,66865.8708786148,0.0,0.0,0.0,0.0,0.0,0.0,0.0,0.0,0.0,0.0
57.86,-0.0,-0.0,0.0,-0.0,0.0,-0.0,0.0,66865.8708786148,0.0,0.0,0.0,0.0,0.0,0.0,0.0,0.0,0.0,-0.0
55.0075,-0.0,-0.0,0.0,0.0,0.0,0.0,0.0,66865.8708786148,0.0,0.0,0.0,0.0,0.0,0.0,0.0,0.0,0.0,0.0
52.4575,0.0,0.0,0.0,0.0,0.0,0.0,0.0,66865.8708786148,0.0,0.0,0.0,0.0,0.0,0.0,0.0,0.0,0.0,0.0
39.6825,-0.0,-0.0,0.0,0.0,0.0,0.0,0.0,66865.8708786148,0.0,0.0,0.0,0.0,0.0,0.0,0.0,0.0,0.0,0.0
40.805,-0.0,-0.0,0.0,0.0,0.0,0.0,0.0,66865.8708786148,0.0,0.0,0.0,0.0,0.0,0.0,0.0,0.0,0.0,0.0
37.9975,0.4743416490252569,0.9486832980505138,1.0,0.0,0.9486832980505138,0.0,-48.2875,66817.5833786148,0.0,0.0,1.0,0.0,0.0,0.0,0.0,0.0,0.0,0.0
37.985,0.9486832980505138,1.8973665961010275,1.0,0.0,0.9486832980505138,0.0,-48.275,66769.3083786148,0.0,0.0,1.0,0.0,0.0,0.0,0.0,0.0,0.0,0.0
38.885,1.0,2.0,0.10818510677891963,0.0,0.10263340389897246,0.0,-5.321084476921162,66763.98729413789,0.0,0.0,0.10818510677891963,0.0,0.0,0.0,0.0,0.0,0.0,0.0
42.38,1.0,2.0,0.0,0.0,0.0,0.0,0.0,66763.98729413789,0.0,0.0,0.0,0.0,0.0,0.0,0.0,0.0,0.0,0.0
48.5025,1.0,2.0,0.0,0.0,0.0,0.0,0.0,66763.98729413789,0.0,0.0,0.0,0.0,0.0,0.0,0.0,0.0,0.0,0.0
72.5275,1.0,2.0,0.0,0.0,0.0,0.0,0.0,66763.98729413789,0.0,0.0,0.0,0.0,0.0,0.0,0.0,0.0,0.0,0.0
76.3225,0.4729537233052701,0.9459074466105402,0.0,1.0,0.0,1.0540925533894598,74.94250000000001,66838.92979413789,0.0,0.0,0.0,0.0,0.0,0.0,0.0,0.0,0.0,1.0
73.72,-0.0,-0.0,0.0,0.8973665961010275,0.0,0.9459074466105402,64.91549956194832,66903.84529369984,0.0,0.0,0.0,0.0,0.0,0.0,0.0,0.0,0.0,0.8973665961010275
73.695,-0.0,-0.0,0.0,0.0,0.0,0.0,0.0,66903.84529369984,0.0,0.0,0.0,0.0,0.0,0.0,0.0,0.0,0.0,0.0
67.6225,0.0,0.0,0.0,0.0,0.0,0.0,0.0,66903.84529369984,0.0,0.0,0.0,0.0,0.0,0.0,0.0,0.0,0.0,0.0
68.4425,-0.0,-0.0,0.0,0.0,0.0,0.0,0.0,66903.84529369984,0.0,0.0,0.0,0.0,0.0,0.0,0.0,0.0,0.0,0.0
69.2,-0.0,-0.0,0.0,0.0,0.0,0.0,0.0,66903.84529369984,0.0,0.0,0.0,0.0,0.0,0.0,0.0,0.0,0.0,0.0
69.56,-0.0,-0.0,0.0,0.0,0.0,0.0,0.0,66903.84529369984,0.0,0.0,0.0,0.0,0.0,0.0,0.0,0.0,0.0,0.0
71.995,-0.0,-0.0,0.0,-0.0,0.0,-0.0,0.0,66903.84529369984,0.0,0.0,0.0,0.0,0.0,0.0,0.0,0.0,0.0,-0.0
70.09,-0.0,-0.0,0.0,0.0,0.0,0.0,0.0,66903.84529369984,0.0,0.0,0.0,0.0,0.0,0.0,0.0,0.0,0.0,0.0
68.225,-0.0,-0.0,0.0,0.0,0.0,0.0,0.0,66903.84529369984,0.0,0.0,0.0,0.0,0.0,0.0,0.0,0.0,0.0,0.0
65.295,-0.0,-0.0,0.0,0.0,0.0,0.0,0.0,66903.84529369984,0.0,0.0,0.0,0.0,0.0,0.0,0.0,0.0,0.0,0.0
58.88,-0.0,-0.0,0.0,0.0,0.0,0.0,0.0,66903.84529369984,0.0,0.0,0.0,0.0,0.0,0.0,0.0,0.0,0.0,0.0
56.3925,-0.0,-0.0,0.0,0.0,0.0,0.0,0.0,66903.84529369984,0.0,0.0,0.0,0.0,0.0,0.0,0.0,0.0,0.0,0.0
53.4425,0.0,0.0,0.0,0.0,0.0,0.0,0.0,66903.84529369984,0.0,0.0,0.0,0.0,0.0,0.0,0.0,0.0,0.0,0.0
52.6525,0.4743416490252569,0.9486832980505138,1.0,0.0,0.9486832980505138,0.0,-63.1525,66840.69279369984,0.0,0.0,1.0,0.0,0.0,0.0,0.0,0.0,0.0,0.0
54.04,0.4743416490252569,0.9486832980505138,0.0,0.0,0.0,0.0,0.0,66840.69279369984,0.0,0.0,0.0,0.0,0.0,0.0,0.0,0.0,0.0,0.0
47.0,0.9486832980505138,1.8973665961010275,1.0,0.0,0.9486832980505138,0.0,-57.42,66783.27279369984,0.0,0.0,1.0,0.0,0.0,0.0,0.0,0.0,0.0,0.0
53.0225,1.0,2.0,0.10818510677891963,0.0,0.10263340389897246,0.0,-6.872188445363922,66776.40060525447,0.0,0.0,0.10818510677891963,0.0,0.0,0.0,0.0,0.0,0.0,0.0
54.97,1.0,2.0,0.0,0.0,0.0,0.0,0.0,66776.40060525447,0.0,0.0,0.0,0.0,0.0,0.0,0.0,0.0,0.0,0.0
57.0,1.0,2.0,0.0,0.0,0.0,0.0,0.0,66776.40060525447,0.0,0.0,0.0,0.0,0.0,0.0,0.0,0.0,0.0,0.0
56.6925,1.0,2.0,0.0,0.0,0.0,0.0,0.0,66776.40060525447,0.0,0.0,0.0,0.0,0.0,0.0,0.0,0.0,0.0,0.0
56.5,1.0,2.0,0.0,0.0,0.0,0.0,0.0,66776.40060525447,0.0,0.0,0.0,0.0,0.0,0.0,0.0,0.0,0.0,0.0
58.28,1.0,2.0,0.0,0.0,0.0,0.0,0.0,66776.40060525447,0.0,0.0,0.0,0.0,0.0,0.0,0.0,0.0,0.0,0.0
63.745,1.0,2.0,0.0,0.0,0.0,0.0,0.0,66776.40060525447,0.0,0.0,0.0,0.0,0.0,0.0,0.0,0.0,0.0,0.0
68.3925,1.0,2.0,0.0,0.0,0.0,0.0,0.0,66776.40060525447,0.0,0.0,0.0,0.0,0.0,0.0,0.0,0.0,0.0,0.0
72.4025,1.0,2.0,0.0,-0.0,0.0,-0.0,0.0,66776.40060525447,0.0,0.0,0.0,0.0,0.0,0.0,0.0,0.0,0.0,-0.0
72.115,1.0,2.0,0.0,0.0,0.0,0.0,0.0,66776.40060525447,0.0,0.0,0.0,0.0,0.0,0.0,0.0,0.0,0.0,0.0
72.2525,1.0,2.0,0.0,0.0,0.0,0.0,0.0,66776.40060525447,0.0,0.0,0.0,0.0,0.0,0.0,0.0,0.0,0.0,0.0
72.3975,1.0,2.0,0.0,0.0,0.0,0.0,0.0,66776.40060525447,0.0,0.0,0.0,0.0,0.0,0.0,0.0,0.0,0.0,0.0
77.41,1.0,2.0,0.0,-0.0,0.0,-0.0,0.0,66776.40060525447,0.0,0.0,0.0,0.0,0.0,0.0,0.0,0.0,0.0,-0.0
85.8475,1.0,2.0,0.0,-0.0,0.0,-0.0,0.0,66776.40060525447,0.0,0.0,0.0,0.0,0.0,0.0,0.0,0.0,0.0,-0.0
88.9975,1.0,2.0,0.0,-0.0,0.0,-0.0,0.0,66776.40060525447,0.0,0.0,0.0,0.0,0.0,0.0,0.0,0.0,0.0,-0.0
92.9975,1.0,2.0,0.0,-0.0,0.0,-0.0,0.0,66776.40060525447,0.0,0.0,0.0,0.0,0.0,0.0,0.0,0.0,0.0,-0.0
99.5175,0.4729537233052701,0.9459074466105402,0.0,1.0,0.0,1.0540925533894598,98.1375,66874.53810525447,0.0,0.0,0.0,0.0,0.0,0.0,0.0,0.0,0.0,1.0
96.9975,0.0,0.0,0.0,0.8973665961010275,0.0,0.9459074466105402,85.80395050269,66960.34205575717,0.0,0.0,0.0,0.0,0.0,0.0,0.0,0.0,0.0,0.8973665961010275
88.43,0.0,0.0,0.0,-0.0,0.0,-0.0,0.0,66960.34205575717,0.0,0.0,0.0,0.0,0.0,0.0,0.0,0.0,0.0,-0.0
81.1125,0.0,0.0,0.0,-0.0,0.0,-0.0,0.0,66960.34205575717,0.0,0.0,0.0,0.0,0.0,0.0,0.0,0.0,0.0,-0.0
78.3875,0.0,0.0,0.0,-0.0,0.0,-0.0,0.0,66960.34205575717,0.0,0.0,0.0,0.0,0.0,0.0,0.0,0.0,0.0,-0.0
75.4525,0.0,0.0,0.0,-0.0,0.0,-0.0,0.0,66960.34205575717,0.0,0.0,0.0,0.0,0.0,0.0,0.0,0.0,0.0,-0.0
74.4875,-0.0,-0.0,0.0,-0.0,0.0,-0.0,0.0,66960.34205575717,0.0,0.0,0.0,0.0,0.0,0.0,0.0,0.0,0.0,-0.0
61.215,-0.0,-0.0,0.0,0.0,0.0,0.0,0.0,66960.34205575717,0.0,0.0,0.0,0.0,0.0,0.0,0.0,0.0,0.0,0.0
64.06,-0.0,-0.0,0.0,0.0,0.0,0.0,0.0,66960.34205575717,0.0,0.0,0.0,0.0,0.0,0.0,0.0,0.0,0.0,0.0
60.9225,-0.0,-0.0,0.0,0.0,0.0,0.0,0.0,66960.34205575717,0.0,0.0,0.0,0.0,0.0,0.0,0.0,0.0,0.0,0.0
56.2,0.0,0.0,0.0,0.0,0.0,0.0,0.0,66960.34205575717,0.0,0.0,0.0,0.0,0.0,0.0,0.0,0.0,0.0,0.0
53.5075,0.05131670194948623,0.10263340389897246,0.10818510677891963,0.0,0.10263340389897246,0.0,-6.925740073219487,66953.41631568395,0.0,0.0,0.10818510677891963,0.0,0.0,0.0,0.0,0.0,0.0,0.0
48.925,0.5256583509747431,1.0513167019494862,1.0,0.0,0.9486832980505138,0.0,-59.364999999999995,66894.05131568394,0.0,0.0,1.0,0.0,0.0,0.0,0.0,0.0,0.0,0.0
53.12,1.0,2.0,1.0,0.0,0.9486832980505138,0.0,-63.62,66830.43131568395,0.0,0.0,1.0,0.0,0.0,0.0,0.0,0.0,0.0,0.0
56.9975,1.0,2.0,0.0,0.0,0.0,0.0,0.0,66830.43131568395,0.0,0.0,0.0,0.0,0.0,0.0,0.0,0.0,0.0,0.0
58.1075,1.0,2.0,0.0,0.0,0.0,0.0,0.0,66830.43131568395,0.0,0.0,0.0,0.0,0.0,0.0,0.0,0.0,0.0,0.0
59.3,1.0,2.0,0.0,0.0,0.0,0.0,0.0,66830.43131568395,0.0,0.0,0.0,0.0,0.0,0.0,0.0,0.0,0.0,0.0
56.6325,1.0,2.0,0.0,0.0,0.0,0.0,0.0,66830.43131568395,0.0,0.0,0.0,0.0,0.0,0.0,0.0,0.0,0.0,0.0
54.8825,1.0,2.0,0.0,0.0,0.0,0.0,0.0,66830.43131568395,0.0,0.0,0.0,0.0,0.0,0.0,0.0,0.0,0.0,0.0
55.8375,1.0,2.0,0.0,0.0,0.0,0.0,0.0,66830.43131568395,0.0,0.0,0.0,0.0,0.0,0.0,0.0,0.0,0.0,0.0
55.675,1.0,2.0,0.0,0.0,0.0,0.0,0.0,66830.43131568395,0.0,0.0,0.0,0.0,0.0,0.0,0.0,0.0,0.0,0.0
56.8,1.0,2.0,0.0,0.0,0.0,0.0,0.0,66830.43131568395,0.0,0.0,0.0,0.0,0.0,0.0,0.0,0.0,0.0,0.0
60.12,1.0,2.0,0.0,0.0,0.0,0.0,0.0,66830.43131568395,0.0,0.0,0.0,0.0,0.0,0.0,0.0,0.0,0.0,0.0
64.1475,1.0,2.0,0.0,0.0,0.0,0.0,0.0,66830.43131568395,0.0,0.0,0.0,0.0,0.0,0.0,0.0,0.0,0.0,0.0
70.555,1.0,2.0,0.0,0.0,0.0,0.0,0.0,66830.43131568395,0.0,0.0,0.0,0.0,0.0,0.0,0.0,0.0,0.0,0.0
68.2975,1.0,2.0,0.0,0.0,0.0,0.0,0.0,66830.43131568395,0.0,0.0,0.0,0.0,0.0,0.0,0.0,0.0,0.0,0.0
66.7375,1.0,2.0,0.0,0.0,0.0,0.0,0.0,66830.43131568395,0.0,0.0,0.0,0.0,0.0,0.0,0.0,0.0,0.0,0.0
65.3925,1.0,2.0,0.0,0.0,0.0,0.0,0.0,66830.43131568395,0.0,0.0,0.0,0.0,0.0,0.0,0.0,0.0,0.0,0.0
64.505,1.0,2.0,0.0,0.0,0.0,0.0,0.0,66830.43131568395,0.0,0.0,0.0,0.0,0.0,0.0,0.0,0.0,0.0,0.0
63.7625,1.0,2.0,0.0,0.0,0.0,0.0,0.0,66830.43131568395,0.0,0.0,0.0,0.0,0.0,0.0,0.0,0.0,0.0,0.0
64.565,1.0,2.0,0.0,0.0,0.0,0.0,0.0,66830.43131568395,0.0,0.0,0.0,0.0,0.0,0.0,0.0,0.0,0.0,0.0
62.9975,1.0,2.0,0.0,0.0,0.0,0.0,0.0,66830.43131568395,0.0,0.0,0.0,0.0,0.0,0.0,0.0,0.0,0.0,0.0
61.8,1.0,2.0,0.0,0.0,0.0,0.0,0.0,66830.43131568395,0.0,0.0,0.0,0.0,0.0,0.0,0.0,0.0,0.0,0.0
60.6,1.0,2.0,0.0,0.0,0.0,0.0,0.0,66830.43131568395,0.0,0.0,0.0,0.0,0.0,0.0,0.0,0.0,0.0,0.0
54.735,1.0,2.0,0.0,0.0,0.0,0.0,0.0,66830.43131568395,0.0,0.0,0.0,0.0,0.0,0.0,0.0,0.0,0.0,0.0
57.715,1.0,2.0,0.0,0.0,0.0,0.0,0.0,66830.43131568395,0.0,0.0,0.0,0.0,0.0,0.0,0.0,0.0,0.0,0.0
56.2125,1.0,2.0,0.0,0.0,0.0,0.0,0.0,66830.43131568395,0.0,0.0,0.0,0.0,0.0,0.0,0.0,0.0,0.0,0.0
61.595,1.0,2.0,0.0,0.0,0.0,0.0,0.0,66830.43131568395,0.0,0.0,0.0,0.0,0.0,0.0,0.0,0.0,0.0,0.0
78.7725,1.0,2.0,0.0,-0.0,0.0,-0.0,0.0,66830.43131568395,0.0,0.0,0.0,0.0,0.0,0.0,0.0,0.0,0.0,-0.0
79.02,1.0,2.0,0.0,0.0,0.0,0.0,0.0,66830.43131568395,0.0,0.0,0.0,0.0,0.0,0.0,0.0,0.0,0.0,0.0
81.9975,0.4729537233052701,0.9459074466105402,0.0,1.0,0.0,1.0540925533894598,80.6175,66911.04881568394,0.0,0.0,0.0,0.0,0.0,0.0,0.0,0.0,0.0,1.0
81.605,-0.0,-0.0,0.0,0.8973665961010275,0.0,0.9459074466105402,71.99123517220494,66983.04005085614,0.0,0.0,0.0,0.0,0.0,0.0,0.0,0.0,0.0,0.8973665961010275
79.3375,-0.0,-0.0,0.0,0.0,0.0,0.0,0.0,66983.04005085614,0.0,0.0,0.0,0.0,0.0,0.0,0.0,0.0,0.0,0.0
76.81,-0.0,-0.0,0.0,0.0,0.0,0.0,0.0,66983.04005085614,0.0,0.0,0.0,0.0,0.0,0.0,0.0,0.0,0.0,0.0
78.8275,-0.0,-0.0,0.0,0.0,0.0,0.0,0.0,66983.04005085614,0.0,0.0,0.0,0.0,0.0,0.0,0.0,0.0,0.0,0.0
78.0025,-0.0,-0.0,0.0,0.0,0.0,0.0,0.0,66983.04005085614,0.0,0.0,0.0,0.0,0.0,0.0,0.0,0.0,0.0,0.0
78.8075,-0.0,-0.0,0.0,0.0,0.0,0.0,0.0,66983.04005085614,0.0,0.0,0.0,0.0,0.0,0.0,0.0,0.0,0.0,0.0
81.2775,-0.0,-0.0,0.0,0.0,0.0,0.0,0.0,66983.04005085614,0.0,0.0,0.0,0.0,0.0,0.0,0.0,0.0,0.0,0.0
81.0025,-0.0,-0.0,0.0,0.0,0.0,0.0,0.0,66983.04005085614,0.0,0.0,0.0,0.0,0.0,0.0,0.0,0.0,0.0,0.0
75.145,-0.0,-0.0,0.0,0.0,0.0,0.0,0.0,66983.04005085614,0.0,0.0,0.0,0.0,0.0,0.0,0.0,0.0,0.0,0.0
70.585,0.0,0.0,0.0,0.0,0.0,0.0,0.0,66983.04005085614,0.0,0.0,0.0,0.0,0.0,0.0,0.0,0.0,0.0,0.0
67.3825,-0.0,-0.0,0.0,-0.0,0.0,-0.0,0.0,66983.04005085614,0.0,0.0,0.0,0.0,0.0,0.0,0.0,0.0,0.0,-0.0
64.4925,-0.0,-0.0,0.0,0.0,0.0,0.0,0.0,66983.04005085614,0.0,0.0,0.0,0.0,0.0,0.0,0.0,0.0,0.0,0.0
61.79,-0.0,-0.0,0.0,0.0,0.0,0.0,0.0,66983.04005085614,0.0,0.0,0.0,0.0,0.0,0.0,0.0,0.0,0.0,0.0
59.355,-0.0,-0.0,0.0,0.0,0.0,0.0,0.0,66983.04005085614,0.0,0.0,0.0,0.0,0.0,0.0,0.0,0.0,0.0,0.0
53.9725,-0.0,-0.0,0.0,0.0,0.0,0.0,0.0,66983.04005085614,0.0,0.0,0.0,0.0,0.0,0.0,0.0,0.0,0.0,0.0
51.9825,0.0,0.0,0.0,0.0,0.0,0.0,0.0,66983.04005085614,0.0,0.0,0.0,0.0,0.0,0.0,0.0,0.0,0.0,0.0
47.985,0.05131670194948623,0.10263340389897246,0.10818510677891963,0.0,0.10263340389897246,0.0,-6.31963301249059,66976.72041784365,0.0,0.0,0.10818510677891963,0.0,0.0,0.0,0.0,0.0,0.0,0.0
45.47,0.5256583509747431,1.0513167019494862,1.0,0.0,0.9486832980505138,0.0,-55.87,66920.85041784366,0.0,0.0,1.0,0.0,0.0,0.0,0.0,0.0,0.0,0.0
46.6525,1.0,2.0,1.0,0.0,0.9486832980505138,0.0,-57.0625,66863.78791784366,0.0,0.0,1.0,0.0,0.0,0.0,0.0,0.0,0.0,0.0
50.545,1.0,2.0,0.0,0.0,0.0,0.0,0.0,66863.78791784366,0.0,0.0,0.0,0.0,0.0,0.0,0.0,0.0,0.0,0.0
60.615,1.0,2.0,0.0,0.0,0.0,0.0,0.0,66863.78791784366,0.0,0.0,0.0,0.0,0.0,0.0,0.0,0.0,0.0,0.0
67.2375,1.0,2.0,0.0,-0.0,0.0,-0.0,0.0,66863.78791784366,0.0,0.0,0.0,0.0,0.0,0.0,0.0,0.0,0.0,-0.0
70.5525,1.0,2.0,0.0,-0.0,0.0,-0.0,0.0,66863.78791784366,0.0,0.0,0.0,0.0,0.0,0.0,0.0,0.0,0.0,-0.0
70.0425,1.0,2.0,0.0,0.0,0.0,0.0,0.0,66863.78791784366,0.0,0.0,0.0,0.0,0.0,0.0,0.0,0.0,0.0,0.0
78.2425,1.0,2.0,0.0,-0.0,0.0,-0.0,0.0,66863.78791784366,0.0,0.0,0.0,0.0,0.0,0.0,0.0,0.0,0.0,-0.0
74.9175,1.0,2.0,0.0,0.0,0.0,0.0,0.0,66863.78791784366,0.0,0.0,0.0,0.0,0.0,0.0,0.0,0.0,0.0,0.0
78.98,1.0,2.0,0.0,-0.0,0.0,-0.0,0.0,66863.78791784366,0.0,0.0,0.0,0.0,0.0,0.0,0.0,0.0,0.0,-0.0
88.46,1.0,2.0,0.0,-0.0,0.0,-0.0,0.0,66863.78791784366,0.0,0.0,0.0,0.0,0.0,0.0,0.0,0.0,0.0,-0.0
90.1125,1.0,2.0,0.0,-0.0,0.0,-0.0,0.0,66863.78791784366,0.0,0.0,0.0,0.0,0.0,0.0,0.0,0.0,0.0,-0.0
96.5825,1.0,2.0,0.0,-0.0,0.0,-0.0,0.0,66863.78791784366,0.0,0.0,0.0,0.0,0.0,0.0,0.0,0.0,0.0,-0.0
120.72,1.0,2.0,0.0,0.0,0.0,0.0,0.0,66863.78791784366,0.0,0.0,0.0,0.0,0.0,0.0,0.0,0.0,0.0,0.0
140.4875,0.4729537233052701,0.9459074466105402,0.0,1.0,0.0,1.0540925533894598,139.10750000000002,67002.89541784365,0.0,0.0,0.0,0.0,0.0,0.0,0.0,0.0,0.0,1.0
119.53,0.4729537233052701,0.9459074466105402,0.0,0.0,0.0,0.0,0.0,67002.89541784365,0.0,0.0,0.0,0.0,0.0,0.0,0.0,0.0,0.0,0.0
122.0,0.0,0.0,0.0,0.8973665961010275,0.0,0.9459074466105402,108.24035882170594,67111.13577666537,0.0,0.0,0.0,0.0,0.0,0.0,0.0,0.0,0.0,0.8973665961010275
104.19,-0.0,-0.0,0.0,0.0,0.0,0.0,0.0,67111.13577666537,0.0,0.0,0.0,0.0,0.0,0.0,0.0,0.0,0.0,0.0
99.8725,-0.0,-0.0,0.0,0.0,0.0,0.0,0.0,67111.13577666537,0.0,0.0,0.0,0.0,0.0,0.0,0.0,0.0,0.0,0.0
94.515,-0.0,-0.0,0.0,0.0,0.0,0.0,0.0,67111.13577666537,0.0,0.0,0.0,0.0,0.0,0.0,0.0,0.0,0.0,0.0
96.0325,-0.0,-0.0,0.0,0.0,0.0,0.0,0.0,67111.13577666537,0.0,0.0,0.0,0.0,0.0,0.0,0.0,0.0,0.0,0.0
90.8025,-0.0,-0.0,0.0,0.0,0.0,0.0,0.0,67111.13577666537,0.0,0.0,0.0,0.0,0.0,0.0,0.0,0.0,0.0,0.0
89.0725,0.05131670194948623,0.10263340389897246,0.10818510677891963,0.0,0.10263340389897246,0.0,-10.827435949201224,67100.30834071616,0.0,0.0,0.10818510677891963,0.0,0.0,0.0,0.0,0.0,0.0,0.0
90.1575,0.05131670194948623,0.10263340389897246,0.0,0.0,0.0,0.0,0.0,67100.30834071616,0.0,0.0,0.0,0.0,0.0,0.0,0.0,0.0,0.0,0.0
87.8575,0.5256583509747431,1.0513167019494862,1.0,0.0,0.9486832980505138,0.0,-98.8575,67001.45084071616,0.0,0.0,1.0,0.0,0.0,0.0,0.0,0.0,0.0,0.0
85.0,1.0,2.0,1.0,0.0,0.9486832980505138,0.0,-95.96000000000001,66905.49084071616,0.0,0.0,1.0,0.0,0.0,0.0,0.0,0.0,0.0,0.0
92.6225,1.0,2.0,0.0,0.0,0.0,0.0,0.0,66905.49084071616,0.0,0.0,0.0,0.0,0.0,0.0,0.0,0.0,0.0,0.0
107.2325,1.0,2.0,0.0,0.0,0.0,0.0,0.0,66905.49084071616,0.0,0.0,0.0,0.0,0.0,0.0,0.0,0.0,0.0,0.0
140.695,1.0,2.0,0.0,-0.0,0.0,-0.0,0.0,66905.49084071616,0.0,0.0,0.0,0.0,0.0,0.0,0.0,0.0,0.0,-0.0
188.08,0.4729537233052701,0.9459074466105402,0.0,1.0,0.0,1.0540925533894598,186.70000000000002,67092.19084071615,0.0,0.0,0.0,0.0,0.0,0.0,0.0,0.0,0.0,1.0
169.835,0.4729537233052701,0.9459074466105402,0.0,0.0,0.0,0.0,0.0,67092.19084071615,0.0,0.0,0.0,0.0,0.0,0.0,0.0,0.0,0.0,0.0
149.9425,0.4729537233052701,0.9459074466105402,0.0,0.0,0.0,0.0,0.0,67092.19084071615,0.0,0.0,0.0,0.0,0.0,0.0,0.0,0.0,0.0,0.0
145.355,0.5256583509747431,1.0513167019494862,0.11111111111111122,0.0,0.10540925533894607,0.0,-17.462777777777795,67074.72806293837,0.0,0.0,0.11111111111111122,0.0,0.0,0.0,0.0,0.0,0.0,0.0
142.6775,1.0,2.0,1.0,0.0,0.9486832980505138,0.0,-154.4575,66920.27056293837,0.0,0.0,1.0,0.0,0.0,0.0,0.0,0.0,0.0,0.0
148.1025,1.0,2.0,-0.0,0.0,-0.0,0.0,0.0,66920.27056293837,0.0,0.0,-0.0,0.0,0.0,0.0,0.0,0.0,0.0,0.0
180.605,1.0,2.0,-0.0,0.0,-0.0,0.0,0.0,66920.27056293837,0.0,0.0,-0.0,0.0,0.0,0.0,0.0,0.0,0.0,0.0
221.6225,1.0,2.0,0.0,0.0,0.0,0.0,0.0,66920.27056293837,0.0,0.0,0.0,0.0,0.0,0.0,0.0,0.0,0.0,0.0
275.5675,0.4729537233052701,0.9459074466105402,0.0,1.0,0.0,1.0540925533894598,274.1875,67194.45806293837,0.0,0.0,0.0,0.0,0.0,0.0,0.0,0.0,0.0,1.0
248.6675,0.0,0.0,0.0,0.8973665961010275,0.0,0.9459074466105402,221.90754213333284,67416.36560507171,0.0,0.0,0.0,0.0,0.0,0.0,0.0,0.0,0.0,0.8973665961010275
198.285,0.0,0.0,-0.0,0.0,-0.0,0.0,0.0,67416.36560507171,0.0,0.0,-0.0,0.0,0.0,0.0,0.0,0.0,0.0,0.0
168.52,0.0,0.0,-0.0,0.0,-0.0,0.0,0.0,67416.36560507171,0.0,0.0,-0.0,0.0,0.0,0.0,0.0,0.0,0.0,0.0
142.1575,0.0,0.0,-0.0,0.0,-0.0,0.0,0.0,67416.36560507171,0.0,0.0,-0.0,0.0,0.0,0.0,0.0,0.0,0.0,0.0
117.8925,-0.0,-0.0,0.0,-0.0,0.0,-0.0,0.0,67416.36560507171,0.0,0.0,0.0,0.0,0.0,0.0,0.0,0.0,0.0,-0.0
104.55,0.0,0.0,0.0,0.0,0.0,0.0,0.0,67416.36560507171,0.0,0.0,0.0,0.0,0.0,0.0,0.0,0.0,0.0,0.0
91.635,0.05131670194948623,0.10263340389897246,0.10818510677891963,0.0,0.10263340389897246,0.0,-11.108987689593363,67405.25661738211,0.0,0.0,0.10818510677891963,0.0,0.0,0.0,0.0,0.0,0.0,0.0
97.3825,0.05131670194948623,0.10263340389897246,0.0,0.0,0.0,0.0,0.0,67405.25661738211,0.0,0.0,0.0,0.0,0.0,0.0,0.0,0.0,0.0,0.0
93.8825,0.05131670194948623,0.10263340389897246,0.0,0.0,0.0,0.0,0.0,67405.25661738211,0.0,0.0,0.0,0.0,0.0,0.0,0.0,0.0,0.0,0.0
90.8325,0.5256583509747431,1.0513167019494862,1.0,0.0,0.9486832980505138,0.0,-101.8725,67303.38411738211,0.0,0.0,1.0,0.0,0.0,0.0,0.0,0.0,0.0,0.0
90.3575,1.0,2.0,1.0,0.0,0.9486832980505138,0.0,-101.3875,67201.99661738212,0.0,0.0,1.0,0.0,0.0,0.0,0.0,0.0,0.0,0.0
92.3275,1.0,2.0,0.0,0.0,0.0,0.0,0.0,67201.99661738212,0.0,0.0,0.0,0.0,0.0,0.0,0.0,0.0,0.0,0.0
96.755,1.0,2.0,0.0,0.0,0.0,0.0,0.0,67201.99661738212,0.0,0.0,0.0,0.0,0.0,0.0,0.0,0.0,0.0,0.0
112.305,1.0,2.0,0.0,0.0,0.0,0.0,0.0,67201.99661738212,0.0,0.0,0.0,0.0,0.0,0.0,0.0,0.0,0.0,0.0
128.41,1.0,2.0,0.0,-0.0,0.0,-0.0,0.0,67201.99661738212,0.0,0.0,0.0,0.0,0.0,0.0,0.0,0.0,0.0,-0.0
144.7025,1.0,2.0,0.0,-0.0,0.0,-0.0,0.0,67201.99661738212,0.0,0.0,0.0,0.0,0.0,0.0,0.0,0.0,0.0,-0.0
145.57,1.0,2.0,0.0,0.0,0.0,0.0,0.0,67201.99661738212,0.0,0.0,0.0,0.0,0.0,0.0,0.0,0.0,0.0,0.0
138.405,1.0,2.0,0.0,0.0,0.0,0.0,0.0,67201.99661738212,0.0,0.0,0.0,0.0,0.0,0.0,0.0,0.0,0.0,0.0
148.0925,1.0,2.0,0.0,-0.0,0.0,-0.0,0.0,67201.99661738212,0.0,0.0,0.0,0.0,0.0,0.0,0.0,0.0,0.0,-0.0
141.96,1.0,2.0,0.0,0.0,0.0,0.0,0.0,67201.99661738212,0.0,0.0,0.0,0.0,0.0,0.0,0.0,0.0,0.0,0.0
145.1825,1.0,2.0,0.0,0.0,0.0,0.0,0.0,67201.99661738212,0.0,0.0,0.0,0.0,0.0,0.0,0.0,0.0,0.0,0.0
152.0575,0.4729537233052701,0.9459074466105402,0.0,1.0,0.0,1.0540925533894598,150.6775,67352.67411738212,0.0,0.0,0.0,0.0,0.0,0.0,0.0,0.0,0.0,1.0
150.9925,-0.0,-0.0,0.0,0.8973665961010275,0.0,0.9459074466105402,134.25725985916498,67486.93137724129,0.0,0.0,0.0,0.0,0.0,0.0,0.0,0.0,0.0,0.8973665961010275
144.7575,-0.0,-0.0,0.0,0.0,0.0,0.0,0.0,67486.93137724129,0.0,0.0,0.0,0.0,0.0,0.0,0.0,0.0,0.0,0.0
144.6975,-0.0,-0.0,0.0,0.0,0.0,0.0,0.0,67486.93137724129,0.0,0.0,0.0,0.0,0.0,0.0,0.0,0.0,0.0,0.0
142.3325,-0.0,-0.0,0.0,0.0,0.0,0.0,0.0,67486.93137724129,0.0,0.0,0.0,0.0,0.0,0.0,0.0,0.0,0.0,0.0
134.56,0.0,0.0,0.0,0.0,0.0,0.0,0.0,67486.93137724129,0.0,0.0,0.0,0.0,0.0,0.0,0.0,0.0,0.0,0.0
118.1075,0.0,0.0,-0.0,0.0,-0.0,0.0,0.0,67486.93137724129,0.0,0.0,-0.0,0.0,0.0,0.0,0.0,0.0,0.0,0.0
103.3525,-0.0,-0.0,0.0,0.0,0.0,0.0,0.0,67486.93137724129,0.0,0.0,0.0,0.0,0.0,0.0,0.0,0.0,0.0,0.0
97.0525,-0.0,-0.0,0.0,0.0,0.0,0.0,0.0,67486.93137724129,0.0,0.0,0.0,0.0,0.0,0.0,0.0,0.0,0.0,0.0
90.2125,-0.0,-0.0,0.0,0.0,0.0,0.0,0.0,67486.93137724129,0.0,0.0,0.0,0.0,0.0,0.0,0.0,0.0,0.0,0.0
95.6175,-0.0,-0.0,0.0,0.0,0.0,0.0,0.0,67486.93137724129,0.0,0.0,0.0,0.0,0.0,0.0,0.0,0.0,0.0,0.0
93.8625,-0.0,-0.0,0.0,0.0,0.0,0.0,0.0,67486.93137724129,0.0,0.0,0.0,0.0,0.0,0.0,0.0,0.0,0.0,0.0
90.1175,0.05131670194948623,0.10263340389897246,0.10818510677891963,0.0,0.10263340389897246,0.0,-10.942653087920773,67475.98872415337,0.0,0.0,0.10818510677891963,0.0,0.0,0.0,0.0,0.0,0.0,0.0
85.6625,0.5256583509747431,1.0513167019494862,1.0,0.0,0.9486832980505138,0.0,-96.6325,67379.35622415337,0.0,0.0,1.0,0.0,0.0,0.0,0.0,0.0,0.0,0.0
81.8175,1.0,2.0,1.0,0.0,0.9486832980505138,0.0,-92.72749999999999,67286.62872415337,0.0,0.0,1.0,0.0,0.0,0.0,0.0,0.0,0.0,0.0
90.485,1.0,2.0,0.0,0.0,0.0,0.0,0.0,67286.62872415337,0.0,0.0,0.0,0.0,0.0,0.0,0.0,0.0,0.0,0.0
117.9325,1.0,2.0,0.0,-0.0,0.0,-0.0,0.0,67286.62872415337,0.0,0.0,0.0,0.0,0.0,0.0,0.0,0.0,0.0,-0.0
162.415,1.0,2.0,0.0,0.0,0.0,0.0,0.0,67286.62872415337,0.0,0.0,0.0,0.0,0.0,0.0,0.0,0.0,0.0,0.0
184.4325,0.4729537233052701,0.9459074466105402,0.0,1.0,0.0,1.0540925533894598,183.0525,67469.68122415338,0.0,0.0,0.0,0.0,0.0,0.0,0.0,0.0,0.0,1.0
184.1425,-0.0,-0.0,0.0,0.8973665961010275,0.0,0.9459074466105402,164.00496251991405,67633.6861866733,0.0,0.0,0.0,0.0,0.0,0.0,0.0,0.0,0.0,0.8973665961010275
171.3475,-0.0,-0.0,0.0,0.0,0.0,0.0,0.0,67633.6861866733,0.0,0.0,0.0,0.0,0.0,0.0,0.0,0.0,0.0,0.0
167.515,-0.0,-0.0,0.0,0.0,0.0,0.0,0.0,67633.6861866733,0.0,0.0,0.0,0.0,0.0,0.0,0.0,0.0,0.0,0.0
161.56,-0.0,-0.0,0.0,0.0,0.0,0.0,0.0,67633.6861866733,0.0,0.0,0.0,0.0,0.0,0.0,0.0,0.0,0.0,0.0
157.4475,0.0,0.0,0.0,0.0,0.0,0.0,0.0,67633.6861866733,0.0,0.0,0.0,0.0,0.0,0.0,0.0,0.0,0.0,0.0
161.1775,-0.0,-0.0,0.0,0.0,0.0,0.0,0.0,67633.6861866733,0.0,0.0,0.0,0.0,0.0,0.0,0.0,0.0,0.0,0.0
162.3475,-0.0,-0.0,0.0,0.0,0.0,0.0,0.0,67633.6861866733,0.0,0.0,0.0,0.0,0.0,0.0,0.0,0.0,0.0,0.0
169.4975,0.0,0.0,0.0,-0.0,0.0,-0.0,0.0,67633.6861866733,0.0,0.0,0.0,0.0,0.0,0.0,0.0,0.0,0.0,-0.0
157.3825,-0.0,-0.0,0.0,-0.0,0.0,-0.0,0.0,67633.6861866733,0.0,0.0,0.0,0.0,0.0,0.0,0.0,0.0,0.0,-0.0
142.325,0.0,0.0,0.0,0.0,0.0,0.0,0.0,67633.6861866733,0.0,0.0,0.0,0.0,0.0,0.0,0.0,0.0,0.0,0.0
117.9125,-0.0,-0.0,0.0,0.0,0.0,0.0,0.0,67633.6861866733,0.0,0.0,0.0,0.0,0.0,0.0,0.0,0.0,0.0,0.0
108.3525,-0.0,-0.0,0.0,0.0,0.0,0.0,0.0,67633.6861866733,0.0,0.0,0.0,0.0,0.0,0.0,0.0,0.0,0.0,0.0
97.555,0.0,0.0,-0.0,0.0,-0.0,0.0,0.0,67633.6861866733,0.0,0.0,-0.0,0.0,0.0,0.0,0.0,0.0,0.0,0.0
86.96,-0.0,-0.0,0.0,0.0,0.0,0.0,0.0,67633.6861866733,0.0,0.0,0.0,0.0,0.0,0.0,0.0,0.0,0.0,0.0
84.1225,0.0,0.0,-0.0,0.0,-0.0,0.0,0.0,67633.6861866733,0.0,0.0,-0.0,0.0,0.0,0.0,0.0,0.0,0.0,0.0
78.145,-0.0,-0.0,0.0,0.0,0.0,0.0,0.0,67633.6861866733,0.0,0.0,0.0,0.0,0.0,0.0,0.0,0.0,0.0,0.0
75.09,-0.0,-0.0,0.0,0.0,0.0,0.0,0.0,67633.6861866733,0.0,0.0,0.0,0.0,0.0,0.0,0.0,0.0,0.0,0.0
70.87,-0.0,-0.0,0.0,0.0,0.0,0.0,0.0,67633.6861866733,0.0,0.0,0.0,0.0,0.0,0.0,0.0,0.0,0.0,0.0
65.075,-0.0,-0.0,0.0,0.0,0.0,0.0,0.0,67633.6861866733,0.0,0.0,0.0,0.0,0.0,0.0,0.0,0.0,0.0,0.0
61.74,0.0,0.0,-0.0,0.0,-0.0,0.0,0.0,67633.6861866733,0.0,0.0,-0.0,0.0,0.0,0.0,0.0,0.0,0.0,0.0
57.0325,0.4743416490252569,0.9486832980505138,1.0,0.0,0.9486832980505138,0.0,-67.5925,67566.0936866733,0.0,0.0,1.0,0.0,0.0,0.0,0.0,0.0,0.0,0.0
56.605,0.9486832980505138,1.8973665961010275,1.0,0.0,0.9486832980505138,0.0,-67.155,67498.9386866733,0.0,0.0,1.0,0.0,0.0,0.0,0.0,0.0,0.0,0.0
61.745,0.9486832980505138,1.8973665961010275,0.0,0.0,0.0,0.0,0.0,67498.9386866733,0.0,0.0,0.0,0.0,0.0,0.0,0.0,0.0,0.0,0.0
71.145,0.9486832980505138,1.8973665961010275,0.0,0.0,0.0,0.0,0.0,67498.9386866733,0.0,0.0,0.0,0.0,0.0,0.0,0.0,0.0,0.0,0.0
76.135,0.9486832980505138,1.8973665961010275,0.0,0.0,0.0,0.0,0.0,67498.9386866733,0.0,0.0,0.0,0.0,0.0,0.0,0.0,0.0,0.0,0.0
76.3425,0.9486832980505138,1.8973665961010275,0.0,0.0,0.0,0.0,0.0,67498.9386866733,0.0,0.0,0.0,0.0,0.0,0.0,0.0,0.0,0.0,0.0
77.415,0.9486832980505138,1.8973665961010275,0.0,0.0,0.0,0.0,0.0,67498.9386866733,0.0,0.0,0.0,0.0,0.0,0.0,0.0,0.0,0.0,0.0
76.1125,0.9486832980505138,1.8973665961010275,0.0,0.0,0.0,0.0,0.0,67498.9386866733,0.0,0.0,0.0,0.0,0.0,0.0,0.0,0.0,0.0,0.0
77.025,0.9486832980505138,1.8973665961010275,0.0,0.0,0.0,0.0,0.0,67498.9386866733,0.0,0.0,0.0,0.0,0.0,0.0,0.0,0.0,0.0,0.0
77.98,0.9486832980505138,1.8973665961010275,0.0,0.0,0.0,0.0,0.0,67498.9386866733,0.0,0.0,0.0,0.0,0.0,0.0,0.0,0.0,0.0,0.0
80.2575,0.9486832980505138,1.8973665961010275,0.0,0.0,0.0,0.0,0.0,67498.9386866733,0.0,0.0,0.0,0.0,0.0,0.0,0.0,0.0,0.0,0.0
80.7375,0.5783629786442162,1.1567259572884323,0.0,0.7026334038989722,0.0,0.7406406388125952,55.759230349912684,67554.69791702321,0.0,0.0,0.0,0.0,0.0,0.0,0.0,0.0,0.0,0.7026334038989722
82.5,0.05131670194948623,0.10263340389897246,0.0,1.0,0.0,1.0540925533894598,81.12,67635.8179170232,0.0,0.0,0.0,0.0,0.0,0.0,0.0,0.0,0.0,1.0
80.645,0.05131670194948623,0.10263340389897246,0.0,0.0,0.0,0.0,0.0,67635.8179170232,0.0,0.0,0.0,0.0,0.0,0.0,0.0,0.0,0.0,0.0
79.185,0.05131670194948623,0.10263340389897246,0.0,0.0,0.0,0.0,0.0,67635.8179170232,0.0,0.0,0.0,0.0,0.0,0.0,0.0,0.0,0.0,0.0
76.095,0.05131670194948623,0.10263340389897246,0.0,0.0,0.0,0.0,0.0,67635.8179170232,0.0,0.0,0.0,0.0,0.0,0.0,0.0,0.0,0.0,0.0
73.2475,0.05131670194948623,0.10263340389897246,0.0,0.0,0.0,0.0,0.0,67635.8179170232,0.0,0.0,0.0,0.0,0.0,0.0,0.0,0.0,0.0,0.0
71.3425,0.05131670194948623,0.10263340389897246,0.0,0.0,0.0,0.0,0.0,67635.8179170232,0.0,0.0,0.0,0.0,0.0,0.0,0.0,0.0,0.0,0.0
69.53,0.05131670194948623,0.10263340389897246,0.0,0.0,0.0,0.0,0.0,67635.8179170232,0.0,0.0,0.0,0.0,0.0,0.0,0.0,0.0,0.0,0.0
67.3225,0.05131670194948623,0.10263340389897246,0.0,0.0,0.0,0.0,0.0,67635.8179170232,0.0,0.0,0.0,0.0,0.0,0.0,0.0,0.0,0.0,0.0
60.995,0.05131670194948623,0.10263340389897246,0.0,0.0,0.0,0.0,0.0,67635.8179170232,0.0,0.0,0.0,0.0,0.0,0.0,0.0,0.0,0.0,0.0
59.4225,0.5256583509747431,1.0513167019494862,1.0,0.0,0.9486832980505138,0.0,-70.0125,67565.8054170232,0.0,0.0,1.0,0.0,0.0,0.0,0.0,0.0,0.0,0.0
58.56,1.0,2.0,1.0,0.0,0.9486832980505138,0.0,-69.14,67496.6654170232,0.0,0.0,1.0,0.0,0.0,0.0,0.0,0.0,0.0,0.0
62.075,1.0,2.0,0.0,0.0,0.0,0.0,0.0,67496.6654170232,0.0,0.0,0.0,0.0,0.0,0.0,0.0,0.0,0.0,0.0
62.005,1.0,2.0,0.0,0.0,0.0,0.0,0.0,67496.6654170232,0.0,0.0,0.0,0.0,0.0,0.0,0.0,0.0,0.0,0.0
63.72,1.0,2.0,0.0,0.0,0.0,0.0,0.0,67496.6654170232,0.0,0.0,0.0,0.0,0.0,0.0,0.0,0.0,0.0,0.0
71.835,1.0,2.0,0.0,0.0,0.0,0.0,0.0,67496.6654170232,0.0,0.0,0.0,0.0,0.0,0.0,0.0,0.0,0.0,0.0
77.9975,1.0,2.0,0.0,0.0,0.0,0.0,0.0,67496.6654170232,0.0,0.0,0.0,0.0,0.0,0.0,0.0,0.0,0.0,0.0
85.555,1.0,2.0,0.0,-0.0,0.0,-0.0,0.0,67496.6654170232,0.0,0.0,0.0,0.0,0.0,0.0,0.0,0.0,0.0,-0.0
90.53,1.0,2.0,0.0,-0.0,0.0,-0.0,0.0,67496.6654170232,0.0,0.0,0.0,0.0,0.0,0.0,0.0,0.0,0.0,-0.0
91.9225,1.0,2.0,0.0,0.0,0.0,0.0,0.0,67496.6654170232,0.0,0.0,0.0,0.0,0.0,0.0,0.0,0.0,0.0,0.0
97.4375,1.0,2.0,0.0,0.0,0.0,0.0,0.0,67496.6654170232,0.0,0.0,0.0,0.0,0.0,0.0,0.0,0.0,0.0,0.0
99.5725,1.0,2.0,0.0,0.0,0.0,0.0,0.0,67496.6654170232,0.0,0.0,0.0,0.0,0.0,0.0,0.0,0.0,0.0,0.0
104.145,1.0,2.0,0.0,0.0,0.0,0.0,0.0,67496.6654170232,0.0,0.0,0.0,0.0,0.0,0.0,0.0,0.0,0.0,0.0
105.735,1.0,2.0,0.0,0.0,0.0,0.0,0.0,67496.6654170232,0.0,0.0,0.0,0.0,0.0,0.0,0.0,0.0,0.0,0.0
108.5,0.5270462766947299,1.0540925533894598,0.0,0.8973665961010275,0.0,0.9459074466105402,96.12590977434206,67592.79132679755,0.0,0.0,0.0,0.0,0.0,0.0,0.0,0.0,0.0,0.8973665961010275
111.82,0.0,0.0,0.0,1.0,0.0,1.0540925533894598,110.44,67703.23132679756,0.0,0.0,0.0,0.0,0.0,0.0,0.0,0.0,0.0,1.0
96.88,-0.0,-0.0,0.0,0.0,0.0,0.0,0.0,67703.23132679756,0.0,0.0,0.0,0.0,0.0,0.0,0.0,0.0,0.0,0.0
87.4625,-0.0,-0.0,0.0,0.0,0.0,0.0,0.0,67703.23132679756,0.0,0.0,0.0,0.0,0.0,0.0,0.0,0.0,0.0,0.0
80.37,0.0,0.0,-0.0,0.0,-0.0,0.0,0.0,67703.23132679756,0.0,0.0,-0.0,0.0,0.0,0.0,0.0,0.0,0.0,0.0
71.8075,-0.0,-0.0,0.0,0.0,0.0,0.0,0.0,67703.23132679756,0.0,0.0,0.0,0.0,0.0,0.0,0.0,0.0,0.0,0.0
64.795,0.0,0.0,-0.0,0.0,-0.0,0.0,0.0,67703.23132679756,0.0,0.0,-0.0,0.0,0.0,0.0,0.0,0.0,0.0,0.0
41.7375,0.0,0.0,-0.0,0.0,-0.0,0.0,0.0,67703.23132679756,0.0,0.0,-0.0,0.0,0.0,0.0,0.0,0.0,0.0,0.0
19.27,-0.0,-0.0,0.0,0.0,0.0,0.0,0.0,67703.23132679756,0.0,0.0,0.0,0.0,0.0,0.0,0.0,0.0,0.0,0.0
12.4775,0.05131670194948623,0.10263340389897246,0.10818510677891963,0.0,0.10263340389897246,0.0,-2.4241577801486414,67700.80716901741,0.0,0.0,0.10818510677891963,0.0,0.0,0.0,0.0,0.0,0.0,0.0
11.7,0.5256583509747431,1.0513167019494862,1.0,0.0,0.9486832980505138,0.0,-21.619999999999997,67679.18716901742,0.0,0.0,1.0,0.0,0.0,0.0,0.0,0.0,0.0,0.0
6.995,1.0,2.0,1.0,0.0,0.9486832980505138,0.0,-16.845,67662.34216901741,0.0,0.0,1.0,0.0,0.0,0.0,0.0,0.0,0.0,0.0
12.89,1.0,2.0,-0.0,0.0,-0.0,0.0,0.0,67662.34216901741,0.0,0.0,-0.0,0.0,0.0,0.0,0.0,0.0,0.0,0.0
26.965,1.0,2.0,0.0,-0.0,0.0,-0.0,0.0,67662.34216901741,0.0,0.0,0.0,0.0,0.0,0.0,0.0,0.0,0.0,-0.0
46.975,1.0,2.0,0.0,-0.0,0.0,-0.0,0.0,67662.34216901741,0.0,0.0,0.0,0.0,0.0,0.0,0.0,0.0,0.0,-0.0
64.5475,1.0,2.0,0.0,-0.0,0.0,-0.0,0.0,67662.34216901741,0.0,0.0,0.0,0.0,0.0,0.0,0.0,0.0,0.0,-0.0
67.18,1.0,2.0,0.0,0.0,0.0,0.0,0.0,67662.34216901741,0.0,0.0,0.0,0.0,0.0,0.0,0.0,0.0,0.0,0.0
67.75,1.0,2.0,0.0,-0.0,0.0,-0.0,0.0,67662.34216901741,0.0,0.0,0.0,0.0,0.0,0.0,0.0,0.0,0.0,-0.0
66.98,1.0,2.0,0.0,0.0,0.0,0.0,0.0,67662.34216901741,0.0,0.0,0.0,0.0,0.0,0.0,0.0,0.0,0.0,0.0
66.435,1.0,2.0,0.0,0.0,0.0,0.0,0.0,67662.34216901741,0.0,0.0,0.0,0.0,0.0,0.0,0.0,0.0,0.0,0.0
67.3675,1.0,2.0,0.0,0.0,0.0,0.0,0.0,67662.34216901741,0.0,0.0,0.0,0.0,0.0,0.0,0.0,0.0,0.0,0.0
66.345,1.0,2.0,0.0,0.0,0.0,0.0,0.0,67662.34216901741,0.0,0.0,0.0,0.0,0.0,0.0,0.0,0.0,0.0,0.0
66.0725,1.0,2.0,0.0,0.0,0.0,0.0,0.0,67662.34216901741,0.0,0.0,0.0,0.0,0.0,0.0,0.0,0.0,0.0,0.0
69.645,1.0,2.0,0.0,-0.0,0.0,-0.0,0.0,67662.34216901741,0.0,0.0,0.0,0.0,0.0,0.0,0.0,0.0,0.0,-0.0
69.6075,1.0,2.0,0.0,0.0,0.0,0.0,0.0,67662.34216901741,0.0,0.0,0.0,0.0,0.0,0.0,0.0,0.0,0.0,0.0
72.0925,1.0,2.0,0.0,-0.0,0.0,-0.0,0.0,67662.34216901741,0.0,0.0,0.0,0.0,0.0,0.0,0.0,0.0,0.0,-0.0
69.6025,1.0,2.0,0.0,0.0,0.0,0.0,0.0,67662.34216901741,0.0,0.0,0.0,0.0,0.0,0.0,0.0,0.0,0.0,0.0
66.08,1.0,2.0,0.0,0.0,0.0,0.0,0.0,67662.34216901741,0.0,0.0,0.0,0.0,0.0,0.0,0.0,0.0,0.0,0.0
64.9025,1.0,2.0,0.0,0.0,0.0,0.0,0.0,67662.34216901741,0.0,0.0,0.0,0.0,0.0,0.0,0.0,0.0,0.0,0.0
64.13,1.0,2.0,0.0,0.0,0.0,0.0,0.0,67662.34216901741,0.0,0.0,0.0,0.0,0.0,0.0,0.0,0.0,0.0,0.0
62.8025,1.0,2.0,0.0,0.0,0.0,0.0,0.0,67662.34216901741,0.0,0.0,0.0,0.0,0.0,0.0,0.0,0.0,0.0,0.0
61.5775,1.0,2.0,0.0,0.0,0.0,0.0,0.0,67662.34216901741,0.0,0.0,0.0,0.0,0.0,0.0,0.0,0.0,0.0,0.0
68.065,1.0,2.0,0.0,0.0,0.0,0.0,0.0,67662.34216901741,0.0,0.0,0.0,0.0,0.0,0.0,0.0,0.0,0.0,0.0
66.0775,1.0,2.0,0.0,0.0,0.0,0.0,0.0,67662.34216901741,0.0,0.0,0.0,0.0,0.0,0.0,0.0,0.0,0.0,0.0
66.9425,1.0,2.0,0.0,0.0,0.0,0.0,0.0,67662.34216901741,0.0,0.0,0.0,0.0,0.0,0.0,0.0,0.0,0.0,0.0
67.515,1.0,2.0,0.0,0.0,0.0,0.0,0.0,67662.34216901741,0.0,0.0,0.0,0.0,0.0,0.0,0.0,0.0,0.0,0.0
64.2425,1.0,2.0,0.0,0.0,0.0,0.0,0.0,67662.34216901741,0.0,0.0,0.0,0.0,0.0,0.0,0.0,0.0,0.0,0.0
62.16,1.0,2.0,0.0,0.0,0.0,0.0,0.0,67662.34216901741,0.0,0.0,0.0,0.0,0.0,0.0,0.0,0.0,0.0,0.0
80.7725,1.0,2.0,0.0,-0.0,0.0,-0.0,0.0,67662.34216901741,0.0,0.0,0.0,0.0,0.0,0.0,0.0,0.0,0.0,-0.0
98.9425,1.0,2.0,0.0,0.0,0.0,0.0,0.0,67662.34216901741,0.0,0.0,0.0,0.0,0.0,0.0,0.0,0.0,0.0,0.0
103.2,0.5270462766947299,1.0540925533894598,0.0,0.8973665961010275,0.0,0.9459074466105402,91.36986681500662,67753.71203583242,0.0,0.0,0.0,0.0,0.0,0.0,0.0,0.0,0.0,0.8973665961010275
104.6675,-0.0,-0.0,0.0,1.0,0.0,1.0540925533894598,103.28750000000001,67856.99953583242,0.0,0.0,0.0,0.0,0.0,0.0,0.0,0.0,0.0,1.0
95.3275,-0.0,-0.0,0.0,0.0,0.0,0.0,0.0,67856.99953583242,0.0,0.0,0.0,0.0,0.0,0.0,0.0,0.0,0.0,0.0
92.805,-0.0,-0.0,0.0,0.0,0.0,0.0,0.0,67856.99953583242,0.0,0.0,0.0,0.0,0.0,0.0,0.0,0.0,0.0,0.0
89.3725,-0.0,-0.0,0.0,0.0,0.0,0.0,0.0,67856.99953583242,0.0,0.0,0.0,0.0,0.0,0.0,0.0,0.0,0.0,0.0
91.9125,-0.0,-0.0,0.0,0.0,0.0,0.0,0.0,67856.99953583242,0.0,0.0,0.0,0.0,0.0,0.0,0.0,0.0,0.0,0.0
91.11,-0.0,-0.0,0.0,0.0,0.0,0.0,0.0,67856.99953583242,0.0,0.0,0.0,0.0,0.0,0.0,0.0,0.0,0.0,0.0
99.685,0.0,0.0,0.0,0.0,0.0,0.0,0.0,67856.99953583242,0.0,0.0,0.0,0.0,0.0,0.0,0.0,0.0,0.0,0.0
96.6025,-0.0,-0.0,0.0,0.0,0.0,0.0,0.0,67856.99953583242,0.0,0.0,0.0,0.0,0.0,0.0,0.0,0.0,0.0,0.0
97.6675,-0.0,-0.0,0.0,0.0,0.0,0.0,0.0,67856.99953583242,0.0,0.0,0.0,0.0,0.0,0.0,0.0,0.0,0.0,0.0
89.105,-0.0,-0.0,0.0,0.0,0.0,0.0,0.0,67856.99953583242,0.0,0.0,0.0,0.0,0.0,0.0,0.0,0.0,0.0,0.0
80.4475,-0.0,-0.0,0.0,0.0,0.0,0.0,0.0,67856.99953583242,0.0,0.0,0.0,0.0,0.0,0.0,0.0,0.0,0.0,0.0
76.2575,0.0,0.0,-0.0,0.0,-0.0,0.0,0.0,67856.99953583242,0.0,0.0,-0.0,0.0,0.0,0.0,0.0,0.0,0.0,0.0
68.7125,-0.0,-0.0,0.0,-0.0,0.0,-0.0,0.0,67856.99953583242,0.0,0.0,0.0,0.0,0.0,0.0,0.0,0.0,0.0,-0.0
62.595,0.0,0.0,0.0,0.0,0.0,0.0,0.0,67856.99953583242,0.0,0.0,0.0,0.0,0.0,0.0,0.0,0.0,0.0,0.0
48.0025,-0.0,-0.0,0.0,-0.0,0.0,-0.0,0.0,67856.99953583242,0.0,0.0,0.0,0.0,0.0,0.0,0.0,0.0,0.0,-0.0
41.1825,-0.0,-0.0,0.0,0.0,0.0,0.0,0.0,67856.99953583242,0.0,0.0,0.0,0.0,0.0,0.0,0.0,0.0,0.0,0.0
33.38,0.0,0.0,0.0,0.0,0.0,0.0,0.0,67856.99953583242,0.0,0.0,0.0,0.0,0.0,0.0,0.0,0.0,0.0,0.0
27.915,0.4743416490252569,0.9486832980505138,1.0,0.0,0.9486832980505138,0.0,-38.065,67818.93453583242,0.0,0.0,1.0,0.0,0.0,0.0,0.0,0.0,0.0,0.0
28.86,0.9486832980505138,1.8973665961010275,1.0,0.0,0.9486832980505138,0.0,-39.019999999999996,67779.91453583242,0.0,0.0,1.0,0.0,0.0,0.0,0.0,0.0,0.0,0.0
29.305,1.0,2.0,0.10818510677891963,0.0,0.10263340389897246,0.0,-4.270607090097853,67775.64392874231,0.0,0.0,0.10818510677891963,0.0,0.0,0.0,0.0,0.0,0.0,0.0
34.0375,1.0,2.0,0.0,0.0,0.0,0.0,0.0,67775.64392874231,0.0,0.0,0.0,0.0,0.0,0.0,0.0,0.0,0.0,0.0
43.9925,1.0,2.0,0.0,0.0,0.0,0.0,0.0,67775.64392874231,0.0,0.0,0.0,0.0,0.0,0.0,0.0,0.0,0.0,0.0
61.1475,1.0,2.0,0.0,0.0,0.0,0.0,0.0,67775.64392874231,0.0,0.0,0.0,0.0,0.0,0.0,0.0,0.0,0.0,0.0
73.53,0.4729537233052701,0.9459074466105402,0.0,1.0,0.0,1.0540925533894598,72.15,67847.7939287423,0.0,0.0,0.0,0.0,0.0,0.0,0.0,0.0,0.0,1.0
68.6525,0.4729537233052701,0.9459074466105402,0.0,0.0,0.0,0.0,0.0,67847.7939287423,0.0,0.0,0.0,0.0,0.0,0.0,0.0,0.0,0.0,0.0
69.205,-0.0,-0.0,0.0,0.8973665961010275,0.0,0.9459074466105402,60.86388938055219,67908.65781812285,0.0,0.0,0.0,0.0,0.0,0.0,0.0,0.0,0.0,0.8973665961010275
66.14,-0.0,-0.0,0.0,0.0,0.0,0.0,0.0,67908.65781812285,0.0,0.0,0.0,0.0,0.0,0.0,0.0,0.0,0.0,0.0
63.29,-0.0,-0.0,0.0,0.0,0.0,0.0,0.0,67908.65781812285,0.0,0.0,0.0,0.0,0.0,0.0,0.0,0.0,0.0,0.0
62.8575,-0.0,-0.0,0.0,0.0,0.0,0.0,0.0,67908.65781812285,0.0,0.0,0.0,0.0,0.0,0.0,0.0,0.0,0.0,0.0
64.375,-0.0,-0.0,0.0,0.0,0.0,0.0,0.0,67908.65781812285,0.0,0.0,0.0,0.0,0.0,0.0,0.0,0.0,0.0,0.0
63.5375,-0.0,-0.0,0.0,0.0,0.0,0.0,0.0,67908.65781812285,0.0,0.0,0.0,0.0,0.0,0.0,0.0,0.0,0.0,0.0
65.0525,-0.0,-0.0,0.0,0.0,0.0,0.0,0.0,67908.65781812285,0.0,0.0,0.0,0.0,0.0,0.0,0.0,0.0,0.0,0.0
65.0925,-0.0,-0.0,0.0,0.0,0.0,0.0,0.0,67908.65781812285,0.0,0.0,0.0,0.0,0.0,0.0,0.0,0.0,0.0,0.0
62.74,0.0,0.0,0.0,0.0,0.0,0.0,0.0,67908.65781812285,0.0,0.0,0.0,0.0,0.0,0.0,0.0,0.0,0.0,0.0
58.175,-0.0,-0.0,0.0,0.0,0.0,0.0,0.0,67908.65781812285,0.0,0.0,0.0,0.0,0.0,0.0,0.0,0.0,0.0,0.0
55.6075,-0.0,-0.0,0.0,0.0,0.0,0.0,0.0,67908.65781812285,0.0,0.0,0.0,0.0,0.0,0.0,0.0,0.0,0.0,0.0
55.785,-0.0,-0.0,0.0,0.0,0.0,0.0,0.0,67908.65781812285,0.0,0.0,0.0,0.0,0.0,0.0,0.0,0.0,0.0,0.0
54.7175,-0.0,-0.0,0.0,0.0,0.0,0.0,0.0,67908.65781812285,0.0,0.0,0.0,0.0,0.0,0.0,0.0,0.0,0.0,0.0
54.005,-0.0,-0.0,0.0,0.0,0.0,0.0,0.0,67908.65781812285,0.0,0.0,0.0,0.0,0.0,0.0,0.0,0.0,0.0,0.0
49.9275,-0.0,-0.0,0.0,0.0,0.0,0.0,0.0,67908.65781812285,0.0,0.0,0.0,0.0,0.0,0.0,0.0,0.0,0.0,0.0
46.055,-0.0,-0.0,0.0,0.0,0.0,0.0,0.0,67908.65781812285,0.0,0.0,0.0,0.0,0.0,0.0,0.0,0.0,0.0,0.0
42.145,0.0,0.0,-0.0,0.0,-0.0,0.0,0.0,67908.65781812285,0.0,0.0,-0.0,0.0,0.0,0.0,0.0,0.0,0.0,0.0
36.8875,0.0,0.0,-0.0,0.0,-0.0,0.0,0.0,67908.65781812285,0.0,0.0,-0.0,0.0,0.0,0.0,0.0,0.0,0.0,0.0
33.99,0.4743416490252569,0.9486832980505138,1.0,0.0,0.9486832980505138,0.0,-44.22,67864.43781812285,0.0,0.0,1.0,0.0,0.0,0.0,0.0,0.0,0.0,0.0
40.6275,0.4743416490252569,0.9486832980505138,0.0,0.0,0.0,0.0,0.0,67864.43781812285,0.0,0.0,0.0,0.0,0.0,0.0,0.0,0.0,0.0,0.0
51.9875,-0.0,-0.0,0.0,0.8999999999999999,0.0,0.9486832980505138,45.546749999999996,67909.98456812285,0.0,0.0,0.0,0.0,0.0,0.0,0.0,0.0,0.0,0.8999999999999999
43.9375,-0.0,-0.0,0.0,0.0,0.0,0.0,0.0,67909.98456812285,0.0,0.0,0.0,0.0,0.0,0.0,0.0,0.0,0.0,0.0
44.85,-0.0,-0.0,0.0,0.0,0.0,0.0,0.0,67909.98456812285,0.0,0.0,0.0,0.0,0.0,0.0,0.0,0.0,0.0,0.0
50.1175,-0.0,-0.0,0.0,0.0,0.0,0.0,0.0,67909.98456812285,0.0,0.0,0.0,0.0,0.0,0.0,0.0,0.0,0.0,0.0
46.44,0.0,0.0,0.0,0.0,0.0,0.0,0.0,67909.98456812285,0.0,0.0,0.0,0.0,0.0,0.0,0.0,0.0,0.0,0.0
9.37,0.4743416490252569,0.9486832980505138,1.0,0.0,0.9486832980505138,0.0,-19.25,67890.73456812285,0.0,0.0,1.0,0.0,0.0,0.0,0.0,0.0,0.0,0.0
7.0225,0.9486832980505138,1.8973665961010275,1.0,0.0,0.9486832980505138,0.0,-16.8725,67873.86206812285,0.0,0.0,1.0,0.0,0.0,0.0,0.0,0.0,0.0,0.0
12.2125,1.0,2.0,0.10818510677891963,0.0,0.10263340389897246,0.0,-2.394406875784439,67871.46766124706,0.0,0.0,0.10818510677891963,0.0,0.0,0.0,0.0,0.0,0.0,0.0
53.825,1.0,2.0,0.0,-0.0,0.0,-0.0,0.0,67871.46766124706,0.0,0.0,0.0,0.0,0.0,0.0,0.0,0.0,0.0,-0.0
70.295,1.0,2.0,0.0,-0.0,0.0,-0.0,0.0,67871.46766124706,0.0,0.0,0.0,0.0,0.0,0.0,0.0,0.0,0.0,-0.0
67.5575,1.0,2.0,0.0,0.0,0.0,0.0,0.0,67871.46766124706,0.0,0.0,0.0,0.0,0.0,0.0,0.0,0.0,0.0,0.0
73.2925,1.0,2.0,0.0,-0.0,0.0,-0.0,0.0,67871.46766124706,0.0,0.0,0.0,0.0,0.0,0.0,0.0,0.0,0.0,-0.0
85.6575,1.0,2.0,0.0,0.0,0.0,0.0,0.0,67871.46766124706,0.0,0.0,0.0,0.0,0.0,0.0,0.0,0.0,0.0,0.0
87.33,1.0,2.0,0.0,-0.0,0.0,-0.0,0.0,67871.46766124706,0.0,0.0,0.0,0.0,0.0,0.0,0.0,0.0,0.0,-0.0
87.875,1.0,2.0,0.0,-0.0,0.0,-0.0,0.0,67871.46766124706,0.0,0.0,0.0,0.0,0.0,0.0,0.0,0.0,0.0,-0.0
81.9975,1.0,2.0,0.0,0.0,0.0,0.0,0.0,67871.46766124706,0.0,0.0,0.0,0.0,0.0,0.0,0.0,0.0,0.0,0.0
83.465,1.0,2.0,0.0,0.0,0.0,0.0,0.0,67871.46766124706,0.0,0.0,0.0,0.0,0.0,0.0,0.0,0.0,0.0,0.0
86.35,1.0,2.0,0.0,0.0,0.0,0.0,0.0,67871.46766124706,0.0,0.0,0.0,0.0,0.0,0.0,0.0,0.0,0.0,0.0
74.5075,1.0,2.0,0.0,0.0,0.0,0.0,0.0,67871.46766124706,0.0,0.0,0.0,0.0,0.0,0.0,0.0,0.0,0.0,0.0
81.965,1.0,2.0,0.0,0.0,0.0,0.0,0.0,67871.46766124706,0.0,0.0,0.0,0.0,0.0,0.0,0.0,0.0,0.0,0.0
84.705,1.0,2.0,0.0,0.0,0.0,0.0,0.0,67871.46766124706,0.0,0.0,0.0,0.0,0.0,0.0,0.0,0.0,0.0,0.0
85.205,1.0,2.0,0.0,0.0,0.0,0.0,0.0,67871.46766124706,0.0,0.0,0.0,0.0,0.0,0.0,0.0,0.0,0.0,0.0
82.83,1.0,2.0,0.0,0.0,0.0,0.0,0.0,67871.46766124706,0.0,0.0,0.0,0.0,0.0,0.0,0.0,0.0,0.0,0.0
83.4425,1.0,2.0,0.0,0.0,0.0,0.0,0.0,67871.46766124706,0.0,0.0,0.0,0.0,0.0,0.0,0.0,0.0,0.0,0.0
92.91,1.0,2.0,0.0,-0.0,0.0,-0.0,0.0,67871.46766124706,0.0,0.0,0.0,0.0,0.0,0.0,0.0,0.0,0.0,-0.0
120.26,1.0,2.0,0.0,-0.0,0.0,-0.0,0.0,67871.46766124706,0.0,0.0,0.0,0.0,0.0,0.0,0.0,0.0,0.0,-0.0
130.8525,1.0,2.0,0.0,0.0,0.0,0.0,0.0,67871.46766124706,0.0,0.0,0.0,0.0,0.0,0.0,0.0,0.0,0.0,0.0
126.9025,1.0,2.0,0.0,0.0,0.0,0.0,0.0,67871.46766124706,0.0,0.0,0.0,0.0,0.0,0.0,0.0,0.0,0.0,0.0
121.955,1.0,2.0,0.0,0.0,0.0,0.0,0.0,67871.46766124706,0.0,0.0,0.0,0.0,0.0,0.0,0.0,0.0,0.0,0.0
118.305,1.0,2.0,0.0,0.0,0.0,0.0,0.0,67871.46766124706,0.0,0.0,0.0,0.0,0.0,0.0,0.0,0.0,0.0,0.0
113.0675,1.0,2.0,-0.0,0.0,-0.0,0.0,0.0,67871.46766124706,0.0,0.0,-0.0,0.0,0.0,0.0,0.0,0.0,0.0,0.0
116.045,1.0,2.0,0.0,0.0,0.0,0.0,0.0,67871.46766124706,0.0,0.0,0.0,0.0,0.0,0.0,0.0,0.0,0.0,0.0
122.235,1.0,2.0,0.0,0.0,0.0,0.0,0.0,67871.46766124706,0.0,0.0,0.0,0.0,0.0,0.0,0.0,0.0,0.0,0.0
127.62,1.0,2.0,0.0,0.0,0.0,0.0,0.0,67871.46766124706,0.0,0.0,0.0,0.0,0.0,0.0,0.0,0.0,0.0,0.0
143.1,0.5270462766947299,1.0540925533894598,0.0,0.8973665961010275,0.0,0.9459074466105402,127.17479399943761,67998.6424552465,0.0,0.0,0.0,0.0,0.0,0.0,0.0,0.0,0.0,0.8973665961010275
145.3375,0.0,0.0,0.0,1.0,0.0,1.0540925533894598,143.9575,68142.59995524651,0.0,0.0,0.0,0.0,0.0,0.0,0.0,0.0,0.0,1.0
130.5675,-0.0,-0.0,0.0,-0.0,0.0,-0.0,0.0,68142.59995524651,0.0,0.0,0.0,0.0,0.0,0.0,0.0,0.0,0.0,-0.0
118.11,0.0,0.0,0.0,0.0,0.0,0.0,0.0,68142.59995524651,0.0,0.0,0.0,0.0,0.0,0.0,0.0,0.0,0.0,0.0
103.325,0.0,0.0,-0.0,0.0,-0.0,0.0,0.0,68142.59995524651,0.0,0.0,-0.0,0.0,0.0,0.0,0.0,0.0,0.0,0.0
96.4675,-0.0,-0.0,0.0,0.0,0.0,0.0,0.0,68142.59995524651,0.0,0.0,0.0,0.0,0.0,0.0,0.0,0.0,0.0,0.0
91.19,-0.0,-0.0,0.0,0.0,0.0,0.0,0.0,68142.59995524651,0.0,0.0,0.0,0.0,0.0,0.0,0.0,0.0,0.0,0.0
90.1125,-0.0,-0.0,0.0,0.0,0.0,0.0,0.0,68142.59995524651,0.0,0.0,0.0,0.0,0.0,0.0,0.0,0.0,0.0,0.0
91.8775,-0.0,-0.0,0.0,0.0,0.0,0.0,0.0,68142.59995524651,0.0,0.0,0.0,0.0,0.0,0.0,0.0,0.0,0.0,0.0
90.5025,-0.0,-0.0,0.0,0.0,0.0,0.0,0.0,68142.59995524651,0.0,0.0,0.0,0.0,0.0,0.0,0.0,0.0,0.0,0.0
86.9975,-0.0,-0.0,0.0,0.0,0.0,0.0,0.0,68142.59995524651,0.0,0.0,0.0,0.0,0.0,0.0,0.0,0.0,0.0,0.0
82.995,-0.0,-0.0,0.0,0.0,0.0,0.0,0.0,68142.59995524651,0.0,0.0,0.0,0.0,0.0,0.0,0.0,0.0,0.0,0.0
80.53,-0.0,-0.0,0.0,0.0,0.0,0.0,0.0,68142.59995524651,0.0,0.0,0.0,0.0,0.0,0.0,0.0,0.0,0.0,0.0
81.4575,-0.0,-0.0,0.0,0.0,0.0,0.0,0.0,68142.59995524651,0.0,0.0,0.0,0.0,0.0,0.0,0.0,0.0,0.0,0.0
77.1475,0.4743416490252569,0.9486832980505138,1.0,0.0,0.9486832980505138,0.0,-87.99749999999999,68054.60245524651,0.0,0.0,1.0,0.0,0.0,0.0,0.0,0.0,0.0,0.0
79.375,0.9486832980505138,1.8973665961010275,1.0,0.0,0.9486832980505138,0.0,-90.255,67964.3474552465,0.0,0.0,1.0,0.0,0.0,0.0,0.0,0.0,0.0,0.0
93.99,0.9486832980505138,1.8973665961010275,0.0,0.0,0.0,0.0,0.0,67964.3474552465,0.0,0.0,0.0,0.0,0.0,0.0,0.0,0.0,0.0,0.0
102.3825,0.42163702135578385,0.8432740427115677,0.0,1.0,0.0,1.0540925533894598,101.0025,68065.34995524651,0.0,0.0,0.0,0.0,0.0,0.0,0.0,0.0,0.0,1.0
98.3375,0.42163702135578385,0.8432740427115677,0.0,0.0,0.0,0.0,0.0,68065.34995524651,0.0,0.0,0.0,0.0,0.0,0.0,0.0,0.0,0.0,0.0
91.375,0.42163702135578385,0.8432740427115677,0.0,0.0,0.0,0.0,0.0,68065.34995524651,0.0,0.0,0.0,0.0,0.0,0.0,0.0,0.0,0.0,0.0
79.96,0.5256583509747431,1.0513167019494862,0.21929621789003084,0.0,0.20804265923791854,0.0,-19.9230613953093,68045.4268938512,0.0,0.0,0.21929621789003084,0.0,0.0,0.0,0.0,0.0,0.0,0.0
79.48,1.0,2.0,1.0,0.0,0.9486832980505138,0.0,-90.36,67955.0668938512,0.0,0.0,1.0,0.0,0.0,0.0,0.0,0.0,0.0,0.0
80.9975,1.0,2.0,0.0,0.0,0.0,0.0,0.0,67955.0668938512,0.0,0.0,0.0,0.0,0.0,0.0,0.0,0.0,0.0,0.0
88.3725,1.0,2.0,0.0,0.0,0.0,0.0,0.0,67955.0668938512,0.0,0.0,0.0,0.0,0.0,0.0,0.0,0.0,0.0,0.0
100.7,1.0,2.0,0.0,0.0,0.0,0.0,0.0,67955.0668938512,0.0,0.0,0.0,0.0,0.0,0.0,0.0,0.0,0.0,0.0
106.25,0.5270462766947299,1.0540925533894598,0.0,0.8973665961010275,0.0,0.9459074466105402,94.10683493311475,68049.17372878431,0.0,0.0,0.0,0.0,0.0,0.0,0.0,0.0,0.0,0.8973665961010275
108.615,-0.0,-0.0,0.0,1.0,0.0,1.0540925533894598,107.235,68156.40872878431,0.0,0.0,0.0,0.0,0.0,0.0,0.0,0.0,0.0,1.0
100.12,0.0,0.0,0.0,0.0,0.0,0.0,0.0,68156.40872878431,0.0,0.0,0.0,0.0,0.0,0.0,0.0,0.0,0.0,0.0
86.99,-0.0,-0.0,0.0,0.0,0.0,0.0,0.0,68156.40872878431,0.0,0.0,0.0,0.0,0.0,0.0,0.0,0.0,0.0,0.0
75.8025,0.0,0.0,-0.0,0.0,-0.0,0.0,0.0,68156.40872878431,0.0,0.0,-0.0,0.0,0.0,0.0,0.0,0.0,0.0,0.0
62.53,-0.0,-0.0,0.0,0.0,0.0,0.0,0.0,68156.40872878431,0.0,0.0,0.0,0.0,0.0,0.0,0.0,0.0,0.0,0.0
56.3175,0.0,0.0,-0.0,0.0,-0.0,0.0,0.0,68156.40872878431,0.0,0.0,-0.0,0.0,0.0,0.0,0.0,0.0,0.0,0.0
52.0,-0.0,-0.0,0.0,-0.0,0.0,-0.0,0.0,68156.40872878431,0.0,0.0,0.0,0.0,0.0,0.0,0.0,0.0,0.0,-0.0
48.11,-0.0,-0.0,0.0,0.0,0.0,0.0,0.0,68156.40872878431,0.0,0.0,0.0,0.0,0.0,0.0,0.0,0.0,0.0,0.0
47.7875,-0.0,-0.0,0.0,0.0,0.0,0.0,0.0,68156.40872878431,0.0,0.0,0.0,0.0,0.0,0.0,0.0,0.0,0.0,0.0
41.535,0.0,0.0,0.0,0.0,0.0,0.0,0.0,68156.40872878431,0.0,0.0,0.0,0.0,0.0,0.0,0.0,0.0,0.0,0.0
34.4,-0.0,-0.0,0.0,0.0,0.0,0.0,0.0,68156.40872878431,0.0,0.0,0.0,0.0,0.0,0.0,0.0,0.0,0.0,0.0
31.2425,0.4743416490252569,0.9486832980505138,1.0,0.0,0.9486832980505138,0.0,-41.4325,68114.97622878432,0.0,0.0,1.0,0.0,0.0,0.0,0.0,0.0,0.0,0.0
30.0275,0.9486832980505138,1.8973665961010275,1.0,0.0,0.9486832980505138,0.0,-40.207499999999996,68074.76872878431,0.0,0.0,1.0,0.0,0.0,0.0,0.0,0.0,0.0,0.0
33.5975,1.0,2.0,0.10818510677891963,0.0,0.10263340389897246,0.0,-4.7414827673531,68070.02724601697,0.0,0.0,0.10818510677891963,0.0,0.0,0.0,0.0,0.0,0.0,0.0
35.03,1.0,2.0,0.0,0.0,0.0,0.0,0.0,68070.02724601697,0.0,0.0,0.0,0.0,0.0,0.0,0.0,0.0,0.0,0.0
35.8,1.0,2.0,0.0,0.0,0.0,0.0,0.0,68070.02724601697,0.0,0.0,0.0,0.0,0.0,0.0,0.0,0.0,0.0,0.0
37.1,1.0,2.0,0.0,0.0,0.0,0.0,0.0,68070.02724601697,0.0,0.0,0.0,0.0,0.0,0.0,0.0,0.0,0.0,0.0
40.0,1.0,2.0,0.0,0.0,0.0,0.0,0.0,68070.02724601697,0.0,0.0,0.0,0.0,0.0,0.0,0.0,0.0,0.0,0.0
37.01,1.0,2.0,0.0,0.0,0.0,0.0,0.0,68070.02724601697,0.0,0.0,0.0,0.0,0.0,0.0,0.0,0.0,0.0,0.0
37.1,1.0,2.0,0.0,0.0,0.0,0.0,0.0,68070.02724601697,0.0,0.0,0.0,0.0,0.0,0.0,0.0,0.0,0.0,0.0
37.855,1.0,2.0,0.0,0.0,0.0,0.0,0.0,68070.02724601697,0.0,0.0,0.0,0.0,0.0,0.0,0.0,0.0,0.0,0.0
39.7425,1.0,2.0,0.0,0.0,0.0,0.0,0.0,68070.02724601697,0.0,0.0,0.0,0.0,0.0,0.0,0.0,0.0,0.0,0.0
50.5575,1.0,2.0,0.0,0.0,0.0,0.0,0.0,68070.02724601697,0.0,0.0,0.0,0.0,0.0,0.0,0.0,0.0,0.0,0.0
51.145,0.4729537233052701,0.9459074466105402,0.0,1.0,0.0,1.0540925533894598,49.765,68119.79224601696,0.0,0.0,0.0,0.0,0.0,0.0,0.0,0.0,0.0,1.0
50.8425,-0.0,-0.0,0.0,0.8973665961010275,0.0,0.9459074466105402,44.385995259647075,68164.17824127662,0.0,0.0,0.0,0.0,0.0,0.0,0.0,0.0,0.0,0.8973665961010275
50.0425,-0.0,-0.0,0.0,0.0,0.0,0.0,0.0,68164.17824127662,0.0,0.0,0.0,0.0,0.0,0.0,0.0,0.0,0.0,0.0
44.5375,-0.0,-0.0,0.0,0.0,0.0,0.0,0.0,68164.17824127662,0.0,0.0,0.0,0.0,0.0,0.0,0.0,0.0,0.0,0.0
47.9875,0.0,0.0,0.0,0.0,0.0,0.0,0.0,68164.17824127662,0.0,0.0,0.0,0.0,0.0,0.0,0.0,0.0,0.0,0.0
45.58,-0.0,-0.0,0.0,0.0,0.0,0.0,0.0,68164.17824127662,0.0,0.0,0.0,0.0,0.0,0.0,0.0,0.0,0.0,0.0
42.8475,-0.0,-0.0,0.0,0.0,0.0,0.0,0.0,68164.17824127662,0.0,0.0,0.0,0.0,0.0,0.0,0.0,0.0,0.0,0.0
30.45,0.05131670194948623,0.10263340389897246,0.10818510677891963,0.0,0.10263340389897246,0.0,-4.395560888427505,68159.78268038819,0.0,0.0,0.10818510677891963,0.0,0.0,0.0,0.0,0.0,0.0,0.0
31.29,0.05131670194948623,0.10263340389897246,0.0,0.0,0.0,0.0,0.0,68159.78268038819,0.0,0.0,0.0,0.0,0.0,0.0,0.0,0.0,0.0,0.0
29.4925,0.5256583509747431,1.0513167019494862,1.0,0.0,0.9486832980505138,0.0,-39.6625,68120.12018038818,0.0,0.0,1.0,0.0,0.0,0.0,0.0,0.0,0.0,0.0
29.035,1.0,2.0,1.0,0.0,0.9486832980505138,0.0,-39.195,68080.92518038818,0.0,0.0,1.0,0.0,0.0,0.0,0.0,0.0,0.0,0.0
30.7775,1.0,2.0,0.0,0.0,0.0,0.0,0.0,68080.92518038818,0.0,0.0,0.0,0.0,0.0,0.0,0.0,0.0,0.0,0.0
33.9975,1.0,2.0,0.0,0.0,0.0,0.0,0.0,68080.92518038818,0.0,0.0,0.0,0.0,0.0,0.0,0.0,0.0,0.0,0.0
43.705,1.0,2.0,0.0,0.0,0.0,0.0,0.0,68080.92518038818,0.0,0.0,0.0,0.0,0.0,0.0,0.0,0.0,0.0,0.0
57.44,1.0,2.0,0.0,-0.0,0.0,-0.0,0.0,68080.92518038818,0.0,0.0,0.0,0.0,0.0,0.0,0.0,0.0,0.0,-0.0
66.975,1.0,2.0,0.0,-0.0,0.0,-0.0,0.0,68080.92518038818,0.0,0.0,0.0,0.0,0.0,0.0,0.0,0.0,0.0,-0.0
68.15,1.0,2.0,0.0,-0.0,0.0,-0.0,0.0,68080.92518038818,0.0,0.0,0.0,0.0,0.0,0.0,0.0,0.0,0.0,-0.0
70.1625,1.0,2.0,0.0,-0.0,0.0,-0.0,0.0,68080.92518038818,0.0,0.0,0.0,0.0,0.0,0.0,0.0,0.0,0.0,-0.0
75.065,1.0,2.0,0.0,-0.0,0.0,-0.0,0.0,68080.92518038818,0.0,0.0,0.0,0.0,0.0,0.0,0.0,0.0,0.0,-0.0
75.9875,1.0,2.0,0.0,-0.0,0.0,-0.0,0.0,68080.92518038818,0.0,0.0,0.0,0.0,0.0,0.0,0.0,0.0,0.0,-0.0
79.9725,1.0,2.0,0.0,0.0,0.0,0.0,0.0,68080.92518038818,0.0,0.0,0.0,0.0,0.0,0.0,0.0,0.0,0.0,0.0
87.0025,1.0,2.0,0.0,0.0,0.0,0.0,0.0,68080.92518038818,0.0,0.0,0.0,0.0,0.0,0.0,0.0,0.0,0.0,0.0
95.0825,1.0,2.0,0.0,0.0,0.0,0.0,0.0,68080.92518038818,0.0,0.0,0.0,0.0,0.0,0.0,0.0,0.0,0.0,0.0
100.0,0.5270462766947299,1.0540925533894598,0.0,0.8973665961010275,0.0,0.9459074466105402,88.49829370748333,68169.42347409566,0.0,0.0,0.0,0.0,0.0,0.0,0.0,0.0,0.0,0.8973665961010275
103.0,0.0,0.0,0.0,1.0,0.0,1.0540925533894598,101.62,68271.04347409566,0.0,0.0,0.0,0.0,0.0,0.0,0.0,0.0,0.0,1.0
97.4925,-0.0,-0.0,0.0,0.0,0.0,0.0,0.0,68271.04347409566,0.0,0.0,0.0,0.0,0.0,0.0,0.0,0.0,0.0,0.0
89.8325,-0.0,-0.0,0.0,0.0,0.0,0.0,0.0,68271.04347409566,0.0,0.0,0.0,0.0,0.0,0.0,0.0,0.0,0.0,0.0
82.8725,-0.0,-0.0,0.0,0.0,0.0,0.0,0.0,68271.04347409566,0.0,0.0,0.0,0.0,0.0,0.0,0.0,0.0,0.0,0.0
79.8025,-0.0,-0.0,0.0,0.0,0.0,0.0,0.0,68271.04347409566,0.0,0.0,0.0,0.0,0.0,0.0,0.0,0.0,0.0,0.0
75.815,0.4743416490252569,0.9486832980505138,1.0,0.0,0.9486832980505138,0.0,-86.645,68184.39847409565,0.0,0.0,1.0,0.0,0.0,0.0,0.0,0.0,0.0,0.0
75.3225,0.9486832980505138,1.8973665961010275,1.0,0.0,0.9486832980505138,0.0,-86.14250000000001,68098.25597409565,0.0,0.0,1.0,0.0,0.0,0.0,0.0,0.0,0.0,0.0
77.7375,0.9486832980505138,1.8973665961010275,0.0,0.0,0.0,0.0,0.0,68098.25597409565,0.0,0.0,0.0,0.0,0.0,0.0,0.0,0.0,0.0,0.0
77.79,0.9486832980505138,1.8973665961010275,0.0,0.0,0.0,0.0,0.0,68098.25597409565,0.0,0.0,0.0,0.0,0.0,0.0,0.0,0.0,0.0,0.0
76.345,1.0,2.0,0.10818510677891963,0.0,0.10263340389897246,0.0,-9.43103668345232,68088.8249374122,0.0,0.0,0.10818510677891963,0.0,0.0,0.0,0.0,0.0,0.0,0.0
77.1675,1.0,2.0,0.0,0.0,0.0,0.0,0.0,68088.8249374122,0.0,0.0,0.0,0.0,0.0,0.0,0.0,0.0,0.0,0.0
78.7975,1.0,2.0,0.0,0.0,0.0,0.0,0.0,68088.8249374122,0.0,0.0,0.0,0.0,0.0,0.0,0.0,0.0,0.0,0.0
80.4025,1.0,2.0,0.0,0.0,0.0,0.0,0.0,68088.8249374122,0.0,0.0,0.0,0.0,0.0,0.0,0.0,0.0,0.0,0.0
86.9825,1.0,2.0,0.0,0.0,0.0,0.0,0.0,68088.8249374122,0.0,0.0,0.0,0.0,0.0,0.0,0.0,0.0,0.0,0.0
89.905,1.0,2.0,0.0,0.0,0.0,0.0,0.0,68088.8249374122,0.0,0.0,0.0,0.0,0.0,0.0,0.0,0.0,0.0,0.0
99.9175,1.0,2.0,0.0,-0.0,0.0,-0.0,0.0,68088.8249374122,0.0,0.0,0.0,0.0,0.0,0.0,0.0,0.0,0.0,-0.0
97.6325,1.0,2.0,0.0,0.0,0.0,0.0,0.0,68088.8249374122,0.0,0.0,0.0,0.0,0.0,0.0,0.0,0.0,0.0,0.0
92.345,1.0,2.0,0.0,0.0,0.0,0.0,0.0,68088.8249374122,0.0,0.0,0.0,0.0,0.0,0.0,0.0,0.0,0.0,0.0
90.6075,1.0,2.0,0.0,0.0,0.0,0.0,0.0,68088.8249374122,0.0,0.0,0.0,0.0,0.0,0.0,0.0,0.0,0.0,0.0
91.5125,1.0,2.0,0.0,0.0,0.0,0.0,0.0,68088.8249374122,0.0,0.0,0.0,0.0,0.0,0.0,0.0,0.0,0.0,0.0
98.395,1.0,2.0,0.0,0.0,0.0,0.0,0.0,68088.8249374122,0.0,0.0,0.0,0.0,0.0,0.0,0.0,0.0,0.0,0.0
120.6575,1.0,2.0,-0.0,0.0,-0.0,0.0,0.0,68088.8249374122,0.0,0.0,-0.0,0.0,0.0,0.0,0.0,0.0,0.0,0.0
136.81,1.0,2.0,0.0,0.0,0.0,0.0,0.0,68088.8249374122,0.0,0.0,0.0,0.0,0.0,0.0,0.0,0.0,0.0,0.0
152.8475,0.5270462766947299,1.0540925533894598,0.0,0.8973665961010275,0.0,0.9459074466105402,135.9218748949324,68224.74681230713,0.0,0.0,0.0,0.0,0.0,0.0,0.0,0.0,0.0,0.8973665961010275
160.9025,0.0,0.0,0.0,1.0,0.0,1.0540925533894598,159.5225,68384.26931230714,0.0,0.0,0.0,0.0,0.0,0.0,0.0,0.0,0.0,1.0
140.855,-0.0,-0.0,0.0,0.0,0.0,0.0,0.0,68384.26931230714,0.0,0.0,0.0,0.0,0.0,0.0,0.0,0.0,0.0,0.0
137.095,-0.0,-0.0,0.0,0.0,0.0,0.0,0.0,68384.26931230714,0.0,0.0,0.0,0.0,0.0,0.0,0.0,0.0,0.0,0.0
126.1975,-0.0,-0.0,0.0,0.0,0.0,0.0,0.0,68384.26931230714,0.0,0.0,0.0,0.0,0.0,0.0,0.0,0.0,0.0,0.0
116.6625,0.0,0.0,-0.0,0.0,-0.0,0.0,0.0,68384.26931230714,0.0,0.0,-0.0,0.0,0.0,0.0,0.0,0.0,0.0,0.0
112.27,-0.0,-0.0,0.0,-0.0,0.0,-0.0,0.0,68384.26931230714,0.0,0.0,0.0,0.0,0.0,0.0,0.0,0.0,0.0,-0.0
101.03,0.0,0.0,0.0,0.0,0.0,0.0,0.0,68384.26931230714,0.0,0.0,0.0,0.0,0.0,0.0,0.0,0.0,0.0,0.0
87.3675,-0.0,-0.0,0.0,0.0,0.0,0.0,0.0,68384.26931230714,0.0,0.0,0.0,0.0,0.0,0.0,0.0,0.0,0.0,0.0
87.8275,-0.0,-0.0,0.0,0.0,0.0,0.0,0.0,68384.26931230714,0.0,0.0,0.0,0.0,0.0,0.0,0.0,0.0,0.0,0.0
85.03,0.05131670194948623,0.10263340389897246,0.10818510677891963,0.0,0.10263340389897246,0.0,-10.384688399708494,68373.88462390743,0.0,0.0,0.10818510677891963,0.0,0.0,0.0,0.0,0.0,0.0,0.0
82.5225,0.5256583509747431,1.0513167019494862,1.0,0.0,0.9486832980505138,0.0,-93.4425,68280.44212390743,0.0,0.0,1.0,0.0,0.0,0.0,0.0,0.0,0.0,0.0
83.75,1.0,2.0,1.0,0.0,0.9486832980505138,0.0,-94.69,68185.75212390743,0.0,0.0,1.0,0.0,0.0,0.0,0.0,0.0,0.0,0.0
87.665,1.0,2.0,0.0,0.0,0.0,0.0,0.0,68185.75212390743,0.0,0.0,0.0,0.0,0.0,0.0,0.0,0.0,0.0,0.0
93.18,1.0,2.0,0.0,0.0,0.0,0.0,0.0,68185.75212390743,0.0,0.0,0.0,0.0,0.0,0.0,0.0,0.0,0.0,0.0
107.1825,1.0,2.0,0.0,0.0,0.0,0.0,0.0,68185.75212390743,0.0,0.0,0.0,0.0,0.0,0.0,0.0,0.0,0.0,0.0
132.105,0.4729537233052701,0.9459074466105402,0.0,1.0,0.0,1.0540925533894598,130.725,68316.47712390743,0.0,0.0,0.0,0.0,0.0,0.0,0.0,0.0,0.0,1.0
124.6925,0.4729537233052701,0.9459074466105402,0.0,0.0,0.0,0.0,0.0,68316.47712390743,0.0,0.0,0.0,0.0,0.0,0.0,0.0,0.0,0.0,0.0
121.7875,0.4729537233052701,0.9459074466105402,0.0,0.0,0.0,0.0,0.0,68316.47712390743,0.0,0.0,0.0,0.0,0.0,0.0,0.0,0.0,0.0,0.0
115.3,0.4729537233052701,0.9459074466105402,0.0,0.0,0.0,0.0,0.0,68316.47712390743,0.0,0.0,0.0,0.0,0.0,0.0,0.0,0.0,0.0,0.0
111.895,0.4729537233052701,0.9459074466105402,0.0,0.0,0.0,0.0,0.0,68316.47712390743,0.0,0.0,0.0,0.0,0.0,0.0,0.0,0.0,0.0,0.0
120.96,0.4729537233052701,0.9459074466105402,0.0,0.0,0.0,0.0,0.0,68316.47712390743,0.0,0.0,0.0,0.0,0.0,0.0,0.0,0.0,0.0,0.0
129.6575,0.0,0.0,0.0,0.8973665961010275,0.0,0.9459074466105402,115.11194353134955,68431.58906743878,0.0,0.0,0.0,0.0,0.0,0.0,0.0,0.0,0.0,0.8973665961010275
127.5025,-0.0,-0.0,0.0,-0.0,0.0,-0.0,0.0,68431.58906743878,0.0,0.0,0.0,0.0,0.0,0.0,0.0,0.0,0.0,-0.0
126.4975,-0.0,-0.0,0.0,0.0,0.0,0.0,0.0,68431.58906743878,0.0,0.0,0.0,0.0,0.0,0.0,0.0,0.0,0.0,0.0
122.2425,0.0,0.0,0.0,0.0,0.0,0.0,0.0,68431.58906743878,0.0,0.0,0.0,0.0,0.0,0.0,0.0,0.0,0.0,0.0
111.4,-0.0,-0.0,0.0,0.0,0.0,0.0,0.0,68431.58906743878,0.0,0.0,0.0,0.0,0.0,0.0,0.0,0.0,0.0,0.0
97.505,-0.0,-0.0,0.0,0.0,0.0,0.0,0.0,68431.58906743878,0.0,0.0,0.0,0.0,0.0,0.0,0.0,0.0,0.0,0.0
92.4,0.0,0.0,-0.0,0.0,-0.0,0.0,0.0,68431.58906743878,0.0,0.0,-0.0,0.0,0.0,0.0,0.0,0.0,0.0,0.0
87.5875,-0.0,-0.0,0.0,0.0,0.0,0.0,0.0,68431.58906743878,0.0,0.0,0.0,0.0,0.0,0.0,0.0,0.0,0.0,0.0
80.8675,-0.0,-0.0,0.0,0.0,0.0,0.0,0.0,68431.58906743878,0.0,0.0,0.0,0.0,0.0,0.0,0.0,0.0,0.0,0.0
74.9975,0.0,0.0,-0.0,0.0,-0.0,0.0,0.0,68431.58906743878,0.0,0.0,-0.0,0.0,0.0,0.0,0.0,0.0,0.0,0.0
69.5,-0.0,-0.0,0.0,0.0,0.0,0.0,0.0,68431.58906743878,0.0,0.0,0.0,0.0,0.0,0.0,0.0,0.0,0.0,0.0
61.1275,-0.0,-0.0,0.0,0.0,0.0,0.0,0.0,68431.58906743878,0.0,0.0,0.0,0.0,0.0,0.0,0.0,0.0,0.0,0.0
53.7025,0.0,0.0,-0.0,0.0,-0.0,0.0,0.0,68431.58906743878,0.0,0.0,-0.0,0.0,0.0,0.0,0.0,0.0,0.0,0.0
41.7575,0.05131670194948623,0.10263340389897246,0.10818510677891963,0.0,0.10263340389897246,0.0,-5.636173600414765,68425.95289383836,0.0,0.0,0.10818510677891963,0.0,0.0,0.0,0.0,0.0,0.0,0.0
30.295,0.5256583509747431,1.0513167019494862,1.0,0.0,0.9486832980505138,0.0,-40.475,68385.47789383835,0.0,0.0,1.0,0.0,0.0,0.0,0.0,0.0,0.0,0.0
27.5,1.0,2.0,1.0,0.0,0.9486832980505138,0.0,-37.64,68347.83789383835,0.0,0.0,1.0,0.0,0.0,0.0,0.0,0.0,0.0,0.0
45.295,1.0,2.0,0.0,0.0,0.0,0.0,0.0,68347.83789383835,0.0,0.0,0.0,0.0,0.0,0.0,0.0,0.0,0.0,0.0
57.705,1.0,2.0,0.0,0.0,0.0,0.0,0.0,68347.83789383835,0.0,0.0,0.0,0.0,0.0,0.0,0.0,0.0,0.0,0.0
61.39,1.0,2.0,0.0,0.0,0.0,0.0,0.0,68347.83789383835,0.0,0.0,0.0,0.0,0.0,0.0,0.0,0.0,0.0,0.0
62.145,1.0,2.0,0.0,-0.0,0.0,-0.0,0.0,68347.83789383835,0.0,0.0,0.0,0.0,0.0,0.0,0.0,0.0,0.0,-0.0
60.3,1.0,2.0,0.0,0.0,0.0,0.0,0.0,68347.83789383835,0.0,0.0,0.0,0.0,0.0,0.0,0.0,0.0,0.0,0.0
60.345,1.0,2.0,0.0,0.0,0.0,0.0,0.0,68347.83789383835,0.0,0.0,0.0,0.0,0.0,0.0,0.0,0.0,0.0,0.0
61.3975,1.0,2.0,0.0,0.0,0.0,0.0,0.0,68347.83789383835,0.0,0.0,0.0,0.0,0.0,0.0,0.0,0.0,0.0,0.0
65.1875,1.0,2.0,0.0,0.0,0.0,0.0,0.0,68347.83789383835,0.0,0.0,0.0,0.0,0.0,0.0,0.0,0.0,0.0,0.0
73.27,1.0,2.0,0.0,0.0,0.0,0.0,0.0,68347.83789383835,0.0,0.0,0.0,0.0,0.0,0.0,0.0,0.0,0.0,0.0
79.37,1.0,2.0,0.0,-0.0,0.0,-0.0,0.0,68347.83789383835,0.0,0.0,0.0,0.0,0.0,0.0,0.0,0.0,0.0,-0.0
82.4125,0.5270462766947299,1.0540925533894598,0.0,0.8973665961010275,0.0,0.9459074466105402,72.7158586985565,68420.55375253691,0.0,0.0,0.0,0.0,0.0,0.0,0.0,0.0,0.0,0.8973665961010275
85.0,-0.0,-0.0,0.0,1.0,0.0,1.0540925533894598,83.62,68504.17375253691,0.0,0.0,0.0,0.0,0.0,0.0,0.0,0.0,0.0,1.0
79.4,-0.0,-0.0,0.0,0.0,0.0,0.0,0.0,68504.17375253691,0.0,0.0,0.0,0.0,0.0,0.0,0.0,0.0,0.0,0.0
69.9225,-0.0,-0.0,0.0,0.0,0.0,0.0,0.0,68504.17375253691,0.0,0.0,0.0,0.0,0.0,0.0,0.0,0.0,0.0,0.0
63.33,0.0,0.0,0.0,0.0,0.0,0.0,0.0,68504.17375253691,0.0,0.0,0.0,0.0,0.0,0.0,0.0,0.0,0.0,0.0
53.255,-0.0,-0.0,0.0,0.0,0.0,0.0,0.0,68504.17375253691,0.0,0.0,0.0,0.0,0.0,0.0,0.0,0.0,0.0,0.0
48.53,0.0,0.0,-0.0,0.0,-0.0,0.0,0.0,68504.17375253691,0.0,0.0,-0.0,0.0,0.0,0.0,0.0,0.0,0.0,0.0
17.8375,0.0,0.0,-0.0,0.0,-0.0,0.0,0.0,68504.17375253691,0.0,0.0,-0.0,0.0,0.0,0.0,0.0,0.0,0.0,0.0
9.84,-0.0,-0.0,0.0,0.0,0.0,0.0,0.0,68504.17375253691,0.0,0.0,0.0,0.0,0.0,0.0,0.0,0.0,0.0,0.0
5.8575,-0.0,-0.0,0.0,0.0,0.0,0.0,0.0,68504.17375253691,0.0,0.0,0.0,0.0,0.0,0.0,0.0,0.0,0.0,0.0
4.33,0.05131670194948623,0.10263340389897246,0.10818510677891963,0.0,0.10263340389897246,0.0,-1.5297374098539236,68502.64401512705,0.0,0.0,0.10818510677891963,0.0,0.0,0.0,0.0,0.0,0.0,0.0
3.515,0.5256583509747431,1.0513167019494862,1.0,0.0,0.9486832980505138,0.0,-13.315000000000001,68489.32901512705,0.0,0.0,1.0,0.0,0.0,0.0,0.0,0.0,0.0,0.0
4.0325,1.0,2.0,1.0,0.0,0.9486832980505138,0.0,-13.842500000000001,68475.48651512705,0.0,0.0,1.0,0.0,0.0,0.0,0.0,0.0,0.0,0.0
9.1825,1.0,2.0,0.0,0.0,0.0,0.0,0.0,68475.48651512705,0.0,0.0,0.0,0.0,0.0,0.0,0.0,0.0,0.0,0.0
31.29,1.0,2.0,0.0,-0.0,0.0,-0.0,0.0,68475.48651512705,0.0,0.0,0.0,0.0,0.0,0.0,0.0,0.0,0.0,-0.0
50.5725,1.0,2.0,0.0,-0.0,0.0,-0.0,0.0,68475.48651512705,0.0,0.0,0.0,0.0,0.0,0.0,0.0,0.0,0.0,-0.0
59.66,1.0,2.0,0.0,-0.0,0.0,-0.0,0.0,68475.48651512705,0.0,0.0,0.0,0.0,0.0,0.0,0.0,0.0,0.0,-0.0
62.175,1.0,2.0,0.0,-0.0,0.0,-0.0,0.0,68475.48651512705,0.0,0.0,0.0,0.0,0.0,0.0,0.0,0.0,0.0,-0.0
62.785,1.0,2.0,0.0,-0.0,0.0,-0.0,0.0,68475.48651512705,0.0,0.0,0.0,0.0,0.0,0.0,0.0,0.0,0.0,-0.0
63.26,1.0,2.0,0.0,-0.0,0.0,-0.0,0.0,68475.48651512705,0.0,0.0,0.0,0.0,0.0,0.0,0.0,0.0,0.0,-0.0
61.9075,1.0,2.0,0.0,0.0,0.0,0.0,0.0,68475.48651512705,0.0,0.0,0.0,0.0,0.0,0.0,0.0,0.0,0.0,0.0
61.4,1.0,2.0,0.0,0.0,0.0,0.0,0.0,68475.48651512705,0.0,0.0,0.0,0.0,0.0,0.0,0.0,0.0,0.0,0.0
62.8875,1.0,2.0,0.0,0.0,0.0,0.0,0.0,68475.48651512705,0.0,0.0,0.0,0.0,0.0,0.0,0.0,0.0,0.0,0.0
73.61,1.0,2.0,0.0,0.0,0.0,0.0,0.0,68475.48651512705,0.0,0.0,0.0,0.0,0.0,0.0,0.0,0.0,0.0,0.0
80.67,0.5270462766947299,1.0540925533894598,0.0,0.8973665961010275,0.0,0.9459074466105402,71.15219740485047,68546.6387125319,0.0,0.0,0.0,0.0,0.0,0.0,0.0,0.0,0.0,0.8973665961010275
81.345,-0.0,-0.0,0.0,1.0,0.0,1.0540925533894598,79.965,68626.6037125319,0.0,0.0,0.0,0.0,0.0,0.0,0.0,0.0,0.0,1.0
73.6775,0.0,0.0,0.0,0.0,0.0,0.0,0.0,68626.6037125319,0.0,0.0,0.0,0.0,0.0,0.0,0.0,0.0,0.0,0.0
52.1475,0.05131670194948623,0.10263340389897246,0.10818510677891963,0.0,0.10263340389897246,0.0,-6.776444625864578,68619.82726790603,0.0,0.0,0.10818510677891963,0.0,0.0,0.0,0.0,0.0,0.0,0.0
54.9625,0.05131670194948623,0.10263340389897246,0.0,0.0,0.0,0.0,0.0,68619.82726790603,0.0,0.0,0.0,0.0,0.0,0.0,0.0,0.0,0.0,0.0
51.8375,0.5256583509747431,1.0513167019494862,1.0,0.0,0.9486832980505138,0.0,-62.3275,68557.49976790603,0.0,0.0,1.0,0.0,0.0,0.0,0.0,0.0,0.0,0.0
50.86,1.0,2.0,1.0,0.0,0.9486832980505138,0.0,-61.33,68496.16976790603,0.0,0.0,1.0,0.0,0.0,0.0,0.0,0.0,0.0,0.0
57.655,1.0,2.0,0.0,0.0,0.0,0.0,0.0,68496.16976790603,0.0,0.0,0.0,0.0,0.0,0.0,0.0,0.0,0.0,0.0
67.4025,1.0,2.0,0.0,0.0,0.0,0.0,0.0,68496.16976790603,0.0,0.0,0.0,0.0,0.0,0.0,0.0,0.0,0.0,0.0
67.3075,1.0,2.0,0.0,0.0,0.0,0.0,0.0,68496.16976790603,0.0,0.0,0.0,0.0,0.0,0.0,0.0,0.0,0.0,0.0
74.7825,1.0,2.0,0.0,-0.0,0.0,-0.0,0.0,68496.16976790603,0.0,0.0,0.0,0.0,0.0,0.0,0.0,0.0,0.0,-0.0
78.9025,1.0,2.0,0.0,-0.0,0.0,-0.0,0.0,68496.16976790603,0.0,0.0,0.0,0.0,0.0,0.0,0.0,0.0,0.0,-0.0
82.035,1.0,2.0,0.0,-0.0,0.0,-0.0,0.0,68496.16976790603,0.0,0.0,0.0,0.0,0.0,0.0,0.0,0.0,0.0,-0.0
83.1275,1.0,2.0,0.0,-0.0,0.0,-0.0,0.0,68496.16976790603,0.0,0.0,0.0,0.0,0.0,0.0,0.0,0.0,0.0,-0.0
85.455,1.0,2.0,0.0,-0.0,0.0,-0.0,0.0,68496.16976790603,0.0,0.0,0.0,0.0,0.0,0.0,0.0,0.0,0.0,-0.0
96.785,1.0,2.0,0.0,-0.0,0.0,-0.0,0.0,68496.16976790603,0.0,0.0,0.0,0.0,0.0,0.0,0.0,0.0,0.0,-0.0
104.3625,1.0,2.0,0.0,0.0,0.0,0.0,0.0,68496.16976790603,0.0,0.0,0.0,0.0,0.0,0.0,0.0,0.0,0.0,0.0
109.53,1.0,2.0,0.0,-0.0,0.0,-0.0,0.0,68496.16976790603,0.0,0.0,0.0,0.0,0.0,0.0,0.0,0.0,0.0,-0.0
106.895,1.0,2.0,0.0,0.0,0.0,0.0,0.0,68496.16976790603,0.0,0.0,0.0,0.0,0.0,0.0,0.0,0.0,0.0,0.0
104.0025,1.0,2.0,0.0,0.0,0.0,0.0,0.0,68496.16976790603,0.0,0.0,0.0,0.0,0.0,0.0,0.0,0.0,0.0,0.0
103.0975,1.0,2.0,0.0,0.0,0.0,0.0,0.0,68496.16976790603,0.0,0.0,0.0,0.0,0.0,0.0,0.0,0.0,0.0,0.0
105.16,1.0,2.0,0.0,0.0,0.0,0.0,0.0,68496.16976790603,0.0,0.0,0.0,0.0,0.0,0.0,0.0,0.0,0.0,0.0
112.23,1.0,2.0,0.0,-0.0,0.0,-0.0,0.0,68496.16976790603,0.0,0.0,0.0,0.0,0.0,0.0,0.0,0.0,0.0,-0.0
113.695,1.0,2.0,0.0,-0.0,0.0,-0.0,0.0,68496.16976790603,0.0,0.0,0.0,0.0,0.0,0.0,0.0,0.0,0.0,-0.0
114.5325,0.5270462766947299,1.0540925533894598,0.0,0.8973665961010275,0.0,0.9459074466105402,101.53927376532151,68597.70904167135,0.0,0.0,0.0,0.0,0.0,0.0,0.0,0.0,0.0,0.8973665961010275
117.3625,0.0,0.0,0.0,1.0,0.0,1.0540925533894598,115.9825,68713.69154167135,0.0,0.0,0.0,0.0,0.0,0.0,0.0,0.0,0.0,1.0
113.215,-0.0,-0.0,0.0,-0.0,0.0,-0.0,0.0,68713.69154167135,0.0,0.0,0.0,0.0,0.0,0.0,0.0,0.0,0.0,-0.0
104.11,0.0,0.0,0.0,0.0,0.0,0.0,0.0,68713.69154167135,0.0,0.0,0.0,0.0,0.0,0.0,0.0,0.0,0.0,0.0
96.3825,-0.0,-0.0,0.0,0.0,0.0,0.0,0.0,68713.69154167135,0.0,0.0,0.0,0.0,0.0,0.0,0.0,0.0,0.0,0.0
93.01,-0.0,-0.0,0.0,0.0,0.0,0.0,0.0,68713.69154167135,0.0,0.0,0.0,0.0,0.0,0.0,0.0,0.0,0.0,0.0
92.245,-0.0,-0.0,0.0,0.0,0.0,0.0,0.0,68713.69154167135,0.0,0.0,0.0,0.0,0.0,0.0,0.0,0.0,0.0,0.0
90.6725,-0.0,-0.0,0.0,0.0,0.0,0.0,0.0,68713.69154167135,0.0,0.0,0.0,0.0,0.0,0.0,0.0,0.0,0.0,0.0
95.7,-0.0,-0.0,0.0,0.0,0.0,0.0,0.0,68713.69154167135,0.0,0.0,0.0,0.0,0.0,0.0,0.0,0.0,0.0,0.0
90.045,-0.0,-0.0,0.0,0.0,0.0,0.0,0.0,68713.69154167135,0.0,0.0,0.0,0.0,0.0,0.0,0.0,0.0,0.0,0.0
86.485,-0.0,-0.0,0.0,0.0,0.0,0.0,0.0,68713.69154167135,0.0,0.0,0.0,0.0,0.0,0.0,0.0,0.0,0.0,0.0
85.395,-0.0,-0.0,0.0,0.0,0.0,0.0,0.0,68713.69154167135,0.0,0.0,0.0,0.0,0.0,0.0,0.0,0.0,0.0,0.0
85.6275,-0.0,-0.0,0.0,0.0,0.0,0.0,0.0,68713.69154167135,0.0,0.0,0.0,0.0,0.0,0.0,0.0,0.0,0.0,0.0
81.66,-0.0,-0.0,0.0,0.0,0.0,0.0,0.0,68713.69154167135,0.0,0.0,0.0,0.0,0.0,0.0,0.0,0.0,0.0,0.0
81.9125,-0.0,-0.0,0.0,0.0,0.0,0.0,0.0,68713.69154167135,0.0,0.0,0.0,0.0,0.0,0.0,0.0,0.0,0.0,0.0
88.745,-0.0,-0.0,0.0,0.0,0.0,0.0,0.0,68713.69154167135,0.0,0.0,0.0,0.0,0.0,0.0,0.0,0.0,0.0,0.0
96.4075,-0.0,-0.0,0.0,0.0,0.0,0.0,0.0,68713.69154167135,0.0,0.0,0.0,0.0,0.0,0.0,0.0,0.0,0.0,0.0
101.5175,-0.0,-0.0,0.0,0.0,0.0,0.0,0.0,68713.69154167135,0.0,0.0,0.0,0.0,0.0,0.0,0.0,0.0,0.0,0.0
102.5825,-0.0,-0.0,0.0,-0.0,0.0,-0.0,0.0,68713.69154167135,0.0,0.0,0.0,0.0,0.0,0.0,0.0,0.0,0.0,-0.0
101.3,-0.0,-0.0,0.0,0.0,0.0,0.0,0.0,68713.69154167135,0.0,0.0,0.0,0.0,0.0,0.0,0.0,0.0,0.0,0.0
98.4825,-0.0,-0.0,0.0,0.0,0.0,0.0,0.0,68713.69154167135,0.0,0.0,0.0,0.0,0.0,0.0,0.0,0.0,0.0,0.0
94.8675,-0.0,-0.0,0.0,0.0,0.0,0.0,0.0,68713.69154167135,0.0,0.0,0.0,0.0,0.0,0.0,0.0,0.0,0.0,0.0
98.8925,-0.0,-0.0,0.0,0.0,0.0,0.0,0.0,68713.69154167135,0.0,0.0,0.0,0.0,0.0,0.0,0.0,0.0,0.0,0.0
100.87,-0.0,-0.0,0.0,0.0,0.0,0.0,0.0,68713.69154167135,0.0,0.0,0.0,0.0,0.0,0.0,0.0,0.0,0.0,0.0
97.515,-0.0,-0.0,0.0,0.0,0.0,0.0,0.0,68713.69154167135,0.0,0.0,0.0,0.0,0.0,0.0,0.0,0.0,0.0,0.0
97.0675,-0.0,-0.0,0.0,0.0,0.0,0.0,0.0,68713.69154167135,0.0,0.0,0.0,0.0,0.0,0.0,0.0,0.0,0.0,0.0
90.795,0.0,0.0,0.0,0.0,0.0,0.0,0.0,68713.69154167135,0.0,0.0,0.0,0.0,0.0,0.0,0.0,0.0,0.0,0.0
85.0,-0.0,-0.0,0.0,0.0,0.0,0.0,0.0,68713.69154167135,0.0,0.0,0.0,0.0,0.0,0.0,0.0,0.0,0.0,0.0
81.655,-0.0,-0.0,0.0,0.0,0.0,0.0,0.0,68713.69154167135,0.0,0.0,0.0,0.0,0.0,0.0,0.0,0.0,0.0,0.0
77.8275,-0.0,-0.0,0.0,0.0,0.0,0.0,0.0,68713.69154167135,0.0,0.0,0.0,0.0,0.0,0.0,0.0,0.0,0.0,0.0
76.1875,-0.0,-0.0,0.0,0.0,0.0,0.0,0.0,68713.69154167135,0.0,0.0,0.0,0.0,0.0,0.0,0.0,0.0,0.0,0.0
70.905,-0.0,-0.0,0.0,0.0,0.0,0.0,0.0,68713.69154167135,0.0,0.0,0.0,0.0,0.0,0.0,0.0,0.0,0.0,0.0
70.2275,-0.0,-0.0,0.0,0.0,0.0,0.0,0.0,68713.69154167135,0.0,0.0,0.0,0.0,0.0,0.0,0.0,0.0,0.0,0.0
68.825,-0.0,-0.0,0.0,0.0,0.0,0.0,0.0,68713.69154167135,0.0,0.0,0.0,0.0,0.0,0.0,0.0,0.0,0.0,0.0
67.785,0.05131670194948623,0.10263340389897246,0.10818510677891963,0.0,0.10263340389897246,0.0,-8.491989956611295,68705.19955171473,0.0,0.0,0.10818510677891963,0.0,0.0,0.0,0.0,0.0,0.0,0.0
66.27,0.5256583509747431,1.0513167019494862,1.0,0.0,0.9486832980505138,0.0,-76.96,68628.23955171472,0.0,0.0,1.0,0.0,0.0,0.0,0.0,0.0,0.0,0.0
65.4825,1.0,2.0,1.0,0.0,0.9486832980505138,0.0,-76.1625,68552.07705171472,0.0,0.0,1.0,0.0,0.0,0.0,0.0,0.0,0.0,0.0
68.395,1.0,2.0,0.0,0.0,0.0,0.0,0.0,68552.07705171472,0.0,0.0,0.0,0.0,0.0,0.0,0.0,0.0,0.0,0.0
72.3025,1.0,2.0,0.0,0.0,0.0,0.0,0.0,68552.07705171472,0.0,0.0,0.0,0.0,0.0,0.0,0.0,0.0,0.0,0.0
82.82,1.0,2.0,0.0,0.0,0.0,0.0,0.0,68552.07705171472,0.0,0.0,0.0,0.0,0.0,0.0,0.0,0.0,0.0,0.0
84.665,1.0,2.0,0.0,0.0,0.0,0.0,0.0,68552.07705171472,0.0,0.0,0.0,0.0,0.0,0.0,0.0,0.0,0.0,0.0
90.395,1.0,2.0,0.0,0.0,0.0,0.0,0.0,68552.07705171472,0.0,0.0,0.0,0.0,0.0,0.0,0.0,0.0,0.0,0.0
88.915,1.0,2.0,0.0,0.0,0.0,0.0,0.0,68552.07705171472,0.0,0.0,0.0,0.0,0.0,0.0,0.0,0.0,0.0,0.0
84.9125,1.0,2.0,0.0,0.0,0.0,0.0,0.0,68552.07705171472,0.0,0.0,0.0,0.0,0.0,0.0,0.0,0.0,0.0,0.0
86.32,1.0,2.0,0.0,0.0,0.0,0.0,0.0,68552.07705171472,0.0,0.0,0.0,0.0,0.0,0.0,0.0,0.0,0.0,0.0
88.49,1.0,2.0,0.0,0.0,0.0,0.0,0.0,68552.07705171472,0.0,0.0,0.0,0.0,0.0,0.0,0.0,0.0,0.0,0.0
91.9925,1.0,2.0,0.0,0.0,0.0,0.0,0.0,68552.07705171472,0.0,0.0,0.0,0.0,0.0,0.0,0.0,0.0,0.0,0.0
95.0,1.0,2.0,0.0,0.0,0.0,0.0,0.0,68552.07705171472,0.0,0.0,0.0,0.0,0.0,0.0,0.0,0.0,0.0,0.0
100.0075,1.0,2.0,0.0,0.0,0.0,0.0,0.0,68552.07705171472,0.0,0.0,0.0,0.0,0.0,0.0,0.0,0.0,0.0,0.0
106.5125,0.4729537233052701,0.9459074466105402,0.0,1.0,0.0,1.0540925533894598,105.13250000000001,68657.20955171472,0.0,0.0,0.0,0.0,0.0,0.0,0.0,0.0,0.0,1.0
100.9,-0.0,-0.0,0.0,0.8973665961010275,0.0,0.9459074466105402,89.30592364397427,68746.5154753587,0.0,0.0,0.0,0.0,0.0,0.0,0.0,0.0,0.0,0.8973665961010275
93.79,-0.0,-0.0,0.0,0.0,0.0,0.0,0.0,68746.5154753587,0.0,0.0,0.0,0.0,0.0,0.0,0.0,0.0,0.0,0.0
84.9575,0.0,0.0,0.0,0.0,0.0,0.0,0.0,68746.5154753587,0.0,0.0,0.0,0.0,0.0,0.0,0.0,0.0,0.0,0.0
78.22,-0.0,-0.0,0.0,0.0,0.0,0.0,0.0,68746.5154753587,0.0,0.0,0.0,0.0,0.0,0.0,0.0,0.0,0.0,0.0
74.775,-0.0,-0.0,0.0,0.0,0.0,0.0,0.0,68746.5154753587,0.0,0.0,0.0,0.0,0.0,0.0,0.0,0.0,0.0,0.0
69.7675,-0.0,-0.0,0.0,0.0,0.0,0.0,0.0,68746.5154753587,0.0,0.0,0.0,0.0,0.0,0.0,0.0,0.0,0.0,0.0
69.535,-0.0,-0.0,0.0,0.0,0.0,0.0,0.0,68746.5154753587,0.0,0.0,0.0,0.0,0.0,0.0,0.0,0.0,0.0,0.0
65.0325,-0.0,-0.0,0.0,0.0,0.0,0.0,0.0,68746.5154753587,0.0,0.0,0.0,0.0,0.0,0.0,0.0,0.0,0.0,0.0
62.005,-0.0,-0.0,0.0,0.0,0.0,0.0,0.0,68746.5154753587,0.0,0.0,0.0,0.0,0.0,0.0,0.0,0.0,0.0,0.0
59.06,0.05131670194948623,0.10263340389897246,0.10818510677891963,0.0,0.10263340389897246,0.0,-7.535092687151752,68738.98038267155,0.0,0.0,0.10818510677891963,0.0,0.0,0.0,0.0,0.0,0.0,0.0
58.1125,0.5256583509747431,1.0513167019494862,1.0,0.0,0.9486832980505138,0.0,-68.6825,68670.29788267156,0.0,0.0,1.0,0.0,0.0,0.0,0.0,0.0,0.0,0.0
58.56,1.0,2.0,1.0,0.0,0.9486832980505138,0.0,-69.14,68601.15788267156,0.0,0.0,1.0,0.0,0.0,0.0,0.0,0.0,0.0,0.0
67.8475,1.0,2.0,0.0,0.0,0.0,0.0,0.0,68601.15788267156,0.0,0.0,0.0,0.0,0.0,0.0,0.0,0.0,0.0,0.0
77.3875,1.0,2.0,0.0,0.0,0.0,0.0,0.0,68601.15788267156,0.0,0.0,0.0,0.0,0.0,0.0,0.0,0.0,0.0,0.0
83.0875,1.0,2.0,0.0,-0.0,0.0,-0.0,0.0,68601.15788267156,0.0,0.0,0.0,0.0,0.0,0.0,0.0,0.0,0.0,-0.0
85.465,0.4729537233052701,0.9459074466105402,0.0,1.0,0.0,1.0540925533894598,84.08500000000001,68685.24288267156,0.0,0.0,0.0,0.0,0.0,0.0,0.0,0.0,0.0,1.0
83.8375,0.4729537233052701,0.9459074466105402,0.0,0.0,0.0,0.0,0.0,68685.24288267156,0.0,0.0,0.0,0.0,0.0,0.0,0.0,0.0,0.0,0.0
81.8675,0.4729537233052701,0.9459074466105402,0.0,0.0,0.0,0.0,0.0,68685.24288267156,0.0,0.0,0.0,0.0,0.0,0.0,0.0,0.0,0.0,0.0
80.485,0.4729537233052701,0.9459074466105402,0.0,0.0,0.0,0.0,0.0,68685.24288267156,0.0,0.0,0.0,0.0,0.0,0.0,0.0,0.0,0.0,0.0
79.2125,0.4729537233052701,0.9459074466105402,0.0,0.0,0.0,0.0,0.0,68685.24288267156,0.0,0.0,0.0,0.0,0.0,0.0,0.0,0.0,0.0,0.0
79.215,0.4729537233052701,0.9459074466105402,0.0,0.0,0.0,0.0,0.0,68685.24288267156,0.0,0.0,0.0,0.0,0.0,0.0,0.0,0.0,0.0,0.0
81.8275,0.4729537233052701,0.9459074466105402,0.0,0.0,0.0,0.0,0.0,68685.24288267156,0.0,0.0,0.0,0.0,0.0,0.0,0.0,0.0,0.0,0.0
83.6875,0.4729537233052701,0.9459074466105402,0.0,0.0,0.0,0.0,0.0,68685.24288267156,0.0,0.0,0.0,0.0,0.0,0.0,0.0,0.0,0.0,0.0
82.4675,0.4729537233052701,0.9459074466105402,0.0,0.0,0.0,0.0,0.0,68685.24288267156,0.0,0.0,0.0,0.0,0.0,0.0,0.0,0.0,0.0,0.0
83.945,-0.0,-0.0,0.0,0.8973665961010275,0.0,0.9459074466105402,74.09107300708133,68759.33395567864,0.0,0.0,0.0,0.0,0.0,0.0,0.0,0.0,0.0,0.8973665961010275
82.465,-0.0,-0.0,0.0,0.0,0.0,0.0,0.0,68759.33395567864,0.0,0.0,0.0,0.0,0.0,0.0,0.0,0.0,0.0,0.0
78.005,0.0,0.0,0.0,0.0,0.0,0.0,0.0,68759.33395567864,0.0,0.0,0.0,0.0,0.0,0.0,0.0,0.0,0.0,0.0
69.93,-0.0,-0.0,0.0,0.0,0.0,0.0,0.0,68759.33395567864,0.0,0.0,0.0,0.0,0.0,0.0,0.0,0.0,0.0,0.0
71.835,-0.0,-0.0,0.0,0.0,0.0,0.0,0.0,68759.33395567864,0.0,0.0,0.0,0.0,0.0,0.0,0.0,0.0,0.0,0.0
64.0925,-0.0,-0.0,0.0,0.0,0.0,0.0,0.0,68759.33395567864,0.0,0.0,0.0,0.0,0.0,0.0,0.0,0.0,0.0,0.0
60.2475,-0.0,-0.0,0.0,0.0,0.0,0.0,0.0,68759.33395567864,0.0,0.0,0.0,0.0,0.0,0.0,0.0,0.0,0.0,0.0
55.8625,0.05131670194948623,0.10263340389897246,0.10818510677891963,0.0,0.10263340389897246,0.0,-7.18376155288721,68752.15019412574,0.0,0.0,0.10818510677891963,0.0,0.0,0.0,0.0,0.0,0.0,0.0
57.445,0.05131670194948623,0.10263340389897246,0.0,0.0,0.0,0.0,0.0,68752.15019412574,0.0,0.0,0.0,0.0,0.0,0.0,0.0,0.0,0.0,0.0
56.61,0.05131670194948623,0.10263340389897246,0.0,0.0,0.0,0.0,0.0,68752.15019412574,0.0,0.0,0.0,0.0,0.0,0.0,0.0,0.0,0.0,0.0
55.8475,0.5256583509747431,1.0513167019494862,1.0,0.0,0.9486832980505138,0.0,-66.38749999999999,68685.76269412575,0.0,0.0,1.0,0.0,0.0,0.0,0.0,0.0,0.0,0.0
55.85,1.0,2.0,1.0,0.0,0.9486832980505138,0.0,-66.39,68619.37269412575,0.0,0.0,1.0,0.0,0.0,0.0,0.0,0.0,0.0,0.0
57.215,1.0,2.0,0.0,0.0,0.0,0.0,0.0,68619.37269412575,0.0,0.0,0.0,0.0,0.0,0.0,0.0,0.0,0.0,0.0
67.445,1.0,2.0,0.0,0.0,0.0,0.0,0.0,68619.37269412575,0.0,0.0,0.0,0.0,0.0,0.0,0.0,0.0,0.0,0.0
81.0,1.0,2.0,0.0,-0.0,0.0,-0.0,0.0,68619.37269412575,0.0,0.0,0.0,0.0,0.0,0.0,0.0,0.0,0.0,-0.0
82.47,1.0,2.0,0.0,-0.0,0.0,-0.0,0.0,68619.37269412575,0.0,0.0,0.0,0.0,0.0,0.0,0.0,0.0,0.0,-0.0
76.0225,1.0,2.0,0.0,0.0,0.0,0.0,0.0,68619.37269412575,0.0,0.0,0.0,0.0,0.0,0.0,0.0,0.0,0.0,0.0
69.2875,1.0,2.0,0.0,0.0,0.0,0.0,0.0,68619.37269412575,0.0,0.0,0.0,0.0,0.0,0.0,0.0,0.0,0.0,0.0
68.535,1.0,2.0,0.0,0.0,0.0,0.0,0.0,68619.37269412575,0.0,0.0,0.0,0.0,0.0,0.0,0.0,0.0,0.0,0.0
68.01,1.0,2.0,0.0,0.0,0.0,0.0,0.0,68619.37269412575,0.0,0.0,0.0,0.0,0.0,0.0,0.0,0.0,0.0,0.0
73.7575,1.0,2.0,0.0,0.0,0.0,0.0,0.0,68619.37269412575,0.0,0.0,0.0,0.0,0.0,0.0,0.0,0.0,0.0,0.0
83.0525,1.0,2.0,0.0,0.0,0.0,0.0,0.0,68619.37269412575,0.0,0.0,0.0,0.0,0.0,0.0,0.0,0.0,0.0,0.0
87.9,0.5270462766947299,1.0540925533894598,0.0,0.8973665961010275,0.0,0.9459074466105402,77.6401578946609,68697.01285202042,0.0,0.0,0.0,0.0,0.0,0.0,0.0,0.0,0.0,0.8973665961010275
89.38,-0.0,-0.0,0.0,1.0,0.0,1.0540925533894598,88.0,68785.01285202042,0.0,0.0,0.0,0.0,0.0,0.0,0.0,0.0,0.0,1.0
78.9075,0.0,0.0,0.0,0.0,0.0,0.0,0.0,68785.01285202042,0.0,0.0,0.0,0.0,0.0,0.0,0.0,0.0,0.0,0.0
71.7725,-0.0,-0.0,0.0,0.0,0.0,0.0,0.0,68785.01285202042,0.0,0.0,0.0,0.0,0.0,0.0,0.0,0.0,0.0,0.0
68.1575,-0.0,-0.0,0.0,0.0,0.0,0.0,0.0,68785.01285202042,0.0,0.0,0.0,0.0,0.0,0.0,0.0,0.0,0.0,0.0
67.9875,-0.0,-0.0,0.0,0.0,0.0,0.0,0.0,68785.01285202042,0.0,0.0,0.0,0.0,0.0,0.0,0.0,0.0,0.0,0.0
69.0075,-0.0,-0.0,0.0,0.0,0.0,0.0,0.0,68785.01285202042,0.0,0.0,0.0,0.0,0.0,0.0,0.0,0.0,0.0,0.0
65.1625,-0.0,-0.0,0.0,0.0,0.0,0.0,0.0,68785.01285202042,0.0,0.0,0.0,0.0,0.0,0.0,0.0,0.0,0.0,0.0
63.22,-0.0,-0.0,0.0,0.0,0.0,0.0,0.0,68785.01285202042,0.0,0.0,0.0,0.0,0.0,0.0,0.0,0.0,0.0,0.0
58.4425,0.0,0.0,-0.0,0.0,-0.0,0.0,0.0,68785.01285202042,0.0,0.0,-0.0,0.0,0.0,0.0,0.0,0.0,0.0,0.0
56.8575,0.0,0.0,-0.0,0.0,-0.0,0.0,0.0,68785.01285202042,0.0,0.0,-0.0,0.0,0.0,0.0,0.0,0.0,0.0,0.0
55.845,-0.0,-0.0,0.0,0.0,0.0,0.0,0.0,68785.01285202042,0.0,0.0,0.0,0.0,0.0,0.0,0.0,0.0,0.0,0.0
54.53,-0.0,-0.0,0.0,0.0,0.0,0.0,0.0,68785.01285202042,0.0,0.0,0.0,0.0,0.0,0.0,0.0,0.0,0.0,0.0
52.605,-0.0,-0.0,0.0,0.0,0.0,0.0,0.0,68785.01285202042,0.0,0.0,0.0,0.0,0.0,0.0,0.0,0.0,0.0,0.0
49.165,0.05131670194948623,0.10263340389897246,0.10818510677891963,0.0,0.10263340389897246,0.0,-6.449455140625293,68778.56339687979,0.0,0.0,0.10818510677891963,0.0,0.0,0.0,0.0,0.0,0.0,0.0
54.0275,0.05131670194948623,0.10263340389897246,0.0,0.0,0.0,0.0,0.0,68778.56339687979,0.0,0.0,0.0,0.0,0.0,0.0,0.0,0.0,0.0,0.0
64.205,0.05131670194948623,0.10263340389897246,0.0,0.0,0.0,0.0,0.0,68778.56339687979,0.0,0.0,0.0,0.0,0.0,0.0,0.0,0.0,0.0,0.0
64.7075,0.05131670194948623,0.10263340389897246,0.0,0.0,0.0,0.0,0.0,68778.56339687979,0.0,0.0,0.0,0.0,0.0,0.0,0.0,0.0,0.0,0.0
53.765,0.05131670194948623,0.10263340389897246,0.0,0.0,0.0,0.0,0.0,68778.56339687979,0.0,0.0,0.0,0.0,0.0,0.0,0.0,0.0,0.0,0.0
50.21,0.05131670194948623,0.10263340389897246,0.0,0.0,0.0,0.0,0.0,68778.56339687979,0.0,0.0,0.0,0.0,0.0,0.0,0.0,0.0,0.0,0.0
48.4875,0.5256583509747431,1.0513167019494862,1.0,0.0,0.9486832980505138,0.0,-58.927499999999995,68719.63589687979,0.0,0.0,1.0,0.0,0.0,0.0,0.0,0.0,0.0,0.0
47.865,1.0,2.0,1.0,0.0,0.9486832980505138,0.0,-58.295,68661.34089687979,0.0,0.0,1.0,0.0,0.0,0.0,0.0,0.0,0.0,0.0
68.5475,1.0,2.0,0.0,-0.0,0.0,-0.0,0.0,68661.34089687979,0.0,0.0,0.0,0.0,0.0,0.0,0.0,0.0,0.0,-0.0
89.415,1.0,2.0,0.0,-0.0,0.0,-0.0,0.0,68661.34089687979,0.0,0.0,0.0,0.0,0.0,0.0,0.0,0.0,0.0,-0.0
92.235,1.0,2.0,0.0,0.0,0.0,0.0,0.0,68661.34089687979,0.0,0.0,0.0,0.0,0.0,0.0,0.0,0.0,0.0,0.0
94.005,1.0,2.0,0.0,-0.0,0.0,-0.0,0.0,68661.34089687979,0.0,0.0,0.0,0.0,0.0,0.0,0.0,0.0,0.0,-0.0
94.055,1.0,2.0,0.0,-0.0,0.0,-0.0,0.0,68661.34089687979,0.0,0.0,0.0,0.0,0.0,0.0,0.0,0.0,0.0,-0.0
91.715,1.0,2.0,0.0,0.0,0.0,0.0,0.0,68661.34089687979,0.0,0.0,0.0,0.0,0.0,0.0,0.0,0.0,0.0,0.0
91.0325,1.0,2.0,0.0,0.0,0.0,0.0,0.0,68661.34089687979,0.0,0.0,0.0,0.0,0.0,0.0,0.0,0.0,0.0,0.0
92.7,1.0,2.0,0.0,0.0,0.0,0.0,0.0,68661.34089687979,0.0,0.0,0.0,0.0,0.0,0.0,0.0,0.0,0.0,0.0
96.1525,1.0,2.0,0.0,0.0,0.0,0.0,0.0,68661.34089687979,0.0,0.0,0.0,0.0,0.0,0.0,0.0,0.0,0.0,0.0
91.47,1.0,2.0,0.0,0.0,0.0,0.0,0.0,68661.34089687979,0.0,0.0,0.0,0.0,0.0,0.0,0.0,0.0,0.0,0.0
97.1,1.0,2.0,0.0,0.0,0.0,0.0,0.0,68661.34089687979,0.0,0.0,0.0,0.0,0.0,0.0,0.0,0.0,0.0,0.0
91.0525,1.0,2.0,0.0,0.0,0.0,0.0,0.0,68661.34089687979,0.0,0.0,0.0,0.0,0.0,0.0,0.0,0.0,0.0,0.0
85.8175,1.0,2.0,0.0,0.0,0.0,0.0,0.0,68661.34089687979,0.0,0.0,0.0,0.0,0.0,0.0,0.0,0.0,0.0,0.0
83.0525,1.0,2.0,0.0,0.0,0.0,0.0,0.0,68661.34089687979,0.0,0.0,0.0,0.0,0.0,0.0,0.0,0.0,0.0,0.0
82.3925,1.0,2.0,0.0,0.0,0.0,0.0,0.0,68661.34089687979,0.0,0.0,0.0,0.0,0.0,0.0,0.0,0.0,0.0,0.0
82.835,1.0,2.0,0.0,0.0,0.0,0.0,0.0,68661.34089687979,0.0,0.0,0.0,0.0,0.0,0.0,0.0,0.0,0.0,0.0
85.02,1.0,2.0,0.0,0.0,0.0,0.0,0.0,68661.34089687979,0.0,0.0,0.0,0.0,0.0,0.0,0.0,0.0,0.0,0.0
93.115,1.0,2.0,0.0,0.0,0.0,0.0,0.0,68661.34089687979,0.0,0.0,0.0,0.0,0.0,0.0,0.0,0.0,0.0,0.0
98.9,1.0,2.0,0.0,-0.0,0.0,-0.0,0.0,68661.34089687979,0.0,0.0,0.0,0.0,0.0,0.0,0.0,0.0,0.0,-0.0
96.73,1.0,2.0,0.0,0.0,0.0,0.0,0.0,68661.34089687979,0.0,0.0,0.0,0.0,0.0,0.0,0.0,0.0,0.0,0.0
89.25,1.0,2.0,0.0,0.0,0.0,0.0,0.0,68661.34089687979,0.0,0.0,0.0,0.0,0.0,0.0,0.0,0.0,0.0,0.0
84.9925,1.0,2.0,0.0,0.0,0.0,0.0,0.0,68661.34089687979,0.0,0.0,0.0,0.0,0.0,0.0,0.0,0.0,0.0,0.0
82.3125,1.0,2.0,0.0,0.0,0.0,0.0,0.0,68661.34089687979,0.0,0.0,0.0,0.0,0.0,0.0,0.0,0.0,0.0,0.0
83.0975,1.0,2.0,0.0,0.0,0.0,0.0,0.0,68661.34089687979,0.0,0.0,0.0,0.0,0.0,0.0,0.0,0.0,0.0,0.0
92.7,1.0,2.0,0.0,0.0,0.0,0.0,0.0,68661.34089687979,0.0,0.0,0.0,0.0,0.0,0.0,0.0,0.0,0.0,0.0
109.1425,1.0,2.0,0.0,0.0,0.0,0.0,0.0,68661.34089687979,0.0,0.0,0.0,0.0,0.0,0.0,0.0,0.0,0.0,0.0
116.7725,1.0,2.0,0.0,0.0,0.0,0.0,0.0,68661.34089687979,0.0,0.0,0.0,0.0,0.0,0.0,0.0,0.0,0.0,0.0
120.47,0.4729537233052701,0.9459074466105402,0.0,1.0,0.0,1.0540925533894598,119.09,68780.43089687978,0.0,0.0,0.0,0.0,0.0,0.0,0.0,0.0,0.0,1.0
116.9725,0.0,0.0,0.0,0.8973665961010275,0.0,0.9459074466105402,103.72884825980802,68884.1597451396,0.0,0.0,0.0,0.0,0.0,0.0,0.0,0.0,0.0,0.8973665961010275
116.2625,-0.0,-0.0,0.0,-0.0,0.0,-0.0,0.0,68884.1597451396,0.0,0.0,0.0,0.0,0.0,0.0,0.0,0.0,0.0,-0.0
113.725,-0.0,-0.0,0.0,0.0,0.0,0.0,0.0,68884.1597451396,0.0,0.0,0.0,0.0,0.0,0.0,0.0,0.0,0.0,0.0
111.5,-0.0,-0.0,0.0,0.0,0.0,0.0,0.0,68884.1597451396,0.0,0.0,0.0,0.0,0.0,0.0,0.0,0.0,0.0,0.0
108.255,-0.0,-0.0,0.0,0.0,0.0,0.0,0.0,68884.1597451396,0.0,0.0,0.0,0.0,0.0,0.0,0.0,0.0,0.0,0.0
99.3675,-0.0,-0.0,0.0,0.0,0.0,0.0,0.0,68884.1597451396,0.0,0.0,0.0,0.0,0.0,0.0,0.0,0.0,0.0,0.0
96.69,0.0,0.0,0.0,0.0,0.0,0.0,0.0,68884.1597451396,0.0,0.0,0.0,0.0,0.0,0.0,0.0,0.0,0.0,0.0
91.725,-0.0,-0.0,0.0,0.0,0.0,0.0,0.0,68884.1597451396,0.0,0.0,0.0,0.0,0.0,0.0,0.0,0.0,0.0,0.0
84.0325,0.0,0.0,-0.0,0.0,-0.0,0.0,0.0,68884.1597451396,0.0,0.0,-0.0,0.0,0.0,0.0,0.0,0.0,0.0,0.0
80.87,-0.0,-0.0,0.0,0.0,0.0,0.0,0.0,68884.1597451396,0.0,0.0,0.0,0.0,0.0,0.0,0.0,0.0,0.0,0.0
81.6225,-0.0,-0.0,0.0,0.0,0.0,0.0,0.0,68884.1597451396,0.0,0.0,0.0,0.0,0.0,0.0,0.0,0.0,0.0,0.0
72.405,-0.0,-0.0,0.0,0.0,0.0,0.0,0.0,68884.1597451396,0.0,0.0,0.0,0.0,0.0,0.0,0.0,0.0,0.0,0.0
68.345,-0.0,-0.0,0.0,0.0,0.0,0.0,0.0,68884.1597451396,0.0,0.0,0.0,0.0,0.0,0.0,0.0,0.0,0.0,0.0
67.3725,-0.0,-0.0,0.0,0.0,0.0,0.0,0.0,68884.1597451396,0.0,0.0,0.0,0.0,0.0,0.0,0.0,0.0,0.0,0.0
68.205,-0.0,-0.0,0.0,0.0,0.0,0.0,0.0,68884.1597451396,0.0,0.0,0.0,0.0,0.0,0.0,0.0,0.0,0.0,0.0
66.99,-0.0,-0.0,0.0,0.0,0.0,0.0,0.0,68884.1597451396,0.0,0.0,0.0,0.0,0.0,0.0,0.0,0.0,0.0,0.0
65.805,-0.0,-0.0,0.0,0.0,0.0,0.0,0.0,68884.1597451396,0.0,0.0,0.0,0.0,0.0,0.0,0.0,0.0,0.0,0.0
64.435,0.05131670194948623,0.10263340389897246,0.10818510677891963,0.0,0.10263340389897246,0.0,-8.12416059356297,68876.03558454603,0.0,0.0,0.10818510677891963,0.0,0.0,0.0,0.0,0.0,0.0,0.0
62.2725,0.5256583509747431,1.0513167019494862,1.0,0.0,0.9486832980505138,0.0,-72.9025,68803.13308454603,0.0,0.0,1.0,0.0,0.0,0.0,0.0,0.0,0.0,0.0
62.975,1.0,2.0,1.0,0.0,0.9486832980505138,0.0,-73.61500000000001,68729.51808454603,0.0,0.0,1.0,0.0,0.0,0.0,0.0,0.0,0.0,0.0
66.7125,1.0,2.0,0.0,0.0,0.0,0.0,0.0,68729.51808454603,0.0,0.0,0.0,0.0,0.0,0.0,0.0,0.0,0.0,0.0
76.345,1.0,2.0,0.0,0.0,0.0,0.0,0.0,68729.51808454603,0.0,0.0,0.0,0.0,0.0,0.0,0.0,0.0,0.0,0.0
90.49,1.0,2.0,0.0,-0.0,0.0,-0.0,0.0,68729.51808454603,0.0,0.0,0.0,0.0,0.0,0.0,0.0,0.0,0.0,-0.0
102.19,1.0,2.0,0.0,-0.0,0.0,-0.0,0.0,68729.51808454603,0.0,0.0,0.0,0.0,0.0,0.0,0.0,0.0,0.0,-0.0
106.5225,0.4729537233052701,0.9459074466105402,0.0,1.0,0.0,1.0540925533894598,105.1425,68834.66058454603,0.0,0.0,0.0,0.0,0.0,0.0,0.0,0.0,0.0,1.0
104.0475,0.0,0.0,0.0,0.8973665961010275,0.0,0.9459074466105402,92.13038500520224,68926.79096955124,0.0,0.0,0.0,0.0,0.0,0.0,0.0,0.0,0.0,0.8973665961010275
100.9125,-0.0,-0.0,0.0,0.0,0.0,0.0,0.0,68926.79096955124,0.0,0.0,0.0,0.0,0.0,0.0,0.0,0.0,0.0,0.0
92.8,-0.0,-0.0,0.0,0.0,0.0,0.0,0.0,68926.79096955124,0.0,0.0,0.0,0.0,0.0,0.0,0.0,0.0,0.0,0.0
94.11,-0.0,-0.0,0.0,0.0,0.0,0.0,0.0,68926.79096955124,0.0,0.0,0.0,0.0,0.0,0.0,0.0,0.0,0.0,0.0
89.9025,-0.0,-0.0,0.0,0.0,0.0,0.0,0.0,68926.79096955124,0.0,0.0,0.0,0.0,0.0,0.0,0.0,0.0,0.0,0.0
84.335,-0.0,-0.0,0.0,0.0,0.0,0.0,0.0,68926.79096955124,0.0,0.0,0.0,0.0,0.0,0.0,0.0,0.0,0.0,0.0
83.37,-0.0,-0.0,0.0,0.0,0.0,0.0,0.0,68926.79096955124,0.0,0.0,0.0,0.0,0.0,0.0,0.0,0.0,0.0,0.0
79.96,0.0,0.0,-0.0,0.0,-0.0,0.0,0.0,68926.79096955124,0.0,0.0,-0.0,0.0,0.0,0.0,0.0,0.0,0.0,0.0
78.8175,0.0,0.0,-0.0,0.0,-0.0,0.0,0.0,68926.79096955124,0.0,0.0,-0.0,0.0,0.0,0.0,0.0,0.0,0.0,0.0
80.4475,-0.0,-0.0,0.0,0.0,0.0,0.0,0.0,68926.79096955124,0.0,0.0,0.0,0.0,0.0,0.0,0.0,0.0,0.0,0.0
83.61,-0.0,-0.0,0.0,0.0,0.0,0.0,0.0,68926.79096955124,0.0,0.0,0.0,0.0,0.0,0.0,0.0,0.0,0.0,0.0
86.4775,-0.0,-0.0,0.0,0.0,0.0,0.0,0.0,68926.79096955124,0.0,0.0,0.0,0.0,0.0,0.0,0.0,0.0,0.0,0.0
92.15,-0.0,-0.0,0.0,0.0,0.0,0.0,0.0,68926.79096955124,0.0,0.0,0.0,0.0,0.0,0.0,0.0,0.0,0.0,0.0
95.615,-0.0,-0.0,0.0,0.0,0.0,0.0,0.0,68926.79096955124,0.0,0.0,0.0,0.0,0.0,0.0,0.0,0.0,0.0,0.0
96.565,-0.0,-0.0,0.0,-0.0,0.0,-0.0,0.0,68926.79096955124,0.0,0.0,0.0,0.0,0.0,0.0,0.0,0.0,0.0,-0.0
88.2125,-0.0,-0.0,0.0,0.0,0.0,0.0,0.0,68926.79096955124,0.0,0.0,0.0,0.0,0.0,0.0,0.0,0.0,0.0,0.0
88.3675,-0.0,-0.0,0.0,0.0,0.0,0.0,0.0,68926.79096955124,0.0,0.0,0.0,0.0,0.0,0.0,0.0,0.0,0.0,0.0
80.0225,0.0,0.0,0.0,0.0,0.0,0.0,0.0,68926.79096955124,0.0,0.0,0.0,0.0,0.0,0.0,0.0,0.0,0.0,0.0
80.025,-0.0,-0.0,0.0,0.0,0.0,0.0,0.0,68926.79096955124,0.0,0.0,0.0,0.0,0.0,0.0,0.0,0.0,0.0,0.0
84.445,-0.0,-0.0,0.0,0.0,0.0,0.0,0.0,68926.79096955124,0.0,0.0,0.0,0.0,0.0,0.0,0.0,0.0,0.0,0.0
85.365,0.0,0.0,0.0,-0.0,0.0,-0.0,0.0,68926.79096955124,0.0,0.0,0.0,0.0,0.0,0.0,0.0,0.0,0.0,-0.0
80.46,-0.0,-0.0,0.0,0.0,0.0,0.0,0.0,68926.79096955124,0.0,0.0,0.0,0.0,0.0,0.0,0.0,0.0,0.0,0.0
73.56,-0.0,-0.0,0.0,0.0,0.0,0.0,0.0,68926.79096955124,0.0,0.0,0.0,0.0,0.0,0.0,0.0,0.0,0.0,0.0
70.435,-0.0,-0.0,0.0,0.0,0.0,0.0,0.0,68926.79096955124,0.0,0.0,0.0,0.0,0.0,0.0,0.0,0.0,0.0,0.0
69.625,-0.0,-0.0,0.0,0.0,0.0,0.0,0.0,68926.79096955124,0.0,0.0,0.0,0.0,0.0,0.0,0.0,0.0,0.0,0.0
69.605,-0.0,-0.0,0.0,0.0,0.0,0.0,0.0,68926.79096955124,0.0,0.0,0.0,0.0,0.0,0.0,0.0,0.0,0.0,0.0
69.02,-0.0,-0.0,0.0,0.0,0.0,0.0,0.0,68926.79096955124,0.0,0.0,0.0,0.0,0.0,0.0,0.0,0.0,0.0,0.0
68.61,-0.0,-0.0,0.0,0.0,0.0,0.0,0.0,68926.79096955124,0.0,0.0,0.0,0.0,0.0,0.0,0.0,0.0,0.0,0.0
68.5975,-0.0,-0.0,0.0,0.0,0.0,0.0,0.0,68926.79096955124,0.0,0.0,0.0,0.0,0.0,0.0,0.0,0.0,0.0,0.0
55.08,0.4743416490252569,0.9486832980505138,1.0,0.0,0.9486832980505138,0.0,-65.61,68861.18096955123,0.0,0.0,1.0,0.0,0.0,0.0,0.0,0.0,0.0,0.0
64.0675,0.4743416490252569,0.9486832980505138,0.0,0.0,0.0,0.0,0.0,68861.18096955123,0.0,0.0,0.0,0.0,0.0,0.0,0.0,0.0,0.0,0.0
63.3925,0.4743416490252569,0.9486832980505138,0.0,0.0,0.0,0.0,0.0,68861.18096955123,0.0,0.0,0.0,0.0,0.0,0.0,0.0,0.0,0.0,0.0
63.085,0.9486832980505138,1.8973665961010275,1.0,0.0,0.9486832980505138,0.0,-73.735,68787.44596955123,0.0,0.0,1.0,0.0,0.0,0.0,0.0,0.0,0.0,0.0
63.1025,1.0,2.0,0.10818510677891963,0.0,0.10263340389897246,0.0,-7.97892208771227,68779.46704746352,0.0,0.0,0.10818510677891963,0.0,0.0,0.0,0.0,0.0,0.0,0.0
66.9325,1.0,2.0,0.0,0.0,0.0,0.0,0.0,68779.46704746352,0.0,0.0,0.0,0.0,0.0,0.0,0.0,0.0,0.0,0.0
68.13,1.0,2.0,0.0,0.0,0.0,0.0,0.0,68779.46704746352,0.0,0.0,0.0,0.0,0.0,0.0,0.0,0.0,0.0,0.0
70.2675,1.0,2.0,0.0,0.0,0.0,0.0,0.0,68779.46704746352,0.0,0.0,0.0,0.0,0.0,0.0,0.0,0.0,0.0,0.0
72.4475,1.0,2.0,0.0,0.0,0.0,0.0,0.0,68779.46704746352,0.0,0.0,0.0,0.0,0.0,0.0,0.0,0.0,0.0,0.0
74.545,1.0,2.0,0.0,0.0,0.0,0.0,0.0,68779.46704746352,0.0,0.0,0.0,0.0,0.0,0.0,0.0,0.0,0.0,0.0
74.6175,1.0,2.0,0.0,0.0,0.0,0.0,0.0,68779.46704746352,0.0,0.0,0.0,0.0,0.0,0.0,0.0,0.0,0.0,0.0
75.59,1.0,2.0,0.0,0.0,0.0,0.0,0.0,68779.46704746352,0.0,0.0,0.0,0.0,0.0,0.0,0.0,0.0,0.0,0.0
76.065,1.0,2.0,0.0,0.0,0.0,0.0,0.0,68779.46704746352,0.0,0.0,0.0,0.0,0.0,0.0,0.0,0.0,0.0,0.0
80.4025,1.0,2.0,0.0,0.0,0.0,0.0,0.0,68779.46704746352,0.0,0.0,0.0,0.0,0.0,0.0,0.0,0.0,0.0,0.0
85.2,1.0,2.0,0.0,0.0,0.0,0.0,0.0,68779.46704746352,0.0,0.0,0.0,0.0,0.0,0.0,0.0,0.0,0.0,0.0
87.4,1.0,2.0,0.0,0.0,0.0,0.0,0.0,68779.46704746352,0.0,0.0,0.0,0.0,0.0,0.0,0.0,0.0,0.0,0.0
88.71,1.0,2.0,0.0,0.0,0.0,0.0,0.0,68779.46704746352,0.0,0.0,0.0,0.0,0.0,0.0,0.0,0.0,0.0,0.0
93.19,0.4729537233052701,0.9459074466105402,0.0,1.0,0.0,1.0540925533894598,91.81,68871.27704746352,0.0,0.0,0.0,0.0,0.0,0.0,0.0,0.0,0.0,1.0
89.545,0.4729537233052701,0.9459074466105402,0.0,0.0,0.0,0.0,0.0,68871.27704746352,0.0,0.0,0.0,0.0,0.0,0.0,0.0,0.0,0.0,0.0
81.9275,0.4729537233052701,0.9459074466105402,0.0,0.0,0.0,0.0,0.0,68871.27704746352,0.0,0.0,0.0,0.0,0.0,0.0,0.0,0.0,0.0,0.0
74.3525,0.4729537233052701,0.9459074466105402,0.0,0.0,0.0,0.0,0.0,68871.27704746352,0.0,0.0,0.0,0.0,0.0,0.0,0.0,0.0,0.0,0.0
72.38,0.4729537233052701,0.9459074466105402,0.0,0.0,0.0,0.0,0.0,68871.27704746352,0.0,0.0,0.0,0.0,0.0,0.0,0.0,0.0,0.0,0.0
71.7025,0.4729537233052701,0.9459074466105402,0.0,0.0,0.0,0.0,0.0,68871.27704746352,0.0,0.0,0.0,0.0,0.0,0.0,0.0,0.0,0.0,0.0
71.0,0.4729537233052701,0.9459074466105402,0.0,0.0,0.0,0.0,0.0,68871.27704746352,0.0,0.0,0.0,0.0,0.0,0.0,0.0,0.0,0.0,0.0
75.3075,0.4729537233052701,0.9459074466105402,0.0,0.0,0.0,0.0,0.0,68871.27704746352,0.0,0.0,0.0,0.0,0.0,0.0,0.0,0.0,0.0,0.0
73.1325,0.4729537233052701,0.9459074466105402,0.0,0.0,0.0,0.0,0.0,68871.27704746352,0.0,0.0,0.0,0.0,0.0,0.0,0.0,0.0,0.0,0.0
71.6975,0.4729537233052701,0.9459074466105402,0.0,0.0,0.0,0.0,0.0,68871.27704746352,0.0,0.0,0.0,0.0,0.0,0.0,0.0,0.0,0.0,0.0
69.3575,0.5256583509747431,1.0513167019494862,0.11111111111111122,0.0,0.10540925533894607,0.0,-8.89861111111112,68862.3784363524,0.0,0.0,0.11111111111111122,0.0,0.0,0.0,0.0,0.0,0.0,0.0
68.5375,1.0,2.0,1.0,0.0,0.9486832980505138,0.0,-79.2575,68783.1209363524,0.0,0.0,1.0,0.0,0.0,0.0,0.0,0.0,0.0,0.0
71.9475,1.0,2.0,0.0,0.0,0.0,0.0,0.0,68783.1209363524,0.0,0.0,0.0,0.0,0.0,0.0,0.0,0.0,0.0,0.0
76.0725,1.0,2.0,0.0,0.0,0.0,0.0,0.0,68783.1209363524,0.0,0.0,0.0,0.0,0.0,0.0,0.0,0.0,0.0,0.0
82.195,1.0,2.0,0.0,0.0,0.0,0.0,0.0,68783.1209363524,0.0,0.0,0.0,0.0,0.0,0.0,0.0,0.0,0.0,0.0
92.11,1.0,2.0,0.0,-0.0,0.0,-0.0,0.0,68783.1209363524,0.0,0.0,0.0,0.0,0.0,0.0,0.0,0.0,0.0,-0.0
94.3925,1.0,2.0,0.0,-0.0,0.0,-0.0,0.0,68783.1209363524,0.0,0.0,0.0,0.0,0.0,0.0,0.0,0.0,0.0,-0.0
85.82,1.0,2.0,0.0,0.0,0.0,0.0,0.0,68783.1209363524,0.0,0.0,0.0,0.0,0.0,0.0,0.0,0.0,0.0,0.0
79.38,1.0,2.0,0.0,0.0,0.0,0.0,0.0,68783.1209363524,0.0,0.0,0.0,0.0,0.0,0.0,0.0,0.0,0.0,0.0
76.155,1.0,2.0,0.0,0.0,0.0,0.0,0.0,68783.1209363524,0.0,0.0,0.0,0.0,0.0,0.0,0.0,0.0,0.0,0.0
76.7575,1.0,2.0,0.0,0.0,0.0,0.0,0.0,68783.1209363524,0.0,0.0,0.0,0.0,0.0,0.0,0.0,0.0,0.0,0.0
87.1725,1.0,2.0,0.0,0.0,0.0,0.0,0.0,68783.1209363524,0.0,0.0,0.0,0.0,0.0,0.0,0.0,0.0,0.0,0.0
99.5325,1.0,2.0,0.0,0.0,0.0,0.0,0.0,68783.1209363524,0.0,0.0,0.0,0.0,0.0,0.0,0.0,0.0,0.0,0.0
109.07,1.0,2.0,0.0,0.0,0.0,0.0,0.0,68783.1209363524,0.0,0.0,0.0,0.0,0.0,0.0,0.0,0.0,0.0,0.0
110.715,0.4729537233052701,0.9459074466105402,0.0,1.0,0.0,1.0540925533894598,109.33500000000001,68892.4559363524,0.0,0.0,0.0,0.0,0.0,0.0,0.0,0.0,0.0,1.0
109.12,-0.0,-0.0,0.0,0.8973665961010275,0.0,0.9459074466105402,96.6822770639247,68989.13821341633,0.0,0.0,0.0,0.0,0.0,0.0,0.0,0.0,0.0,0.8973665961010275
105.6075,-0.0,-0.0,0.0,0.0,0.0,0.0,0.0,68989.13821341633,0.0,0.0,0.0,0.0,0.0,0.0,0.0,0.0,0.0,0.0
100.66,0.0,0.0,0.0,0.0,0.0,0.0,0.0,68989.13821341633,0.0,0.0,0.0,0.0,0.0,0.0,0.0,0.0,0.0,0.0
92.995,-0.0,-0.0,0.0,0.0,0.0,0.0,0.0,68989.13821341633,0.0,0.0,0.0,0.0,0.0,0.0,0.0,0.0,0.0,0.0
92.045,-0.0,-0.0,0.0,0.0,0.0,0.0,0.0,68989.13821341633,0.0,0.0,0.0,0.0,0.0,0.0,0.0,0.0,0.0,0.0
85.8075,-0.0,-0.0,0.0,0.0,0.0,0.0,0.0,68989.13821341633,0.0,0.0,0.0,0.0,0.0,0.0,0.0,0.0,0.0,0.0
88.0825,-0.0,-0.0,0.0,0.0,0.0,0.0,0.0,68989.13821341633,0.0,0.0,0.0,0.0,0.0,0.0,0.0,0.0,0.0,0.0
84.3375,-0.0,-0.0,0.0,0.0,0.0,0.0,0.0,68989.13821341633,0.0,0.0,0.0,0.0,0.0,0.0,0.0,0.0,0.0,0.0
80.2125,-0.0,-0.0,0.0,0.0,0.0,0.0,0.0,68989.13821341633,0.0,0.0,0.0,0.0,0.0,0.0,0.0,0.0,0.0,0.0
76.58,0.4743416490252569,0.9486832980505138,1.0,0.0,0.9486832980505138,0.0,-87.42,68901.71821341633,0.0,0.0,1.0,0.0,0.0,0.0,0.0,0.0,0.0,0.0
74.9325,0.9486832980505138,1.8973665961010275,1.0,0.0,0.9486832980505138,0.0,-85.7425,68815.97571341634,0.0,0.0,1.0,0.0,0.0,0.0,0.0,0.0,0.0,0.0
77.3275,1.0,2.0,0.10818510677891963,0.0,0.10263340389897246,0.0,-9.539492252998185,68806.43622116334,0.0,0.0,0.10818510677891963,0.0,0.0,0.0,0.0,0.0,0.0,0.0
80.0475,1.0,2.0,0.0,0.0,0.0,0.0,0.0,68806.43622116334,0.0,0.0,0.0,0.0,0.0,0.0,0.0,0.0,0.0,0.0
84.8475,1.0,2.0,0.0,0.0,0.0,0.0,0.0,68806.43622116334,0.0,0.0,0.0,0.0,0.0,0.0,0.0,0.0,0.0,0.0
95.7925,1.0,2.0,0.0,0.0,0.0,0.0,0.0,68806.43622116334,0.0,0.0,0.0,0.0,0.0,0.0,0.0,0.0,0.0,0.0
95.335,1.0,2.0,0.0,0.0,0.0,0.0,0.0,68806.43622116334,0.0,0.0,0.0,0.0,0.0,0.0,0.0,0.0,0.0,0.0
89.2625,1.0,2.0,0.0,0.0,0.0,0.0,0.0,68806.43622116334,0.0,0.0,0.0,0.0,0.0,0.0,0.0,0.0,0.0,0.0
83.48,1.0,2.0,0.0,0.0,0.0,0.0,0.0,68806.43622116334,0.0,0.0,0.0,0.0,0.0,0.0,0.0,0.0,0.0,0.0
83.0475,1.0,2.0,-0.0,0.0,-0.0,0.0,0.0,68806.43622116334,0.0,0.0,-0.0,0.0,0.0,0.0,0.0,0.0,0.0,0.0
85.17,1.0,2.0,0.0,0.0,0.0,0.0,0.0,68806.43622116334,0.0,0.0,0.0,0.0,0.0,0.0,0.0,0.0,0.0,0.0
85.1775,1.0,2.0,0.0,0.0,0.0,0.0,0.0,68806.43622116334,0.0,0.0,0.0,0.0,0.0,0.0,0.0,0.0,0.0,0.0
90.8325,1.0,2.0,0.0,0.0,0.0,0.0,0.0,68806.43622116334,0.0,0.0,0.0,0.0,0.0,0.0,0.0,0.0,0.0,0.0
100.705,1.0,2.0,0.0,0.0,0.0,0.0,0.0,68806.43622116334,0.0,0.0,0.0,0.0,0.0,0.0,0.0,0.0,0.0,0.0
110.1,0.4729537233052701,0.9459074466105402,0.0,1.0,0.0,1.0540925533894598,108.72,68915.15622116334,0.0,0.0,0.0,0.0,0.0,0.0,0.0,0.0,0.0,1.0
107.5275,-0.0,-0.0,0.0,0.8973665961010275,0.0,0.9459074466105402,95.25322075963382,69010.40944192298,0.0,0.0,0.0,0.0,0.0,0.0,0.0,0.0,0.0,0.8973665961010275
95.99,0.0,0.0,0.0,0.0,0.0,0.0,0.0,69010.40944192298,0.0,0.0,0.0,0.0,0.0,0.0,0.0,0.0,0.0,0.0
82.9975,0.0,0.0,0.0,-0.0,0.0,-0.0,0.0,69010.40944192298,0.0,0.0,0.0,0.0,0.0,0.0,0.0,0.0,0.0,-0.0
78.43,0.0,0.0,0.0,-0.0,0.0,-0.0,0.0,69010.40944192298,0.0,0.0,0.0,0.0,0.0,0.0,0.0,0.0,0.0,-0.0
73.0,0.0,0.0,0.0,-0.0,0.0,-0.0,0.0,69010.40944192298,0.0,0.0,0.0,0.0,0.0,0.0,0.0,0.0,0.0,-0.0
66.3125,0.0,0.0,0.0,-0.0,0.0,-0.0,0.0,69010.40944192298,0.0,0.0,0.0,0.0,0.0,0.0,0.0,0.0,0.0,-0.0
58.2775,0.0,0.0,0.0,-0.0,0.0,-0.0,0.0,69010.40944192298,0.0,0.0,0.0,0.0,0.0,0.0,0.0,0.0,0.0,-0.0
